subject_id,transition_id,transition_order,anchor_type,condition,bin_index,analysis_block,relative_bin_start_seconds,relative_bin_stop_seconds,relative_bin_center_seconds,n_sessions_inventory,n_sessions_in_analysis,n_sessions_response_contributing,response_probability,n_trials_contributing,n_responses_contributing,n_sessions_latency_contributing,mean_session_median_response_latency_seconds,n_latency_responses_contributing,n_sessions_response_missing,n_sessions_latency_missing,mouse_bin_status,within_mouse_aggregation
604914,reward_withdrawal,1,pseudo,catch,-3,engaged_1,-360.0,-240.0,-300.0,2,2,0,,0,0,0,,0,2,2,no_condition_trials,equal_session_mean
604914,reward_withdrawal,1,pseudo,catch,-2,engaged_1,-240.0,-120.0,-180.0,2,2,1,0.0,3,0,0,,0,1,2,observed,equal_session_mean
604914,reward_withdrawal,1,pseudo,catch,-1,engaged_1,-120.0,0.0,-60.0,2,2,2,0.6666666666666666,5,3,2,0.28524000000004435,3,0,0,observed,equal_session_mean
604914,reward_withdrawal,1,pseudo,catch,0,engaged_1,0.0,120.0,60.0,2,2,1,0.0,3,0,0,,0,1,2,observed,equal_session_mean
604914,reward_withdrawal,1,pseudo,catch,1,engaged_1,120.0,240.0,180.0,2,2,1,0.0,2,0,0,,0,1,2,observed,equal_session_mean
604914,reward_withdrawal,1,pseudo,catch,2,engaged_1,240.0,360.0,300.0,2,2,2,0.625,7,4,2,0.2695550000000253,4,0,0,observed,equal_session_mean
604914,reward_withdrawal,1,pseudo,go,-3,engaged_1,-360.0,-240.0,-300.0,2,2,1,0.6666666666666666,3,2,1,0.37866499999999803,2,1,1,observed,equal_session_mean
604914,reward_withdrawal,1,pseudo,go,-2,engaged_1,-240.0,-120.0,-180.0,2,2,2,0.8571428571428572,8,6,2,0.30327000000002613,6,0,0,observed,equal_session_mean
604914,reward_withdrawal,1,pseudo,go,-1,engaged_1,-120.0,0.0,-60.0,2,2,2,0.7142857142857143,8,4,2,0.3625950000000273,4,0,0,observed,equal_session_mean
604914,reward_withdrawal,1,pseudo,go,0,engaged_1,0.0,120.0,60.0,2,2,2,0.75,10,6,2,0.3405274999999932,6,0,0,observed,equal_session_mean
604914,reward_withdrawal,1,pseudo,go,1,engaged_1,120.0,240.0,180.0,2,2,2,0.8888888888888888,11,9,2,0.2990849999999625,9,0,0,observed,equal_session_mean
604914,reward_withdrawal,1,pseudo,go,2,engaged_1,240.0,360.0,300.0,2,2,2,0.7142857142857143,11,7,2,0.38691999999997506,7,0,0,observed,equal_session_mean
604914,reward_withdrawal,1,real,catch,-3,engaged_1,-360.0,-240.0,-300.0,2,2,1,0.0,3,0,0,,0,1,2,observed,equal_session_mean
604914,reward_withdrawal,1,real,catch,-2,engaged_1,-240.0,-120.0,-180.0,2,2,2,0.6666666666666666,5,3,2,0.26543499999999653,3,0,0,observed,equal_session_mean
604914,reward_withdrawal,1,real,catch,-1,engaged_1,-120.0,0.0,-60.0,2,2,2,0.5,6,3,1,0.17805999999995947,3,0,1,observed,equal_session_mean
604914,reward_withdrawal,1,real,catch,0,no_reward,0.0,120.0,60.0,2,2,2,0.5,5,2,1,0.17791500000004135,2,0,1,observed,equal_session_mean
604914,reward_withdrawal,1,real,catch,1,no_reward,120.0,240.0,180.0,2,2,2,0.5,6,3,1,0.17806999999993423,3,0,1,observed,equal_session_mean
604914,reward_withdrawal,1,real,catch,2,no_reward,240.0,360.0,300.0,2,2,2,0.5,5,2,1,0.17786999999998443,2,0,1,observed,equal_session_mean
604914,reward_withdrawal,1,real,go,-3,engaged_1,-360.0,-240.0,-300.0,2,2,2,0.875,9,7,2,0.3363049999999532,7,0,0,observed,equal_session_mean
604914,reward_withdrawal,1,real,go,-2,engaged_1,-240.0,-120.0,-180.0,2,2,2,0.7222222222222222,13,8,2,0.34099999999995134,8,0,0,observed,equal_session_mean
604914,reward_withdrawal,1,real,go,-1,engaged_1,-120.0,0.0,-60.0,2,2,2,0.6428571428571428,10,5,2,0.36983749999993165,5,0,0,observed,equal_session_mean
604914,reward_withdrawal,1,real,go,0,no_reward,0.0,120.0,60.0,2,2,2,0.5,21,11,1,0.17820999999992182,11,0,1,observed,equal_session_mean
604914,reward_withdrawal,1,real,go,1,no_reward,120.0,240.0,180.0,2,2,2,0.5,22,11,1,0.17815999999993437,11,0,1,observed,equal_session_mean
604914,reward_withdrawal,1,real,go,2,no_reward,240.0,360.0,300.0,2,2,2,0.5,20,11,1,0.17810000000008586,11,0,1,observed,equal_session_mean
604914,reward_restoration,2,pseudo,catch,-3,no_reward,-360.0,-240.0,-300.0,2,2,2,0.5,9,4,1,0.17824999999993452,4,0,1,observed,equal_session_mean
604914,reward_restoration,2,pseudo,catch,-2,no_reward,-240.0,-120.0,-180.0,2,2,2,0.5,6,2,1,0.1779350000000477,2,0,1,observed,equal_session_mean
604914,reward_restoration,2,pseudo,catch,-1,no_reward,-120.0,0.0,-60.0,2,2,2,0.5,6,4,1,0.178449999999998,4,0,1,observed,equal_session_mean
604914,reward_restoration,2,pseudo,catch,0,no_reward,0.0,120.0,60.0,2,2,2,0.5,6,3,1,0.17851999999993495,3,0,1,observed,equal_session_mean
604914,reward_restoration,2,pseudo,catch,1,no_reward,120.0,240.0,180.0,2,2,2,0.5,6,3,1,0.17790999999988344,3,0,1,observed,equal_session_mean
604914,reward_restoration,2,pseudo,catch,2,no_reward,240.0,360.0,300.0,2,2,2,0.5,7,3,1,0.1781100000000606,3,0,1,observed,equal_session_mean
604914,reward_restoration,2,pseudo,go,-3,no_reward,-360.0,-240.0,-300.0,2,2,2,0.5625,17,10,2,0.2779999999999063,10,0,0,observed,equal_session_mean
604914,reward_restoration,2,pseudo,go,-2,no_reward,-240.0,-120.0,-180.0,2,2,2,0.6666666666666666,19,13,2,0.3201025000000186,13,0,0,observed,equal_session_mean
604914,reward_restoration,2,pseudo,go,-1,no_reward,-120.0,0.0,-60.0,2,2,2,0.55,19,10,2,0.41180999999994583,10,0,0,observed,equal_session_mean
604914,reward_restoration,2,pseudo,go,0,no_reward,0.0,120.0,60.0,2,2,2,0.5454545454545454,22,12,2,0.4034550000000081,12,0,0,observed,equal_session_mean
604914,reward_restoration,2,pseudo,go,1,no_reward,120.0,240.0,180.0,2,2,2,0.5,17,8,1,0.17828999999983353,8,0,1,observed,equal_session_mean
604914,reward_restoration,2,pseudo,go,2,no_reward,240.0,360.0,300.0,2,2,2,0.55,20,11,2,0.46175999999996975,11,0,0,observed,equal_session_mean
604914,reward_restoration,2,real,catch,-3,no_reward,-360.0,-240.0,-300.0,2,2,2,0.5,6,4,1,0.18523499999992055,4,0,1,observed,equal_session_mean
604914,reward_restoration,2,real,catch,-2,no_reward,-240.0,-120.0,-180.0,2,2,2,0.5,6,2,1,0.1782349999998587,2,0,1,observed,equal_session_mean
604914,reward_restoration,2,real,catch,-1,no_reward,-120.0,0.0,-60.0,2,2,2,0.5,5,3,1,0.17797999999993408,3,0,1,observed,equal_session_mean
604914,reward_restoration,2,real,catch,0,engaged_2,0.0,120.0,60.0,2,2,1,0.0,4,0,0,,0,1,2,observed,equal_session_mean
604914,reward_restoration,2,real,catch,1,engaged_2,120.0,240.0,180.0,2,2,2,0.5,6,3,1,0.17812000000003536,3,0,1,observed,equal_session_mean
604914,reward_restoration,2,real,catch,2,engaged_2,240.0,360.0,300.0,2,2,2,0.5,5,2,1,0.17785499999990861,2,0,1,observed,equal_session_mean
604914,reward_restoration,2,real,go,-3,no_reward,-360.0,-240.0,-300.0,2,2,2,0.5454545454545454,18,8,2,0.46216499999991356,8,0,0,observed,equal_session_mean
604914,reward_restoration,2,real,go,-2,no_reward,-240.0,-120.0,-180.0,2,2,2,0.5555555555555556,17,9,2,0.46191500000009,9,0,0,observed,equal_session_mean
604914,reward_restoration,2,real,go,-1,no_reward,-120.0,0.0,-60.0,2,2,2,0.5,20,9,1,0.1784299999999348,9,0,1,observed,equal_session_mean
604914,reward_restoration,2,real,go,0,engaged_2,0.0,120.0,60.0,2,2,2,0.5,17,8,1,0.17855999999983396,8,0,1,observed,equal_session_mean
604914,reward_restoration,2,real,go,1,engaged_2,120.0,240.0,180.0,2,2,2,0.5,13,4,1,0.17784499999993386,4,0,1,observed,equal_session_mean
604914,reward_restoration,2,real,go,2,engaged_2,240.0,360.0,300.0,2,2,2,0.5,18,8,1,0.1788450000001376,8,0,1,observed,equal_session_mean
607660,reward_withdrawal,1,pseudo,catch,-3,engaged_1,-360.0,-240.0,-300.0,4,4,4,0.20833333333333331,9,2,2,0.2781399999999934,2,0,2,observed,equal_session_mean
607660,reward_withdrawal,1,pseudo,catch,-2,engaged_1,-240.0,-120.0,-180.0,4,4,4,0.125,5,1,1,0.4948400000000106,1,0,3,observed,equal_session_mean
607660,reward_withdrawal,1,pseudo,catch,-1,engaged_1,-120.0,0.0,-60.0,4,4,4,0.0,6,0,0,,0,0,4,observed,equal_session_mean
607660,reward_withdrawal,1,pseudo,catch,0,engaged_1,0.0,120.0,60.0,4,4,4,0.3333333333333333,8,2,2,0.41145499999998947,2,0,2,observed,equal_session_mean
607660,reward_withdrawal,1,pseudo,catch,1,engaged_1,120.0,240.0,180.0,4,4,2,0.0,3,0,0,,0,2,4,observed,equal_session_mean
607660,reward_withdrawal,1,pseudo,catch,2,engaged_1,240.0,360.0,300.0,4,4,4,0.25,9,2,1,0.3115949999998975,2,0,3,observed,equal_session_mean
607660,reward_withdrawal,1,pseudo,go,-3,engaged_1,-360.0,-240.0,-300.0,4,4,4,0.34464285714285714,19,7,3,0.35117666666665553,7,0,1,observed,equal_session_mean
607660,reward_withdrawal,1,pseudo,go,-2,engaged_1,-240.0,-120.0,-180.0,4,4,4,0.6845238095238095,21,13,4,0.4060312500000265,13,0,0,observed,equal_session_mean
607660,reward_withdrawal,1,pseudo,go,-1,engaged_1,-120.0,0.0,-60.0,4,4,4,0.425,19,7,4,0.3593637500000142,7,0,0,observed,equal_session_mean
607660,reward_withdrawal,1,pseudo,go,0,engaged_1,0.0,120.0,60.0,4,4,4,0.5285714285714286,22,12,4,0.5039187499999969,12,0,0,observed,equal_session_mean
607660,reward_withdrawal,1,pseudo,go,1,engaged_1,120.0,240.0,180.0,4,4,4,0.3988095238095238,17,8,3,0.3755116666666254,8,0,1,observed,equal_session_mean
607660,reward_withdrawal,1,pseudo,go,2,engaged_1,240.0,360.0,300.0,4,4,4,0.6458333333333334,22,13,4,0.4536799999999772,13,0,0,observed,equal_session_mean
607660,reward_withdrawal,1,real,catch,-3,engaged_1,-360.0,-240.0,-300.0,4,4,3,0.3333333333333333,4,1,1,0.6283799999999928,1,1,3,observed,equal_session_mean
607660,reward_withdrawal,1,real,catch,-2,engaged_1,-240.0,-120.0,-180.0,4,4,3,0.0,6,0,0,,0,1,4,observed,equal_session_mean
607660,reward_withdrawal,1,real,catch,-1,engaged_1,-120.0,0.0,-60.0,4,4,4,0.16666666666666666,8,2,1,0.3115949999998975,2,0,3,observed,equal_session_mean
607660,reward_withdrawal,1,real,catch,0,no_reward,0.0,120.0,60.0,4,4,4,0.2125,16,4,2,0.45357000000001335,4,0,2,observed,equal_session_mean
607660,reward_withdrawal,1,real,catch,1,no_reward,120.0,240.0,180.0,4,4,4,0.125,11,1,1,0.5951699999998254,1,0,3,observed,equal_session_mean
607660,reward_withdrawal,1,real,catch,2,no_reward,240.0,360.0,300.0,4,4,4,0.0625,13,1,1,0.19422999999983404,1,0,3,observed,equal_session_mean
607660,reward_withdrawal,1,real,go,-3,engaged_1,-360.0,-240.0,-300.0,4,4,4,0.54375,21,11,4,0.39951500000000806,11,0,0,observed,equal_session_mean
607660,reward_withdrawal,1,real,go,-2,engaged_1,-240.0,-120.0,-180.0,4,4,4,0.66875,21,13,4,0.4597349999999665,13,0,0,observed,equal_session_mean
607660,reward_withdrawal,1,real,go,-1,engaged_1,-120.0,0.0,-60.0,4,4,4,0.569047619047619,22,11,4,0.42285624999996685,11,0,0,observed,equal_session_mean
607660,reward_withdrawal,1,real,go,0,no_reward,0.0,120.0,60.0,4,4,4,0.26458333333333334,37,10,4,0.3408374999999353,10,0,0,observed,equal_session_mean
607660,reward_withdrawal,1,real,go,1,no_reward,120.0,240.0,180.0,4,4,4,0.18611111111111112,38,7,4,0.47443249999989234,7,0,0,observed,equal_session_mean
607660,reward_withdrawal,1,real,go,2,no_reward,240.0,360.0,300.0,4,4,4,0.22424242424242424,40,9,3,0.453326666666688,9,0,1,observed,equal_session_mean
607660,reward_restoration,2,pseudo,catch,-3,no_reward,-360.0,-240.0,-300.0,4,4,4,0.16666666666666666,12,2,2,0.5356899999999314,2,0,2,observed,equal_session_mean
607660,reward_restoration,2,pseudo,catch,-2,no_reward,-240.0,-120.0,-180.0,4,4,4,0.20833333333333331,13,2,2,0.2699200000000701,2,0,2,observed,equal_session_mean
607660,reward_restoration,2,pseudo,catch,-1,no_reward,-120.0,0.0,-60.0,4,4,4,0.08333333333333333,14,1,1,0.2949399999997695,1,0,3,observed,equal_session_mean
607660,reward_restoration,2,pseudo,catch,0,no_reward,0.0,120.0,60.0,4,4,4,0.125,11,1,1,0.6284899999998288,1,0,3,observed,equal_session_mean
607660,reward_restoration,2,pseudo,catch,1,no_reward,120.0,240.0,180.0,4,4,4,0.0,14,0,0,,0,0,4,observed,equal_session_mean
607660,reward_restoration,2,pseudo,catch,2,no_reward,240.0,360.0,300.0,4,4,4,0.0,9,0,0,,0,0,4,observed,equal_session_mean
607660,reward_restoration,2,pseudo,go,-3,no_reward,-360.0,-240.0,-300.0,4,4,4,0.20202020202020202,40,8,3,0.411658333333321,8,0,1,observed,equal_session_mean
607660,reward_restoration,2,pseudo,go,-2,no_reward,-240.0,-120.0,-180.0,4,4,4,0.13522727272727272,39,5,4,0.48850624999997194,5,0,0,observed,equal_session_mean
607660,reward_restoration,2,pseudo,go,-1,no_reward,-120.0,0.0,-60.0,4,4,4,0.15833333333333333,37,6,3,0.5396266666666255,6,0,1,observed,equal_session_mean
607660,reward_restoration,2,pseudo,go,0,no_reward,0.0,120.0,60.0,4,4,4,0.1505050505050505,39,6,3,0.4804666666666435,6,0,1,observed,equal_session_mean
607660,reward_restoration,2,pseudo,go,1,no_reward,120.0,240.0,180.0,4,4,4,0.10555555555555556,36,4,2,0.42006999999995287,4,0,2,observed,equal_session_mean
607660,reward_restoration,2,pseudo,go,2,no_reward,240.0,360.0,300.0,4,4,4,0.10555555555555556,38,4,3,0.5335366666667293,4,0,1,observed,equal_session_mean
607660,reward_restoration,2,real,catch,-3,no_reward,-360.0,-240.0,-300.0,4,4,4,0.0,12,0,0,,0,0,4,observed,equal_session_mean
607660,reward_restoration,2,real,catch,-2,no_reward,-240.0,-120.0,-180.0,4,4,4,0.0,13,0,0,,0,0,4,observed,equal_session_mean
607660,reward_restoration,2,real,catch,-1,no_reward,-120.0,0.0,-60.0,4,4,4,0.08333333333333333,14,1,1,0.3781300000000556,1,0,3,observed,equal_session_mean
607660,reward_restoration,2,real,catch,0,engaged_2,0.0,120.0,60.0,4,4,3,0.3333333333333333,7,1,1,0.34519000000000233,1,1,3,observed,equal_session_mean
607660,reward_restoration,2,real,catch,1,engaged_2,120.0,240.0,180.0,4,4,3,0.0,5,0,0,,0,1,4,observed,equal_session_mean
607660,reward_restoration,2,real,catch,2,engaged_2,240.0,360.0,300.0,4,4,4,0.0625,10,1,1,0.4114699999995537,1,0,3,observed,equal_session_mean
607660,reward_restoration,2,real,go,-3,no_reward,-360.0,-240.0,-300.0,4,4,4,0.10555555555555556,38,4,2,0.36901499999987664,4,0,2,observed,equal_session_mean
607660,reward_restoration,2,real,go,-2,no_reward,-240.0,-120.0,-180.0,4,4,4,0.0625,34,2,2,0.41990499999997155,2,0,2,observed,equal_session_mean
607660,reward_restoration,2,real,go,-1,no_reward,-120.0,0.0,-60.0,4,4,4,0.125,39,5,3,0.5617033333332984,5,0,1,observed,equal_session_mean
607660,reward_restoration,2,real,go,0,engaged_2,0.0,120.0,60.0,4,4,4,0.14583333333333331,18,3,2,0.3867624999996906,3,0,2,observed,equal_session_mean
607660,reward_restoration,2,real,go,1,engaged_2,120.0,240.0,180.0,4,4,4,0.42500000000000004,25,9,3,0.4316349999999147,9,0,1,observed,equal_session_mean
607660,reward_restoration,2,real,go,2,engaged_2,240.0,360.0,300.0,4,4,4,0.3630952380952381,19,6,4,0.3831900000000701,6,0,0,observed,equal_session_mean
608671,reward_withdrawal,1,pseudo,catch,-3,engaged_1,-360.0,-240.0,-300.0,4,4,3,0.0,6,0,0,,0,1,4,observed,equal_session_mean
608671,reward_withdrawal,1,pseudo,catch,-2,engaged_1,-240.0,-120.0,-180.0,4,4,4,0.125,9,1,1,0.4784400000000346,1,0,3,observed,equal_session_mean
608671,reward_withdrawal,1,pseudo,catch,-1,engaged_1,-120.0,0.0,-60.0,4,4,4,0.08333333333333333,9,1,1,0.5447500000000218,1,0,3,observed,equal_session_mean
608671,reward_withdrawal,1,pseudo,catch,0,engaged_1,0.0,120.0,60.0,4,4,4,0.125,7,1,1,0.5950800000000527,1,0,3,observed,equal_session_mean
608671,reward_withdrawal,1,pseudo,catch,1,engaged_1,120.0,240.0,180.0,4,4,4,0.125,9,1,1,0.47820999999987635,1,0,3,observed,equal_session_mean
608671,reward_withdrawal,1,pseudo,catch,2,engaged_1,240.0,360.0,300.0,4,4,4,0.0,8,0,0,,0,0,4,observed,equal_session_mean
608671,reward_withdrawal,1,pseudo,go,-3,engaged_1,-360.0,-240.0,-300.0,4,4,4,0.75,15,10,4,0.4805912499999909,10,0,0,observed,equal_session_mean
608671,reward_withdrawal,1,pseudo,go,-2,engaged_1,-240.0,-120.0,-180.0,4,4,4,0.3976190476190476,25,10,4,0.43331125000002046,10,0,0,observed,equal_session_mean
608671,reward_withdrawal,1,pseudo,go,-1,engaged_1,-120.0,0.0,-60.0,4,4,4,0.5277777777777778,26,13,4,0.48537625000002294,13,0,0,observed,equal_session_mean
608671,reward_withdrawal,1,pseudo,go,0,engaged_1,0.0,120.0,60.0,4,4,4,0.375,28,11,3,0.47344666666667007,11,0,1,observed,equal_session_mean
608671,reward_withdrawal,1,pseudo,go,1,engaged_1,120.0,240.0,180.0,4,4,4,0.6583333333333333,27,18,4,0.4770149999999518,18,0,0,observed,equal_session_mean
608671,reward_withdrawal,1,pseudo,go,2,engaged_1,240.0,360.0,300.0,4,4,4,0.5104166666666667,26,13,4,0.5501862499999532,13,0,0,observed,equal_session_mean
608671,reward_withdrawal,1,real,catch,-3,engaged_1,-360.0,-240.0,-300.0,4,4,4,0.0,8,0,0,,0,0,4,observed,equal_session_mean
608671,reward_withdrawal,1,real,catch,-2,engaged_1,-240.0,-120.0,-180.0,4,4,4,0.08333333333333333,9,1,1,0.47820999999987635,1,0,3,observed,equal_session_mean
608671,reward_withdrawal,1,real,catch,-1,engaged_1,-120.0,0.0,-60.0,4,4,4,0.0,9,0,0,,0,0,4,observed,equal_session_mean
608671,reward_withdrawal,1,real,catch,0,no_reward,0.0,120.0,60.0,4,4,4,0.125,11,1,1,0.5282399999998688,1,0,3,observed,equal_session_mean
608671,reward_withdrawal,1,real,catch,1,no_reward,120.0,240.0,180.0,4,4,4,0.0,15,0,0,,0,0,4,observed,equal_session_mean
608671,reward_withdrawal,1,real,catch,2,no_reward,240.0,360.0,300.0,4,4,4,0.0625,14,1,1,0.16140999999993255,1,0,3,observed,equal_session_mean
608671,reward_withdrawal,1,real,go,-3,engaged_1,-360.0,-240.0,-300.0,4,4,4,0.5208333333333333,28,14,4,0.439873749999947,14,0,0,observed,equal_session_mean
608671,reward_withdrawal,1,real,go,-2,engaged_1,-240.0,-120.0,-180.0,4,4,4,0.625,24,14,4,0.547627499999976,14,0,0,observed,equal_session_mean
608671,reward_withdrawal,1,real,go,-1,engaged_1,-120.0,0.0,-60.0,4,4,4,0.4270833333333333,30,13,4,0.4663724999999346,13,0,0,observed,equal_session_mean
608671,reward_withdrawal,1,real,go,0,no_reward,0.0,120.0,60.0,4,4,4,0.22821969696969696,39,9,4,0.4931749999999653,9,0,0,observed,equal_session_mean
608671,reward_withdrawal,1,real,go,1,no_reward,120.0,240.0,180.0,4,4,4,0.0625,35,2,1,0.5287700000000086,2,0,3,observed,equal_session_mean
608671,reward_withdrawal,1,real,go,2,no_reward,240.0,360.0,300.0,4,4,4,0.05277777777777778,37,2,2,0.6618099999999458,2,0,2,observed,equal_session_mean
608671,reward_restoration,2,pseudo,catch,-3,no_reward,-360.0,-240.0,-300.0,4,4,4,0.0,11,0,0,,0,0,4,observed,equal_session_mean
608671,reward_restoration,2,pseudo,catch,-2,no_reward,-240.0,-120.0,-180.0,4,4,4,0.0625,12,1,1,0.5119600000000446,1,0,3,observed,equal_session_mean
608671,reward_restoration,2,pseudo,catch,-1,no_reward,-120.0,0.0,-60.0,4,4,4,0.0,13,0,0,,0,0,4,observed,equal_session_mean
608671,reward_restoration,2,pseudo,catch,0,no_reward,0.0,120.0,60.0,4,4,4,0.0,11,0,0,,0,0,4,observed,equal_session_mean
608671,reward_restoration,2,pseudo,catch,1,no_reward,120.0,240.0,180.0,4,4,4,0.125,13,2,1,0.3532599999998638,2,0,3,observed,equal_session_mean
608671,reward_restoration,2,pseudo,catch,2,no_reward,240.0,360.0,300.0,4,4,4,0.0,12,0,0,,0,0,4,observed,equal_session_mean
608671,reward_restoration,2,pseudo,go,-3,no_reward,-360.0,-240.0,-300.0,4,4,4,0.027777777777777776,38,1,1,0.4782800000000407,1,0,3,observed,equal_session_mean
608671,reward_restoration,2,pseudo,go,-2,no_reward,-240.0,-120.0,-180.0,4,4,4,0.05,40,2,1,0.5365399999999454,2,0,3,observed,equal_session_mean
608671,reward_restoration,2,pseudo,go,-1,no_reward,-120.0,0.0,-60.0,4,4,4,0.0,32,0,0,,0,0,4,observed,equal_session_mean
608671,reward_restoration,2,pseudo,go,0,no_reward,0.0,120.0,60.0,4,4,4,0.08333333333333333,41,4,1,0.6285199999998667,4,0,3,observed,equal_session_mean
608671,reward_restoration,2,pseudo,go,1,no_reward,120.0,240.0,180.0,4,4,4,0.0,38,0,0,,0,0,4,observed,equal_session_mean
608671,reward_restoration,2,pseudo,go,2,no_reward,240.0,360.0,300.0,4,4,4,0.0,37,0,0,,0,0,4,observed,equal_session_mean
608671,reward_restoration,2,real,catch,-3,no_reward,-360.0,-240.0,-300.0,4,4,4,0.0,17,0,0,,0,0,4,observed,equal_session_mean
608671,reward_restoration,2,real,catch,-2,no_reward,-240.0,-120.0,-180.0,4,4,4,0.0,11,0,0,,0,0,4,observed,equal_session_mean
608671,reward_restoration,2,real,catch,-1,no_reward,-120.0,0.0,-60.0,4,4,4,0.0,12,0,0,,0,0,4,observed,equal_session_mean
608671,reward_restoration,2,real,catch,0,engaged_2,0.0,120.0,60.0,4,4,4,0.25,7,1,1,0.7450599999997394,1,0,3,observed,equal_session_mean
608671,reward_restoration,2,real,catch,1,engaged_2,120.0,240.0,180.0,4,4,4,0.08333333333333333,10,1,1,0.19441999999980908,1,0,3,observed,equal_session_mean
608671,reward_restoration,2,real,catch,2,engaged_2,240.0,360.0,300.0,4,4,4,0.0,13,0,0,,0,0,4,observed,equal_session_mean
608671,reward_restoration,2,real,go,-3,no_reward,-360.0,-240.0,-300.0,4,4,4,0.0,35,0,0,,0,0,4,observed,equal_session_mean
608671,reward_restoration,2,real,go,-2,no_reward,-240.0,-120.0,-180.0,4,4,4,0.0,38,0,0,,0,0,4,observed,equal_session_mean
608671,reward_restoration,2,real,go,-1,no_reward,-120.0,0.0,-60.0,4,4,4,0.0,40,0,0,,0,0,4,observed,equal_session_mean
608671,reward_restoration,2,real,go,0,engaged_2,0.0,120.0,60.0,4,4,4,0.3416666666666667,22,7,3,0.5038900000000316,7,0,1,observed,equal_session_mean
608671,reward_restoration,2,real,go,1,engaged_2,120.0,240.0,180.0,4,4,4,0.25416666666666665,30,7,4,0.5515637499999002,7,0,0,observed,equal_session_mean
608671,reward_restoration,2,real,go,2,engaged_2,240.0,360.0,300.0,4,4,4,0.041666666666666664,34,1,1,0.6294600000001083,1,0,3,observed,equal_session_mean
608672,reward_withdrawal,1,pseudo,catch,-3,engaged_1,-360.0,-240.0,-300.0,4,4,3,0.16666666666666666,5,1,1,0.3778000000000077,1,1,3,observed,equal_session_mean
608672,reward_withdrawal,1,pseudo,catch,-2,engaged_1,-240.0,-120.0,-180.0,4,4,4,0.0,8,0,0,,0,0,4,observed,equal_session_mean
608672,reward_withdrawal,1,pseudo,catch,-1,engaged_1,-120.0,0.0,-60.0,4,4,4,0.125,9,1,1,0.34489999999999554,1,0,3,observed,equal_session_mean
608672,reward_withdrawal,1,pseudo,catch,0,engaged_1,0.0,120.0,60.0,4,4,4,0.3333333333333333,7,2,2,0.33601499999997486,2,0,2,observed,equal_session_mean
608672,reward_withdrawal,1,pseudo,catch,1,engaged_1,120.0,240.0,180.0,4,4,4,0.375,7,2,2,0.4535749999999439,2,0,2,observed,equal_session_mean
608672,reward_withdrawal,1,pseudo,catch,2,engaged_1,240.0,360.0,300.0,4,4,4,0.20833333333333331,7,2,2,0.4035899999999515,2,0,2,observed,equal_session_mean
608672,reward_withdrawal,1,pseudo,go,-3,engaged_1,-360.0,-240.0,-300.0,4,4,4,0.8517857142857143,18,15,4,0.35142625000000294,15,0,0,observed,equal_session_mean
608672,reward_withdrawal,1,pseudo,go,-2,engaged_1,-240.0,-120.0,-180.0,4,4,4,0.6625,18,12,4,0.3766787500000106,12,0,0,observed,equal_session_mean
608672,reward_withdrawal,1,pseudo,go,-1,engaged_1,-120.0,0.0,-60.0,4,4,4,0.6458333333333333,17,11,4,0.35743625000004187,11,0,0,observed,equal_session_mean
608672,reward_withdrawal,1,pseudo,go,0,engaged_1,0.0,120.0,60.0,4,4,4,0.6354166666666666,24,14,4,0.38091249999996535,14,0,0,observed,equal_session_mean
608672,reward_withdrawal,1,pseudo,go,1,engaged_1,120.0,240.0,180.0,4,4,4,0.5833333333333334,21,12,4,0.3510699999999929,12,0,0,observed,equal_session_mean
608672,reward_withdrawal,1,pseudo,go,2,engaged_1,240.0,360.0,300.0,4,4,4,0.6994047619047619,17,12,4,0.3808112499999652,12,0,0,observed,equal_session_mean
608672,reward_withdrawal,1,real,catch,-3,engaged_1,-360.0,-240.0,-300.0,4,4,3,0.1111111111111111,7,1,1,0.294840000000022,1,1,3,observed,equal_session_mean
608672,reward_withdrawal,1,real,catch,-2,engaged_1,-240.0,-120.0,-180.0,4,4,3,0.27777777777777773,6,2,2,0.5122199999998998,2,1,2,observed,equal_session_mean
608672,reward_withdrawal,1,real,catch,-1,engaged_1,-120.0,0.0,-60.0,4,4,3,0.16666666666666666,6,1,1,0.39504999999996926,1,1,3,observed,equal_session_mean
608672,reward_withdrawal,1,real,catch,0,no_reward,0.0,120.0,60.0,4,4,4,0.0,13,0,0,,0,0,4,observed,equal_session_mean
608672,reward_withdrawal,1,real,catch,1,no_reward,120.0,240.0,180.0,4,4,4,0.0,15,0,0,,0,0,4,observed,equal_session_mean
608672,reward_withdrawal,1,real,catch,2,no_reward,240.0,360.0,300.0,4,4,4,0.08333333333333333,9,1,1,0.5289400000001478,1,0,3,observed,equal_session_mean
608672,reward_withdrawal,1,real,go,-3,engaged_1,-360.0,-240.0,-300.0,4,4,4,0.5714285714285714,24,14,4,0.36579374999996617,14,0,0,observed,equal_session_mean
608672,reward_withdrawal,1,real,go,-2,engaged_1,-240.0,-120.0,-180.0,4,4,4,0.6416666666666666,18,12,4,0.41393749999997453,12,0,0,observed,equal_session_mean
608672,reward_withdrawal,1,real,go,-1,engaged_1,-120.0,0.0,-60.0,4,4,4,0.75,21,16,4,0.3533999999999651,16,0,0,observed,equal_session_mean
608672,reward_withdrawal,1,real,go,0,no_reward,0.0,120.0,60.0,4,4,4,0.4436868686868687,39,17,4,0.36804499999998086,17,0,0,observed,equal_session_mean
608672,reward_withdrawal,1,real,go,1,no_reward,120.0,240.0,180.0,4,4,4,0.11071428571428571,35,4,3,0.44220333333335776,4,0,1,observed,equal_session_mean
608672,reward_withdrawal,1,real,go,2,no_reward,240.0,360.0,300.0,4,4,4,0.14090909090909093,41,6,2,0.578194999999937,6,0,2,observed,equal_session_mean
608672,reward_restoration,2,pseudo,catch,-3,no_reward,-360.0,-240.0,-300.0,4,4,4,0.0625,16,1,1,0.4617000000000644,1,0,3,observed,equal_session_mean
608672,reward_restoration,2,pseudo,catch,-2,no_reward,-240.0,-120.0,-180.0,4,4,4,0.0,10,0,0,,0,0,4,observed,equal_session_mean
608672,reward_restoration,2,pseudo,catch,-1,no_reward,-120.0,0.0,-60.0,4,4,4,0.0,14,0,0,,0,0,4,observed,equal_session_mean
608672,reward_restoration,2,pseudo,catch,0,no_reward,0.0,120.0,60.0,4,4,4,0.0,10,0,0,,0,0,4,observed,equal_session_mean
608672,reward_restoration,2,pseudo,catch,1,no_reward,120.0,240.0,180.0,4,4,4,0.08333333333333333,14,1,1,0.26173000000017055,1,0,3,observed,equal_session_mean
608672,reward_restoration,2,pseudo,catch,2,no_reward,240.0,360.0,300.0,4,4,4,0.0625,11,1,1,0.3949400000001333,1,0,3,observed,equal_session_mean
608672,reward_restoration,2,pseudo,go,-3,no_reward,-360.0,-240.0,-300.0,4,4,4,0.2711489898989899,37,10,4,0.4638099999999099,10,0,0,observed,equal_session_mean
608672,reward_restoration,2,pseudo,go,-2,no_reward,-240.0,-120.0,-180.0,4,4,4,0.24375000000000002,38,9,4,0.4575574999999219,9,0,0,observed,equal_session_mean
608672,reward_restoration,2,pseudo,go,-1,no_reward,-120.0,0.0,-60.0,4,4,4,0.11875,34,4,3,0.42525499999999283,4,0,1,observed,equal_session_mean
608672,reward_restoration,2,pseudo,go,0,no_reward,0.0,120.0,60.0,4,4,4,0.08333333333333333,42,4,1,0.3533149999999523,4,0,3,observed,equal_session_mean
608672,reward_restoration,2,pseudo,go,1,no_reward,120.0,240.0,180.0,4,4,4,0.06696428571428571,34,2,2,0.30340000000001055,2,0,2,observed,equal_session_mean
608672,reward_restoration,2,pseudo,go,2,no_reward,240.0,360.0,300.0,4,4,4,0.10138888888888889,41,4,3,0.37520833333333786,4,0,1,observed,equal_session_mean
608672,reward_restoration,2,real,catch,-3,no_reward,-360.0,-240.0,-300.0,4,4,4,0.0,12,0,0,,0,0,4,observed,equal_session_mean
608672,reward_restoration,2,real,catch,-2,no_reward,-240.0,-120.0,-180.0,4,4,4,0.08333333333333333,11,1,1,0.3281499999998232,1,0,3,observed,equal_session_mean
608672,reward_restoration,2,real,catch,-1,no_reward,-120.0,0.0,-60.0,4,4,4,0.0625,16,1,1,0.2953299999999217,1,0,3,observed,equal_session_mean
608672,reward_restoration,2,real,catch,0,engaged_2,0.0,120.0,60.0,4,4,3,0.6666666666666666,4,2,2,0.37828499999955056,2,1,2,observed,equal_session_mean
608672,reward_restoration,2,real,catch,1,engaged_2,120.0,240.0,180.0,4,4,4,0.125,9,1,1,0.4450099999999111,1,0,3,observed,equal_session_mean
608672,reward_restoration,2,real,catch,2,engaged_2,240.0,360.0,300.0,4,4,4,0.125,9,1,1,0.4784100000001672,1,0,3,observed,equal_session_mean
608672,reward_restoration,2,real,go,-3,no_reward,-360.0,-240.0,-300.0,4,4,4,0.18055555555555555,35,6,2,0.4451899999999114,6,0,2,observed,equal_session_mean
608672,reward_restoration,2,real,go,-2,no_reward,-240.0,-120.0,-180.0,4,4,4,0.07500000000000001,38,3,2,0.353539999999839,3,0,2,observed,equal_session_mean
608672,reward_restoration,2,real,go,-1,no_reward,-120.0,0.0,-60.0,4,4,4,0.07777777777777778,37,3,2,0.5410374999999021,3,0,2,observed,equal_session_mean
608672,reward_restoration,2,real,go,0,engaged_2,0.0,120.0,60.0,4,4,4,0.31666666666666665,19,6,3,0.44285333333315674,6,0,1,observed,equal_session_mean
608672,reward_restoration,2,real,go,1,engaged_2,120.0,240.0,180.0,4,4,4,0.41696428571428573,25,9,4,0.4135425000000055,9,0,0,observed,equal_session_mean
608672,reward_restoration,2,real,go,2,engaged_2,240.0,360.0,300.0,4,4,4,0.26785714285714285,29,6,2,0.36200000000008004,6,0,2,observed,equal_session_mean
611160,reward_withdrawal,1,pseudo,catch,-3,engaged_1,-360.0,-240.0,-300.0,3,3,2,0.25,3,1,1,0.49311999999997624,1,1,2,observed,equal_session_mean
611160,reward_withdrawal,1,pseudo,catch,-2,engaged_1,-240.0,-120.0,-180.0,3,3,3,0.0,7,0,0,,0,0,3,observed,equal_session_mean
611160,reward_withdrawal,1,pseudo,catch,-1,engaged_1,-120.0,0.0,-60.0,3,3,2,0.0,2,0,0,,0,1,3,observed,equal_session_mean
611160,reward_withdrawal,1,pseudo,catch,0,engaged_1,0.0,120.0,60.0,3,3,3,0.16666666666666666,6,1,1,0.21142999999995027,1,0,2,observed,equal_session_mean
611160,reward_withdrawal,1,pseudo,catch,1,engaged_1,120.0,240.0,180.0,3,3,3,0.0,4,0,0,,0,0,3,observed,equal_session_mean
611160,reward_withdrawal,1,pseudo,catch,2,engaged_1,240.0,360.0,300.0,3,3,3,0.3333333333333333,4,1,1,0.34469000000001415,1,0,2,observed,equal_session_mean
611160,reward_withdrawal,1,pseudo,go,-3,engaged_1,-360.0,-240.0,-300.0,3,3,2,0.9166666666666667,10,9,2,0.38753499999998553,9,1,1,observed,equal_session_mean
611160,reward_withdrawal,1,pseudo,go,-2,engaged_1,-240.0,-120.0,-180.0,3,3,3,0.49444444444444446,12,6,3,0.39246333333335315,6,0,0,observed,equal_session_mean
611160,reward_withdrawal,1,pseudo,go,-1,engaged_1,-120.0,0.0,-60.0,3,3,3,0.9444444444444445,14,13,3,0.40573166666670585,13,0,0,observed,equal_session_mean
611160,reward_withdrawal,1,pseudo,go,0,engaged_1,0.0,120.0,60.0,3,3,3,0.6944444444444443,10,7,3,0.3982466666666274,7,0,0,observed,equal_session_mean
611160,reward_withdrawal,1,pseudo,go,1,engaged_1,120.0,240.0,180.0,3,3,3,0.5222222222222223,15,8,3,0.4067349999999692,8,0,0,observed,equal_session_mean
611160,reward_withdrawal,1,pseudo,go,2,engaged_1,240.0,360.0,300.0,3,3,3,0.6342592592592592,25,16,3,0.40082833333330353,16,0,0,observed,equal_session_mean
611160,reward_withdrawal,1,real,catch,-3,engaged_1,-360.0,-240.0,-300.0,3,3,3,0.0,5,0,0,,0,0,3,observed,equal_session_mean
611160,reward_withdrawal,1,real,catch,-2,engaged_1,-240.0,-120.0,-180.0,3,3,3,0.16666666666666666,4,1,1,0.34469000000001415,1,0,2,observed,equal_session_mean
611160,reward_withdrawal,1,real,catch,-1,engaged_1,-120.0,0.0,-60.0,3,3,3,0.4444444444444444,6,2,2,0.3946849999999813,2,0,1,observed,equal_session_mean
611160,reward_withdrawal,1,real,catch,0,no_reward,0.0,120.0,60.0,3,3,3,0.0,11,0,0,,0,0,3,observed,equal_session_mean
611160,reward_withdrawal,1,real,catch,1,no_reward,120.0,240.0,180.0,3,3,3,0.0,8,0,0,,0,0,3,observed,equal_session_mean
611160,reward_withdrawal,1,real,catch,2,no_reward,240.0,360.0,300.0,3,3,3,0.0,12,0,0,,0,0,3,observed,equal_session_mean
611160,reward_withdrawal,1,real,go,-3,engaged_1,-360.0,-240.0,-300.0,3,3,3,0.5,12,6,3,0.40962333333328615,6,0,0,observed,equal_session_mean
611160,reward_withdrawal,1,real,go,-2,engaged_1,-240.0,-120.0,-180.0,3,3,3,0.5416666666666666,22,12,3,0.38694166666662494,12,0,0,observed,equal_session_mean
611160,reward_withdrawal,1,real,go,-1,engaged_1,-120.0,0.0,-60.0,3,3,3,0.7666666666666666,18,13,3,0.43975166666664717,13,0,0,observed,equal_session_mean
611160,reward_withdrawal,1,real,go,0,no_reward,0.0,120.0,60.0,3,3,3,0.5234848484848484,29,15,3,0.4088233333332975,15,0,0,observed,equal_session_mean
611160,reward_withdrawal,1,real,go,1,no_reward,120.0,240.0,180.0,3,3,3,0.34242424242424246,32,11,3,0.4448966666667123,11,0,0,observed,equal_session_mean
611160,reward_withdrawal,1,real,go,2,no_reward,240.0,360.0,300.0,3,3,3,0.1898148148148148,26,5,2,0.5159299999999121,5,0,1,observed,equal_session_mean
611160,reward_restoration,2,pseudo,catch,-3,no_reward,-360.0,-240.0,-300.0,3,3,3,0.0,10,0,0,,0,0,3,observed,equal_session_mean
611160,reward_restoration,2,pseudo,catch,-2,no_reward,-240.0,-120.0,-180.0,3,3,3,0.0,7,0,0,,0,0,3,observed,equal_session_mean
611160,reward_restoration,2,pseudo,catch,-1,no_reward,-120.0,0.0,-60.0,3,3,3,0.1111111111111111,9,1,1,0.561429999999973,1,0,2,observed,equal_session_mean
611160,reward_restoration,2,pseudo,catch,0,no_reward,0.0,120.0,60.0,3,3,3,0.0,12,0,0,,0,0,3,observed,equal_session_mean
611160,reward_restoration,2,pseudo,catch,1,no_reward,120.0,240.0,180.0,3,3,3,0.0,9,0,0,,0,0,3,observed,equal_session_mean
611160,reward_restoration,2,pseudo,catch,2,no_reward,240.0,360.0,300.0,3,3,3,0.0,10,0,0,,0,0,3,observed,equal_session_mean
611160,reward_restoration,2,pseudo,go,-3,no_reward,-360.0,-240.0,-300.0,3,3,3,0.13333333333333333,28,4,2,0.4283174999999346,4,0,1,observed,equal_session_mean
611160,reward_restoration,2,pseudo,go,-2,no_reward,-240.0,-120.0,-180.0,3,3,3,0.14074074074074075,32,4,2,0.41172000000005937,4,0,1,observed,equal_session_mean
611160,reward_restoration,2,pseudo,go,-1,no_reward,-120.0,0.0,-60.0,3,3,3,0.1111111111111111,26,3,2,0.42414250000007314,3,0,1,observed,equal_session_mean
611160,reward_restoration,2,pseudo,go,0,no_reward,0.0,120.0,60.0,3,3,3,0.17500000000000002,28,5,3,0.47283999999990556,5,0,0,observed,equal_session_mean
611160,reward_restoration,2,pseudo,go,1,no_reward,120.0,240.0,180.0,3,3,3,0.1717171717171717,30,5,2,0.43702749999999924,5,0,1,observed,equal_session_mean
611160,reward_restoration,2,pseudo,go,2,no_reward,240.0,360.0,300.0,3,3,3,0.0,24,0,0,,0,0,3,observed,equal_session_mean
611160,reward_restoration,2,real,catch,-3,no_reward,-360.0,-240.0,-300.0,3,3,3,0.0,10,0,0,,0,0,3,observed,equal_session_mean
611160,reward_restoration,2,real,catch,-2,no_reward,-240.0,-120.0,-180.0,3,3,3,0.0,8,0,0,,0,0,3,observed,equal_session_mean
611160,reward_restoration,2,real,catch,-1,no_reward,-120.0,0.0,-60.0,3,3,3,0.0,11,0,0,,0,0,3,observed,equal_session_mean
611160,reward_restoration,2,real,catch,0,engaged_2,0.0,120.0,60.0,3,3,3,0.0,4,0,0,,0,0,3,observed,equal_session_mean
611160,reward_restoration,2,real,catch,1,engaged_2,120.0,240.0,180.0,3,3,3,0.0,8,0,0,,0,0,3,observed,equal_session_mean
611160,reward_restoration,2,real,catch,2,engaged_2,240.0,360.0,300.0,3,3,3,0.0,8,0,0,,0,0,3,observed,equal_session_mean
611160,reward_restoration,2,real,go,-3,no_reward,-360.0,-240.0,-300.0,3,3,3,0.0,27,0,0,,0,0,3,observed,equal_session_mean
611160,reward_restoration,2,real,go,-2,no_reward,-240.0,-120.0,-180.0,3,3,3,0.14814814814814814,28,4,2,0.41994999999974425,4,0,1,observed,equal_session_mean
611160,reward_restoration,2,real,go,-1,no_reward,-120.0,0.0,-60.0,3,3,3,0.0,29,0,0,,0,0,3,observed,equal_session_mean
611160,reward_restoration,2,real,go,0,engaged_2,0.0,120.0,60.0,3,3,3,0.4238095238095238,18,8,3,0.39288333333320224,8,0,0,observed,equal_session_mean
611160,reward_restoration,2,real,go,1,engaged_2,120.0,240.0,180.0,3,3,3,0.4067460317460317,21,8,3,0.4116666666667091,8,0,0,observed,equal_session_mean
611160,reward_restoration,2,real,go,2,engaged_2,240.0,360.0,300.0,3,3,3,0.14285714285714285,24,3,2,0.4495199999998931,3,0,1,observed,equal_session_mean
611166,reward_withdrawal,1,pseudo,catch,-3,engaged_1,-360.0,-240.0,-300.0,4,4,3,0.0,7,0,0,,0,1,4,observed,equal_session_mean
611166,reward_withdrawal,1,pseudo,catch,-2,engaged_1,-240.0,-120.0,-180.0,4,4,3,0.16666666666666666,6,1,1,0.36151000000000977,1,1,3,observed,equal_session_mean
611166,reward_withdrawal,1,pseudo,catch,-1,engaged_1,-120.0,0.0,-60.0,4,4,4,0.0,9,0,0,,0,0,4,observed,equal_session_mean
611166,reward_withdrawal,1,pseudo,catch,0,engaged_1,0.0,120.0,60.0,4,4,3,0.3333333333333333,6,2,2,0.378029999999967,2,1,2,observed,equal_session_mean
611166,reward_withdrawal,1,pseudo,catch,1,engaged_1,120.0,240.0,180.0,4,4,4,0.0,8,0,0,,0,0,4,observed,equal_session_mean
611166,reward_withdrawal,1,pseudo,catch,2,engaged_1,240.0,360.0,300.0,4,4,2,0.5,4,2,2,0.42023000000000366,2,2,2,observed,equal_session_mean
611166,reward_withdrawal,1,pseudo,go,-3,engaged_1,-360.0,-240.0,-300.0,4,4,4,0.6160714285714286,23,13,4,0.5644937500000182,13,0,0,observed,equal_session_mean
611166,reward_withdrawal,1,pseudo,go,-2,engaged_1,-240.0,-120.0,-180.0,4,4,4,0.7142857142857143,21,14,3,0.5514566666666667,14,0,1,observed,equal_session_mean
611166,reward_withdrawal,1,pseudo,go,-1,engaged_1,-120.0,0.0,-60.0,4,4,4,0.6041666666666666,19,10,4,0.4803424999999919,10,0,0,observed,equal_session_mean
611166,reward_withdrawal,1,pseudo,go,0,engaged_1,0.0,120.0,60.0,4,4,4,0.3416666666666667,12,4,3,0.395659999999945,4,0,1,observed,equal_session_mean
611166,reward_withdrawal,1,pseudo,go,1,engaged_1,120.0,240.0,180.0,4,4,4,0.5166666666666666,23,11,4,0.46809874999996737,11,0,0,observed,equal_session_mean
611166,reward_withdrawal,1,pseudo,go,2,engaged_1,240.0,360.0,300.0,4,4,4,0.4375,16,8,3,0.4366299999999986,8,0,1,observed,equal_session_mean
611166,reward_withdrawal,1,real,catch,-3,engaged_1,-360.0,-240.0,-300.0,4,4,4,0.0,9,0,0,,0,0,4,observed,equal_session_mean
611166,reward_withdrawal,1,real,catch,-2,engaged_1,-240.0,-120.0,-180.0,4,4,3,0.16666666666666666,4,1,1,0.5460199999999986,1,1,3,observed,equal_session_mean
611166,reward_withdrawal,1,real,catch,-1,engaged_1,-120.0,0.0,-60.0,4,4,4,0.125,7,1,1,0.2944400000000087,1,0,3,observed,equal_session_mean
611166,reward_withdrawal,1,real,catch,0,no_reward,0.0,120.0,60.0,4,4,4,0.0,10,0,0,,0,0,4,observed,equal_session_mean
611166,reward_withdrawal,1,real,catch,1,no_reward,120.0,240.0,180.0,4,4,4,0.14583333333333331,11,2,2,0.32657499999993433,2,0,2,observed,equal_session_mean
611166,reward_withdrawal,1,real,catch,2,no_reward,240.0,360.0,300.0,4,4,4,0.08333333333333333,15,1,1,0.461509999999862,1,0,3,observed,equal_session_mean
611166,reward_withdrawal,1,real,go,-3,engaged_1,-360.0,-240.0,-300.0,4,4,4,0.375,19,7,3,0.44032999999996036,7,0,1,observed,equal_session_mean
611166,reward_withdrawal,1,real,go,-2,engaged_1,-240.0,-120.0,-180.0,4,4,4,0.7,18,12,4,0.43205749999995646,12,0,0,observed,equal_session_mean
611166,reward_withdrawal,1,real,go,-1,engaged_1,-120.0,0.0,-60.0,4,4,4,0.4345238095238095,23,10,4,0.541177499999975,10,0,0,observed,equal_session_mean
611166,reward_withdrawal,1,real,go,0,no_reward,0.0,120.0,60.0,4,4,4,0.34375,38,13,4,0.5404587499998996,13,0,0,observed,equal_session_mean
611166,reward_withdrawal,1,real,go,1,no_reward,120.0,240.0,180.0,4,4,4,0.24375,38,9,4,0.3884674999999902,9,0,0,observed,equal_session_mean
611166,reward_withdrawal,1,real,go,2,no_reward,240.0,360.0,300.0,4,4,4,0.3360119047619048,34,11,4,0.4149162499999477,11,0,0,observed,equal_session_mean
611166,reward_restoration,2,pseudo,catch,-3,no_reward,-360.0,-240.0,-300.0,4,4,4,0.0,11,0,0,,0,0,4,observed,equal_session_mean
611166,reward_restoration,2,pseudo,catch,-2,no_reward,-240.0,-120.0,-180.0,4,4,4,0.0,13,0,0,,0,0,4,observed,equal_session_mean
611166,reward_restoration,2,pseudo,catch,-1,no_reward,-120.0,0.0,-60.0,4,4,4,0.0,12,0,0,,0,0,4,observed,equal_session_mean
611166,reward_restoration,2,pseudo,catch,0,no_reward,0.0,120.0,60.0,4,4,4,0.08333333333333333,13,1,1,0.4613999999999123,1,0,3,observed,equal_session_mean
611166,reward_restoration,2,pseudo,catch,1,no_reward,120.0,240.0,180.0,4,4,4,0.0625,12,1,1,0.34514999999987594,1,0,3,observed,equal_session_mean
611166,reward_restoration,2,pseudo,catch,2,no_reward,240.0,360.0,300.0,4,4,4,0.0625,14,1,1,0.4102499999999054,1,0,3,observed,equal_session_mean
611166,reward_restoration,2,pseudo,go,-3,no_reward,-360.0,-240.0,-300.0,4,4,4,0.23125,38,9,4,0.4049699999999632,9,0,0,observed,equal_session_mean
611166,reward_restoration,2,pseudo,go,-2,no_reward,-240.0,-120.0,-180.0,4,4,4,0.08939393939393939,42,4,3,0.5002299999999499,4,0,1,observed,equal_session_mean
611166,reward_restoration,2,pseudo,go,-1,no_reward,-120.0,0.0,-60.0,4,4,4,0.1418831168831169,35,5,3,0.3666599999999107,5,0,1,observed,equal_session_mean
611166,reward_restoration,2,pseudo,go,0,no_reward,0.0,120.0,60.0,4,4,4,0.13055555555555554,39,5,3,0.3835466666666889,5,0,1,observed,equal_session_mean
611166,reward_restoration,2,pseudo,go,1,no_reward,120.0,240.0,180.0,4,4,4,0.0875,39,3,2,0.47012249999988853,3,0,2,observed,equal_session_mean
611166,reward_restoration,2,pseudo,go,2,no_reward,240.0,360.0,300.0,4,4,4,0.0625,34,2,2,0.5112100000001192,2,0,2,observed,equal_session_mean
611166,reward_restoration,2,real,catch,-3,no_reward,-360.0,-240.0,-300.0,4,4,4,0.08333333333333333,12,1,1,0.2118199999999888,1,0,3,observed,equal_session_mean
611166,reward_restoration,2,real,catch,-2,no_reward,-240.0,-120.0,-180.0,4,4,4,0.0,11,0,0,,0,0,4,observed,equal_session_mean
611166,reward_restoration,2,real,catch,-1,no_reward,-120.0,0.0,-60.0,4,4,4,0.0,12,0,0,,0,0,4,observed,equal_session_mean
611166,reward_restoration,2,real,catch,0,engaged_2,0.0,120.0,60.0,4,4,4,0.25,9,1,1,0.47792000000026746,1,0,3,observed,equal_session_mean
611166,reward_restoration,2,real,catch,1,engaged_2,120.0,240.0,180.0,4,4,3,0.0,5,0,0,,0,1,4,observed,equal_session_mean
611166,reward_restoration,2,real,catch,2,engaged_2,240.0,360.0,300.0,4,4,4,0.0,8,0,0,,0,0,4,observed,equal_session_mean
611166,reward_restoration,2,real,go,-3,no_reward,-360.0,-240.0,-300.0,4,4,4,0.050505050505050504,36,2,2,0.4103549999999814,2,0,2,observed,equal_session_mean
611166,reward_restoration,2,real,go,-2,no_reward,-240.0,-120.0,-180.0,4,4,4,0.0755050505050505,40,3,3,0.4945766666666411,3,0,1,observed,equal_session_mean
611166,reward_restoration,2,real,go,-1,no_reward,-120.0,0.0,-60.0,4,4,4,0.04772727272727273,41,2,2,0.26119500000004336,2,0,2,observed,equal_session_mean
611166,reward_restoration,2,real,go,0,engaged_2,0.0,120.0,60.0,4,4,4,0.375,18,6,2,0.5041599999999562,6,0,2,observed,equal_session_mean
611166,reward_restoration,2,real,go,1,engaged_2,120.0,240.0,180.0,4,4,4,0.39305555555555555,29,8,3,0.5304350000000492,8,0,1,observed,equal_session_mean
611166,reward_restoration,2,real,go,2,engaged_2,240.0,360.0,300.0,4,4,4,0.1607142857142857,22,3,2,0.5609950000000481,3,0,2,observed,equal_session_mean
612090,reward_withdrawal,1,pseudo,catch,-3,engaged_1,-360.0,-240.0,-300.0,4,4,3,0.16666666666666666,5,1,1,0.42817999999999756,1,1,3,observed,equal_session_mean
612090,reward_withdrawal,1,pseudo,catch,-2,engaged_1,-240.0,-120.0,-180.0,4,4,4,0.0,9,0,0,,0,0,4,observed,equal_session_mean
612090,reward_withdrawal,1,pseudo,catch,-1,engaged_1,-120.0,0.0,-60.0,4,4,4,0.0625,11,1,1,0.44497999999998683,1,0,3,observed,equal_session_mean
612090,reward_withdrawal,1,pseudo,catch,0,engaged_1,0.0,120.0,60.0,4,4,4,0.0,9,0,0,,0,0,4,observed,equal_session_mean
612090,reward_withdrawal,1,pseudo,catch,1,engaged_1,120.0,240.0,180.0,4,4,4,0.41666666666666663,8,4,3,0.5146016666665977,4,0,1,observed,equal_session_mean
612090,reward_withdrawal,1,pseudo,catch,2,engaged_1,240.0,360.0,300.0,4,4,3,0.0,7,0,0,,0,1,4,observed,equal_session_mean
612090,reward_withdrawal,1,pseudo,go,-3,engaged_1,-360.0,-240.0,-300.0,4,4,4,0.7232142857142857,27,19,4,0.4540674999999972,19,0,0,observed,equal_session_mean
612090,reward_withdrawal,1,pseudo,go,-2,engaged_1,-240.0,-120.0,-180.0,4,4,4,0.5053571428571428,28,15,4,0.4773987500000274,15,0,0,observed,equal_session_mean
612090,reward_withdrawal,1,pseudo,go,-1,engaged_1,-120.0,0.0,-60.0,4,4,4,0.5138888888888888,29,14,4,0.500337500000029,14,0,0,observed,equal_session_mean
612090,reward_withdrawal,1,pseudo,go,0,engaged_1,0.0,120.0,60.0,4,4,4,0.5798611111111112,27,15,4,0.46667499999999507,15,0,0,observed,equal_session_mean
612090,reward_withdrawal,1,pseudo,go,1,engaged_1,120.0,240.0,180.0,4,4,4,0.6190476190476191,22,12,4,0.4809887499999519,12,0,0,observed,equal_session_mean
612090,reward_withdrawal,1,pseudo,go,2,engaged_1,240.0,360.0,300.0,4,4,4,0.6303571428571428,26,16,4,0.4499299999999664,16,0,0,observed,equal_session_mean
612090,reward_withdrawal,1,real,catch,-3,engaged_1,-360.0,-240.0,-300.0,4,4,4,0.375,9,4,3,0.5146016666665977,4,0,1,observed,equal_session_mean
612090,reward_withdrawal,1,real,catch,-2,engaged_1,-240.0,-120.0,-180.0,4,4,3,0.0,8,0,0,,0,1,4,observed,equal_session_mean
612090,reward_withdrawal,1,real,catch,-1,engaged_1,-120.0,0.0,-60.0,4,4,4,0.0,8,0,0,,0,0,4,observed,equal_session_mean
612090,reward_withdrawal,1,real,catch,0,no_reward,0.0,120.0,60.0,4,4,4,0.0,12,0,0,,0,0,4,observed,equal_session_mean
612090,reward_withdrawal,1,real,catch,1,no_reward,120.0,240.0,180.0,4,4,4,0.2708333333333333,13,4,2,0.46158000000014,4,0,2,observed,equal_session_mean
612090,reward_withdrawal,1,real,catch,2,no_reward,240.0,360.0,300.0,4,4,4,0.05,15,1,1,0.6946900000000369,1,0,3,observed,equal_session_mean
612090,reward_withdrawal,1,real,go,-3,engaged_1,-360.0,-240.0,-300.0,4,4,4,0.6488095238095238,21,12,4,0.46225375000001634,12,0,0,observed,equal_session_mean
612090,reward_withdrawal,1,real,go,-2,engaged_1,-240.0,-120.0,-180.0,4,4,4,0.5736111111111111,24,13,4,0.4807862499999658,13,0,0,observed,equal_session_mean
612090,reward_withdrawal,1,real,go,-1,engaged_1,-120.0,0.0,-60.0,4,4,4,0.7395833333333334,26,19,4,0.48526999999995724,19,0,0,observed,equal_session_mean
612090,reward_withdrawal,1,real,go,0,no_reward,0.0,120.0,60.0,4,4,4,0.61875,36,22,4,0.4784262499999983,22,0,0,observed,equal_session_mean
612090,reward_withdrawal,1,real,go,1,no_reward,120.0,240.0,180.0,4,4,4,0.3090909090909091,42,13,4,0.5197749999999246,13,0,0,observed,equal_session_mean
612090,reward_withdrawal,1,real,go,2,no_reward,240.0,360.0,300.0,4,4,4,0.12698412698412698,32,4,3,0.4947983333332786,4,0,1,observed,equal_session_mean
612090,reward_restoration,2,pseudo,catch,-3,no_reward,-360.0,-240.0,-300.0,4,4,4,0.16666666666666666,12,2,2,0.18632000000002336,2,0,2,observed,equal_session_mean
612090,reward_restoration,2,pseudo,catch,-2,no_reward,-240.0,-120.0,-180.0,4,4,4,0.125,12,2,1,0.3115699999999606,2,0,3,observed,equal_session_mean
612090,reward_restoration,2,pseudo,catch,-1,no_reward,-120.0,0.0,-60.0,4,4,4,0.08333333333333333,14,1,1,0.29439000000002125,1,0,3,observed,equal_session_mean
612090,reward_restoration,2,pseudo,catch,0,no_reward,0.0,120.0,60.0,4,4,4,0.08333333333333333,9,1,1,0.5594099999998434,1,0,3,observed,equal_session_mean
612090,reward_restoration,2,pseudo,catch,1,no_reward,120.0,240.0,180.0,4,4,4,0.0,16,0,0,,0,0,4,observed,equal_session_mean
612090,reward_restoration,2,pseudo,catch,2,no_reward,240.0,360.0,300.0,4,4,4,0.125,11,1,1,0.5949799999998504,1,0,3,observed,equal_session_mean
612090,reward_restoration,2,pseudo,go,-3,no_reward,-360.0,-240.0,-300.0,4,4,4,0.24318181818181817,40,10,3,0.44726666666664033,10,0,1,observed,equal_session_mean
612090,reward_restoration,2,pseudo,go,-2,no_reward,-240.0,-120.0,-180.0,4,4,4,0.2265151515151515,39,9,3,0.5564999999999145,9,0,1,observed,equal_session_mean
612090,reward_restoration,2,pseudo,go,-1,no_reward,-120.0,0.0,-60.0,4,4,4,0.13383838383838384,37,5,2,0.4612399999999752,5,0,2,observed,equal_session_mean
612090,reward_restoration,2,pseudo,go,0,no_reward,0.0,120.0,60.0,4,4,4,0.30297619047619045,39,11,4,0.5742349999999306,11,0,0,observed,equal_session_mean
612090,reward_restoration,2,pseudo,go,1,no_reward,120.0,240.0,180.0,4,4,4,0.14488636363636365,35,6,2,0.3950849999998809,6,0,2,observed,equal_session_mean
612090,reward_restoration,2,pseudo,go,2,no_reward,240.0,360.0,300.0,4,4,4,0.14823232323232322,40,6,3,0.5480566666665633,6,0,1,observed,equal_session_mean
612090,reward_restoration,2,real,catch,-3,no_reward,-360.0,-240.0,-300.0,4,4,4,0.08333333333333333,11,1,1,0.2446300000001429,1,0,3,observed,equal_session_mean
612090,reward_restoration,2,real,catch,-2,no_reward,-240.0,-120.0,-180.0,4,4,4,0.0,13,0,0,,0,0,4,observed,equal_session_mean
612090,reward_restoration,2,real,catch,-1,no_reward,-120.0,0.0,-60.0,4,4,4,0.0,13,0,0,,0,0,4,observed,equal_session_mean
612090,reward_restoration,2,real,catch,0,engaged_2,0.0,120.0,60.0,4,4,4,0.25,6,1,1,0.34468999999990046,1,0,3,observed,equal_session_mean
612090,reward_restoration,2,real,catch,1,engaged_2,120.0,240.0,180.0,4,4,4,0.08333333333333333,12,1,1,0.511670000000322,1,0,3,observed,equal_session_mean
612090,reward_restoration,2,real,catch,2,engaged_2,240.0,360.0,300.0,4,4,4,0.0,8,0,0,,0,0,4,observed,equal_session_mean
612090,reward_restoration,2,real,go,-3,no_reward,-360.0,-240.0,-300.0,4,4,4,0.14772727272727273,36,5,3,0.6202616666664653,5,0,1,observed,equal_session_mean
612090,reward_restoration,2,real,go,-2,no_reward,-240.0,-120.0,-180.0,4,4,4,0.050505050505050504,39,2,2,0.49521000000027016,2,0,2,observed,equal_session_mean
612090,reward_restoration,2,real,go,-1,no_reward,-120.0,0.0,-60.0,4,4,4,0.027777777777777776,40,1,1,0.5955500000000029,1,0,3,observed,equal_session_mean
612090,reward_restoration,2,real,go,0,engaged_2,0.0,120.0,60.0,4,4,4,0.4342261904761905,26,11,4,0.4539974999998435,11,0,0,observed,equal_session_mean
612090,reward_restoration,2,real,go,1,engaged_2,120.0,240.0,180.0,4,4,4,0.6388888888888888,30,19,4,0.5085712499999318,19,0,0,observed,equal_session_mean
612090,reward_restoration,2,real,go,2,engaged_2,240.0,360.0,300.0,4,4,4,0.47916666666666663,27,12,4,0.507863749999899,12,0,0,observed,equal_session_mean
614547,reward_withdrawal,1,pseudo,catch,-3,engaged_1,-360.0,-240.0,-300.0,3,3,2,0.5,4,2,1,0.41148999999998637,2,1,2,observed,equal_session_mean
614547,reward_withdrawal,1,pseudo,catch,-2,engaged_1,-240.0,-120.0,-180.0,3,3,2,0.0,4,0,0,,0,1,3,observed,equal_session_mean
614547,reward_withdrawal,1,pseudo,catch,-1,engaged_1,-120.0,0.0,-60.0,3,3,3,0.16666666666666666,4,1,1,0.5611000000000104,1,0,2,observed,equal_session_mean
614547,reward_withdrawal,1,pseudo,catch,0,engaged_1,0.0,120.0,60.0,3,3,3,0.1111111111111111,7,1,1,0.2617199999999684,1,0,2,observed,equal_session_mean
614547,reward_withdrawal,1,pseudo,catch,1,engaged_1,120.0,240.0,180.0,3,3,3,0.3333333333333333,5,1,1,0.3272799999998597,1,0,2,observed,equal_session_mean
614547,reward_withdrawal,1,pseudo,catch,2,engaged_1,240.0,360.0,300.0,3,3,3,0.16666666666666666,5,1,1,0.6786499999999478,1,0,2,observed,equal_session_mean
614547,reward_withdrawal,1,pseudo,go,-3,engaged_1,-360.0,-240.0,-300.0,3,3,3,1.0,9,9,3,0.31675999999998794,9,0,0,observed,equal_session_mean
614547,reward_withdrawal,1,pseudo,go,-2,engaged_1,-240.0,-120.0,-180.0,3,3,3,0.8333333333333334,16,14,3,0.3527883333333743,14,0,0,observed,equal_session_mean
614547,reward_withdrawal,1,pseudo,go,-1,engaged_1,-120.0,0.0,-60.0,3,3,3,0.8083333333333332,16,12,3,0.3416300000000187,12,0,0,observed,equal_session_mean
614547,reward_withdrawal,1,pseudo,go,0,engaged_1,0.0,120.0,60.0,3,3,3,1.0,8,8,3,0.37255666666667747,8,0,0,observed,equal_session_mean
614547,reward_withdrawal,1,pseudo,go,1,engaged_1,120.0,240.0,180.0,3,3,3,0.5777777777777778,16,9,3,0.3392533333332987,9,0,0,observed,equal_session_mean
614547,reward_withdrawal,1,pseudo,go,2,engaged_1,240.0,360.0,300.0,3,3,3,0.775925925925926,18,14,3,0.3566849999999704,14,0,0,observed,equal_session_mean
614547,reward_withdrawal,1,real,catch,-3,engaged_1,-360.0,-240.0,-300.0,3,3,3,0.3333333333333333,6,2,2,0.29449999999991405,2,0,1,observed,equal_session_mean
614547,reward_withdrawal,1,real,catch,-2,engaged_1,-240.0,-120.0,-180.0,3,3,3,0.16666666666666666,4,1,1,0.6786499999999478,1,0,2,observed,equal_session_mean
614547,reward_withdrawal,1,real,catch,-1,engaged_1,-120.0,0.0,-60.0,3,3,3,0.0,6,0,0,,0,0,3,observed,equal_session_mean
614547,reward_withdrawal,1,real,catch,0,no_reward,0.0,120.0,60.0,3,3,3,0.08333333333333333,10,1,1,0.16137000000003354,1,0,2,observed,equal_session_mean
614547,reward_withdrawal,1,real,catch,1,no_reward,120.0,240.0,180.0,3,3,3,0.3333333333333333,9,3,2,0.3656424999999217,3,0,1,observed,equal_session_mean
614547,reward_withdrawal,1,real,catch,2,no_reward,240.0,360.0,300.0,3,3,3,0.0,9,0,0,,0,0,3,observed,equal_session_mean
614547,reward_withdrawal,1,real,go,-3,engaged_1,-360.0,-240.0,-300.0,3,3,3,0.6666666666666666,15,10,3,0.34209999999999735,10,0,0,observed,equal_session_mean
614547,reward_withdrawal,1,real,go,-2,engaged_1,-240.0,-120.0,-180.0,3,3,3,0.7314814814814815,19,14,3,0.3425833333332851,14,0,0,observed,equal_session_mean
614547,reward_withdrawal,1,real,go,-1,engaged_1,-120.0,0.0,-60.0,3,3,3,0.7634920634920634,18,14,3,0.3452149999999392,14,0,0,observed,equal_session_mean
614547,reward_withdrawal,1,real,go,0,no_reward,0.0,120.0,60.0,3,3,3,0.6083333333333333,28,17,3,0.33890666666665464,17,0,0,observed,equal_session_mean
614547,reward_withdrawal,1,real,go,1,no_reward,120.0,240.0,180.0,3,3,3,0.5306397306397307,30,16,3,0.37276666666673464,16,0,0,observed,equal_session_mean
614547,reward_withdrawal,1,real,go,2,no_reward,240.0,360.0,300.0,3,3,3,0.4925925925925925,28,14,3,0.3892749999999599,14,0,0,observed,equal_session_mean
614547,reward_restoration,2,pseudo,catch,-3,no_reward,-360.0,-240.0,-300.0,3,3,3,0.0,10,0,0,,0,0,3,observed,equal_session_mean
614547,reward_restoration,2,pseudo,catch,-2,no_reward,-240.0,-120.0,-180.0,3,3,3,0.1111111111111111,8,1,1,0.19463999999993575,1,0,2,observed,equal_session_mean
614547,reward_restoration,2,pseudo,catch,-1,no_reward,-120.0,0.0,-60.0,3,3,3,0.15,11,2,2,0.32692499999996016,2,0,1,observed,equal_session_mean
614547,reward_restoration,2,pseudo,catch,0,no_reward,0.0,120.0,60.0,3,3,3,0.0,11,0,0,,0,0,3,observed,equal_session_mean
614547,reward_restoration,2,pseudo,catch,1,no_reward,120.0,240.0,180.0,3,3,3,0.0,7,0,0,,0,0,3,observed,equal_session_mean
614547,reward_restoration,2,pseudo,catch,2,no_reward,240.0,360.0,300.0,3,3,3,0.2333333333333333,11,3,2,0.5786200000000576,3,0,1,observed,equal_session_mean
614547,reward_restoration,2,pseudo,go,-3,no_reward,-360.0,-240.0,-300.0,3,3,3,0.4148148148148148,29,12,3,0.39508333333337003,12,0,0,observed,equal_session_mean
614547,reward_restoration,2,pseudo,go,-2,no_reward,-240.0,-120.0,-180.0,3,3,3,0.376984126984127,28,9,3,0.3892399999999725,9,0,0,observed,equal_session_mean
614547,reward_restoration,2,pseudo,go,-1,no_reward,-120.0,0.0,-60.0,3,3,3,0.4425925925925926,27,12,3,0.34491000000006505,12,0,0,observed,equal_session_mean
614547,reward_restoration,2,pseudo,go,0,no_reward,0.0,120.0,60.0,3,3,3,0.4074074074074074,27,11,3,0.37292666666652013,11,0,0,observed,equal_session_mean
614547,reward_restoration,2,pseudo,go,1,no_reward,120.0,240.0,180.0,3,3,3,0.3232323232323232,31,10,3,0.40067833333337904,10,0,0,observed,equal_session_mean
614547,reward_restoration,2,pseudo,go,2,no_reward,240.0,360.0,300.0,3,3,3,0.33164983164983164,28,9,3,0.3839949999998756,9,0,0,observed,equal_session_mean
614547,reward_restoration,2,real,catch,-3,no_reward,-360.0,-240.0,-300.0,3,3,3,0.19444444444444442,10,2,2,0.31171999999992295,2,0,1,observed,equal_session_mean
614547,reward_restoration,2,real,catch,-2,no_reward,-240.0,-120.0,-180.0,3,3,3,0.1111111111111111,10,1,1,0.16115000000036162,1,0,2,observed,equal_session_mean
614547,reward_restoration,2,real,catch,-1,no_reward,-120.0,0.0,-60.0,3,3,3,0.2222222222222222,7,2,2,0.46983499999987544,2,0,1,observed,equal_session_mean
614547,reward_restoration,2,real,catch,0,engaged_2,0.0,120.0,60.0,3,3,2,0.0,4,0,0,,0,1,3,observed,equal_session_mean
614547,reward_restoration,2,real,catch,1,engaged_2,120.0,240.0,180.0,3,3,3,0.0,7,0,0,,0,0,3,observed,equal_session_mean
614547,reward_restoration,2,real,catch,2,engaged_2,240.0,360.0,300.0,3,3,3,0.4444444444444444,5,2,2,0.536574999999857,2,0,1,observed,equal_session_mean
614547,reward_restoration,2,real,go,-3,no_reward,-360.0,-240.0,-300.0,3,3,3,0.1074074074074074,27,3,2,0.33676999999988766,3,0,1,observed,equal_session_mean
614547,reward_restoration,2,real,go,-2,no_reward,-240.0,-120.0,-180.0,3,3,3,0.2518518518518518,28,7,3,0.4894366666667338,7,0,0,observed,equal_session_mean
614547,reward_restoration,2,real,go,-1,no_reward,-120.0,0.0,-60.0,3,3,3,0.16363636363636366,33,5,2,0.4612124999999878,5,0,1,observed,equal_session_mean
614547,reward_restoration,2,real,go,0,engaged_2,0.0,120.0,60.0,3,3,3,0.8888888888888888,12,11,3,0.3539783333332404,11,0,0,observed,equal_session_mean
614547,reward_restoration,2,real,go,1,engaged_2,120.0,240.0,180.0,3,3,3,0.5499999999999999,19,11,3,0.33388833333325846,11,0,0,observed,equal_session_mean
614547,reward_restoration,2,real,go,2,engaged_2,240.0,360.0,300.0,3,3,3,0.734920634920635,18,13,3,0.38157333333318394,13,0,0,observed,equal_session_mean
614608,reward_withdrawal,1,pseudo,catch,-3,engaged_1,-360.0,-240.0,-300.0,4,4,3,0.0,6,0,0,,0,1,4,observed,equal_session_mean
614608,reward_withdrawal,1,pseudo,catch,-2,engaged_1,-240.0,-120.0,-180.0,4,4,4,0.0,10,0,0,,0,0,4,observed,equal_session_mean
614608,reward_withdrawal,1,pseudo,catch,-1,engaged_1,-120.0,0.0,-60.0,4,4,4,0.41666666666666663,10,4,3,0.3789766666666499,4,0,1,observed,equal_session_mean
614608,reward_withdrawal,1,pseudo,catch,0,engaged_1,0.0,120.0,60.0,4,4,4,0.125,8,1,1,0.39482999999995627,1,0,3,observed,equal_session_mean
614608,reward_withdrawal,1,pseudo,catch,1,engaged_1,120.0,240.0,180.0,4,4,4,0.20833333333333331,9,2,2,0.40987499999999955,2,0,2,observed,equal_session_mean
614608,reward_withdrawal,1,pseudo,catch,2,engaged_1,240.0,360.0,300.0,4,4,4,0.125,9,1,1,0.4116300000000592,1,0,3,observed,equal_session_mean
614608,reward_withdrawal,1,pseudo,go,-3,engaged_1,-360.0,-240.0,-300.0,4,4,4,0.6708333333333334,27,18,4,0.4053250000000048,18,0,0,observed,equal_session_mean
614608,reward_withdrawal,1,pseudo,go,-2,engaged_1,-240.0,-120.0,-180.0,4,4,4,0.6527777777777778,31,20,4,0.38900375000002185,20,0,0,observed,equal_session_mean
614608,reward_withdrawal,1,pseudo,go,-1,engaged_1,-120.0,0.0,-60.0,4,4,4,0.7589285714285714,24,18,4,0.3999925000000104,18,0,0,observed,equal_session_mean
614608,reward_withdrawal,1,pseudo,go,0,engaged_1,0.0,120.0,60.0,4,4,4,0.6785714285714286,29,20,4,0.5030124999999543,20,0,0,observed,equal_session_mean
614608,reward_withdrawal,1,pseudo,go,1,engaged_1,120.0,240.0,180.0,4,4,4,0.749702380952381,26,20,4,0.4326674999999369,20,0,0,observed,equal_session_mean
614608,reward_withdrawal,1,pseudo,go,2,engaged_1,240.0,360.0,300.0,4,4,4,0.7178571428571429,29,20,4,0.4244662499999521,20,0,0,observed,equal_session_mean
614608,reward_withdrawal,1,real,catch,-3,engaged_1,-360.0,-240.0,-300.0,4,4,4,0.29166666666666663,12,3,2,0.397264999999976,3,0,2,observed,equal_session_mean
614608,reward_withdrawal,1,real,catch,-2,engaged_1,-240.0,-120.0,-180.0,4,4,3,0.16666666666666666,8,1,1,0.4116300000000592,1,1,3,observed,equal_session_mean
614608,reward_withdrawal,1,real,catch,-1,engaged_1,-120.0,0.0,-60.0,4,4,4,0.0,10,0,0,,0,0,4,observed,equal_session_mean
614608,reward_withdrawal,1,real,catch,0,no_reward,0.0,120.0,60.0,4,4,4,0.0,12,0,0,,0,0,4,observed,equal_session_mean
614608,reward_withdrawal,1,real,catch,1,no_reward,120.0,240.0,180.0,4,4,4,0.0,11,0,0,,0,0,4,observed,equal_session_mean
614608,reward_withdrawal,1,real,catch,2,no_reward,240.0,360.0,300.0,4,4,4,0.0,13,0,0,,0,0,4,observed,equal_session_mean
614608,reward_withdrawal,1,real,go,-3,engaged_1,-360.0,-240.0,-300.0,4,4,4,0.7723214285714286,26,20,4,0.45797999999996364,20,0,0,observed,equal_session_mean
614608,reward_withdrawal,1,real,go,-2,engaged_1,-240.0,-120.0,-180.0,4,4,4,0.6873015873015873,31,21,4,0.41787624999996353,21,0,0,observed,equal_session_mean
614608,reward_withdrawal,1,real,go,-1,engaged_1,-120.0,0.0,-60.0,4,4,4,0.6125,22,14,4,0.52634374999991,14,0,0,observed,equal_session_mean
614608,reward_withdrawal,1,real,go,0,no_reward,0.0,120.0,60.0,4,4,4,0.5965909090909091,37,22,4,0.43207499999999754,22,0,0,observed,equal_session_mean
614608,reward_withdrawal,1,real,go,1,no_reward,120.0,240.0,180.0,4,4,4,0.44747474747474747,40,18,4,0.4072737499999448,18,0,0,observed,equal_session_mean
614608,reward_withdrawal,1,real,go,2,no_reward,240.0,360.0,300.0,4,4,4,0.27976190476190477,35,10,4,0.4363999999999635,10,0,0,observed,equal_session_mean
614608,reward_restoration,2,pseudo,catch,-3,no_reward,-360.0,-240.0,-300.0,4,4,4,0.0,10,0,0,,0,0,4,observed,equal_session_mean
614608,reward_restoration,2,pseudo,catch,-2,no_reward,-240.0,-120.0,-180.0,4,4,4,0.0,13,0,0,,0,0,4,observed,equal_session_mean
614608,reward_restoration,2,pseudo,catch,-1,no_reward,-120.0,0.0,-60.0,4,4,4,0.0,12,0,0,,0,0,4,observed,equal_session_mean
614608,reward_restoration,2,pseudo,catch,0,no_reward,0.0,120.0,60.0,4,4,4,0.0,13,0,0,,0,0,4,observed,equal_session_mean
614608,reward_restoration,2,pseudo,catch,1,no_reward,120.0,240.0,180.0,4,4,4,0.0,14,0,0,,0,0,4,observed,equal_session_mean
614608,reward_restoration,2,pseudo,catch,2,no_reward,240.0,360.0,300.0,4,4,4,0.0,13,0,0,,0,0,4,observed,equal_session_mean
614608,reward_restoration,2,pseudo,go,-3,no_reward,-360.0,-240.0,-300.0,4,4,4,0.2545454545454545,43,11,4,0.4694699999999443,11,0,0,observed,equal_session_mean
614608,reward_restoration,2,pseudo,go,-2,no_reward,-240.0,-120.0,-180.0,4,4,4,0.1611111111111111,35,5,3,0.48319166666662267,5,0,1,observed,equal_session_mean
614608,reward_restoration,2,pseudo,go,-1,no_reward,-120.0,0.0,-60.0,4,4,4,0.2222222222222222,36,8,2,0.4402050000000486,8,0,2,observed,equal_session_mean
614608,reward_restoration,2,pseudo,go,0,no_reward,0.0,120.0,60.0,4,4,4,0.21666666666666667,38,8,3,0.4473899999999655,8,0,1,observed,equal_session_mean
614608,reward_restoration,2,pseudo,go,1,no_reward,120.0,240.0,180.0,4,4,4,0.17045454545454547,39,7,3,0.48333833333333587,7,0,1,observed,equal_session_mean
614608,reward_restoration,2,pseudo,go,2,no_reward,240.0,360.0,300.0,4,4,4,0.050505050505050504,39,2,2,0.46965000000000146,2,0,2,observed,equal_session_mean
614608,reward_restoration,2,real,catch,-3,no_reward,-360.0,-240.0,-300.0,4,4,4,0.0,11,0,0,,0,0,4,observed,equal_session_mean
614608,reward_restoration,2,real,catch,-2,no_reward,-240.0,-120.0,-180.0,4,4,4,0.08333333333333333,13,1,1,0.21129999999993743,1,0,3,observed,equal_session_mean
614608,reward_restoration,2,real,catch,-1,no_reward,-120.0,0.0,-60.0,4,4,4,0.0,13,0,0,,0,0,4,observed,equal_session_mean
614608,reward_restoration,2,real,catch,0,engaged_2,0.0,120.0,60.0,4,4,4,0.25,7,1,1,0.4089899999999034,1,0,3,observed,equal_session_mean
614608,reward_restoration,2,real,catch,1,engaged_2,120.0,240.0,180.0,4,4,4,0.0,9,0,0,,0,0,4,observed,equal_session_mean
614608,reward_restoration,2,real,catch,2,engaged_2,240.0,360.0,300.0,4,4,4,0.0,10,0,0,,0,0,4,observed,equal_session_mean
614608,reward_restoration,2,real,go,-3,no_reward,-360.0,-240.0,-300.0,4,4,4,0.14090909090909093,38,6,3,0.5197266666666565,6,0,1,observed,equal_session_mean
614608,reward_restoration,2,real,go,-2,no_reward,-240.0,-120.0,-180.0,4,4,4,0.09027777777777778,33,3,2,0.45758999999986827,3,0,2,observed,equal_session_mean
614608,reward_restoration,2,real,go,-1,no_reward,-120.0,0.0,-60.0,4,4,4,0.10328282828282828,38,4,3,0.4304299999999633,4,0,1,observed,equal_session_mean
614608,reward_restoration,2,real,go,0,engaged_2,0.0,120.0,60.0,4,4,4,0.49375,25,12,4,0.43585749999988366,12,0,0,observed,equal_session_mean
614608,reward_restoration,2,real,go,1,engaged_2,120.0,240.0,180.0,4,4,4,0.6785714285714286,28,19,4,0.4112724999998818,19,0,0,observed,equal_session_mean
614608,reward_restoration,2,real,go,2,engaged_2,240.0,360.0,300.0,4,4,4,0.47619047619047616,34,16,3,0.47597499999983484,16,0,1,observed,equal_session_mean
615047,reward_withdrawal,1,pseudo,catch,-3,engaged_1,-360.0,-240.0,-300.0,4,4,4,0.3333333333333333,8,2,2,0.5454249999999945,2,0,2,observed,equal_session_mean
615047,reward_withdrawal,1,pseudo,catch,-2,engaged_1,-240.0,-120.0,-180.0,4,4,4,0.0,8,0,0,,0,0,4,observed,equal_session_mean
615047,reward_withdrawal,1,pseudo,catch,-1,engaged_1,-120.0,0.0,-60.0,4,4,4,0.0,11,0,0,,0,0,4,observed,equal_session_mean
615047,reward_withdrawal,1,pseudo,catch,0,engaged_1,0.0,120.0,60.0,4,4,4,0.0,7,0,0,,0,0,4,observed,equal_session_mean
615047,reward_withdrawal,1,pseudo,catch,1,engaged_1,120.0,240.0,180.0,4,4,4,0.125,12,1,1,0.36104999999997744,1,0,3,observed,equal_session_mean
615047,reward_withdrawal,1,pseudo,catch,2,engaged_1,240.0,360.0,300.0,4,4,4,0.125,8,1,1,0.4447699999999486,1,0,3,observed,equal_session_mean
615047,reward_withdrawal,1,pseudo,go,-3,engaged_1,-360.0,-240.0,-300.0,4,4,4,0.5944444444444444,24,12,4,0.5789937500000093,12,0,0,observed,equal_session_mean
615047,reward_withdrawal,1,pseudo,go,-2,engaged_1,-240.0,-120.0,-180.0,4,4,4,0.46825396825396826,26,10,4,0.5622937500000305,10,0,0,observed,equal_session_mean
615047,reward_withdrawal,1,pseudo,go,-1,engaged_1,-120.0,0.0,-60.0,4,4,4,0.29047619047619044,27,7,3,0.554413333333334,7,0,1,observed,equal_session_mean
615047,reward_withdrawal,1,pseudo,go,0,engaged_1,0.0,120.0,60.0,4,4,4,0.3412698412698413,30,10,4,0.5786087499999439,10,0,0,observed,equal_session_mean
615047,reward_withdrawal,1,pseudo,go,1,engaged_1,120.0,240.0,180.0,4,4,4,0.3194444444444444,25,7,4,0.5518512499999986,7,0,0,observed,equal_session_mean
615047,reward_withdrawal,1,pseudo,go,2,engaged_1,240.0,360.0,300.0,4,4,4,0.39037698412698413,32,12,4,0.5518174999999559,12,0,0,observed,equal_session_mean
615047,reward_withdrawal,1,real,catch,-3,engaged_1,-360.0,-240.0,-300.0,4,4,4,0.125,10,1,1,0.36104999999997744,1,0,3,observed,equal_session_mean
615047,reward_withdrawal,1,real,catch,-2,engaged_1,-240.0,-120.0,-180.0,4,4,4,0.125,9,1,1,0.4447699999999486,1,0,3,observed,equal_session_mean
615047,reward_withdrawal,1,real,catch,-1,engaged_1,-120.0,0.0,-60.0,4,4,3,0.0,8,0,0,,0,1,4,observed,equal_session_mean
615047,reward_withdrawal,1,real,catch,0,no_reward,0.0,120.0,60.0,4,4,4,0.3125,13,3,2,0.5658750000000055,3,0,2,observed,equal_session_mean
615047,reward_withdrawal,1,real,catch,1,no_reward,120.0,240.0,180.0,4,4,4,0.125,12,2,1,0.32023999999989883,2,0,3,observed,equal_session_mean
615047,reward_withdrawal,1,real,catch,2,no_reward,240.0,360.0,300.0,4,4,4,0.0,13,0,0,,0,0,4,observed,equal_session_mean
615047,reward_withdrawal,1,real,go,-3,engaged_1,-360.0,-240.0,-300.0,4,4,4,0.3404761904761905,28,8,3,0.5728333333332595,8,0,1,observed,equal_session_mean
615047,reward_withdrawal,1,real,go,-2,engaged_1,-240.0,-120.0,-180.0,4,4,4,0.4538690476190476,30,13,4,0.5100862499999579,13,0,0,observed,equal_session_mean
615047,reward_withdrawal,1,real,go,-1,engaged_1,-120.0,0.0,-60.0,4,4,4,0.24404761904761904,26,6,4,0.625752499999976,6,0,0,observed,equal_session_mean
615047,reward_withdrawal,1,real,go,0,no_reward,0.0,120.0,60.0,4,4,4,0.3170995670995671,36,11,4,0.45918749999998454,11,0,0,observed,equal_session_mean
615047,reward_withdrawal,1,real,go,1,no_reward,120.0,240.0,180.0,4,4,4,0.2515151515151515,40,10,4,0.5327224999999771,10,0,0,observed,equal_session_mean
615047,reward_withdrawal,1,real,go,2,no_reward,240.0,360.0,300.0,4,4,4,0.27013888888888893,36,10,3,0.5563199999999521,10,0,1,observed,equal_session_mean
615047,reward_restoration,2,pseudo,catch,-3,no_reward,-360.0,-240.0,-300.0,4,4,4,0.1875,12,3,1,0.42830999999978303,3,0,3,observed,equal_session_mean
615047,reward_restoration,2,pseudo,catch,-2,no_reward,-240.0,-120.0,-180.0,4,4,4,0.16666666666666666,13,2,2,0.5203099999999949,2,0,2,observed,equal_session_mean
615047,reward_restoration,2,pseudo,catch,-1,no_reward,-120.0,0.0,-60.0,4,4,4,0.08333333333333333,12,1,1,0.4280300000000352,1,0,3,observed,equal_session_mean
615047,reward_restoration,2,pseudo,catch,0,no_reward,0.0,120.0,60.0,4,4,4,0.0,13,0,0,,0,0,4,observed,equal_session_mean
615047,reward_restoration,2,pseudo,catch,1,no_reward,120.0,240.0,180.0,4,4,4,0.0,13,0,0,,0,0,4,observed,equal_session_mean
615047,reward_restoration,2,pseudo,catch,2,no_reward,240.0,360.0,300.0,4,4,4,0.25,8,3,1,0.661830000000009,3,0,3,observed,equal_session_mean
615047,reward_restoration,2,pseudo,go,-3,no_reward,-360.0,-240.0,-300.0,4,4,4,0.1827651515151515,38,7,3,0.4115233333333587,7,0,1,observed,equal_session_mean
615047,reward_restoration,2,pseudo,go,-2,no_reward,-240.0,-120.0,-180.0,4,4,4,0.15555555555555556,38,6,3,0.6397933333333489,6,0,1,observed,equal_session_mean
615047,reward_restoration,2,pseudo,go,-1,no_reward,-120.0,0.0,-60.0,4,4,4,0.3611111111111111,38,13,3,0.4947700000000168,13,0,1,observed,equal_session_mean
615047,reward_restoration,2,pseudo,go,0,no_reward,0.0,120.0,60.0,4,4,4,0.23809523809523808,34,8,4,0.4177375000000154,8,0,0,observed,equal_session_mean
615047,reward_restoration,2,pseudo,go,1,no_reward,120.0,240.0,180.0,4,4,4,0.07777777777777778,35,3,2,0.5199074999999311,3,0,2,observed,equal_session_mean
615047,reward_restoration,2,pseudo,go,2,no_reward,240.0,360.0,300.0,4,4,4,0.28939393939393937,40,11,4,0.5577137499998912,11,0,0,observed,equal_session_mean
615047,reward_restoration,2,real,catch,-3,no_reward,-360.0,-240.0,-300.0,4,4,4,0.08333333333333333,16,1,1,0.394800000000032,1,0,3,observed,equal_session_mean
615047,reward_restoration,2,real,catch,-2,no_reward,-240.0,-120.0,-180.0,4,4,3,0.3333333333333333,10,3,1,0.2434800000000905,3,1,3,observed,equal_session_mean
615047,reward_restoration,2,real,catch,-1,no_reward,-120.0,0.0,-60.0,4,4,4,0.08333333333333333,11,1,1,0.21150000000034197,1,0,3,observed,equal_session_mean
615047,reward_restoration,2,real,catch,0,engaged_2,0.0,120.0,60.0,4,4,2,0.0,4,0,0,,0,2,4,observed,equal_session_mean
615047,reward_restoration,2,real,catch,1,engaged_2,120.0,240.0,180.0,4,4,4,0.0,7,0,0,,0,0,4,observed,equal_session_mean
615047,reward_restoration,2,real,catch,2,engaged_2,240.0,360.0,300.0,4,4,4,0.25,7,2,2,0.4866299999998773,2,0,2,observed,equal_session_mean
615047,reward_restoration,2,real,go,-3,no_reward,-360.0,-240.0,-300.0,4,4,4,0.36408730158730157,32,12,3,0.4757799999998345,12,0,1,observed,equal_session_mean
615047,reward_restoration,2,real,go,-2,no_reward,-240.0,-120.0,-180.0,4,4,4,0.19166666666666665,42,8,3,0.5314533333332747,8,0,1,observed,equal_session_mean
615047,reward_restoration,2,real,go,-1,no_reward,-120.0,0.0,-60.0,4,4,4,0.2,39,8,2,0.48297999999999774,8,0,2,observed,equal_session_mean
615047,reward_restoration,2,real,go,0,engaged_2,0.0,120.0,60.0,4,4,3,0.36507936507936506,11,5,2,0.45815749999997024,5,1,2,observed,equal_session_mean
615047,reward_restoration,2,real,go,1,engaged_2,120.0,240.0,180.0,4,4,4,0.3,22,9,3,0.4346133333333455,9,0,1,observed,equal_session_mean
615047,reward_restoration,2,real,go,2,engaged_2,240.0,360.0,300.0,4,4,4,0.5416666666666666,27,15,4,0.49108624999985295,15,0,0,observed,equal_session_mean
615048,reward_withdrawal,1,pseudo,catch,-3,engaged_1,-360.0,-240.0,-300.0,4,4,4,0.10416666666666666,18,2,2,0.43727500000002806,2,0,2,observed,equal_session_mean
615048,reward_withdrawal,1,pseudo,catch,-2,engaged_1,-240.0,-120.0,-180.0,4,4,4,0.08333333333333333,9,1,1,0.4127600000000484,1,0,3,observed,equal_session_mean
615048,reward_withdrawal,1,pseudo,catch,-1,engaged_1,-120.0,0.0,-60.0,4,4,4,0.125,14,1,1,0.6129199999999173,1,0,3,observed,equal_session_mean
615048,reward_withdrawal,1,pseudo,catch,0,engaged_1,0.0,120.0,60.0,4,4,4,0.0,11,0,0,,0,0,4,observed,equal_session_mean
615048,reward_withdrawal,1,pseudo,catch,1,engaged_1,120.0,240.0,180.0,4,4,4,0.08333333333333333,17,1,1,0.6794099999999617,1,0,3,observed,equal_session_mean
615048,reward_withdrawal,1,pseudo,catch,2,engaged_1,240.0,360.0,300.0,4,4,4,0.1,13,2,2,0.5461699999999041,2,0,2,observed,equal_session_mean
615048,reward_withdrawal,1,pseudo,go,-3,engaged_1,-360.0,-240.0,-300.0,4,4,4,0.5267857142857143,24,12,4,0.5463550000000126,12,0,0,observed,equal_session_mean
615048,reward_withdrawal,1,pseudo,go,-2,engaged_1,-240.0,-120.0,-180.0,4,4,4,0.49702380952380953,18,9,4,0.5320262500000226,9,0,0,observed,equal_session_mean
615048,reward_withdrawal,1,pseudo,go,-1,engaged_1,-120.0,0.0,-60.0,4,4,4,0.7083333333333333,16,11,4,0.53207124999998,11,0,0,observed,equal_session_mean
615048,reward_withdrawal,1,pseudo,go,0,engaged_1,0.0,120.0,60.0,4,4,4,0.7827380952380952,27,21,4,0.5131774999999976,21,0,0,observed,equal_session_mean
615048,reward_withdrawal,1,pseudo,go,1,engaged_1,120.0,240.0,180.0,4,4,4,0.5357142857142857,26,14,4,0.5071387499999673,14,0,0,observed,equal_session_mean
615048,reward_withdrawal,1,pseudo,go,2,engaged_1,240.0,360.0,300.0,4,4,4,0.4253968253968254,24,12,3,0.5161183333333005,12,0,1,observed,equal_session_mean
615048,reward_withdrawal,1,real,catch,-3,engaged_1,-360.0,-240.0,-300.0,4,4,4,0.0,15,0,0,,0,0,4,observed,equal_session_mean
615048,reward_withdrawal,1,real,catch,-2,engaged_1,-240.0,-120.0,-180.0,4,4,3,0.2222222222222222,13,3,2,0.5711699999999098,3,1,2,observed,equal_session_mean
615048,reward_withdrawal,1,real,catch,-1,engaged_1,-120.0,0.0,-60.0,4,4,4,0.0,16,0,0,,0,0,4,observed,equal_session_mean
615048,reward_withdrawal,1,real,catch,0,no_reward,0.0,120.0,60.0,4,4,4,0.0,17,0,0,,0,0,4,observed,equal_session_mean
615048,reward_withdrawal,1,real,catch,1,no_reward,120.0,240.0,180.0,4,4,4,0.22916666666666666,20,4,2,0.5049349999999322,4,0,2,observed,equal_session_mean
615048,reward_withdrawal,1,real,catch,2,no_reward,240.0,360.0,300.0,4,4,4,0.05,16,1,1,0.4963999999999942,1,0,3,observed,equal_session_mean
615048,reward_withdrawal,1,real,go,-3,engaged_1,-360.0,-240.0,-300.0,4,4,4,0.5912698412698413,29,17,4,0.5884699999999725,17,0,0,observed,equal_session_mean
615048,reward_withdrawal,1,real,go,-2,engaged_1,-240.0,-120.0,-180.0,4,4,4,0.5148809523809523,24,13,4,0.5363687499999372,13,0,0,observed,equal_session_mean
615048,reward_withdrawal,1,real,go,-1,engaged_1,-120.0,0.0,-60.0,4,4,4,0.3839285714285714,27,10,4,0.5592149999999663,10,0,0,observed,equal_session_mean
615048,reward_withdrawal,1,real,go,0,no_reward,0.0,120.0,60.0,4,4,4,0.2901785714285714,28,8,3,0.4848299999999502,8,0,1,observed,equal_session_mean
615048,reward_withdrawal,1,real,go,1,no_reward,120.0,240.0,180.0,4,4,4,0.4464285714285714,23,10,4,0.5586874999999623,10,0,0,observed,equal_session_mean
615048,reward_withdrawal,1,real,go,2,no_reward,240.0,360.0,300.0,4,4,4,0.17708333333333331,34,6,4,0.5918874999999275,6,0,0,observed,equal_session_mean
615048,reward_restoration,2,pseudo,catch,-3,no_reward,-360.0,-240.0,-300.0,4,4,4,0.041666666666666664,18,1,1,0.1961199999998371,1,0,3,observed,equal_session_mean
615048,reward_restoration,2,pseudo,catch,-2,no_reward,-240.0,-120.0,-180.0,4,4,4,0.0,15,0,0,,0,0,4,observed,equal_session_mean
615048,reward_restoration,2,pseudo,catch,-1,no_reward,-120.0,0.0,-60.0,4,4,4,0.09821428571428571,18,2,2,0.471304999999802,2,0,2,observed,equal_session_mean
615048,reward_restoration,2,pseudo,catch,0,no_reward,0.0,120.0,60.0,4,4,4,0.0,20,0,0,,0,0,4,observed,equal_session_mean
615048,reward_restoration,2,pseudo,catch,1,no_reward,120.0,240.0,180.0,4,4,4,0.05,19,1,1,0.2958200000000488,1,0,3,observed,equal_session_mean
615048,reward_restoration,2,pseudo,catch,2,no_reward,240.0,360.0,300.0,4,4,4,0.0,18,0,0,,0,0,4,observed,equal_session_mean
615048,reward_restoration,2,pseudo,go,-3,no_reward,-360.0,-240.0,-300.0,4,4,4,0.42857142857142855,29,12,3,0.543363333333294,12,0,1,observed,equal_session_mean
615048,reward_restoration,2,pseudo,go,-2,no_reward,-240.0,-120.0,-180.0,4,4,4,0.21378968253968253,34,7,3,0.6183266666665759,7,0,1,observed,equal_session_mean
615048,reward_restoration,2,pseudo,go,-1,no_reward,-120.0,0.0,-60.0,4,4,4,0.1607142857142857,29,5,3,0.5292433333332459,5,0,1,observed,equal_session_mean
615048,reward_restoration,2,pseudo,go,0,no_reward,0.0,120.0,60.0,4,4,4,0.03125,30,1,1,0.4977400000000216,1,0,3,observed,equal_session_mean
615048,reward_restoration,2,pseudo,go,1,no_reward,120.0,240.0,180.0,4,4,4,0.041666666666666664,29,1,1,0.7294499999998152,1,0,3,observed,equal_session_mean
615048,reward_restoration,2,pseudo,go,2,no_reward,240.0,360.0,300.0,4,4,4,0.041666666666666664,26,1,1,0.562829999999849,1,0,3,observed,equal_session_mean
615048,reward_restoration,2,real,catch,-3,no_reward,-360.0,-240.0,-300.0,4,4,4,0.0,20,0,0,,0,0,4,observed,equal_session_mean
615048,reward_restoration,2,real,catch,-2,no_reward,-240.0,-120.0,-180.0,4,4,4,0.0,17,0,0,,0,0,4,observed,equal_session_mean
615048,reward_restoration,2,real,catch,-1,no_reward,-120.0,0.0,-60.0,4,4,4,0.0,18,0,0,,0,0,4,observed,equal_session_mean
615048,reward_restoration,2,real,catch,0,engaged_2,0.0,120.0,60.0,4,4,4,0.125,8,1,1,0.5794200000000274,1,0,3,observed,equal_session_mean
615048,reward_restoration,2,real,catch,1,engaged_2,120.0,240.0,180.0,4,4,4,0.10416666666666666,16,2,2,0.34538500000007843,2,0,2,observed,equal_session_mean
615048,reward_restoration,2,real,catch,2,engaged_2,240.0,360.0,300.0,4,4,4,0.20833333333333331,16,2,2,0.4636399999999412,2,0,2,observed,equal_session_mean
615048,reward_restoration,2,real,go,-3,no_reward,-360.0,-240.0,-300.0,4,4,4,0.05555555555555555,31,2,2,0.7045999999998003,2,0,2,observed,equal_session_mean
615048,reward_restoration,2,real,go,-2,no_reward,-240.0,-120.0,-180.0,4,4,4,0.03125,30,1,1,0.19563000000016473,1,0,3,observed,equal_session_mean
615048,reward_restoration,2,real,go,-1,no_reward,-120.0,0.0,-60.0,4,4,4,0.09821428571428571,24,2,2,0.5710500000000138,2,0,2,observed,equal_session_mean
615048,reward_restoration,2,real,go,0,engaged_2,0.0,120.0,60.0,4,4,4,0.6875,22,15,4,0.5175512499998831,15,0,0,observed,equal_session_mean
615048,reward_restoration,2,real,go,1,engaged_2,120.0,240.0,180.0,4,4,4,0.3194444444444444,26,7,3,0.43285999999989144,7,0,1,observed,equal_session_mean
615048,reward_restoration,2,real,go,2,engaged_2,240.0,360.0,300.0,4,4,4,0.4464285714285714,29,13,3,0.552346666666684,13,0,1,observed,equal_session_mean
615563,reward_withdrawal,1,pseudo,catch,-3,engaged_1,-360.0,-240.0,-300.0,3,3,3,0.0,18,0,0,,0,0,3,observed,equal_session_mean
615563,reward_withdrawal,1,pseudo,catch,-2,engaged_1,-240.0,-120.0,-180.0,3,3,3,0.3333333333333333,6,1,1,0.41288000000002967,1,0,2,observed,equal_session_mean
615563,reward_withdrawal,1,pseudo,catch,-1,engaged_1,-120.0,0.0,-60.0,3,3,3,0.06666666666666667,14,1,1,0.5294599999999718,1,0,2,observed,equal_session_mean
615563,reward_withdrawal,1,pseudo,catch,0,engaged_1,0.0,120.0,60.0,3,3,3,0.16666666666666666,10,1,1,0.5466099999999869,1,0,2,observed,equal_session_mean
615563,reward_withdrawal,1,pseudo,catch,1,engaged_1,120.0,240.0,180.0,3,3,3,0.13333333333333333,13,2,1,0.18746499999997468,2,0,2,observed,equal_session_mean
615563,reward_withdrawal,1,pseudo,catch,2,engaged_1,240.0,360.0,300.0,3,3,3,0.0,10,0,0,,0,0,3,observed,equal_session_mean
615563,reward_withdrawal,1,pseudo,go,-3,engaged_1,-360.0,-240.0,-300.0,3,3,3,0.5904761904761905,17,10,3,0.46896166666667227,10,0,0,observed,equal_session_mean
615563,reward_withdrawal,1,pseudo,go,-2,engaged_1,-240.0,-120.0,-180.0,3,3,3,0.8333333333333334,23,19,3,0.4799066666666742,19,0,0,observed,equal_session_mean
615563,reward_withdrawal,1,pseudo,go,-1,engaged_1,-120.0,0.0,-60.0,3,3,3,0.719047619047619,18,13,3,0.4940049999999587,13,0,0,observed,equal_session_mean
615563,reward_withdrawal,1,pseudo,go,0,engaged_1,0.0,120.0,60.0,3,3,3,0.9523809523809524,23,22,3,0.48832999999994325,22,0,0,observed,equal_session_mean
615563,reward_withdrawal,1,pseudo,go,1,engaged_1,120.0,240.0,180.0,3,3,3,0.9444444444444445,15,14,3,0.4999099999999809,14,0,0,observed,equal_session_mean
615563,reward_withdrawal,1,pseudo,go,2,engaged_1,240.0,360.0,300.0,3,3,3,0.875,20,17,3,0.5104966666666352,17,0,0,observed,equal_session_mean
615563,reward_withdrawal,1,real,catch,-3,engaged_1,-360.0,-240.0,-300.0,3,3,3,0.1111111111111111,12,1,1,0.19576999999992495,1,0,2,observed,equal_session_mean
615563,reward_withdrawal,1,real,catch,-2,engaged_1,-240.0,-120.0,-180.0,3,3,3,0.047619047619047616,15,1,1,0.1791600000000244,1,0,2,observed,equal_session_mean
615563,reward_withdrawal,1,real,catch,-1,engaged_1,-120.0,0.0,-60.0,3,3,3,0.0,8,0,0,,0,0,3,observed,equal_session_mean
615563,reward_withdrawal,1,real,catch,0,no_reward,0.0,120.0,60.0,3,3,3,0.06666666666666667,13,1,1,0.5293899999999212,1,0,2,observed,equal_session_mean
615563,reward_withdrawal,1,real,catch,1,no_reward,120.0,240.0,180.0,3,3,3,0.0,15,0,0,,0,0,3,observed,equal_session_mean
615563,reward_withdrawal,1,real,catch,2,no_reward,240.0,360.0,300.0,3,3,3,0.0,16,0,0,,0,0,3,observed,equal_session_mean
615563,reward_withdrawal,1,real,go,-3,engaged_1,-360.0,-240.0,-300.0,3,3,3,0.9523809523809524,18,17,3,0.4883933333332872,17,0,0,observed,equal_session_mean
615563,reward_withdrawal,1,real,go,-2,engaged_1,-240.0,-120.0,-180.0,3,3,3,0.9259259259259259,18,16,3,0.5215533333332777,16,0,0,observed,equal_session_mean
615563,reward_withdrawal,1,real,go,-1,engaged_1,-120.0,0.0,-60.0,3,3,3,0.8425925925925926,23,19,3,0.4882649999999747,19,0,0,observed,equal_session_mean
615563,reward_withdrawal,1,real,go,0,no_reward,0.0,120.0,60.0,3,3,3,0.6222222222222222,22,14,3,0.5406583333333401,14,0,0,observed,equal_session_mean
615563,reward_withdrawal,1,real,go,1,no_reward,120.0,240.0,180.0,3,3,3,0.4392857142857143,20,8,3,0.618301666666639,8,0,0,observed,equal_session_mean
615563,reward_withdrawal,1,real,go,2,no_reward,240.0,360.0,300.0,3,3,3,0.375,22,8,3,0.5180716666666664,8,0,0,observed,equal_session_mean
615563,reward_restoration,2,pseudo,catch,-3,no_reward,-360.0,-240.0,-300.0,3,3,3,0.0,15,0,0,,0,0,3,observed,equal_session_mean
615563,reward_restoration,2,pseudo,catch,-2,no_reward,-240.0,-120.0,-180.0,3,3,3,0.06666666666666667,13,1,1,0.7297799999998915,1,0,2,observed,equal_session_mean
615563,reward_restoration,2,pseudo,catch,-1,no_reward,-120.0,0.0,-60.0,3,3,3,0.0,13,0,0,,0,0,3,observed,equal_session_mean
615563,reward_restoration,2,pseudo,catch,0,no_reward,0.0,120.0,60.0,3,3,3,0.0,13,0,0,,0,0,3,observed,equal_session_mean
615563,reward_restoration,2,pseudo,catch,1,no_reward,120.0,240.0,180.0,3,3,3,0.15,13,2,2,0.2960049999999228,2,0,1,observed,equal_session_mean
615563,reward_restoration,2,pseudo,catch,2,no_reward,240.0,360.0,300.0,3,3,3,0.0,16,0,0,,0,0,3,observed,equal_session_mean
615563,reward_restoration,2,pseudo,go,-3,no_reward,-360.0,-240.0,-300.0,3,3,3,0.24338624338624337,24,6,2,0.5834825000000592,6,0,1,observed,equal_session_mean
615563,reward_restoration,2,pseudo,go,-2,no_reward,-240.0,-120.0,-180.0,3,3,3,0.05555555555555555,20,1,1,0.5284099999998944,1,0,2,observed,equal_session_mean
615563,reward_restoration,2,pseudo,go,-1,no_reward,-120.0,0.0,-60.0,3,3,3,0.1898148148148148,26,5,2,0.3876774999999384,5,0,1,observed,equal_session_mean
615563,reward_restoration,2,pseudo,go,0,no_reward,0.0,120.0,60.0,3,3,3,0.17857142857142858,23,4,3,0.61563666666666,4,0,0,observed,equal_session_mean
615563,reward_restoration,2,pseudo,go,1,no_reward,120.0,240.0,180.0,3,3,3,0.14074074074074075,25,3,2,0.5751900000000205,3,0,1,observed,equal_session_mean
615563,reward_restoration,2,pseudo,go,2,no_reward,240.0,360.0,300.0,3,3,3,0.05555555555555555,20,1,1,0.47913999999991574,1,0,2,observed,equal_session_mean
615563,reward_restoration,2,real,catch,-3,no_reward,-360.0,-240.0,-300.0,3,3,3,0.0,10,0,0,,0,0,3,observed,equal_session_mean
615563,reward_restoration,2,real,catch,-2,no_reward,-240.0,-120.0,-180.0,3,3,3,0.0,18,0,0,,0,0,3,observed,equal_session_mean
615563,reward_restoration,2,real,catch,-1,no_reward,-120.0,0.0,-60.0,3,3,3,0.08333333333333333,14,1,1,0.32975000000033106,1,0,2,observed,equal_session_mean
615563,reward_restoration,2,real,catch,0,engaged_2,0.0,120.0,60.0,3,3,3,0.0,4,0,0,,0,0,3,observed,equal_session_mean
615563,reward_restoration,2,real,catch,1,engaged_2,120.0,240.0,180.0,3,3,3,0.16666666666666666,11,1,1,0.47836000000006607,1,0,2,observed,equal_session_mean
615563,reward_restoration,2,real,catch,2,engaged_2,240.0,360.0,300.0,3,3,3,0.0,6,0,0,,0,0,3,observed,equal_session_mean
615563,reward_restoration,2,real,go,-3,no_reward,-360.0,-240.0,-300.0,3,3,3,0.037037037037037035,26,1,1,0.7134599999999409,1,0,2,observed,equal_session_mean
615563,reward_restoration,2,real,go,-2,no_reward,-240.0,-120.0,-180.0,3,3,3,0.05555555555555555,21,1,1,0.5461500000001251,1,0,2,observed,equal_session_mean
615563,reward_restoration,2,real,go,-1,no_reward,-120.0,0.0,-60.0,3,3,3,0.10833333333333334,21,2,2,0.49630500000012034,2,0,1,observed,equal_session_mean
615563,reward_restoration,2,real,go,0,engaged_2,0.0,120.0,60.0,3,3,3,0.8888888888888888,10,8,3,0.42678166666648093,8,0,0,observed,equal_session_mean
615563,reward_restoration,2,real,go,1,engaged_2,120.0,240.0,180.0,3,3,3,0.8412698412698413,15,12,3,0.510683333333418,12,0,0,observed,equal_session_mean
615563,reward_restoration,2,real,go,2,engaged_2,240.0,360.0,300.0,3,3,3,0.7592592592592592,17,12,3,0.5474866666666003,12,0,0,observed,equal_session_mean
615564,reward_withdrawal,1,pseudo,catch,-3,engaged_1,-360.0,-240.0,-300.0,4,4,4,0.2857142857142857,14,4,3,0.38467000000001406,4,0,1,observed,equal_session_mean
615564,reward_withdrawal,1,pseudo,catch,-2,engaged_1,-240.0,-120.0,-180.0,4,4,4,0.125,12,2,1,0.3873550000000421,2,0,3,observed,equal_session_mean
615564,reward_withdrawal,1,pseudo,catch,-1,engaged_1,-120.0,0.0,-60.0,4,4,4,0.2583333333333333,15,4,3,0.5071366666666203,4,0,1,observed,equal_session_mean
615564,reward_withdrawal,1,pseudo,catch,0,engaged_1,0.0,120.0,60.0,4,4,4,0.21666666666666667,16,3,2,0.24573999999998364,3,0,2,observed,equal_session_mean
615564,reward_withdrawal,1,pseudo,catch,1,engaged_1,120.0,240.0,180.0,4,4,4,0.0,10,0,0,,0,0,4,observed,equal_session_mean
615564,reward_withdrawal,1,pseudo,catch,2,engaged_1,240.0,360.0,300.0,4,4,4,0.0625,14,1,1,0.3124399999999241,1,0,3,observed,equal_session_mean
615564,reward_withdrawal,1,pseudo,go,-3,engaged_1,-360.0,-240.0,-300.0,4,4,4,0.8017857142857143,21,17,4,0.5005837500000041,17,0,0,observed,equal_session_mean
615564,reward_withdrawal,1,pseudo,go,-2,engaged_1,-240.0,-120.0,-180.0,4,4,4,0.7833333333333334,25,19,4,0.4882375000000323,19,0,0,observed,equal_session_mean
615564,reward_withdrawal,1,pseudo,go,-1,engaged_1,-120.0,0.0,-60.0,4,4,4,0.7416666666666667,23,17,4,0.47163374999996677,17,0,0,observed,equal_session_mean
615564,reward_withdrawal,1,pseudo,go,0,engaged_1,0.0,120.0,60.0,4,4,4,0.76875,23,18,4,0.5506774999999209,18,0,0,observed,equal_session_mean
615564,reward_withdrawal,1,pseudo,go,1,engaged_1,120.0,240.0,180.0,4,4,4,0.5744047619047619,28,16,4,0.46526249999995173,16,0,0,observed,equal_session_mean
615564,reward_withdrawal,1,pseudo,go,2,engaged_1,240.0,360.0,300.0,4,4,4,0.7714285714285715,22,16,4,0.529901249999952,16,0,0,observed,equal_session_mean
615564,reward_withdrawal,1,real,catch,-3,engaged_1,-360.0,-240.0,-300.0,4,4,4,0.14583333333333331,14,2,2,0.25403999999997495,2,0,2,observed,equal_session_mean
615564,reward_withdrawal,1,real,catch,-2,engaged_1,-240.0,-120.0,-180.0,4,4,4,0.08333333333333333,11,1,1,0.3124399999999241,1,0,3,observed,equal_session_mean
615564,reward_withdrawal,1,real,catch,-1,engaged_1,-120.0,0.0,-60.0,4,4,4,0.1875,14,2,2,0.1704299999998966,2,0,2,observed,equal_session_mean
615564,reward_withdrawal,1,real,catch,0,no_reward,0.0,120.0,60.0,4,4,4,0.0625,16,1,1,0.4957999999999174,1,0,3,observed,equal_session_mean
615564,reward_withdrawal,1,real,catch,1,no_reward,120.0,240.0,180.0,4,4,4,0.041666666666666664,15,1,1,0.2956899999999223,1,0,3,observed,equal_session_mean
615564,reward_withdrawal,1,real,catch,2,no_reward,240.0,360.0,300.0,4,4,4,0.125,15,2,2,0.4045649999999341,2,0,2,observed,equal_session_mean
615564,reward_withdrawal,1,real,go,-3,engaged_1,-360.0,-240.0,-300.0,4,4,4,0.5238095238095238,27,14,4,0.5317012499999123,14,0,0,observed,equal_session_mean
615564,reward_withdrawal,1,real,go,-2,engaged_1,-240.0,-120.0,-180.0,4,4,4,0.7625,24,17,4,0.5070287499999324,17,0,0,observed,equal_session_mean
615564,reward_withdrawal,1,real,go,-1,engaged_1,-120.0,0.0,-60.0,4,4,4,0.7833333333333333,19,15,4,0.5154687499999397,15,0,0,observed,equal_session_mean
615564,reward_withdrawal,1,real,go,0,no_reward,0.0,120.0,60.0,4,4,4,0.6875,23,14,4,0.5943287500000309,14,0,0,observed,equal_session_mean
615564,reward_withdrawal,1,real,go,1,no_reward,120.0,240.0,180.0,4,4,4,0.29464285714285715,27,7,3,0.47345166666665744,7,0,1,observed,equal_session_mean
615564,reward_withdrawal,1,real,go,2,no_reward,240.0,360.0,300.0,4,4,4,0.23541666666666666,23,5,4,0.5124462499999822,5,0,0,observed,equal_session_mean
615564,reward_restoration,2,pseudo,catch,-3,no_reward,-360.0,-240.0,-300.0,4,4,4,0.08333333333333333,15,1,1,0.2624599999999191,1,0,3,observed,equal_session_mean
615564,reward_restoration,2,pseudo,catch,-2,no_reward,-240.0,-120.0,-180.0,4,4,4,0.25,13,3,2,0.44312249999995856,3,0,2,observed,equal_session_mean
615564,reward_restoration,2,pseudo,catch,-1,no_reward,-120.0,0.0,-60.0,4,4,4,0.22916666666666666,13,3,3,0.3621033333333041,3,0,1,observed,equal_session_mean
615564,reward_restoration,2,pseudo,catch,0,no_reward,0.0,120.0,60.0,4,4,4,0.05,15,1,1,0.27917999999999665,1,0,3,observed,equal_session_mean
615564,reward_restoration,2,pseudo,catch,1,no_reward,120.0,240.0,180.0,4,4,4,0.1125,15,2,2,0.4462099999999509,2,0,2,observed,equal_session_mean
615564,reward_restoration,2,pseudo,catch,2,no_reward,240.0,360.0,300.0,4,4,4,0.08333333333333333,14,1,1,0.22920999999996639,1,0,3,observed,equal_session_mean
615564,reward_restoration,2,pseudo,go,-3,no_reward,-360.0,-240.0,-300.0,4,4,4,0.39583333333333337,23,9,3,0.4850866666665752,9,0,1,observed,equal_session_mean
615564,reward_restoration,2,pseudo,go,-2,no_reward,-240.0,-120.0,-180.0,4,4,4,0.30833333333333335,19,5,4,0.5958974999999498,5,0,0,observed,equal_session_mean
615564,reward_restoration,2,pseudo,go,-1,no_reward,-120.0,0.0,-60.0,4,4,4,0.24722222222222223,25,6,4,0.5500799999999231,6,0,0,observed,equal_session_mean
615564,reward_restoration,2,pseudo,go,0,no_reward,0.0,120.0,60.0,4,4,4,0.16458333333333333,21,3,3,0.4403100000000298,3,0,1,observed,equal_session_mean
615564,reward_restoration,2,pseudo,go,1,no_reward,120.0,240.0,180.0,4,4,4,0.1625,22,3,2,0.608639999999923,3,0,2,observed,equal_session_mean
615564,reward_restoration,2,pseudo,go,2,no_reward,240.0,360.0,300.0,4,4,4,0.08333333333333333,27,2,1,0.3957399999998188,2,0,3,observed,equal_session_mean
615564,reward_restoration,2,real,catch,-3,no_reward,-360.0,-240.0,-300.0,4,4,4,0.10416666666666666,18,2,2,0.3960299999998824,2,0,2,observed,equal_session_mean
615564,reward_restoration,2,real,catch,-2,no_reward,-240.0,-120.0,-180.0,4,4,4,0.20833333333333331,14,3,2,0.3755124999998998,3,0,2,observed,equal_session_mean
615564,reward_restoration,2,real,catch,-1,no_reward,-120.0,0.0,-60.0,4,4,4,0.0,14,0,0,,0,0,4,observed,equal_session_mean
615564,reward_restoration,2,real,catch,0,engaged_2,0.0,120.0,60.0,4,4,3,0.6666666666666666,6,3,2,0.30004250000013144,3,1,2,observed,equal_session_mean
615564,reward_restoration,2,real,catch,1,engaged_2,120.0,240.0,180.0,4,4,4,0.2375,17,4,4,0.2956574999999475,4,0,0,observed,equal_session_mean
615564,reward_restoration,2,real,catch,2,engaged_2,240.0,360.0,300.0,4,4,4,0.0,7,0,0,,0,0,4,observed,equal_session_mean
615564,reward_restoration,2,real,go,-3,no_reward,-360.0,-240.0,-300.0,4,4,4,0.0,23,0,0,,0,0,4,observed,equal_session_mean
615564,reward_restoration,2,real,go,-2,no_reward,-240.0,-120.0,-180.0,4,4,4,0.1625,23,3,2,0.4372299999997722,3,0,2,observed,equal_session_mean
615564,reward_restoration,2,real,go,-1,no_reward,-120.0,0.0,-60.0,4,4,4,0.3229166666666667,26,7,3,0.3291733333333771,7,0,1,observed,equal_session_mean
615564,reward_restoration,2,real,go,0,engaged_2,0.0,120.0,60.0,4,4,4,0.6666666666666666,15,10,4,0.4694675000000075,10,0,0,observed,equal_session_mean
615564,reward_restoration,2,real,go,1,engaged_2,120.0,240.0,180.0,4,4,4,0.725,19,14,4,0.5549337499998614,14,0,0,observed,equal_session_mean
615564,reward_restoration,2,real,go,2,engaged_2,240.0,360.0,300.0,4,4,4,0.6458333333333334,20,11,3,0.6031633333332138,11,0,1,observed,equal_session_mean
623319,reward_withdrawal,1,pseudo,catch,-3,engaged_1,-360.0,-240.0,-300.0,3,3,3,0.16666666666666666,8,1,1,0.5306100000000242,1,0,2,observed,equal_session_mean
623319,reward_withdrawal,1,pseudo,catch,-2,engaged_1,-240.0,-120.0,-180.0,3,3,2,0.0,6,0,0,,0,1,3,observed,equal_session_mean
623319,reward_withdrawal,1,pseudo,catch,-1,engaged_1,-120.0,0.0,-60.0,3,3,3,0.3333333333333333,11,3,2,0.529287499999981,3,0,1,observed,equal_session_mean
623319,reward_withdrawal,1,pseudo,catch,0,engaged_1,0.0,120.0,60.0,3,3,3,0.5833333333333334,9,4,3,0.3429433333333047,4,0,0,observed,equal_session_mean
623319,reward_withdrawal,1,pseudo,catch,1,engaged_1,120.0,240.0,180.0,3,3,3,0.5,4,2,2,0.33738499999992655,2,0,1,observed,equal_session_mean
623319,reward_withdrawal,1,pseudo,catch,2,engaged_1,240.0,360.0,300.0,3,3,3,0.5555555555555555,5,3,2,0.5215949999999907,3,0,1,observed,equal_session_mean
623319,reward_withdrawal,1,pseudo,go,-3,engaged_1,-360.0,-240.0,-300.0,3,3,3,0.7666666666666666,12,9,3,0.34576166666665625,9,0,0,observed,equal_session_mean
623319,reward_withdrawal,1,pseudo,go,-2,engaged_1,-240.0,-120.0,-180.0,3,3,3,1.0,13,13,3,0.3748249999999966,13,0,0,observed,equal_session_mean
623319,reward_withdrawal,1,pseudo,go,-1,engaged_1,-120.0,0.0,-60.0,3,3,3,0.5833333333333334,8,5,3,0.37457000000004353,5,0,0,observed,equal_session_mean
623319,reward_withdrawal,1,pseudo,go,0,engaged_1,0.0,120.0,60.0,3,3,3,0.8888888888888888,8,7,3,0.36335499999997484,7,0,0,observed,equal_session_mean
623319,reward_withdrawal,1,pseudo,go,1,engaged_1,120.0,240.0,180.0,3,3,3,0.9444444444444445,12,11,3,0.34647999999996654,11,0,0,observed,equal_session_mean
623319,reward_withdrawal,1,pseudo,go,2,engaged_1,240.0,360.0,300.0,3,3,3,0.85,15,13,3,0.3409516666666074,13,0,0,observed,equal_session_mean
623319,reward_withdrawal,1,real,catch,-3,engaged_1,-360.0,-240.0,-300.0,3,3,2,0.75,4,3,2,0.32907999999994786,3,1,1,observed,equal_session_mean
623319,reward_withdrawal,1,real,catch,-2,engaged_1,-240.0,-120.0,-180.0,3,3,3,0.3333333333333333,7,3,2,0.5215949999999907,3,0,1,observed,equal_session_mean
623319,reward_withdrawal,1,real,catch,-1,engaged_1,-120.0,0.0,-60.0,3,3,3,0.0,3,0,0,,0,0,3,observed,equal_session_mean
623319,reward_withdrawal,1,real,catch,0,no_reward,0.0,120.0,60.0,3,3,3,0.08333333333333333,7,1,1,0.42939000000001215,1,0,2,observed,equal_session_mean
623319,reward_withdrawal,1,real,catch,1,no_reward,120.0,240.0,180.0,3,3,3,0.08333333333333333,13,1,1,0.3291799999999512,1,0,2,observed,equal_session_mean
623319,reward_withdrawal,1,real,catch,2,no_reward,240.0,360.0,300.0,3,3,3,0.0,17,0,0,,0,0,3,observed,equal_session_mean
623319,reward_withdrawal,1,real,go,-3,engaged_1,-360.0,-240.0,-300.0,3,3,3,0.9444444444444445,11,10,3,0.34362166666666855,10,0,0,observed,equal_session_mean
623319,reward_withdrawal,1,real,go,-2,engaged_1,-240.0,-120.0,-180.0,3,3,3,0.9166666666666666,12,11,3,0.35743666666663404,11,0,0,observed,equal_session_mean
623319,reward_withdrawal,1,real,go,-1,engaged_1,-120.0,0.0,-60.0,3,3,3,0.9444444444444445,13,12,3,0.3296183333332389,12,0,0,observed,equal_session_mean
623319,reward_withdrawal,1,real,go,0,no_reward,0.0,120.0,60.0,3,3,3,0.7999999999999999,11,8,3,0.3761466666666138,8,0,0,observed,equal_session_mean
623319,reward_withdrawal,1,real,go,1,no_reward,120.0,240.0,180.0,3,3,3,0.6305555555555555,19,12,3,0.38217999999994845,12,0,0,observed,equal_session_mean
623319,reward_withdrawal,1,real,go,2,no_reward,240.0,360.0,300.0,3,3,3,0.38888888888888884,24,9,3,0.4013083333332664,9,0,0,observed,equal_session_mean
623319,reward_restoration,2,pseudo,catch,-3,no_reward,-360.0,-240.0,-300.0,3,3,3,0.0,13,0,0,,0,0,3,observed,equal_session_mean
623319,reward_restoration,2,pseudo,catch,-2,no_reward,-240.0,-120.0,-180.0,3,3,3,0.0,15,0,0,,0,0,3,observed,equal_session_mean
623319,reward_restoration,2,pseudo,catch,-1,no_reward,-120.0,0.0,-60.0,3,3,3,0.06666666666666667,14,1,1,0.4462399999997615,1,0,2,observed,equal_session_mean
623319,reward_restoration,2,pseudo,catch,0,no_reward,0.0,120.0,60.0,3,3,3,0.0,13,0,0,,0,0,3,observed,equal_session_mean
623319,reward_restoration,2,pseudo,catch,1,no_reward,120.0,240.0,180.0,3,3,3,0.0,14,0,0,,0,0,3,observed,equal_session_mean
623319,reward_restoration,2,pseudo,catch,2,no_reward,240.0,360.0,300.0,3,3,3,0.0,13,0,0,,0,0,3,observed,equal_session_mean
623319,reward_restoration,2,pseudo,go,-3,no_reward,-360.0,-240.0,-300.0,3,3,3,0.11428571428571428,25,3,2,0.5251149999999711,3,0,1,observed,equal_session_mean
623319,reward_restoration,2,pseudo,go,-2,no_reward,-240.0,-120.0,-180.0,3,3,3,0.17857142857142858,24,4,2,0.4292124999999487,4,0,1,observed,equal_session_mean
623319,reward_restoration,2,pseudo,go,-1,no_reward,-120.0,0.0,-60.0,3,3,3,0.06666666666666667,26,2,1,0.3636099999999942,2,0,2,observed,equal_session_mean
623319,reward_restoration,2,pseudo,go,0,no_reward,0.0,120.0,60.0,3,3,3,0.13227513227513227,25,3,2,0.4583124999998063,3,0,1,observed,equal_session_mean
623319,reward_restoration,2,pseudo,go,1,no_reward,120.0,240.0,180.0,3,3,3,0.23214285714285712,22,5,3,0.41233666666668495,5,0,0,observed,equal_session_mean
623319,reward_restoration,2,pseudo,go,2,no_reward,240.0,360.0,300.0,3,3,3,0.16203703703703703,25,4,2,0.39564000000007127,4,0,1,observed,equal_session_mean
623319,reward_restoration,2,real,catch,-3,no_reward,-360.0,-240.0,-300.0,3,3,3,0.0,16,0,0,,0,0,3,observed,equal_session_mean
623319,reward_restoration,2,real,catch,-2,no_reward,-240.0,-120.0,-180.0,3,3,3,0.0,17,0,0,,0,0,3,observed,equal_session_mean
623319,reward_restoration,2,real,catch,-1,no_reward,-120.0,0.0,-60.0,3,3,3,0.0,13,0,0,,0,0,3,observed,equal_session_mean
623319,reward_restoration,2,real,catch,0,engaged_2,0.0,120.0,60.0,3,3,3,0.0,6,0,0,,0,0,3,observed,equal_session_mean
623319,reward_restoration,2,real,catch,1,engaged_2,120.0,240.0,180.0,3,3,3,0.06666666666666667,9,1,1,0.36235999999962587,1,0,2,observed,equal_session_mean
623319,reward_restoration,2,real,catch,2,engaged_2,240.0,360.0,300.0,3,3,3,0.6166666666666667,10,5,3,0.38493666666666587,5,0,0,observed,equal_session_mean
623319,reward_restoration,2,real,go,-3,no_reward,-360.0,-240.0,-300.0,3,3,3,0.0,23,0,0,,0,0,3,observed,equal_session_mean
623319,reward_restoration,2,real,go,-2,no_reward,-240.0,-120.0,-180.0,3,3,3,0.0,22,0,0,,0,0,3,observed,equal_session_mean
623319,reward_restoration,2,real,go,-1,no_reward,-120.0,0.0,-60.0,3,3,3,0.19999999999999998,26,5,3,0.4626066666667157,5,0,0,observed,equal_session_mean
623319,reward_restoration,2,real,go,0,engaged_2,0.0,120.0,60.0,3,3,3,0.7777777777777777,6,4,3,0.40479499999992186,4,0,0,observed,equal_session_mean
623319,reward_restoration,2,real,go,1,engaged_2,120.0,240.0,180.0,3,3,3,0.888888888888889,18,16,3,0.34371500000005045,16,0,0,observed,equal_session_mean
623319,reward_restoration,2,real,go,2,engaged_2,240.0,360.0,300.0,3,3,3,0.7944444444444444,15,12,3,0.3436283333333752,12,0,0,observed,equal_session_mean
623322,reward_withdrawal,1,pseudo,catch,-3,engaged_1,-360.0,-240.0,-300.0,4,4,4,0.0,16,0,0,,0,0,4,observed,equal_session_mean
623322,reward_withdrawal,1,pseudo,catch,-2,engaged_1,-240.0,-120.0,-180.0,4,4,4,0.0,16,0,0,,0,0,4,observed,equal_session_mean
623322,reward_withdrawal,1,pseudo,catch,-1,engaged_1,-120.0,0.0,-60.0,4,4,4,0.0,17,0,0,,0,0,4,observed,equal_session_mean
623322,reward_withdrawal,1,pseudo,catch,0,engaged_1,0.0,120.0,60.0,4,4,4,0.0625,15,1,1,0.5816299999999046,1,0,3,observed,equal_session_mean
623322,reward_withdrawal,1,pseudo,catch,1,engaged_1,120.0,240.0,180.0,4,4,4,0.0,15,0,0,,0,0,4,observed,equal_session_mean
623322,reward_withdrawal,1,pseudo,catch,2,engaged_1,240.0,360.0,300.0,4,4,4,0.0625,14,1,1,0.7128999999999905,1,0,3,observed,equal_session_mean
623322,reward_withdrawal,1,pseudo,go,-3,engaged_1,-360.0,-240.0,-300.0,4,4,4,0.8958333333333334,21,19,4,0.5279225000000238,19,0,0,observed,equal_session_mean
623322,reward_withdrawal,1,pseudo,go,-2,engaged_1,-240.0,-120.0,-180.0,4,4,4,0.6919642857142857,30,21,4,0.5195125000000402,21,0,0,observed,equal_session_mean
623322,reward_withdrawal,1,pseudo,go,-1,engaged_1,-120.0,0.0,-60.0,4,4,4,0.7059523809523809,26,18,4,0.5446374999999932,18,0,0,observed,equal_session_mean
623322,reward_withdrawal,1,pseudo,go,0,engaged_1,0.0,120.0,60.0,4,4,4,0.6357142857142857,30,18,4,0.5454837500000025,18,0,0,observed,equal_session_mean
623322,reward_withdrawal,1,pseudo,go,1,engaged_1,120.0,240.0,180.0,4,4,4,0.5892857142857143,21,11,3,0.5811266666666105,11,0,1,observed,equal_session_mean
623322,reward_withdrawal,1,pseudo,go,2,engaged_1,240.0,360.0,300.0,4,4,4,0.6041666666666666,27,17,4,0.589434999999952,17,0,0,observed,equal_session_mean
623322,reward_withdrawal,1,real,catch,-3,engaged_1,-360.0,-240.0,-300.0,4,4,4,0.0,15,0,0,,0,0,4,observed,equal_session_mean
623322,reward_withdrawal,1,real,catch,-2,engaged_1,-240.0,-120.0,-180.0,4,4,4,0.05,14,1,1,0.7128999999999905,1,0,3,observed,equal_session_mean
623322,reward_withdrawal,1,real,catch,-1,engaged_1,-120.0,0.0,-60.0,4,4,4,0.08333333333333333,11,1,1,0.629509999999982,1,0,3,observed,equal_session_mean
623322,reward_withdrawal,1,real,catch,0,no_reward,0.0,120.0,60.0,4,4,4,0.05,21,1,1,0.5294499999999971,1,0,3,observed,equal_session_mean
623322,reward_withdrawal,1,real,catch,1,no_reward,120.0,240.0,180.0,4,4,4,0.0,13,0,0,,0,0,4,observed,equal_session_mean
623322,reward_withdrawal,1,real,catch,2,no_reward,240.0,360.0,300.0,4,4,4,0.041666666666666664,16,1,1,0.6618200000000343,1,0,3,observed,equal_session_mean
623322,reward_withdrawal,1,real,go,-3,engaged_1,-360.0,-240.0,-300.0,4,4,4,0.5922619047619048,20,11,4,0.6038012499999752,11,0,0,observed,equal_session_mean
623322,reward_withdrawal,1,real,go,-2,engaged_1,-240.0,-120.0,-180.0,4,4,4,0.68125,25,16,4,0.5790924999999447,16,0,0,observed,equal_session_mean
623322,reward_withdrawal,1,real,go,-1,engaged_1,-120.0,0.0,-60.0,4,4,4,0.6309523809523809,28,18,4,0.5831587499999671,18,0,0,observed,equal_session_mean
623322,reward_withdrawal,1,real,go,0,no_reward,0.0,120.0,60.0,4,4,4,0.4714285714285714,22,10,4,0.6036687499999687,10,0,0,observed,equal_session_mean
623322,reward_withdrawal,1,real,go,1,no_reward,120.0,240.0,180.0,4,4,4,0.2152777777777778,28,6,3,0.5952083333332894,6,0,1,observed,equal_session_mean
623322,reward_withdrawal,1,real,go,2,no_reward,240.0,360.0,300.0,4,4,4,0.25396825396825395,29,7,4,0.6228699999999776,7,0,0,observed,equal_session_mean
623322,reward_restoration,2,pseudo,catch,-3,no_reward,-360.0,-240.0,-300.0,4,4,4,0.25,16,1,1,0.34625999999980195,1,0,3,observed,equal_session_mean
623322,reward_restoration,2,pseudo,catch,-2,no_reward,-240.0,-120.0,-180.0,4,4,4,0.125,16,2,2,0.3545849999999291,2,0,2,observed,equal_session_mean
623322,reward_restoration,2,pseudo,catch,-1,no_reward,-120.0,0.0,-60.0,4,4,3,0.1111111111111111,13,1,1,0.24606999999991785,1,1,3,observed,equal_session_mean
623322,reward_restoration,2,pseudo,catch,0,no_reward,0.0,120.0,60.0,4,4,4,0.1875,14,3,1,0.7297699999999168,3,0,3,observed,equal_session_mean
623322,reward_restoration,2,pseudo,catch,1,no_reward,120.0,240.0,180.0,4,4,4,0.1,17,2,1,0.5962749999999915,2,0,3,observed,equal_session_mean
623322,reward_restoration,2,pseudo,catch,2,no_reward,240.0,360.0,300.0,4,4,4,0.08333333333333333,17,1,1,0.5794399999999769,1,0,3,observed,equal_session_mean
623322,reward_restoration,2,pseudo,go,-3,no_reward,-360.0,-240.0,-300.0,4,4,4,0.1875,26,5,3,0.6624233333333601,5,0,1,observed,equal_session_mean
623322,reward_restoration,2,pseudo,go,-2,no_reward,-240.0,-120.0,-180.0,4,4,4,0.5916666666666667,17,10,4,0.45577499999990323,10,0,0,observed,equal_session_mean
623322,reward_restoration,2,pseudo,go,-1,no_reward,-120.0,0.0,-60.0,4,4,4,0.3625,30,9,4,0.5976562499999716,9,0,0,observed,equal_session_mean
623322,reward_restoration,2,pseudo,go,0,no_reward,0.0,120.0,60.0,4,4,4,0.29583333333333334,23,7,4,0.5754699999999104,7,0,0,observed,equal_session_mean
623322,reward_restoration,2,pseudo,go,1,no_reward,120.0,240.0,180.0,4,4,4,0.10267857142857142,29,3,3,0.5866433333331619,3,0,1,observed,equal_session_mean
623322,reward_restoration,2,pseudo,go,2,no_reward,240.0,360.0,300.0,4,4,4,0.041666666666666664,27,1,1,0.378769999999804,1,0,3,observed,equal_session_mean
623322,reward_restoration,2,real,catch,-3,no_reward,-360.0,-240.0,-300.0,4,4,4,0.0,11,0,0,,0,0,4,observed,equal_session_mean
623322,reward_restoration,2,real,catch,-2,no_reward,-240.0,-120.0,-180.0,4,4,4,0.2583333333333333,21,5,3,0.4220949999998993,5,0,1,observed,equal_session_mean
623322,reward_restoration,2,real,catch,-1,no_reward,-120.0,0.0,-60.0,4,4,4,0.0,19,0,0,,0,0,4,observed,equal_session_mean
623322,reward_restoration,2,real,catch,0,engaged_2,0.0,120.0,60.0,4,4,4,0.125,8,1,1,0.2312699999997676,1,0,3,observed,equal_session_mean
623322,reward_restoration,2,real,catch,1,engaged_2,120.0,240.0,180.0,4,4,4,0.0625,20,1,1,0.5484099999998762,1,0,3,observed,equal_session_mean
623322,reward_restoration,2,real,catch,2,engaged_2,240.0,360.0,300.0,4,4,4,0.0,15,0,0,,0,0,4,observed,equal_session_mean
623322,reward_restoration,2,real,go,-3,no_reward,-360.0,-240.0,-300.0,4,4,4,0.125,32,3,1,0.47921999999971376,3,0,3,observed,equal_session_mean
623322,reward_restoration,2,real,go,-2,no_reward,-240.0,-120.0,-180.0,4,4,4,0.07291666666666666,24,2,2,0.6461799999999585,2,0,2,observed,equal_session_mean
623322,reward_restoration,2,real,go,-1,no_reward,-120.0,0.0,-60.0,4,4,4,0.15,24,3,1,0.4789600000003702,3,0,3,observed,equal_session_mean
623322,reward_restoration,2,real,go,0,engaged_2,0.0,120.0,60.0,4,4,4,0.8125,24,19,4,0.45993249999986574,19,0,0,observed,equal_session_mean
623322,reward_restoration,2,real,go,1,engaged_2,120.0,240.0,180.0,4,4,4,0.7366071428571428,29,21,4,0.5581512499999803,21,0,0,observed,equal_session_mean
623322,reward_restoration,2,real,go,2,engaged_2,240.0,360.0,300.0,4,4,4,0.7723214285714286,29,22,4,0.5688037499999155,22,0,0,observed,equal_session_mean
623784,reward_withdrawal,1,pseudo,catch,-3,engaged_1,-360.0,-240.0,-300.0,4,4,4,0.20833333333333331,8,2,2,0.27069500000001767,2,0,2,observed,equal_session_mean
623784,reward_withdrawal,1,pseudo,catch,-2,engaged_1,-240.0,-120.0,-180.0,4,4,4,0.3,13,4,2,0.3542600000000391,4,0,2,observed,equal_session_mean
623784,reward_withdrawal,1,pseudo,catch,-1,engaged_1,-120.0,0.0,-60.0,4,4,4,0.20833333333333331,11,2,2,0.3373650000000339,2,0,2,observed,equal_session_mean
623784,reward_withdrawal,1,pseudo,catch,0,engaged_1,0.0,120.0,60.0,4,4,4,0.5833333333333333,8,4,4,0.37965750000000753,4,0,0,observed,equal_session_mean
623784,reward_withdrawal,1,pseudo,catch,1,engaged_1,120.0,240.0,180.0,4,4,4,0.41666666666666663,13,6,3,0.3041283333332861,6,0,1,observed,equal_session_mean
623784,reward_withdrawal,1,pseudo,catch,2,engaged_1,240.0,360.0,300.0,4,4,4,0.125,11,2,1,0.3038149999999291,2,0,3,observed,equal_session_mean
623784,reward_withdrawal,1,pseudo,go,-3,engaged_1,-360.0,-240.0,-300.0,4,4,4,0.875,16,14,4,0.37152500000000543,14,0,0,observed,equal_session_mean
623784,reward_withdrawal,1,pseudo,go,-2,engaged_1,-240.0,-120.0,-180.0,4,4,4,0.875,14,12,4,0.4214787500000199,12,0,0,observed,equal_session_mean
623784,reward_withdrawal,1,pseudo,go,-1,engaged_1,-120.0,0.0,-60.0,4,4,4,0.95,20,19,4,0.3653450000000049,19,0,0,observed,equal_session_mean
623784,reward_withdrawal,1,pseudo,go,0,engaged_1,0.0,120.0,60.0,4,4,4,0.7684523809523809,22,17,4,0.3569349999999929,17,0,0,observed,equal_session_mean
623784,reward_withdrawal,1,pseudo,go,1,engaged_1,120.0,240.0,180.0,4,4,4,0.75,19,14,4,0.40269874999995636,14,0,0,observed,equal_session_mean
623784,reward_withdrawal,1,pseudo,go,2,engaged_1,240.0,360.0,300.0,4,4,4,0.8125,17,14,4,0.3965912500000144,14,0,0,observed,equal_session_mean
623784,reward_withdrawal,1,real,catch,-3,engaged_1,-360.0,-240.0,-300.0,4,4,4,0.3125,12,4,3,0.3012449999999565,4,0,1,observed,equal_session_mean
623784,reward_withdrawal,1,real,catch,-2,engaged_1,-240.0,-120.0,-180.0,4,4,4,0.29166666666666663,10,3,3,0.29579333333326,3,0,1,observed,equal_session_mean
623784,reward_withdrawal,1,real,catch,-1,engaged_1,-120.0,0.0,-60.0,4,4,4,0.18333333333333335,14,3,2,0.3831099999999594,3,0,2,observed,equal_session_mean
623784,reward_withdrawal,1,real,catch,0,no_reward,0.0,120.0,60.0,4,4,3,0.16666666666666666,11,2,2,0.3709949999999935,2,1,2,observed,equal_session_mean
623784,reward_withdrawal,1,real,catch,1,no_reward,120.0,240.0,180.0,4,4,4,0.375,13,2,2,0.36280999999996766,2,0,2,observed,equal_session_mean
623784,reward_withdrawal,1,real,catch,2,no_reward,240.0,360.0,300.0,4,4,3,0.08333333333333333,10,1,1,0.3792700000001332,1,1,3,observed,equal_session_mean
623784,reward_withdrawal,1,real,go,-3,engaged_1,-360.0,-240.0,-300.0,4,4,4,0.775,19,15,4,0.3820224999999766,15,0,0,observed,equal_session_mean
623784,reward_withdrawal,1,real,go,-2,engaged_1,-240.0,-120.0,-180.0,4,4,4,0.7291666666666666,19,15,4,0.40497499999993636,15,0,0,observed,equal_session_mean
623784,reward_withdrawal,1,real,go,-1,engaged_1,-120.0,0.0,-60.0,4,4,4,0.875,16,13,4,0.4071737499999557,13,0,0,observed,equal_session_mean
623784,reward_withdrawal,1,real,go,0,no_reward,0.0,120.0,60.0,4,4,4,0.8285714285714286,21,17,4,0.3978737499999738,17,0,0,observed,equal_session_mean
623784,reward_withdrawal,1,real,go,1,no_reward,120.0,240.0,180.0,4,4,4,0.75,18,11,4,0.44588375000000724,11,0,0,observed,equal_session_mean
623784,reward_withdrawal,1,real,go,2,no_reward,240.0,360.0,300.0,4,4,4,0.8333333333333334,16,13,4,0.38326374999999757,13,0,0,observed,equal_session_mean
623784,reward_restoration,2,pseudo,catch,-3,no_reward,-360.0,-240.0,-300.0,4,4,4,0.25,9,1,1,0.3292999999998756,1,0,3,observed,equal_session_mean
623784,reward_restoration,2,pseudo,catch,-2,no_reward,-240.0,-120.0,-180.0,4,4,4,0.18333333333333335,19,3,2,0.316302500000063,3,0,2,observed,equal_session_mean
623784,reward_restoration,2,pseudo,catch,-1,no_reward,-120.0,0.0,-60.0,4,4,4,0.0,11,0,0,,0,0,4,observed,equal_session_mean
623784,reward_restoration,2,pseudo,catch,0,no_reward,0.0,120.0,60.0,4,4,3,0.0,9,0,0,,0,1,4,observed,equal_session_mean
623784,reward_restoration,2,pseudo,catch,1,no_reward,120.0,240.0,180.0,4,4,4,0.3,13,3,3,0.4015033333332667,3,0,1,observed,equal_session_mean
623784,reward_restoration,2,pseudo,catch,2,no_reward,240.0,360.0,300.0,4,4,4,0.0,12,0,0,,0,0,4,observed,equal_session_mean
623784,reward_restoration,2,pseudo,go,-3,no_reward,-360.0,-240.0,-300.0,4,4,4,0.5416666666666666,17,10,4,0.3371574999999325,10,0,0,observed,equal_session_mean
623784,reward_restoration,2,pseudo,go,-2,no_reward,-240.0,-120.0,-180.0,4,4,4,0.65,19,11,4,0.5022412499999973,11,0,0,observed,equal_session_mean
623784,reward_restoration,2,pseudo,go,-1,no_reward,-120.0,0.0,-60.0,4,4,4,0.4375,23,11,3,0.46511999999995624,11,0,1,observed,equal_session_mean
623784,reward_restoration,2,pseudo,go,0,no_reward,0.0,120.0,60.0,4,4,4,0.37083333333333335,20,7,4,0.5001762500000098,7,0,0,observed,equal_session_mean
623784,reward_restoration,2,pseudo,go,1,no_reward,120.0,240.0,180.0,4,4,4,0.44375,20,6,3,0.5153166666666493,6,0,1,observed,equal_session_mean
623784,reward_restoration,2,pseudo,go,2,no_reward,240.0,360.0,300.0,4,4,4,0.28125,23,6,4,0.42922749999991083,6,0,0,observed,equal_session_mean
623784,reward_restoration,2,real,catch,-3,no_reward,-360.0,-240.0,-300.0,4,4,4,0.3333333333333333,8,2,2,0.537235000000237,2,0,2,observed,equal_session_mean
623784,reward_restoration,2,real,catch,-2,no_reward,-240.0,-120.0,-180.0,4,4,4,0.20833333333333331,17,3,3,0.49585333333319187,3,0,1,observed,equal_session_mean
623784,reward_restoration,2,real,catch,-1,no_reward,-120.0,0.0,-60.0,4,4,4,0.4375,10,3,3,0.4513000000000223,3,0,1,observed,equal_session_mean
623784,reward_restoration,2,real,catch,0,engaged_2,0.0,120.0,60.0,4,4,4,0.125,8,1,1,0.7292300000003706,1,0,3,observed,equal_session_mean
623784,reward_restoration,2,real,catch,1,engaged_2,120.0,240.0,180.0,4,4,4,0.225,14,4,3,0.3430316666666992,4,0,1,observed,equal_session_mean
623784,reward_restoration,2,real,catch,2,engaged_2,240.0,360.0,300.0,4,4,3,0.3333333333333333,9,1,1,0.1795999999999367,1,1,3,observed,equal_session_mean
623784,reward_restoration,2,real,go,-3,no_reward,-360.0,-240.0,-300.0,4,4,4,0.46071428571428574,24,11,4,0.4874349999999481,11,0,0,observed,equal_session_mean
623784,reward_restoration,2,real,go,-2,no_reward,-240.0,-120.0,-180.0,4,4,4,0.40625,22,8,2,0.5039549999999053,8,0,2,observed,equal_session_mean
623784,reward_restoration,2,real,go,-1,no_reward,-120.0,0.0,-60.0,4,4,4,0.07738095238095238,19,2,2,0.5373150000000351,2,0,2,observed,equal_session_mean
623784,reward_restoration,2,real,go,0,engaged_2,0.0,120.0,60.0,4,4,4,0.7416666666666667,16,12,4,0.3529675000000907,12,0,0,observed,equal_session_mean
623784,reward_restoration,2,real,go,1,engaged_2,120.0,240.0,180.0,4,4,4,0.75,20,15,4,0.3735774999999535,15,0,0,observed,equal_session_mean
623784,reward_restoration,2,real,go,2,engaged_2,240.0,360.0,300.0,4,4,4,0.7916666666666666,16,12,4,0.367468750000171,12,0,0,observed,equal_session_mean
623786,reward_withdrawal,1,pseudo,catch,-3,engaged_1,-360.0,-240.0,-300.0,4,4,4,0.125,13,1,1,0.5794200000000274,1,0,3,observed,equal_session_mean
623786,reward_withdrawal,1,pseudo,catch,-2,engaged_1,-240.0,-120.0,-180.0,4,4,4,0.125,11,1,1,0.4625400000000468,1,0,3,observed,equal_session_mean
623786,reward_withdrawal,1,pseudo,catch,-1,engaged_1,-120.0,0.0,-60.0,4,4,4,0.125,15,1,1,0.49677999999994427,1,0,3,observed,equal_session_mean
623786,reward_withdrawal,1,pseudo,catch,0,engaged_1,0.0,120.0,60.0,4,4,4,0.175,12,2,2,0.6300149999999576,2,0,2,observed,equal_session_mean
623786,reward_withdrawal,1,pseudo,catch,1,engaged_1,120.0,240.0,180.0,4,4,3,0.06666666666666667,13,1,1,0.5125500000000329,1,1,3,observed,equal_session_mean
623786,reward_withdrawal,1,pseudo,catch,2,engaged_1,240.0,360.0,300.0,4,4,4,0.08333333333333333,17,1,1,0.729759999999942,1,0,3,observed,equal_session_mean
623786,reward_withdrawal,1,pseudo,go,-3,engaged_1,-360.0,-240.0,-300.0,4,4,4,0.7708333333333334,22,17,4,0.4637162500000187,17,0,0,observed,equal_session_mean
623786,reward_withdrawal,1,pseudo,go,-2,engaged_1,-240.0,-120.0,-180.0,4,4,4,0.875,20,17,4,0.46534125000003,17,0,0,observed,equal_session_mean
623786,reward_withdrawal,1,pseudo,go,-1,engaged_1,-120.0,0.0,-60.0,4,4,4,0.6041666666666666,23,14,4,0.4902749999999969,14,0,0,observed,equal_session_mean
623786,reward_withdrawal,1,pseudo,go,0,engaged_1,0.0,120.0,60.0,4,4,4,0.6339285714285714,23,14,4,0.5071312500000005,14,0,0,observed,equal_session_mean
623786,reward_withdrawal,1,pseudo,go,1,engaged_1,120.0,240.0,180.0,4,4,4,0.7666666666666666,21,16,4,0.48007999999998674,16,0,0,observed,equal_session_mean
623786,reward_withdrawal,1,pseudo,go,2,engaged_1,240.0,360.0,300.0,4,4,4,0.6875,20,14,4,0.500796249999965,14,0,0,observed,equal_session_mean
623786,reward_withdrawal,1,real,catch,-3,engaged_1,-360.0,-240.0,-300.0,4,4,4,0.1125,15,2,2,0.521365000000003,2,0,2,observed,equal_session_mean
623786,reward_withdrawal,1,real,catch,-2,engaged_1,-240.0,-120.0,-180.0,4,4,4,0.0,14,0,0,,0,0,4,observed,equal_session_mean
623786,reward_withdrawal,1,real,catch,-1,engaged_1,-120.0,0.0,-60.0,4,4,3,0.08333333333333333,14,1,1,0.729759999999942,1,1,3,observed,equal_session_mean
623786,reward_withdrawal,1,real,catch,0,no_reward,0.0,120.0,60.0,4,4,4,0.08333333333333333,11,1,1,0.37875999999982923,1,0,3,observed,equal_session_mean
623786,reward_withdrawal,1,real,catch,1,no_reward,120.0,240.0,180.0,4,4,4,0.1875,14,2,2,0.487844999999993,2,0,2,observed,equal_session_mean
623786,reward_withdrawal,1,real,catch,2,no_reward,240.0,360.0,300.0,4,4,3,0.1111111111111111,9,1,1,0.249409999999898,1,1,3,observed,equal_session_mean
623786,reward_withdrawal,1,real,go,-3,engaged_1,-360.0,-240.0,-300.0,4,4,4,0.7666666666666666,21,16,4,0.5009649999999937,16,0,0,observed,equal_session_mean
623786,reward_withdrawal,1,real,go,-2,engaged_1,-240.0,-120.0,-180.0,4,4,4,0.6535714285714286,21,14,4,0.46953124999998863,14,0,0,observed,equal_session_mean
623786,reward_withdrawal,1,real,go,-1,engaged_1,-120.0,0.0,-60.0,4,4,4,1.0,19,19,4,0.49683124999992856,19,0,0,observed,equal_session_mean
623786,reward_withdrawal,1,real,go,0,no_reward,0.0,120.0,60.0,4,4,4,0.7619047619047619,29,22,4,0.4806637499999624,22,0,0,observed,equal_session_mean
623786,reward_withdrawal,1,real,go,1,no_reward,120.0,240.0,180.0,4,4,4,0.49603174603174605,26,13,4,0.5432299999999941,13,0,0,observed,equal_session_mean
623786,reward_withdrawal,1,real,go,2,no_reward,240.0,360.0,300.0,4,4,4,0.4027777777777778,24,6,3,0.49253000000002584,6,0,1,observed,equal_session_mean
623786,reward_restoration,2,pseudo,catch,-3,no_reward,-360.0,-240.0,-300.0,4,4,4,0.0,17,0,0,,0,0,4,observed,equal_session_mean
623786,reward_restoration,2,pseudo,catch,-2,no_reward,-240.0,-120.0,-180.0,4,4,3,0.0,13,0,0,,0,1,4,observed,equal_session_mean
623786,reward_restoration,2,pseudo,catch,-1,no_reward,-120.0,0.0,-60.0,4,4,4,0.125,15,2,2,0.4294750000000249,2,0,2,observed,equal_session_mean
623786,reward_restoration,2,pseudo,catch,0,no_reward,0.0,120.0,60.0,4,4,4,0.0,16,0,0,,0,0,4,observed,equal_session_mean
623786,reward_restoration,2,pseudo,catch,1,no_reward,120.0,240.0,180.0,4,4,3,0.0,13,0,0,,0,1,4,observed,equal_session_mean
623786,reward_restoration,2,pseudo,catch,2,no_reward,240.0,360.0,300.0,4,4,3,0.08333333333333333,10,1,1,0.5627700000000004,1,1,3,observed,equal_session_mean
623786,reward_restoration,2,pseudo,go,-3,no_reward,-360.0,-240.0,-300.0,4,4,4,0.3125,27,7,3,0.5179983333333288,7,0,1,observed,equal_session_mean
623786,reward_restoration,2,pseudo,go,-2,no_reward,-240.0,-120.0,-180.0,4,4,3,0.29444444444444445,27,8,3,0.5505633333333435,8,1,1,observed,equal_session_mean
623786,reward_restoration,2,pseudo,go,-1,no_reward,-120.0,0.0,-60.0,4,4,4,0.25625,24,7,3,0.6616533333332578,7,0,1,observed,equal_session_mean
623786,reward_restoration,2,pseudo,go,0,no_reward,0.0,120.0,60.0,4,4,3,0.24523809523809526,20,5,3,0.5532366666666727,5,1,1,observed,equal_session_mean
623786,reward_restoration,2,pseudo,go,1,no_reward,120.0,240.0,180.0,4,4,4,0.33571428571428574,22,3,3,0.4463033333332381,3,0,1,observed,equal_session_mean
623786,reward_restoration,2,pseudo,go,2,no_reward,240.0,360.0,300.0,4,4,4,0.45833333333333337,18,6,2,0.5568849999999657,6,0,2,observed,equal_session_mean
623786,reward_restoration,2,real,catch,-3,no_reward,-360.0,-240.0,-300.0,4,4,4,0.125,12,1,1,0.5794299999997747,1,0,3,observed,equal_session_mean
623786,reward_restoration,2,real,catch,-2,no_reward,-240.0,-120.0,-180.0,4,4,4,0.0,14,0,0,,0,0,4,observed,equal_session_mean
623786,reward_restoration,2,real,catch,-1,no_reward,-120.0,0.0,-60.0,4,4,4,0.0,12,0,0,,0,0,4,observed,equal_session_mean
623786,reward_restoration,2,real,catch,0,engaged_2,0.0,120.0,60.0,4,4,3,0.1111111111111111,7,1,1,0.4961399999997411,1,1,3,observed,equal_session_mean
623786,reward_restoration,2,real,catch,1,engaged_2,120.0,240.0,180.0,4,4,3,0.0,10,0,0,,0,1,4,observed,equal_session_mean
623786,reward_restoration,2,real,catch,2,engaged_2,240.0,360.0,300.0,4,4,4,0.125,12,1,1,0.7315000000003238,1,0,3,observed,equal_session_mean
623786,reward_restoration,2,real,go,-3,no_reward,-360.0,-240.0,-300.0,4,4,4,0.07142857142857142,20,2,2,0.6824500000000171,2,0,2,observed,equal_session_mean
623786,reward_restoration,2,real,go,-2,no_reward,-240.0,-120.0,-180.0,4,4,4,0.0,22,0,0,,0,0,4,observed,equal_session_mean
623786,reward_restoration,2,real,go,-1,no_reward,-120.0,0.0,-60.0,4,4,4,0.125,21,1,1,0.329569999999876,1,0,3,observed,equal_session_mean
623786,reward_restoration,2,real,go,0,engaged_2,0.0,120.0,60.0,4,4,4,0.65,12,8,4,0.47245999999995547,8,0,0,observed,equal_session_mean
623786,reward_restoration,2,real,go,1,engaged_2,120.0,240.0,180.0,4,4,4,0.9166666666666666,20,18,4,0.4806487500000003,18,0,0,observed,equal_session_mean
623786,reward_restoration,2,real,go,2,engaged_2,240.0,360.0,300.0,4,4,4,0.875,17,15,4,0.4892612500000837,15,0,0,observed,equal_session_mean
626279,reward_withdrawal,1,pseudo,catch,-3,engaged_1,-360.0,-240.0,-300.0,4,4,4,0.125,17,2,1,0.312704999999994,2,0,3,observed,equal_session_mean
626279,reward_withdrawal,1,pseudo,catch,-2,engaged_1,-240.0,-120.0,-180.0,4,4,4,0.18333333333333335,17,3,2,0.320904999999982,3,0,2,observed,equal_session_mean
626279,reward_withdrawal,1,pseudo,catch,-1,engaged_1,-120.0,0.0,-60.0,4,4,4,0.0,12,0,0,,0,0,4,observed,equal_session_mean
626279,reward_withdrawal,1,pseudo,catch,0,engaged_1,0.0,120.0,60.0,4,4,4,0.3333333333333333,10,2,2,0.41237499999999727,2,0,2,observed,equal_session_mean
626279,reward_withdrawal,1,pseudo,catch,1,engaged_1,120.0,240.0,180.0,4,4,4,0.05,18,1,1,0.42948999999998705,1,0,3,observed,equal_session_mean
626279,reward_withdrawal,1,pseudo,catch,2,engaged_1,240.0,360.0,300.0,4,4,4,0.0,13,0,0,,0,0,4,observed,equal_session_mean
626279,reward_withdrawal,1,pseudo,go,-3,engaged_1,-360.0,-240.0,-300.0,4,4,4,0.625,23,12,3,0.41610333333333455,12,0,1,observed,equal_session_mean
626279,reward_withdrawal,1,pseudo,go,-2,engaged_1,-240.0,-120.0,-180.0,4,4,4,0.475,23,9,3,0.4380566666666823,9,0,1,observed,equal_session_mean
626279,reward_withdrawal,1,pseudo,go,-1,engaged_1,-120.0,0.0,-60.0,4,4,4,0.4548611111111111,27,13,3,0.43549833333330906,13,0,1,observed,equal_session_mean
626279,reward_withdrawal,1,pseudo,go,0,engaged_1,0.0,120.0,60.0,4,4,4,0.4857142857142857,29,12,3,0.46621833333328294,12,0,1,observed,equal_session_mean
626279,reward_withdrawal,1,pseudo,go,1,engaged_1,120.0,240.0,180.0,4,4,4,0.3125,17,4,3,0.46072666666664946,4,0,1,observed,equal_session_mean
626279,reward_withdrawal,1,pseudo,go,2,engaged_1,240.0,360.0,300.0,4,4,4,0.3645833333333333,27,10,3,0.4830633333332723,10,0,1,observed,equal_session_mean
626279,reward_withdrawal,1,real,catch,-3,engaged_1,-360.0,-240.0,-300.0,4,4,4,0.0625,16,1,1,0.42948999999998705,1,0,3,observed,equal_session_mean
626279,reward_withdrawal,1,real,catch,-2,engaged_1,-240.0,-120.0,-180.0,4,4,4,0.0,14,0,0,,0,0,4,observed,equal_session_mean
626279,reward_withdrawal,1,real,catch,-1,engaged_1,-120.0,0.0,-60.0,4,4,4,0.0625,17,1,1,0.4291800000000876,1,0,3,observed,equal_session_mean
626279,reward_withdrawal,1,real,catch,0,no_reward,0.0,120.0,60.0,4,4,4,0.0,17,0,0,,0,0,4,observed,equal_session_mean
626279,reward_withdrawal,1,real,catch,1,no_reward,120.0,240.0,180.0,4,4,4,0.08333333333333333,14,1,1,0.596290000000181,1,0,3,observed,equal_session_mean
626279,reward_withdrawal,1,real,catch,2,no_reward,240.0,360.0,300.0,4,4,4,0.0,23,0,0,,0,0,4,observed,equal_session_mean
626279,reward_withdrawal,1,real,go,-3,engaged_1,-360.0,-240.0,-300.0,4,4,4,0.42500000000000004,22,8,3,0.4689499999999687,8,0,1,observed,equal_session_mean
626279,reward_withdrawal,1,real,go,-2,engaged_1,-240.0,-120.0,-180.0,4,4,4,0.2723214285714286,29,8,2,0.4635599999999158,8,0,2,observed,equal_session_mean
626279,reward_withdrawal,1,real,go,-1,engaged_1,-120.0,0.0,-60.0,4,4,4,0.30238095238095236,24,7,3,0.48850999999994354,7,0,1,observed,equal_session_mean
626279,reward_withdrawal,1,real,go,0,no_reward,0.0,120.0,60.0,4,4,4,0.20625,24,6,2,0.4210050000000365,6,0,2,observed,equal_session_mean
626279,reward_withdrawal,1,real,go,1,no_reward,120.0,240.0,180.0,4,4,4,0.12251984126984126,31,4,3,0.5072333333332608,4,0,1,observed,equal_session_mean
626279,reward_withdrawal,1,real,go,2,no_reward,240.0,360.0,300.0,4,4,4,0.16666666666666666,26,3,2,0.5340150000000676,3,0,2,observed,equal_session_mean
626279,reward_restoration,2,pseudo,catch,-3,no_reward,-360.0,-240.0,-300.0,4,4,4,0.05,16,1,1,0.6783900000000358,1,0,3,observed,equal_session_mean
626279,reward_restoration,2,pseudo,catch,-2,no_reward,-240.0,-120.0,-180.0,4,4,4,0.08333333333333333,18,1,1,0.4460300000000643,1,0,3,observed,equal_session_mean
626279,reward_restoration,2,pseudo,catch,-1,no_reward,-120.0,0.0,-60.0,4,4,4,0.041666666666666664,20,1,1,0.5298499999998967,1,0,3,observed,equal_session_mean
626279,reward_restoration,2,pseudo,catch,0,no_reward,0.0,120.0,60.0,4,4,4,0.041666666666666664,21,1,1,0.19495000000006257,1,0,3,observed,equal_session_mean
626279,reward_restoration,2,pseudo,catch,1,no_reward,120.0,240.0,180.0,4,4,4,0.0,15,0,0,,0,0,4,observed,equal_session_mean
626279,reward_restoration,2,pseudo,catch,2,no_reward,240.0,360.0,300.0,4,4,4,0.0,21,0,0,,0,0,4,observed,equal_session_mean
626279,reward_restoration,2,pseudo,go,-3,no_reward,-360.0,-240.0,-300.0,4,4,4,0.19047619047619047,31,6,3,0.5624966666666372,6,0,1,observed,equal_session_mean
626279,reward_restoration,2,pseudo,go,-2,no_reward,-240.0,-120.0,-180.0,4,4,4,0.10267857142857142,28,3,2,0.5997300000000223,3,0,2,observed,equal_session_mean
626279,reward_restoration,2,pseudo,go,-1,no_reward,-120.0,0.0,-60.0,4,4,4,0.21071428571428572,35,8,3,0.5459733333332982,8,0,1,observed,equal_session_mean
626279,reward_restoration,2,pseudo,go,0,no_reward,0.0,120.0,60.0,4,4,4,0.07142857142857142,31,2,1,0.6135999999999058,2,0,3,observed,equal_session_mean
626279,reward_restoration,2,pseudo,go,1,no_reward,120.0,240.0,180.0,4,4,4,0.0,36,0,0,,0,0,4,observed,equal_session_mean
626279,reward_restoration,2,pseudo,go,2,no_reward,240.0,360.0,300.0,4,4,4,0.07142857142857142,34,2,1,0.5795100000000275,2,0,3,observed,equal_session_mean
626279,reward_restoration,2,real,catch,-3,no_reward,-360.0,-240.0,-300.0,4,4,4,0.05,23,1,1,0.6463699999999335,1,0,3,observed,equal_session_mean
626279,reward_restoration,2,real,catch,-2,no_reward,-240.0,-120.0,-180.0,4,4,4,0.0,19,0,0,,0,0,4,observed,equal_session_mean
626279,reward_restoration,2,real,catch,-1,no_reward,-120.0,0.0,-60.0,4,4,4,0.0,19,0,0,,0,0,4,observed,equal_session_mean
626279,reward_restoration,2,real,catch,0,engaged_2,0.0,120.0,60.0,4,4,3,0.0,9,0,0,,0,1,4,observed,equal_session_mean
626279,reward_restoration,2,real,catch,1,engaged_2,120.0,240.0,180.0,4,4,4,0.1625,17,3,2,0.3793049999997038,3,0,2,observed,equal_session_mean
626279,reward_restoration,2,real,catch,2,engaged_2,240.0,360.0,300.0,4,4,4,0.05,17,1,1,0.5460199999997712,1,0,3,observed,equal_session_mean
626279,reward_restoration,2,real,go,-3,no_reward,-360.0,-240.0,-300.0,4,4,4,0.03571428571428571,26,1,1,0.5290099999997437,1,0,3,observed,equal_session_mean
626279,reward_restoration,2,real,go,-2,no_reward,-240.0,-120.0,-180.0,4,4,4,0.07291666666666666,29,2,2,0.36302999999998065,2,0,2,observed,equal_session_mean
626279,reward_restoration,2,real,go,-1,no_reward,-120.0,0.0,-60.0,4,4,4,0.11805555555555555,35,4,3,0.6458449999997811,4,0,1,observed,equal_session_mean
626279,reward_restoration,2,real,go,0,engaged_2,0.0,120.0,60.0,4,4,4,0.5041666666666667,14,7,4,0.5174287500000219,7,0,0,observed,equal_session_mean
626279,reward_restoration,2,real,go,1,engaged_2,120.0,240.0,180.0,4,4,4,0.36904761904761907,24,8,3,0.5355450000000322,8,0,1,observed,equal_session_mean
626279,reward_restoration,2,real,go,2,engaged_2,240.0,360.0,300.0,4,4,4,0.4,29,11,4,0.4590362499999969,11,0,0,observed,equal_session_mean
632295,reward_withdrawal,1,pseudo,catch,-3,engaged_1,-360.0,-240.0,-300.0,4,4,3,0.25,11,3,2,0.29706249999998136,3,1,2,observed,equal_session_mean
632295,reward_withdrawal,1,pseudo,catch,-2,engaged_1,-240.0,-120.0,-180.0,4,4,4,0.125,11,1,1,0.3314299999999548,1,0,3,observed,equal_session_mean
632295,reward_withdrawal,1,pseudo,catch,-1,engaged_1,-120.0,0.0,-60.0,4,4,4,0.20833333333333331,10,2,2,0.4050849999998718,2,0,2,observed,equal_session_mean
632295,reward_withdrawal,1,pseudo,catch,0,engaged_1,0.0,120.0,60.0,4,4,4,0.125,7,1,1,0.4459400000000642,1,0,3,observed,equal_session_mean
632295,reward_withdrawal,1,pseudo,catch,1,engaged_1,120.0,240.0,180.0,4,4,4,0.3333333333333333,9,2,2,0.3123099999997976,2,0,2,observed,equal_session_mean
632295,reward_withdrawal,1,pseudo,catch,2,engaged_1,240.0,360.0,300.0,4,4,4,0.3625,13,5,3,0.279660000000149,5,0,1,observed,equal_session_mean
632295,reward_withdrawal,1,pseudo,go,-3,engaged_1,-360.0,-240.0,-300.0,4,4,4,0.9642857142857143,16,15,4,0.38281499999996527,15,0,0,observed,equal_session_mean
632295,reward_withdrawal,1,pseudo,go,-2,engaged_1,-240.0,-120.0,-180.0,4,4,4,0.75,17,13,4,0.33887875000002055,13,0,0,observed,equal_session_mean
632295,reward_withdrawal,1,pseudo,go,-1,engaged_1,-120.0,0.0,-60.0,4,4,4,0.91875,21,19,4,0.35156999999995264,19,0,0,observed,equal_session_mean
632295,reward_withdrawal,1,pseudo,go,0,engaged_1,0.0,120.0,60.0,4,4,4,0.75,17,12,4,0.37247125000004644,12,0,0,observed,equal_session_mean
632295,reward_withdrawal,1,pseudo,go,1,engaged_1,120.0,240.0,180.0,4,4,4,0.7083333333333333,14,11,4,0.3306362500001683,11,0,0,observed,equal_session_mean
632295,reward_withdrawal,1,pseudo,go,2,engaged_1,240.0,360.0,300.0,4,4,4,0.8666666666666667,11,9,4,0.35163250000005064,9,0,0,observed,equal_session_mean
632295,reward_withdrawal,1,real,catch,-3,engaged_1,-360.0,-240.0,-300.0,4,4,4,0.4375,8,3,3,0.3568533333332198,3,0,1,observed,equal_session_mean
632295,reward_withdrawal,1,real,catch,-2,engaged_1,-240.0,-120.0,-180.0,4,4,4,0.175,13,2,2,0.27151500000013584,2,0,2,observed,equal_session_mean
632295,reward_withdrawal,1,real,catch,-1,engaged_1,-120.0,0.0,-60.0,4,4,3,0.6944444444444445,8,5,3,0.40705666666675216,5,1,1,observed,equal_session_mean
632295,reward_withdrawal,1,real,catch,0,no_reward,0.0,120.0,60.0,4,4,4,0.1875,15,2,2,0.38936999999987165,2,0,2,observed,equal_session_mean
632295,reward_withdrawal,1,real,catch,1,no_reward,120.0,240.0,180.0,4,4,3,0.375,13,2,2,0.329274999999825,2,1,2,observed,equal_session_mean
632295,reward_withdrawal,1,real,catch,2,no_reward,240.0,360.0,300.0,4,4,4,0.0,15,0,0,,0,0,4,observed,equal_session_mean
632295,reward_withdrawal,1,real,go,-3,engaged_1,-360.0,-240.0,-300.0,4,4,4,0.7916666666666666,16,13,4,0.34310374999995474,13,0,0,observed,equal_session_mean
632295,reward_withdrawal,1,real,go,-2,engaged_1,-240.0,-120.0,-180.0,4,4,4,0.9166666666666666,10,9,4,0.3474487500000123,9,0,0,observed,equal_session_mean
632295,reward_withdrawal,1,real,go,-1,engaged_1,-120.0,0.0,-60.0,4,4,4,0.8666666666666667,16,14,4,0.357567500000016,14,0,0,observed,equal_session_mean
632295,reward_withdrawal,1,real,go,0,no_reward,0.0,120.0,60.0,4,4,4,0.7767857142857143,23,18,4,0.3619425000000547,18,0,0,observed,equal_session_mean
632295,reward_withdrawal,1,real,go,1,no_reward,120.0,240.0,180.0,4,4,4,0.40208333333333335,24,11,4,0.3911587499999314,11,0,0,observed,equal_session_mean
632295,reward_withdrawal,1,real,go,2,no_reward,240.0,360.0,300.0,4,4,4,0.553409090909091,24,12,4,0.41618249999993395,12,0,0,observed,equal_session_mean
632295,reward_restoration,2,pseudo,catch,-3,no_reward,-360.0,-240.0,-300.0,4,4,4,0.08333333333333333,13,1,1,0.5627099999996972,1,0,3,observed,equal_session_mean
632295,reward_restoration,2,pseudo,catch,-2,no_reward,-240.0,-120.0,-180.0,4,4,4,0.05,18,1,1,0.38227999999980966,1,0,3,observed,equal_session_mean
632295,reward_restoration,2,pseudo,catch,-1,no_reward,-120.0,0.0,-60.0,4,4,4,0.05,20,1,1,0.21626999999989494,1,0,3,observed,equal_session_mean
632295,reward_restoration,2,pseudo,catch,0,no_reward,0.0,120.0,60.0,4,4,4,0.0625,17,1,1,0.3789799999999559,1,0,3,observed,equal_session_mean
632295,reward_restoration,2,pseudo,catch,1,no_reward,120.0,240.0,180.0,4,4,4,0.08333333333333333,13,1,1,0.4290399999999863,1,0,3,observed,equal_session_mean
632295,reward_restoration,2,pseudo,catch,2,no_reward,240.0,360.0,300.0,4,4,4,0.0,16,0,0,,0,0,4,observed,equal_session_mean
632295,reward_restoration,2,pseudo,go,-3,no_reward,-360.0,-240.0,-300.0,4,4,4,0.5178571428571428,24,11,3,0.3952650000000328,11,0,1,observed,equal_session_mean
632295,reward_restoration,2,pseudo,go,-2,no_reward,-240.0,-120.0,-180.0,4,4,4,0.4255952380952381,23,9,4,0.39710125000004837,9,0,0,observed,equal_session_mean
632295,reward_restoration,2,pseudo,go,-1,no_reward,-120.0,0.0,-60.0,4,4,4,0.5238095238095238,30,16,3,0.4180266666666436,16,0,1,observed,equal_session_mean
632295,reward_restoration,2,pseudo,go,0,no_reward,0.0,120.0,60.0,4,4,4,0.4035714285714286,34,13,3,0.4102133333333313,13,0,1,observed,equal_session_mean
632295,reward_restoration,2,pseudo,go,1,no_reward,120.0,240.0,180.0,4,4,4,0.22916666666666666,26,4,2,0.42095999999992273,4,0,2,observed,equal_session_mean
632295,reward_restoration,2,pseudo,go,2,no_reward,240.0,360.0,300.0,4,4,4,0.1845238095238095,28,5,3,0.45142666666667236,5,0,1,observed,equal_session_mean
632295,reward_restoration,2,real,catch,-3,no_reward,-360.0,-240.0,-300.0,4,4,4,0.0,20,0,0,,0,0,4,observed,equal_session_mean
632295,reward_restoration,2,real,catch,-2,no_reward,-240.0,-120.0,-180.0,4,4,4,0.0625,16,1,1,0.3993300000001909,1,0,3,observed,equal_session_mean
632295,reward_restoration,2,real,catch,-1,no_reward,-120.0,0.0,-60.0,4,4,4,0.0,20,0,0,,0,0,4,observed,equal_session_mean
632295,reward_restoration,2,real,catch,0,engaged_2,0.0,120.0,60.0,4,4,3,0.4444444444444444,7,3,3,0.34107333333349743,3,1,1,observed,equal_session_mean
632295,reward_restoration,2,real,catch,1,engaged_2,120.0,240.0,180.0,4,4,3,0.4444444444444444,8,3,2,0.18007250000096064,3,1,2,observed,equal_session_mean
632295,reward_restoration,2,real,catch,2,engaged_2,240.0,360.0,300.0,4,4,4,0.25,13,1,1,0.31275000000005093,1,0,3,observed,equal_session_mean
632295,reward_restoration,2,real,go,-3,no_reward,-360.0,-240.0,-300.0,4,4,4,0.09375,26,2,2,0.42064499999969485,2,0,2,observed,equal_session_mean
632295,reward_restoration,2,real,go,-2,no_reward,-240.0,-120.0,-180.0,4,4,4,0.03571428571428571,29,1,1,0.6181700000001911,1,0,3,observed,equal_session_mean
632295,reward_restoration,2,real,go,-1,no_reward,-120.0,0.0,-60.0,4,4,4,0.2125,26,5,3,0.34793999999995623,5,0,1,observed,equal_session_mean
632295,reward_restoration,2,real,go,0,engaged_2,0.0,120.0,60.0,4,4,4,0.6666666666666666,13,11,3,0.37551333333324993,11,0,1,observed,equal_session_mean
632295,reward_restoration,2,real,go,1,engaged_2,120.0,240.0,180.0,4,4,4,0.9083333333333334,22,20,4,0.3473125000006121,20,0,0,observed,equal_session_mean
632295,reward_restoration,2,real,go,2,engaged_2,240.0,360.0,300.0,4,4,4,0.8958333333333334,15,13,4,0.3472237500001256,13,0,0,observed,equal_session_mean
633232,reward_withdrawal,1,pseudo,catch,-3,engaged_1,-360.0,-240.0,-300.0,4,4,3,0.0,5,0,0,,0,1,4,observed,equal_session_mean
633232,reward_withdrawal,1,pseudo,catch,-2,engaged_1,-240.0,-120.0,-180.0,4,4,4,0.5,9,4,3,0.3429583333332478,4,0,1,observed,equal_session_mean
633232,reward_withdrawal,1,pseudo,catch,-1,engaged_1,-120.0,0.0,-60.0,4,4,3,0.4444444444444444,9,4,3,0.38772999999991953,4,1,1,observed,equal_session_mean
633232,reward_withdrawal,1,pseudo,catch,0,engaged_1,0.0,120.0,60.0,4,4,4,0.18333333333333335,11,3,2,0.6878324999998995,3,0,2,observed,equal_session_mean
633232,reward_withdrawal,1,pseudo,catch,1,engaged_1,120.0,240.0,180.0,4,4,3,0.0,11,0,0,,0,1,4,observed,equal_session_mean
633232,reward_withdrawal,1,pseudo,catch,2,engaged_1,240.0,360.0,300.0,4,4,4,0.25,13,2,1,0.4709349999998267,2,0,3,observed,equal_session_mean
633232,reward_withdrawal,1,pseudo,go,-3,engaged_1,-360.0,-240.0,-300.0,4,4,3,0.6388888888888888,11,7,3,0.477073333333351,7,1,1,observed,equal_session_mean
633232,reward_withdrawal,1,pseudo,go,-2,engaged_1,-240.0,-120.0,-180.0,4,4,4,0.6166666666666667,15,8,4,0.5195087499999715,8,0,0,observed,equal_session_mean
633232,reward_withdrawal,1,pseudo,go,-1,engaged_1,-120.0,0.0,-60.0,4,4,4,0.6875,15,9,4,0.5217624999999089,9,0,0,observed,equal_session_mean
633232,reward_withdrawal,1,pseudo,go,0,engaged_1,0.0,120.0,60.0,4,4,4,0.3333333333333333,17,3,2,0.40896749999990334,3,0,2,observed,equal_session_mean
633232,reward_withdrawal,1,pseudo,go,1,engaged_1,120.0,240.0,180.0,4,4,4,0.5458333333333334,20,8,4,0.4882337500000631,8,0,0,observed,equal_session_mean
633232,reward_withdrawal,1,pseudo,go,2,engaged_1,240.0,360.0,300.0,4,4,4,0.5375,16,6,3,0.5883416666664895,6,0,1,observed,equal_session_mean
633232,reward_withdrawal,1,real,catch,-3,engaged_1,-360.0,-240.0,-300.0,4,4,4,0.0,11,0,0,,0,0,4,observed,equal_session_mean
633232,reward_withdrawal,1,real,catch,-2,engaged_1,-240.0,-120.0,-180.0,4,4,4,0.25,13,2,1,0.4709349999998267,2,0,3,observed,equal_session_mean
633232,reward_withdrawal,1,real,catch,-1,engaged_1,-120.0,0.0,-60.0,4,4,3,0.0,6,0,0,,0,1,4,observed,equal_session_mean
633232,reward_withdrawal,1,real,catch,0,no_reward,0.0,120.0,60.0,4,4,4,0.1875,13,2,2,0.5377350000001115,2,0,2,observed,equal_session_mean
633232,reward_withdrawal,1,real,catch,1,no_reward,120.0,240.0,180.0,4,4,4,0.0,11,0,0,,0,0,4,observed,equal_session_mean
633232,reward_withdrawal,1,real,catch,2,no_reward,240.0,360.0,300.0,4,4,4,0.05,16,1,1,0.6793399999996836,1,0,3,observed,equal_session_mean
633232,reward_withdrawal,1,real,go,-3,engaged_1,-360.0,-240.0,-300.0,4,4,4,0.5357142857142857,17,7,4,0.5109562499998788,7,0,0,observed,equal_session_mean
633232,reward_withdrawal,1,real,go,-2,engaged_1,-240.0,-120.0,-180.0,4,4,4,0.5,21,7,4,0.5549837499999626,7,0,0,observed,equal_session_mean
633232,reward_withdrawal,1,real,go,-1,engaged_1,-120.0,0.0,-60.0,4,4,4,0.25,16,4,1,0.513479999999845,4,0,3,observed,equal_session_mean
633232,reward_withdrawal,1,real,go,0,no_reward,0.0,120.0,60.0,4,4,4,0.4270833333333333,16,7,3,0.5186333333334309,7,0,1,observed,equal_session_mean
633232,reward_withdrawal,1,real,go,1,no_reward,120.0,240.0,180.0,4,4,4,0.2232142857142857,24,7,2,0.6081649999998717,7,0,2,observed,equal_session_mean
633232,reward_withdrawal,1,real,go,2,no_reward,240.0,360.0,300.0,4,4,4,0.32916666666666666,20,5,3,0.4148666666665122,5,0,1,observed,equal_session_mean
633232,reward_restoration,2,pseudo,catch,-3,no_reward,-360.0,-240.0,-300.0,4,4,4,0.125,14,1,1,0.7458999999998923,1,0,3,observed,equal_session_mean
633232,reward_restoration,2,pseudo,catch,-2,no_reward,-240.0,-120.0,-180.0,4,4,4,0.20833333333333331,13,3,3,0.49057999999998475,3,0,1,observed,equal_session_mean
633232,reward_restoration,2,pseudo,catch,-1,no_reward,-120.0,0.0,-60.0,4,4,4,0.20238095238095238,16,3,3,0.4738066666668601,3,0,1,observed,equal_session_mean
633232,reward_restoration,2,pseudo,catch,0,no_reward,0.0,120.0,60.0,4,4,4,0.08333333333333333,18,2,1,0.29591000000004897,2,0,3,observed,equal_session_mean
633232,reward_restoration,2,pseudo,catch,1,no_reward,120.0,240.0,180.0,4,4,4,0.10416666666666666,18,2,2,0.4791099999997641,2,0,2,observed,equal_session_mean
633232,reward_restoration,2,pseudo,catch,2,no_reward,240.0,360.0,300.0,4,4,4,0.08333333333333333,17,1,1,0.546060000000125,1,0,3,observed,equal_session_mean
633232,reward_restoration,2,pseudo,go,-3,no_reward,-360.0,-240.0,-300.0,4,4,4,0.375,21,8,3,0.5930500000000999,8,0,1,observed,equal_session_mean
633232,reward_restoration,2,pseudo,go,-2,no_reward,-240.0,-120.0,-180.0,4,4,4,0.6071428571428571,25,14,4,0.6047300000000178,14,0,0,observed,equal_session_mean
633232,reward_restoration,2,pseudo,go,-1,no_reward,-120.0,0.0,-60.0,4,4,4,0.45089285714285715,26,10,3,0.560145000000072,10,0,1,observed,equal_session_mean
633232,reward_restoration,2,pseudo,go,0,no_reward,0.0,120.0,60.0,4,4,4,0.29315476190476186,29,9,3,0.5402166666664622,9,0,1,observed,equal_session_mean
633232,reward_restoration,2,pseudo,go,1,no_reward,120.0,240.0,180.0,4,4,4,0.4464285714285714,27,11,3,0.5874966666665387,11,0,1,observed,equal_session_mean
633232,reward_restoration,2,pseudo,go,2,no_reward,240.0,360.0,300.0,4,4,4,0.35714285714285715,26,9,4,0.5880562499999655,9,0,0,observed,equal_session_mean
633232,reward_restoration,2,real,catch,-3,no_reward,-360.0,-240.0,-300.0,4,4,4,0.13333333333333333,20,2,2,0.3708999999998923,2,0,2,observed,equal_session_mean
633232,reward_restoration,2,real,catch,-2,no_reward,-240.0,-120.0,-180.0,4,4,4,0.0,18,0,0,,0,0,4,observed,equal_session_mean
633232,reward_restoration,2,real,catch,-1,no_reward,-120.0,0.0,-60.0,4,4,4,0.041666666666666664,18,1,1,0.57912000000033,1,0,3,observed,equal_session_mean
633232,reward_restoration,2,real,catch,0,engaged_2,0.0,120.0,60.0,4,4,4,0.0,13,0,0,,0,0,4,observed,equal_session_mean
633232,reward_restoration,2,real,catch,1,engaged_2,120.0,240.0,180.0,4,4,4,0.29166666666666663,11,3,2,0.4501625000007152,3,0,2,observed,equal_session_mean
633232,reward_restoration,2,real,catch,2,engaged_2,240.0,360.0,300.0,4,4,4,0.05,13,1,1,0.4960000000000946,1,0,3,observed,equal_session_mean
633232,reward_restoration,2,real,go,-3,no_reward,-360.0,-240.0,-300.0,4,4,4,0.17857142857142855,29,5,2,0.6331374999999753,5,0,2,observed,equal_session_mean
633232,reward_restoration,2,real,go,-2,no_reward,-240.0,-120.0,-180.0,4,4,4,0.22619047619047616,31,6,2,0.56670500000007,6,0,2,observed,equal_session_mean
633232,reward_restoration,2,real,go,-1,no_reward,-120.0,0.0,-60.0,4,4,4,0.4027777777777778,30,13,4,0.5631862500001716,13,0,0,observed,equal_session_mean
633232,reward_restoration,2,real,go,0,engaged_2,0.0,120.0,60.0,4,4,4,0.18333333333333335,16,3,2,0.5256500000000415,3,0,2,observed,equal_session_mean
633232,reward_restoration,2,real,go,1,engaged_2,120.0,240.0,180.0,4,4,4,0.5,25,9,3,0.4994100000004285,9,0,1,observed,equal_session_mean
633232,reward_restoration,2,real,go,2,engaged_2,240.0,360.0,300.0,4,4,4,0.42857142857142855,24,9,3,0.5520900000001348,9,0,1,observed,equal_session_mean
636740,reward_withdrawal,1,pseudo,catch,-3,engaged_1,-360.0,-240.0,-300.0,4,4,4,0.05,16,1,1,0.3790799999999308,1,0,3,observed,equal_session_mean
636740,reward_withdrawal,1,pseudo,catch,-2,engaged_1,-240.0,-120.0,-180.0,4,4,4,0.1625,18,3,2,0.3125300000000948,3,0,2,observed,equal_session_mean
636740,reward_withdrawal,1,pseudo,catch,-1,engaged_1,-120.0,0.0,-60.0,4,4,4,0.0,14,0,0,,0,0,4,observed,equal_session_mean
636740,reward_withdrawal,1,pseudo,catch,0,engaged_1,0.0,120.0,60.0,4,4,4,0.05,19,1,1,0.1624099999999089,1,0,3,observed,equal_session_mean
636740,reward_withdrawal,1,pseudo,catch,1,engaged_1,120.0,240.0,180.0,4,4,4,0.125,15,1,1,0.4292499999996835,1,0,3,observed,equal_session_mean
636740,reward_withdrawal,1,pseudo,catch,2,engaged_1,240.0,360.0,300.0,4,4,4,0.0,14,0,0,,0,0,4,observed,equal_session_mean
636740,reward_withdrawal,1,pseudo,go,-3,engaged_1,-360.0,-240.0,-300.0,4,4,4,0.40089285714285716,27,10,3,0.45771166666660673,10,0,1,observed,equal_session_mean
636740,reward_withdrawal,1,pseudo,go,-2,engaged_1,-240.0,-120.0,-180.0,4,4,4,0.4464285714285714,30,13,3,0.5437683333333704,13,0,1,observed,equal_session_mean
636740,reward_withdrawal,1,pseudo,go,-1,engaged_1,-120.0,0.0,-60.0,4,4,4,0.6428571428571428,27,17,3,0.46313500000000357,17,0,1,observed,equal_session_mean
636740,reward_withdrawal,1,pseudo,go,0,engaged_1,0.0,120.0,60.0,4,4,4,0.43333333333333335,26,10,3,0.5634966666667273,10,0,1,observed,equal_session_mean
636740,reward_withdrawal,1,pseudo,go,1,engaged_1,120.0,240.0,180.0,4,4,4,0.525,27,13,3,0.5133033333334728,13,0,1,observed,equal_session_mean
636740,reward_withdrawal,1,pseudo,go,2,engaged_1,240.0,360.0,300.0,4,4,4,0.4083333333333333,25,9,2,0.47576249999997344,9,0,2,observed,equal_session_mean
636740,reward_withdrawal,1,real,catch,-3,engaged_1,-360.0,-240.0,-300.0,4,4,4,0.0,14,0,0,,0,0,4,observed,equal_session_mean
636740,reward_withdrawal,1,real,catch,-2,engaged_1,-240.0,-120.0,-180.0,4,4,3,0.08333333333333333,13,1,1,0.4292499999996835,1,1,3,observed,equal_session_mean
636740,reward_withdrawal,1,real,catch,-1,engaged_1,-120.0,0.0,-60.0,4,4,4,0.041666666666666664,22,1,1,0.5128100000001723,1,0,3,observed,equal_session_mean
636740,reward_withdrawal,1,real,catch,0,no_reward,0.0,120.0,60.0,4,4,4,0.0,15,0,0,,0,0,4,observed,equal_session_mean
636740,reward_withdrawal,1,real,catch,1,no_reward,120.0,240.0,180.0,4,4,4,0.08333333333333333,18,1,1,0.4126200000000608,1,0,3,observed,equal_session_mean
636740,reward_withdrawal,1,real,catch,2,no_reward,240.0,360.0,300.0,4,4,4,0.0,17,0,0,,0,0,4,observed,equal_session_mean
636740,reward_withdrawal,1,real,go,-3,engaged_1,-360.0,-240.0,-300.0,4,4,4,0.42777777777777776,28,11,3,0.5353999999999814,11,0,1,observed,equal_session_mean
636740,reward_withdrawal,1,real,go,-2,engaged_1,-240.0,-120.0,-180.0,4,4,4,0.4285714285714286,26,10,3,0.5215683333333345,10,0,1,observed,equal_session_mean
636740,reward_withdrawal,1,real,go,-1,engaged_1,-120.0,0.0,-60.0,4,4,4,0.6041666666666666,25,13,3,0.4883766666666058,13,0,1,observed,equal_session_mean
636740,reward_withdrawal,1,real,go,0,no_reward,0.0,120.0,60.0,4,4,4,0.5869047619047619,32,18,3,0.4488316666666681,18,0,1,observed,equal_session_mean
636740,reward_withdrawal,1,real,go,1,no_reward,120.0,240.0,180.0,4,4,4,0.40535714285714286,26,10,3,0.5123783333332691,10,0,1,observed,equal_session_mean
636740,reward_withdrawal,1,real,go,2,no_reward,240.0,360.0,300.0,4,4,4,0.3482142857142857,33,10,3,0.4545749999999013,10,0,1,observed,equal_session_mean
636740,reward_restoration,2,pseudo,catch,-3,no_reward,-360.0,-240.0,-300.0,4,4,4,0.0,18,0,0,,0,0,4,observed,equal_session_mean
636740,reward_restoration,2,pseudo,catch,-2,no_reward,-240.0,-120.0,-180.0,4,4,4,0.0,18,0,0,,0,0,4,observed,equal_session_mean
636740,reward_restoration,2,pseudo,catch,-1,no_reward,-120.0,0.0,-60.0,4,4,4,0.05,24,1,1,0.6130100000000311,1,0,3,observed,equal_session_mean
636740,reward_restoration,2,pseudo,catch,0,no_reward,0.0,120.0,60.0,4,4,4,0.125,17,1,1,0.7458000000001448,1,0,3,observed,equal_session_mean
636740,reward_restoration,2,pseudo,catch,1,no_reward,120.0,240.0,180.0,4,4,4,0.0,16,0,0,,0,0,4,observed,equal_session_mean
636740,reward_restoration,2,pseudo,catch,2,no_reward,240.0,360.0,300.0,4,4,4,0.0,23,0,0,,0,0,4,observed,equal_session_mean
636740,reward_restoration,2,pseudo,go,-3,no_reward,-360.0,-240.0,-300.0,4,4,4,0.4087301587301587,34,13,3,0.47071166666667824,13,0,1,observed,equal_session_mean
636740,reward_restoration,2,pseudo,go,-2,no_reward,-240.0,-120.0,-180.0,4,4,4,0.21825396825396826,32,7,3,0.5348166666664534,7,0,1,observed,equal_session_mean
636740,reward_restoration,2,pseudo,go,-1,no_reward,-120.0,0.0,-60.0,4,4,4,0.2375,26,6,3,0.521013333333182,6,0,1,observed,equal_session_mean
636740,reward_restoration,2,pseudo,go,0,no_reward,0.0,120.0,60.0,4,4,4,0.0625,32,2,1,0.6877649999998994,2,0,3,observed,equal_session_mean
636740,reward_restoration,2,pseudo,go,1,no_reward,120.0,240.0,180.0,4,4,4,0.10277777777777777,36,4,2,0.3957100000002356,4,0,2,observed,equal_session_mean
636740,reward_restoration,2,pseudo,go,2,no_reward,240.0,360.0,300.0,4,4,4,0.18571428571428572,28,4,2,0.5040699999997287,4,0,2,observed,equal_session_mean
636740,reward_restoration,2,real,catch,-3,no_reward,-360.0,-240.0,-300.0,4,4,4,0.05,18,1,1,0.4797199999998156,1,0,3,observed,equal_session_mean
636740,reward_restoration,2,real,catch,-2,no_reward,-240.0,-120.0,-180.0,4,4,4,0.0,18,0,0,,0,0,4,observed,equal_session_mean
636740,reward_restoration,2,real,catch,-1,no_reward,-120.0,0.0,-60.0,4,4,4,0.0625,19,1,1,0.3291599999997743,1,0,3,observed,equal_session_mean
636740,reward_restoration,2,real,catch,0,engaged_2,0.0,120.0,60.0,4,4,4,0.125,10,1,1,0.7296599999999671,1,0,3,observed,equal_session_mean
636740,reward_restoration,2,real,catch,1,engaged_2,120.0,240.0,180.0,4,4,4,0.0,21,0,0,,0,0,4,observed,equal_session_mean
636740,reward_restoration,2,real,catch,2,engaged_2,240.0,360.0,300.0,4,4,4,0.0,16,0,0,,0,0,4,observed,equal_session_mean
636740,reward_restoration,2,real,go,-3,no_reward,-360.0,-240.0,-300.0,4,4,4,0.06349206349206349,33,2,2,0.6130449999998291,2,0,2,observed,equal_session_mean
636740,reward_restoration,2,real,go,-2,no_reward,-240.0,-120.0,-180.0,4,4,4,0.13839285714285715,35,4,2,0.4540550000001531,4,0,2,observed,equal_session_mean
636740,reward_restoration,2,real,go,-1,no_reward,-120.0,0.0,-60.0,4,4,4,0.125,33,4,3,0.551473333333206,4,0,1,observed,equal_session_mean
636740,reward_restoration,2,real,go,0,engaged_2,0.0,120.0,60.0,4,4,4,0.5535714285714286,21,11,4,0.48007999999998674,11,0,0,observed,equal_session_mean
636740,reward_restoration,2,real,go,1,engaged_2,120.0,240.0,180.0,4,4,4,0.31666666666666665,24,7,2,0.4373675000003914,7,0,2,observed,equal_session_mean
636740,reward_restoration,2,real,go,2,engaged_2,240.0,360.0,300.0,4,4,4,0.40625,29,10,2,0.46332000000074913,10,0,2,observed,equal_session_mean
637483,reward_withdrawal,1,pseudo,catch,-3,engaged_1,-360.0,-240.0,-300.0,3,3,3,0.05555555555555555,12,1,1,0.4293600000000879,1,0,2,observed,equal_session_mean
637483,reward_withdrawal,1,pseudo,catch,-2,engaged_1,-240.0,-120.0,-180.0,3,3,3,0.0,10,0,0,,0,0,3,observed,equal_session_mean
637483,reward_withdrawal,1,pseudo,catch,-1,engaged_1,-120.0,0.0,-60.0,3,3,3,0.0,14,0,0,,0,0,3,observed,equal_session_mean
637483,reward_withdrawal,1,pseudo,catch,0,engaged_1,0.0,120.0,60.0,3,3,3,0.0,13,0,0,,0,0,3,observed,equal_session_mean
637483,reward_withdrawal,1,pseudo,catch,1,engaged_1,120.0,240.0,180.0,3,3,3,0.08333333333333333,13,1,1,0.362999999999829,1,0,2,observed,equal_session_mean
637483,reward_withdrawal,1,pseudo,catch,2,engaged_1,240.0,360.0,300.0,3,3,3,0.0,9,0,0,,0,0,3,observed,equal_session_mean
637483,reward_withdrawal,1,pseudo,go,-3,engaged_1,-360.0,-240.0,-300.0,3,3,3,1.0,15,15,3,0.39925833333328836,15,0,0,observed,equal_session_mean
637483,reward_withdrawal,1,pseudo,go,-2,engaged_1,-240.0,-120.0,-180.0,3,3,3,0.9107142857142857,22,20,3,0.40792000000006584,20,0,0,observed,equal_session_mean
637483,reward_withdrawal,1,pseudo,go,-1,engaged_1,-120.0,0.0,-60.0,3,3,3,0.9047619047619048,19,17,3,0.39118333333332583,17,0,0,observed,equal_session_mean
637483,reward_withdrawal,1,pseudo,go,0,engaged_1,0.0,120.0,60.0,3,3,3,0.9166666666666666,21,19,3,0.4163066666665145,19,0,0,observed,equal_session_mean
637483,reward_withdrawal,1,pseudo,go,1,engaged_1,120.0,240.0,180.0,3,3,3,0.9074074074074074,20,18,3,0.4188149999999193,18,0,0,observed,equal_session_mean
637483,reward_withdrawal,1,pseudo,go,2,engaged_1,240.0,360.0,300.0,3,3,3,0.8842592592592592,23,20,3,0.41312333333326023,20,0,0,observed,equal_session_mean
637483,reward_withdrawal,1,real,catch,-3,engaged_1,-360.0,-240.0,-300.0,3,3,3,0.05555555555555555,15,1,1,0.362999999999829,1,0,2,observed,equal_session_mean
637483,reward_withdrawal,1,real,catch,-2,engaged_1,-240.0,-120.0,-180.0,3,3,3,0.0,12,0,0,,0,0,3,observed,equal_session_mean
637483,reward_withdrawal,1,real,catch,-1,engaged_1,-120.0,0.0,-60.0,3,3,3,0.0,13,0,0,,0,0,3,observed,equal_session_mean
637483,reward_withdrawal,1,real,catch,0,no_reward,0.0,120.0,60.0,3,3,3,0.0,9,0,0,,0,0,3,observed,equal_session_mean
637483,reward_withdrawal,1,real,catch,1,no_reward,120.0,240.0,180.0,3,3,3,0.38888888888888884,10,3,2,0.35436249999997926,3,0,1,observed,equal_session_mean
637483,reward_withdrawal,1,real,catch,2,no_reward,240.0,360.0,300.0,3,3,3,0.38888888888888884,8,3,2,0.47523999999998523,3,0,1,observed,equal_session_mean
637483,reward_withdrawal,1,real,go,-3,engaged_1,-360.0,-240.0,-300.0,3,3,3,0.9583333333333334,18,17,3,0.4022816666666434,17,0,0,observed,equal_session_mean
637483,reward_withdrawal,1,real,go,-2,engaged_1,-240.0,-120.0,-180.0,3,3,3,0.8379629629629629,24,20,3,0.4242099999999027,20,0,0,observed,equal_session_mean
637483,reward_withdrawal,1,real,go,-1,engaged_1,-120.0,0.0,-60.0,3,3,3,1.0,18,18,3,0.41296666666676174,18,0,0,observed,equal_session_mean
637483,reward_withdrawal,1,real,go,0,no_reward,0.0,120.0,60.0,3,3,3,0.8888888888888888,18,16,3,0.3899583333333491,16,0,0,observed,equal_session_mean
637483,reward_withdrawal,1,real,go,1,no_reward,120.0,240.0,180.0,3,3,3,0.625,15,8,3,0.42032499999997225,8,0,0,observed,equal_session_mean
637483,reward_withdrawal,1,real,go,2,no_reward,240.0,360.0,300.0,3,3,3,0.40740740740740744,17,7,2,0.40833249999980126,7,0,1,observed,equal_session_mean
637483,reward_restoration,2,pseudo,catch,-3,no_reward,-360.0,-240.0,-300.0,3,3,3,0.0,6,0,0,,0,0,3,observed,equal_session_mean
637483,reward_restoration,2,pseudo,catch,-2,no_reward,-240.0,-120.0,-180.0,3,3,3,0.06666666666666667,14,1,1,0.5962299999996503,1,0,2,observed,equal_session_mean
637483,reward_restoration,2,pseudo,catch,-1,no_reward,-120.0,0.0,-60.0,3,3,3,0.3333333333333333,11,3,3,0.30695666666679244,3,0,0,observed,equal_session_mean
637483,reward_restoration,2,pseudo,catch,0,no_reward,0.0,120.0,60.0,3,3,3,0.0,11,0,0,,0,0,3,observed,equal_session_mean
637483,reward_restoration,2,pseudo,catch,1,no_reward,120.0,240.0,180.0,3,3,3,0.13333333333333333,14,2,1,0.5880949999998393,2,0,2,observed,equal_session_mean
637483,reward_restoration,2,pseudo,catch,2,no_reward,240.0,360.0,300.0,3,3,3,0.0,13,0,0,,0,0,3,observed,equal_session_mean
637483,reward_restoration,2,pseudo,go,-3,no_reward,-360.0,-240.0,-300.0,3,3,3,0.3888888888888889,14,4,2,0.38782500000002074,4,0,1,observed,equal_session_mean
637483,reward_restoration,2,pseudo,go,-2,no_reward,-240.0,-120.0,-180.0,3,3,3,0.41904761904761906,20,8,2,0.4498449999998684,8,0,1,observed,equal_session_mean
637483,reward_restoration,2,pseudo,go,-1,no_reward,-120.0,0.0,-60.0,3,3,3,0.45,18,9,2,0.49553500000001804,9,0,1,observed,equal_session_mean
637483,reward_restoration,2,pseudo,go,0,no_reward,0.0,120.0,60.0,3,3,3,0.42857142857142855,18,7,2,0.4464949999997998,7,0,1,observed,equal_session_mean
637483,reward_restoration,2,pseudo,go,1,no_reward,120.0,240.0,180.0,3,3,3,0.38888888888888884,16,6,3,0.37899833333312927,6,0,0,observed,equal_session_mean
637483,reward_restoration,2,pseudo,go,2,no_reward,240.0,360.0,300.0,3,3,3,0.23611111111111108,23,6,2,0.5124349999998685,6,0,1,observed,equal_session_mean
637483,reward_restoration,2,real,catch,-3,no_reward,-360.0,-240.0,-300.0,3,3,3,0.0,12,0,0,,0,0,3,observed,equal_session_mean
637483,reward_restoration,2,real,catch,-2,no_reward,-240.0,-120.0,-180.0,3,3,3,0.0,9,0,0,,0,0,3,observed,equal_session_mean
637483,reward_restoration,2,real,catch,-1,no_reward,-120.0,0.0,-60.0,3,3,3,0.08333333333333333,16,1,1,0.5294599999997445,1,0,2,observed,equal_session_mean
637483,reward_restoration,2,real,catch,0,engaged_2,0.0,120.0,60.0,3,3,3,0.08333333333333333,10,1,1,0.34742000000005646,1,0,2,observed,equal_session_mean
637483,reward_restoration,2,real,catch,1,engaged_2,120.0,240.0,180.0,3,3,3,0.0,13,0,0,,0,0,3,observed,equal_session_mean
637483,reward_restoration,2,real,catch,2,engaged_2,240.0,360.0,300.0,3,3,3,0.39999999999999997,11,4,3,0.3653416666672153,4,0,0,observed,equal_session_mean
637483,reward_restoration,2,real,go,-3,no_reward,-360.0,-240.0,-300.0,3,3,3,0.1726190476190476,21,4,2,0.5789650000001529,4,0,1,observed,equal_session_mean
637483,reward_restoration,2,real,go,-2,no_reward,-240.0,-120.0,-180.0,3,3,3,0.325,18,6,3,0.5957283333333029,6,0,0,observed,equal_session_mean
637483,reward_restoration,2,real,go,-1,no_reward,-120.0,0.0,-60.0,3,3,3,0.27777777777777773,18,5,2,0.5251549999998133,5,0,1,observed,equal_session_mean
637483,reward_restoration,2,real,go,0,engaged_2,0.0,120.0,60.0,3,3,3,0.8222222222222223,11,9,3,0.40764666666647525,9,0,0,observed,equal_session_mean
637483,reward_restoration,2,real,go,1,engaged_2,120.0,240.0,180.0,3,3,3,0.9047619047619048,19,17,3,0.39105833333390666,17,0,0,observed,equal_session_mean
637483,reward_restoration,2,real,go,2,engaged_2,240.0,360.0,300.0,3,3,3,0.9047619047619048,21,19,3,0.3861466666667184,19,0,0,observed,equal_session_mean
637488,reward_withdrawal,1,pseudo,catch,-3,engaged_1,-360.0,-240.0,-300.0,4,4,4,0.1,17,2,1,0.4452649999999494,2,0,3,observed,equal_session_mean
637488,reward_withdrawal,1,pseudo,catch,-2,engaged_1,-240.0,-120.0,-180.0,4,4,4,0.0,19,0,0,,0,0,4,observed,equal_session_mean
637488,reward_withdrawal,1,pseudo,catch,-1,engaged_1,-120.0,0.0,-60.0,4,4,4,0.0,19,0,0,,0,0,4,observed,equal_session_mean
637488,reward_withdrawal,1,pseudo,catch,0,engaged_1,0.0,120.0,60.0,4,4,4,0.0,22,0,0,,0,0,4,observed,equal_session_mean
637488,reward_withdrawal,1,pseudo,catch,1,engaged_1,120.0,240.0,180.0,4,4,4,0.0625,16,1,1,0.312420000000202,1,0,3,observed,equal_session_mean
637488,reward_withdrawal,1,pseudo,catch,2,engaged_1,240.0,360.0,300.0,4,4,4,0.14583333333333331,16,2,2,0.4206850000000486,2,0,2,observed,equal_session_mean
637488,reward_withdrawal,1,pseudo,go,-3,engaged_1,-360.0,-240.0,-300.0,4,4,4,0.4330357142857143,29,12,3,0.5408699999999271,12,0,1,observed,equal_session_mean
637488,reward_withdrawal,1,pseudo,go,-2,engaged_1,-240.0,-120.0,-180.0,4,4,4,0.09474206349206349,31,3,3,0.5684899999999592,3,0,1,observed,equal_session_mean
637488,reward_withdrawal,1,pseudo,go,-1,engaged_1,-120.0,0.0,-60.0,4,4,4,0.14285714285714285,33,4,1,0.5133950000000596,4,0,3,observed,equal_session_mean
637488,reward_withdrawal,1,pseudo,go,0,engaged_1,0.0,120.0,60.0,4,4,4,0.03571428571428571,30,1,1,0.5300000000002001,1,0,3,observed,equal_session_mean
637488,reward_withdrawal,1,pseudo,go,1,engaged_1,120.0,240.0,180.0,4,4,4,0.3348214285714286,34,10,2,0.4708149999999023,10,0,2,observed,equal_session_mean
637488,reward_withdrawal,1,pseudo,go,2,engaged_1,240.0,360.0,300.0,4,4,4,0.3035714285714286,30,8,2,0.5127299999999195,8,0,2,observed,equal_session_mean
637488,reward_withdrawal,1,real,catch,-3,engaged_1,-360.0,-240.0,-300.0,4,4,4,0.0,18,0,0,,0,0,4,observed,equal_session_mean
637488,reward_withdrawal,1,real,catch,-2,engaged_1,-240.0,-120.0,-180.0,4,4,4,0.0625,20,1,1,0.312420000000202,1,0,3,observed,equal_session_mean
637488,reward_withdrawal,1,real,catch,-1,engaged_1,-120.0,0.0,-60.0,4,4,4,0.1125,17,2,2,0.4206850000000486,2,0,2,observed,equal_session_mean
637488,reward_withdrawal,1,real,catch,0,no_reward,0.0,120.0,60.0,4,4,4,0.0,17,0,0,,0,0,4,observed,equal_session_mean
637488,reward_withdrawal,1,real,catch,1,no_reward,120.0,240.0,180.0,4,4,4,0.0625,19,1,1,0.42968999999993684,1,0,3,observed,equal_session_mean
637488,reward_withdrawal,1,real,catch,2,no_reward,240.0,360.0,300.0,4,4,4,0.0,20,0,0,,0,0,4,observed,equal_session_mean
637488,reward_withdrawal,1,real,go,-3,engaged_1,-360.0,-240.0,-300.0,4,4,4,0.3348214285714286,33,10,2,0.4708149999999023,10,0,2,observed,equal_session_mean
637488,reward_withdrawal,1,real,go,-2,engaged_1,-240.0,-120.0,-180.0,4,4,4,0.3,25,6,2,0.5047649999999066,6,0,2,observed,equal_session_mean
637488,reward_withdrawal,1,real,go,-1,engaged_1,-120.0,0.0,-60.0,4,4,4,0.35,29,8,2,0.5004775000001018,8,0,2,observed,equal_session_mean
637488,reward_withdrawal,1,real,go,0,no_reward,0.0,120.0,60.0,4,4,4,0.1875,34,7,2,0.5085674999997991,7,0,2,observed,equal_session_mean
637488,reward_withdrawal,1,real,go,1,no_reward,120.0,240.0,180.0,4,4,4,0.25396825396825395,32,8,2,0.5333224999999402,8,0,2,observed,equal_session_mean
637488,reward_withdrawal,1,real,go,2,no_reward,240.0,360.0,300.0,4,4,4,0.08333333333333333,36,3,1,0.5294899999998961,3,0,3,observed,equal_session_mean
637488,reward_restoration,2,pseudo,catch,-3,no_reward,-360.0,-240.0,-300.0,4,4,4,0.0,20,0,0,,0,0,4,observed,equal_session_mean
637488,reward_restoration,2,pseudo,catch,-2,no_reward,-240.0,-120.0,-180.0,4,4,4,0.0,21,0,0,,0,0,4,observed,equal_session_mean
637488,reward_restoration,2,pseudo,catch,-1,no_reward,-120.0,0.0,-60.0,4,4,4,0.0625,17,1,1,0.679489999999987,1,0,3,observed,equal_session_mean
637488,reward_restoration,2,pseudo,catch,0,no_reward,0.0,120.0,60.0,4,4,4,0.0,23,0,0,,0,0,4,observed,equal_session_mean
637488,reward_restoration,2,pseudo,catch,1,no_reward,120.0,240.0,180.0,4,4,4,0.0,19,0,0,,0,0,4,observed,equal_session_mean
637488,reward_restoration,2,pseudo,catch,2,no_reward,240.0,360.0,300.0,4,4,4,0.0,18,0,0,,0,0,4,observed,equal_session_mean
637488,reward_restoration,2,pseudo,go,-3,no_reward,-360.0,-240.0,-300.0,4,4,4,0.0,34,0,0,,0,0,4,observed,equal_session_mean
637488,reward_restoration,2,pseudo,go,-2,no_reward,-240.0,-120.0,-180.0,4,4,4,0.0,31,0,0,,0,0,4,observed,equal_session_mean
637488,reward_restoration,2,pseudo,go,-1,no_reward,-120.0,0.0,-60.0,4,4,4,0.027777777777777776,36,1,1,0.5959700000003068,1,0,3,observed,equal_session_mean
637488,reward_restoration,2,pseudo,go,0,no_reward,0.0,120.0,60.0,4,4,4,0.1294642857142857,30,4,2,0.5794849999997496,4,0,2,observed,equal_session_mean
637488,reward_restoration,2,pseudo,go,1,no_reward,120.0,240.0,180.0,4,4,4,0.09375,34,3,1,0.6123600000000806,3,0,3,observed,equal_session_mean
637488,reward_restoration,2,pseudo,go,2,no_reward,240.0,360.0,300.0,4,4,4,0.05555555555555555,33,2,1,0.520759999999882,2,0,3,observed,equal_session_mean
637488,reward_restoration,2,real,catch,-3,no_reward,-360.0,-240.0,-300.0,4,4,4,0.041666666666666664,23,1,1,0.6457100000002356,1,0,3,observed,equal_session_mean
637488,reward_restoration,2,real,catch,-2,no_reward,-240.0,-120.0,-180.0,4,4,4,0.0,20,0,0,,0,0,4,observed,equal_session_mean
637488,reward_restoration,2,real,catch,-1,no_reward,-120.0,0.0,-60.0,4,4,4,0.0,19,0,0,,0,0,4,observed,equal_session_mean
637488,reward_restoration,2,real,catch,0,engaged_2,0.0,120.0,60.0,4,4,4,0.0,15,0,0,,0,0,4,observed,equal_session_mean
637488,reward_restoration,2,real,catch,1,engaged_2,120.0,240.0,180.0,4,4,4,0.0,19,0,0,,0,0,4,observed,equal_session_mean
637488,reward_restoration,2,real,catch,2,engaged_2,240.0,360.0,300.0,4,4,4,0.0,21,0,0,,0,0,4,observed,equal_session_mean
637488,reward_restoration,2,real,go,-3,no_reward,-360.0,-240.0,-300.0,4,4,4,0.03571428571428571,33,1,1,0.7298799999998664,1,0,3,observed,equal_session_mean
637488,reward_restoration,2,real,go,-2,no_reward,-240.0,-120.0,-180.0,4,4,4,0.0,33,0,0,,0,0,4,observed,equal_session_mean
637488,reward_restoration,2,real,go,-1,no_reward,-120.0,0.0,-60.0,4,4,4,0.0,34,0,0,,0,0,4,observed,equal_session_mean
637488,reward_restoration,2,real,go,0,engaged_2,0.0,120.0,60.0,4,4,4,0.25,24,6,2,0.5382250000000113,6,0,2,observed,equal_session_mean
637488,reward_restoration,2,real,go,1,engaged_2,120.0,240.0,180.0,4,4,4,0.21428571428571427,31,6,2,0.5213900000001104,6,0,2,observed,equal_session_mean
637488,reward_restoration,2,real,go,2,engaged_2,240.0,360.0,300.0,4,4,4,0.0,34,0,0,,0,0,4,observed,equal_session_mean
638387,reward_withdrawal,1,pseudo,catch,-3,engaged_1,-360.0,-240.0,-300.0,4,4,4,0.10416666666666666,15,2,2,0.6042850000000044,2,0,2,observed,equal_session_mean
638387,reward_withdrawal,1,pseudo,catch,-2,engaged_1,-240.0,-120.0,-180.0,4,4,4,0.1,18,2,2,0.462765000000104,2,0,2,observed,equal_session_mean
638387,reward_withdrawal,1,pseudo,catch,-1,engaged_1,-120.0,0.0,-60.0,4,4,4,0.125,12,1,1,0.2791199999996934,1,0,3,observed,equal_session_mean
638387,reward_withdrawal,1,pseudo,catch,0,engaged_1,0.0,120.0,60.0,4,4,4,0.0,16,0,0,,0,0,4,observed,equal_session_mean
638387,reward_withdrawal,1,pseudo,catch,1,engaged_1,120.0,240.0,180.0,4,4,4,0.0,13,0,0,,0,0,4,observed,equal_session_mean
638387,reward_withdrawal,1,pseudo,catch,2,engaged_1,240.0,360.0,300.0,4,4,4,0.05,16,1,1,0.7463299999999435,1,0,3,observed,equal_session_mean
638387,reward_withdrawal,1,pseudo,go,-3,engaged_1,-360.0,-240.0,-300.0,4,4,4,0.4955357142857143,30,15,4,0.5595050000000583,15,0,0,observed,equal_session_mean
638387,reward_withdrawal,1,pseudo,go,-2,engaged_1,-240.0,-120.0,-180.0,4,4,4,0.625,28,17,4,0.563220000000058,17,0,0,observed,equal_session_mean
638387,reward_withdrawal,1,pseudo,go,-1,engaged_1,-120.0,0.0,-60.0,4,4,4,0.5136904761904761,26,14,4,0.523646250000013,14,0,0,observed,equal_session_mean
638387,reward_withdrawal,1,pseudo,go,0,engaged_1,0.0,120.0,60.0,4,4,4,0.45714285714285713,24,11,4,0.5362199999998438,11,0,0,observed,equal_session_mean
638387,reward_withdrawal,1,pseudo,go,1,engaged_1,120.0,240.0,180.0,4,4,4,0.5616071428571429,28,15,4,0.5006900000000201,15,0,0,observed,equal_session_mean
638387,reward_withdrawal,1,pseudo,go,2,engaged_1,240.0,360.0,300.0,4,4,4,0.625,22,13,4,0.5633412500000645,13,0,0,observed,equal_session_mean
638387,reward_withdrawal,1,real,catch,-3,engaged_1,-360.0,-240.0,-300.0,4,4,4,0.0,13,0,0,,0,0,4,observed,equal_session_mean
638387,reward_withdrawal,1,real,catch,-2,engaged_1,-240.0,-120.0,-180.0,4,4,4,0.041666666666666664,17,1,1,0.7463299999999435,1,0,3,observed,equal_session_mean
638387,reward_withdrawal,1,real,catch,-1,engaged_1,-120.0,0.0,-60.0,4,4,4,0.0,16,0,0,,0,0,4,observed,equal_session_mean
638387,reward_withdrawal,1,real,catch,0,no_reward,0.0,120.0,60.0,4,4,4,0.08333333333333333,11,1,1,0.47941999999966356,1,0,3,observed,equal_session_mean
638387,reward_withdrawal,1,real,catch,1,no_reward,120.0,240.0,180.0,4,4,4,0.2708333333333333,15,3,3,0.4126566666667107,3,0,1,observed,equal_session_mean
638387,reward_withdrawal,1,real,catch,2,no_reward,240.0,360.0,300.0,4,4,4,0.0625,13,1,1,0.34580000000005384,1,0,3,observed,equal_session_mean
638387,reward_withdrawal,1,real,go,-3,engaged_1,-360.0,-240.0,-300.0,4,4,4,0.5317460317460317,26,13,4,0.4881112499999176,13,0,0,observed,equal_session_mean
638387,reward_withdrawal,1,real,go,-2,engaged_1,-240.0,-120.0,-180.0,4,4,4,0.5083333333333333,21,11,3,0.5520966666667846,11,0,1,observed,equal_session_mean
638387,reward_withdrawal,1,real,go,-1,engaged_1,-120.0,0.0,-60.0,4,4,4,0.7714285714285714,22,16,4,0.5381762499997649,16,0,0,observed,equal_session_mean
638387,reward_withdrawal,1,real,go,0,no_reward,0.0,120.0,60.0,4,4,4,0.5208333333333334,26,15,3,0.6404399999998228,15,0,1,observed,equal_session_mean
638387,reward_withdrawal,1,real,go,1,no_reward,120.0,240.0,180.0,4,4,4,0.5541666666666667,18,9,4,0.4602562499998726,9,0,0,observed,equal_session_mean
638387,reward_withdrawal,1,real,go,2,no_reward,240.0,360.0,300.0,4,4,4,0.4722222222222222,18,9,4,0.4793424999998024,9,0,0,observed,equal_session_mean
638387,reward_restoration,2,pseudo,catch,-3,no_reward,-360.0,-240.0,-300.0,4,4,4,0.0,9,0,0,,0,0,4,observed,equal_session_mean
638387,reward_restoration,2,pseudo,catch,-2,no_reward,-240.0,-120.0,-180.0,4,4,4,0.0,15,0,0,,0,0,4,observed,equal_session_mean
638387,reward_restoration,2,pseudo,catch,-1,no_reward,-120.0,0.0,-60.0,4,4,4,0.0,16,0,0,,0,0,4,observed,equal_session_mean
638387,reward_restoration,2,pseudo,catch,0,no_reward,0.0,120.0,60.0,4,4,4,0.0,13,0,0,,0,0,4,observed,equal_session_mean
638387,reward_restoration,2,pseudo,catch,1,no_reward,120.0,240.0,180.0,4,4,4,0.0,15,0,0,,0,0,4,observed,equal_session_mean
638387,reward_restoration,2,pseudo,catch,2,no_reward,240.0,360.0,300.0,4,4,4,0.08333333333333333,17,1,1,0.5628600000000006,1,0,3,observed,equal_session_mean
638387,reward_restoration,2,pseudo,go,-3,no_reward,-360.0,-240.0,-300.0,4,4,4,0.2326388888888889,27,8,3,0.5383183333332605,8,0,1,observed,equal_session_mean
638387,reward_restoration,2,pseudo,go,-2,no_reward,-240.0,-120.0,-180.0,4,4,4,0.2604166666666667,26,8,3,0.5467749999998736,8,0,1,observed,equal_session_mean
638387,reward_restoration,2,pseudo,go,-1,no_reward,-120.0,0.0,-60.0,4,4,4,0.5892857142857143,25,15,4,0.5479599999999323,15,0,0,observed,equal_session_mean
638387,reward_restoration,2,pseudo,go,0,no_reward,0.0,120.0,60.0,4,4,4,0.46845238095238095,22,11,4,0.5457049999997139,11,0,0,observed,equal_session_mean
638387,reward_restoration,2,pseudo,go,1,no_reward,120.0,240.0,180.0,4,4,4,0.21875,25,4,2,0.6462450000001354,4,0,2,observed,equal_session_mean
638387,reward_restoration,2,pseudo,go,2,no_reward,240.0,360.0,300.0,4,4,4,0.4166666666666667,24,10,3,0.5455650000000484,10,0,1,observed,equal_session_mean
638387,reward_restoration,2,real,catch,-3,no_reward,-360.0,-240.0,-300.0,4,4,4,0.0,18,0,0,,0,0,4,observed,equal_session_mean
638387,reward_restoration,2,real,catch,-2,no_reward,-240.0,-120.0,-180.0,4,4,4,0.05,13,1,1,0.6122299999997267,1,0,3,observed,equal_session_mean
638387,reward_restoration,2,real,catch,-1,no_reward,-120.0,0.0,-60.0,4,4,4,0.0,12,0,0,,0,0,4,observed,equal_session_mean
638387,reward_restoration,2,real,catch,0,engaged_2,0.0,120.0,60.0,4,4,3,0.0,7,0,0,,0,1,4,observed,equal_session_mean
638387,reward_restoration,2,real,catch,1,engaged_2,120.0,240.0,180.0,4,4,3,0.3333333333333333,9,1,1,0.18035000000054424,1,1,3,observed,equal_session_mean
638387,reward_restoration,2,real,catch,2,engaged_2,240.0,360.0,300.0,4,4,4,0.0,19,0,0,,0,0,4,observed,equal_session_mean
638387,reward_restoration,2,real,go,-3,no_reward,-360.0,-240.0,-300.0,4,4,4,0.14285714285714285,26,4,1,0.5388699999998607,4,0,3,observed,equal_session_mean
638387,reward_restoration,2,real,go,-2,no_reward,-240.0,-120.0,-180.0,4,4,4,0.23958333333333331,23,6,3,0.45428500000017874,6,0,1,observed,equal_session_mean
638387,reward_restoration,2,real,go,-1,no_reward,-120.0,0.0,-60.0,4,4,4,0.1468253968253968,21,3,3,0.5292166666671013,3,0,1,observed,equal_session_mean
638387,reward_restoration,2,real,go,0,engaged_2,0.0,120.0,60.0,4,4,3,0.2888888888888889,14,4,3,0.6018666666668651,4,1,1,observed,equal_session_mean
638387,reward_restoration,2,real,go,1,engaged_2,120.0,240.0,180.0,4,4,4,0.2785714285714286,21,7,3,0.5769849999999982,7,0,1,observed,equal_session_mean
638387,reward_restoration,2,real,go,2,engaged_2,240.0,360.0,300.0,4,4,4,0.5208333333333333,24,12,4,0.5844087500006481,12,0,0,observed,equal_session_mean
640887,reward_withdrawal,1,pseudo,catch,-3,engaged_1,-360.0,-240.0,-300.0,3,3,3,0.2222222222222222,16,2,1,0.24602500000003147,2,0,2,observed,equal_session_mean
640887,reward_withdrawal,1,pseudo,catch,-2,engaged_1,-240.0,-120.0,-180.0,3,3,3,0.16666666666666666,11,2,2,0.6041749999999411,2,0,1,observed,equal_session_mean
640887,reward_withdrawal,1,pseudo,catch,-1,engaged_1,-120.0,0.0,-60.0,3,3,3,0.0,13,0,0,,0,0,3,observed,equal_session_mean
640887,reward_withdrawal,1,pseudo,catch,0,engaged_1,0.0,120.0,60.0,3,3,3,0.0,9,0,0,,0,0,3,observed,equal_session_mean
640887,reward_withdrawal,1,pseudo,catch,1,engaged_1,120.0,240.0,180.0,3,3,3,0.12222222222222223,16,2,2,0.387519999999995,2,0,1,observed,equal_session_mean
640887,reward_withdrawal,1,pseudo,catch,2,engaged_1,240.0,360.0,300.0,3,3,3,0.0,9,0,0,,0,0,3,observed,equal_session_mean
640887,reward_withdrawal,1,pseudo,go,-3,engaged_1,-360.0,-240.0,-300.0,3,3,3,0.6126984126984126,18,11,3,0.4106283333333067,11,0,0,observed,equal_session_mean
640887,reward_withdrawal,1,pseudo,go,-2,engaged_1,-240.0,-120.0,-180.0,3,3,3,0.9523809523809524,19,18,3,0.4443933333333234,18,0,0,observed,equal_session_mean
640887,reward_withdrawal,1,pseudo,go,-1,engaged_1,-120.0,0.0,-60.0,3,3,3,0.7107142857142857,20,15,3,0.45484499999990174,15,0,0,observed,equal_session_mean
640887,reward_withdrawal,1,pseudo,go,0,engaged_1,0.0,120.0,60.0,3,3,3,0.775,23,17,3,0.42416000000002896,17,0,0,observed,equal_session_mean
640887,reward_withdrawal,1,pseudo,go,1,engaged_1,120.0,240.0,180.0,3,3,3,0.7555555555555555,18,14,3,0.5135516666665959,14,0,0,observed,equal_session_mean
640887,reward_withdrawal,1,pseudo,go,2,engaged_1,240.0,360.0,300.0,3,3,3,0.7761904761904762,24,19,3,0.4242799999998776,19,0,0,observed,equal_session_mean
640887,reward_withdrawal,1,real,catch,-3,engaged_1,-360.0,-240.0,-300.0,3,3,3,0.13888888888888887,15,2,2,0.387519999999995,2,0,1,observed,equal_session_mean
640887,reward_withdrawal,1,real,catch,-2,engaged_1,-240.0,-120.0,-180.0,3,3,3,0.0,10,0,0,,0,0,3,observed,equal_session_mean
640887,reward_withdrawal,1,real,catch,-1,engaged_1,-120.0,0.0,-60.0,3,3,3,0.0,15,0,0,,0,0,3,observed,equal_session_mean
640887,reward_withdrawal,1,real,catch,0,no_reward,0.0,120.0,60.0,3,3,3,0.0,14,0,0,,0,0,3,observed,equal_session_mean
640887,reward_withdrawal,1,real,catch,1,no_reward,120.0,240.0,180.0,3,3,3,0.0,14,0,0,,0,0,3,observed,equal_session_mean
640887,reward_withdrawal,1,real,catch,2,no_reward,240.0,360.0,300.0,3,3,3,0.0,13,0,0,,0,0,3,observed,equal_session_mean
640887,reward_withdrawal,1,real,go,-3,engaged_1,-360.0,-240.0,-300.0,3,3,3,0.7619047619047619,21,16,3,0.5354350000001583,16,0,0,observed,equal_session_mean
640887,reward_withdrawal,1,real,go,-2,engaged_1,-240.0,-120.0,-180.0,3,3,3,0.7731481481481483,23,18,3,0.4463550000000396,18,0,0,observed,equal_session_mean
640887,reward_withdrawal,1,real,go,-1,engaged_1,-120.0,0.0,-60.0,3,3,3,0.7857142857142857,19,15,3,0.4384666666665756,15,0,0,observed,equal_session_mean
640887,reward_withdrawal,1,real,go,0,no_reward,0.0,120.0,60.0,3,3,3,0.8777777777777778,21,18,3,0.4823949999999968,18,0,0,observed,equal_session_mean
640887,reward_withdrawal,1,real,go,1,no_reward,120.0,240.0,180.0,3,3,3,0.4246031746031746,21,9,3,0.5683349999999336,9,0,0,observed,equal_session_mean
640887,reward_withdrawal,1,real,go,2,no_reward,240.0,360.0,300.0,3,3,3,0.19576719576719573,24,5,2,0.5669124999998303,5,0,1,observed,equal_session_mean
640887,reward_restoration,2,pseudo,catch,-3,no_reward,-360.0,-240.0,-300.0,3,3,3,0.08333333333333333,12,1,1,0.2610300000001189,1,0,2,observed,equal_session_mean
640887,reward_restoration,2,pseudo,catch,-2,no_reward,-240.0,-120.0,-180.0,3,3,3,0.0,18,0,0,,0,0,3,observed,equal_session_mean
640887,reward_restoration,2,pseudo,catch,-1,no_reward,-120.0,0.0,-60.0,3,3,3,0.0,14,0,0,,0,0,3,observed,equal_session_mean
640887,reward_restoration,2,pseudo,catch,0,no_reward,0.0,120.0,60.0,3,3,3,0.0,11,0,0,,0,0,3,observed,equal_session_mean
640887,reward_restoration,2,pseudo,catch,1,no_reward,120.0,240.0,180.0,3,3,3,0.0,16,0,0,,0,0,3,observed,equal_session_mean
640887,reward_restoration,2,pseudo,catch,2,no_reward,240.0,360.0,300.0,3,3,3,0.06666666666666667,18,1,1,0.24571999999989202,1,0,2,observed,equal_session_mean
640887,reward_restoration,2,pseudo,go,-3,no_reward,-360.0,-240.0,-300.0,3,3,3,0.1717171717171717,30,5,2,0.6374974999997676,5,0,1,observed,equal_session_mean
640887,reward_restoration,2,pseudo,go,-2,no_reward,-240.0,-120.0,-180.0,3,3,3,0.0,20,0,0,,0,0,3,observed,equal_session_mean
640887,reward_restoration,2,pseudo,go,-1,no_reward,-120.0,0.0,-60.0,3,3,3,0.19576719576719573,23,5,2,0.6835249999999178,5,0,1,observed,equal_session_mean
640887,reward_restoration,2,pseudo,go,0,no_reward,0.0,120.0,60.0,3,3,3,0.13030303030303028,29,4,2,0.5550399999999627,4,0,1,observed,equal_session_mean
640887,reward_restoration,2,pseudo,go,1,no_reward,120.0,240.0,180.0,3,3,3,0.14285714285714285,25,3,1,0.5793499999999767,3,0,2,observed,equal_session_mean
640887,reward_restoration,2,pseudo,go,2,no_reward,240.0,360.0,300.0,3,3,3,0.17500000000000002,19,3,2,0.6415724999999384,3,0,1,observed,equal_session_mean
640887,reward_restoration,2,real,catch,-3,no_reward,-360.0,-240.0,-300.0,3,3,3,0.0,9,0,0,,0,0,3,observed,equal_session_mean
640887,reward_restoration,2,real,catch,-2,no_reward,-240.0,-120.0,-180.0,3,3,3,0.2333333333333333,15,3,2,0.5046449999999822,3,0,1,observed,equal_session_mean
640887,reward_restoration,2,real,catch,-1,no_reward,-120.0,0.0,-60.0,3,3,3,0.05555555555555555,16,1,1,0.4960699999996905,1,0,2,observed,equal_session_mean
640887,reward_restoration,2,real,catch,0,engaged_2,0.0,120.0,60.0,3,3,3,0.0,12,0,0,,0,0,3,observed,equal_session_mean
640887,reward_restoration,2,real,catch,1,engaged_2,120.0,240.0,180.0,3,3,3,0.06666666666666667,11,1,1,0.5127199999997174,1,0,2,observed,equal_session_mean
640887,reward_restoration,2,real,catch,2,engaged_2,240.0,360.0,300.0,3,3,3,0.05555555555555555,16,1,1,0.2791900000011083,1,0,2,observed,equal_session_mean
640887,reward_restoration,2,real,go,-3,no_reward,-360.0,-240.0,-300.0,3,3,3,0.0,29,0,0,,0,0,3,observed,equal_session_mean
640887,reward_restoration,2,real,go,-2,no_reward,-240.0,-120.0,-180.0,3,3,3,0.19999999999999998,19,3,1,0.6626599999999598,3,0,2,observed,equal_session_mean
640887,reward_restoration,2,real,go,-1,no_reward,-120.0,0.0,-60.0,3,3,3,0.1037037037037037,22,2,2,0.41196500000000924,2,0,1,observed,equal_session_mean
640887,reward_restoration,2,real,go,0,engaged_2,0.0,120.0,60.0,3,3,3,0.6833333333333332,15,10,3,0.45271166666657336,10,0,0,observed,equal_session_mean
640887,reward_restoration,2,real,go,1,engaged_2,120.0,240.0,180.0,3,3,3,0.6471861471861472,26,17,3,0.435781666667026,17,0,0,observed,equal_session_mean
640887,reward_restoration,2,real,go,2,engaged_2,240.0,360.0,300.0,3,3,3,0.7473544973544973,24,18,3,0.424013333333581,18,0,0,observed,equal_session_mean
640890,reward_withdrawal,1,pseudo,catch,-3,engaged_1,-360.0,-240.0,-300.0,4,4,4,0.3,19,5,4,0.45212624999996365,5,0,0,observed,equal_session_mean
640890,reward_withdrawal,1,pseudo,catch,-2,engaged_1,-240.0,-120.0,-180.0,4,4,4,0.14583333333333331,12,2,2,0.37902500000006967,2,0,2,observed,equal_session_mean
640890,reward_withdrawal,1,pseudo,catch,-1,engaged_1,-120.0,0.0,-60.0,4,4,4,0.2125,18,4,2,0.35401500000000397,4,0,2,observed,equal_session_mean
640890,reward_withdrawal,1,pseudo,catch,0,engaged_1,0.0,120.0,60.0,4,4,4,0.05,16,1,1,0.3292199999996228,1,0,3,observed,equal_session_mean
640890,reward_withdrawal,1,pseudo,catch,1,engaged_1,120.0,240.0,180.0,4,4,4,0.0625,14,1,1,0.21241999999983818,1,0,3,observed,equal_session_mean
640890,reward_withdrawal,1,pseudo,catch,2,engaged_1,240.0,360.0,300.0,4,4,4,0.20833333333333331,18,3,2,0.32500499999991916,3,0,2,observed,equal_session_mean
640890,reward_withdrawal,1,pseudo,go,-3,engaged_1,-360.0,-240.0,-300.0,4,4,4,0.825,19,16,4,0.3651012500000377,16,0,0,observed,equal_session_mean
640890,reward_withdrawal,1,pseudo,go,-2,engaged_1,-240.0,-120.0,-180.0,4,4,4,0.8229166666666666,24,20,4,0.35285749999988525,20,0,0,observed,equal_session_mean
640890,reward_withdrawal,1,pseudo,go,-1,engaged_1,-120.0,0.0,-60.0,4,4,4,0.9375,30,28,4,0.3651487499999746,28,0,0,observed,equal_session_mean
640890,reward_withdrawal,1,pseudo,go,0,engaged_1,0.0,120.0,60.0,4,4,4,0.9642857142857143,30,29,4,0.35062249999987216,29,0,0,observed,equal_session_mean
640890,reward_withdrawal,1,pseudo,go,1,engaged_1,120.0,240.0,180.0,4,4,4,1.0,21,21,4,0.3715774999998871,21,0,0,observed,equal_session_mean
640890,reward_withdrawal,1,pseudo,go,2,engaged_1,240.0,360.0,300.0,4,4,4,0.9285714285714286,23,21,4,0.3631774999999493,21,0,0,observed,equal_session_mean
640890,reward_withdrawal,1,real,catch,-3,engaged_1,-360.0,-240.0,-300.0,4,4,4,0.05,17,1,1,0.21241999999983818,1,0,3,observed,equal_session_mean
640890,reward_withdrawal,1,real,catch,-2,engaged_1,-240.0,-120.0,-180.0,4,4,4,0.20833333333333331,18,3,2,0.32500499999991916,3,0,2,observed,equal_session_mean
640890,reward_withdrawal,1,real,catch,-1,engaged_1,-120.0,0.0,-60.0,4,4,4,0.05,13,1,1,0.3789999999999054,1,0,3,observed,equal_session_mean
640890,reward_withdrawal,1,real,catch,0,no_reward,0.0,120.0,60.0,4,4,4,0.1125,16,2,2,0.32922499999995125,2,0,2,observed,equal_session_mean
640890,reward_withdrawal,1,real,catch,1,no_reward,120.0,240.0,180.0,4,4,4,0.0,17,0,0,,0,0,4,observed,equal_session_mean
640890,reward_withdrawal,1,real,catch,2,no_reward,240.0,360.0,300.0,4,4,4,0.21250000000000002,18,4,3,0.44359666666658387,4,0,1,observed,equal_session_mean
640890,reward_withdrawal,1,real,go,-3,engaged_1,-360.0,-240.0,-300.0,4,4,4,1.0,23,23,4,0.3609824999999205,23,0,0,observed,equal_session_mean
640890,reward_withdrawal,1,real,go,-2,engaged_1,-240.0,-120.0,-180.0,4,4,4,0.9642857142857143,25,24,4,0.36098125000006576,24,0,0,observed,equal_session_mean
640890,reward_withdrawal,1,real,go,-1,engaged_1,-120.0,0.0,-60.0,4,4,4,0.91875,23,21,4,0.3547687500000052,21,0,0,observed,equal_session_mean
640890,reward_withdrawal,1,real,go,0,no_reward,0.0,120.0,60.0,4,4,4,0.6924603174603174,28,19,4,0.397959999999955,19,0,0,observed,equal_session_mean
640890,reward_withdrawal,1,real,go,1,no_reward,120.0,240.0,180.0,4,4,4,0.3169642857142857,29,9,3,0.4235916666665768,9,0,1,observed,equal_session_mean
640890,reward_withdrawal,1,real,go,2,no_reward,240.0,360.0,300.0,4,4,4,0.2928571428571428,32,10,3,0.40973000000000565,10,0,1,observed,equal_session_mean
640890,reward_restoration,2,pseudo,catch,-3,no_reward,-360.0,-240.0,-300.0,4,4,4,0.05,19,1,1,0.21248000000014144,1,0,3,observed,equal_session_mean
640890,reward_restoration,2,pseudo,catch,-2,no_reward,-240.0,-120.0,-180.0,4,4,4,0.125,13,1,1,0.42933999999968364,1,0,3,observed,equal_session_mean
640890,reward_restoration,2,pseudo,catch,-1,no_reward,-120.0,0.0,-60.0,4,4,4,0.0,19,0,0,,0,0,4,observed,equal_session_mean
640890,reward_restoration,2,pseudo,catch,0,no_reward,0.0,120.0,60.0,4,4,4,0.0,22,0,0,,0,0,4,observed,equal_session_mean
640890,reward_restoration,2,pseudo,catch,1,no_reward,120.0,240.0,180.0,4,4,4,0.0,18,0,0,,0,0,4,observed,equal_session_mean
640890,reward_restoration,2,pseudo,catch,2,no_reward,240.0,360.0,300.0,4,4,4,0.0,16,0,0,,0,0,4,observed,equal_session_mean
640890,reward_restoration,2,pseudo,go,-3,no_reward,-360.0,-240.0,-300.0,4,4,4,0.35714285714285715,27,8,3,0.4707099999999779,8,0,1,observed,equal_session_mean
640890,reward_restoration,2,pseudo,go,-2,no_reward,-240.0,-120.0,-180.0,4,4,4,0.32936507936507936,33,11,3,0.44866333333341873,11,0,1,observed,equal_session_mean
640890,reward_restoration,2,pseudo,go,-1,no_reward,-120.0,0.0,-60.0,4,4,4,0.24196428571428572,29,7,3,0.4071166666667523,7,0,1,observed,equal_session_mean
640890,reward_restoration,2,pseudo,go,0,no_reward,0.0,120.0,60.0,4,4,4,0.19394841269841268,31,6,3,0.4682033333331977,6,0,1,observed,equal_session_mean
640890,reward_restoration,2,pseudo,go,1,no_reward,120.0,240.0,180.0,4,4,4,0.09821428571428571,32,3,2,0.5292649999998957,3,0,2,observed,equal_session_mean
640890,reward_restoration,2,pseudo,go,2,no_reward,240.0,360.0,300.0,4,4,4,0.3526785714285714,34,12,3,0.4155950000000151,12,0,1,observed,equal_session_mean
640890,reward_restoration,2,real,catch,-3,no_reward,-360.0,-240.0,-300.0,4,4,4,0.03571428571428571,22,1,1,0.5463100000001759,1,0,3,observed,equal_session_mean
640890,reward_restoration,2,real,catch,-2,no_reward,-240.0,-120.0,-180.0,4,4,4,0.0,16,0,0,,0,0,4,observed,equal_session_mean
640890,reward_restoration,2,real,catch,-1,no_reward,-120.0,0.0,-60.0,4,4,4,0.08333333333333333,18,2,1,0.6552949999997963,2,0,3,observed,equal_session_mean
640890,reward_restoration,2,real,catch,0,engaged_2,0.0,120.0,60.0,4,4,4,0.3125,12,4,2,0.30458000000021457,4,0,2,observed,equal_session_mean
640890,reward_restoration,2,real,catch,1,engaged_2,120.0,240.0,180.0,4,4,4,0.0625,16,1,1,0.36257000000023254,1,0,3,observed,equal_session_mean
640890,reward_restoration,2,real,catch,2,engaged_2,240.0,360.0,300.0,4,4,4,0.14583333333333331,18,2,2,0.3792450000005374,2,0,2,observed,equal_session_mean
640890,reward_restoration,2,real,go,-3,no_reward,-360.0,-240.0,-300.0,4,4,4,0.1380952380952381,31,4,3,0.46238000000001495,4,0,1,observed,equal_session_mean
640890,reward_restoration,2,real,go,-2,no_reward,-240.0,-120.0,-180.0,4,4,4,0.1611111111111111,36,6,3,0.45505999999992736,6,0,1,observed,equal_session_mean
640890,reward_restoration,2,real,go,-1,no_reward,-120.0,0.0,-60.0,4,4,4,0.20833333333333331,28,6,2,0.4866349999999784,6,0,2,observed,equal_session_mean
640890,reward_restoration,2,real,go,0,engaged_2,0.0,120.0,60.0,4,4,4,0.7875,18,14,4,0.3694124999998394,14,0,0,observed,equal_session_mean
640890,reward_restoration,2,real,go,1,engaged_2,120.0,240.0,180.0,4,4,4,0.875,30,27,4,0.3713725000004615,27,0,0,observed,equal_session_mean
640890,reward_restoration,2,real,go,2,engaged_2,240.0,360.0,300.0,4,4,4,0.9583333333333334,22,21,4,0.3630225000002838,21,0,0,observed,equal_session_mean
642504,reward_withdrawal,1,pseudo,catch,-3,engaged_1,-360.0,-240.0,-300.0,3,3,3,0.15873015873015872,13,2,2,0.3791849999998931,2,0,1,observed,equal_session_mean
642504,reward_withdrawal,1,pseudo,catch,-2,engaged_1,-240.0,-120.0,-180.0,3,3,3,0.13333333333333333,11,2,2,0.38751499999978023,2,0,1,observed,equal_session_mean
642504,reward_withdrawal,1,pseudo,catch,-1,engaged_1,-120.0,0.0,-60.0,3,3,3,0.0,11,0,0,,0,0,3,observed,equal_session_mean
642504,reward_withdrawal,1,pseudo,catch,0,engaged_1,0.0,120.0,60.0,3,3,3,0.3333333333333333,10,1,1,0.36245000000008076,1,0,2,observed,equal_session_mean
642504,reward_withdrawal,1,pseudo,catch,1,engaged_1,120.0,240.0,180.0,3,3,3,0.0,12,0,0,,0,0,3,observed,equal_session_mean
642504,reward_withdrawal,1,pseudo,catch,2,engaged_1,240.0,360.0,300.0,3,3,3,0.1111111111111111,13,1,1,0.32918000000017855,1,0,2,observed,equal_session_mean
642504,reward_withdrawal,1,pseudo,go,-3,engaged_1,-360.0,-240.0,-300.0,3,3,3,1.0,20,20,3,0.32127166666665136,20,0,0,observed,equal_session_mean
642504,reward_withdrawal,1,pseudo,go,-2,engaged_1,-240.0,-120.0,-180.0,3,3,3,1.0,19,19,3,0.32974499999992685,19,0,0,observed,equal_session_mean
642504,reward_withdrawal,1,pseudo,go,-1,engaged_1,-120.0,0.0,-60.0,3,3,3,0.8492063492063492,20,17,3,0.30465666666664976,17,0,0,observed,equal_session_mean
642504,reward_withdrawal,1,pseudo,go,0,engaged_1,0.0,120.0,60.0,3,3,3,0.9047619047619048,19,17,3,0.31306999999984936,17,0,0,observed,equal_session_mean
642504,reward_withdrawal,1,pseudo,go,1,engaged_1,120.0,240.0,180.0,3,3,3,0.9523809523809524,21,20,3,0.3185766666664828,20,0,0,observed,equal_session_mean
642504,reward_withdrawal,1,pseudo,go,2,engaged_1,240.0,360.0,300.0,3,3,3,1.0,20,20,3,0.3129350000000007,20,0,0,observed,equal_session_mean
642504,reward_withdrawal,1,real,catch,-3,engaged_1,-360.0,-240.0,-300.0,3,3,3,0.0,11,0,0,,0,0,3,observed,equal_session_mean
642504,reward_withdrawal,1,real,catch,-2,engaged_1,-240.0,-120.0,-180.0,3,3,3,0.06666666666666667,14,1,1,0.32918000000017855,1,0,2,observed,equal_session_mean
642504,reward_withdrawal,1,real,catch,-1,engaged_1,-120.0,0.0,-60.0,3,3,3,0.0,11,0,0,,0,0,3,observed,equal_session_mean
642504,reward_withdrawal,1,real,catch,0,no_reward,0.0,120.0,60.0,3,3,3,0.06666666666666667,17,1,1,0.3291100000001279,1,0,2,observed,equal_session_mean
642504,reward_withdrawal,1,real,catch,1,no_reward,120.0,240.0,180.0,3,3,3,0.0,10,0,0,,0,0,3,observed,equal_session_mean
642504,reward_withdrawal,1,real,catch,2,no_reward,240.0,360.0,300.0,3,3,3,0.0,17,0,0,,0,0,3,observed,equal_session_mean
642504,reward_withdrawal,1,real,go,-3,engaged_1,-360.0,-240.0,-300.0,3,3,3,0.9583333333333334,23,22,3,0.313003333333351,22,0,0,observed,equal_session_mean
642504,reward_withdrawal,1,real,go,-2,engaged_1,-240.0,-120.0,-180.0,3,3,3,0.9523809523809524,20,19,3,0.31025000000007213,19,0,0,observed,equal_session_mean
642504,reward_withdrawal,1,real,go,-1,engaged_1,-120.0,0.0,-60.0,3,3,3,0.9583333333333334,20,19,3,0.3129516666664737,19,0,0,observed,equal_session_mean
642504,reward_withdrawal,1,real,go,0,no_reward,0.0,120.0,60.0,3,3,3,0.7999999999999999,18,15,3,0.3541616666665656,15,0,0,observed,equal_session_mean
642504,reward_withdrawal,1,real,go,1,no_reward,120.0,240.0,180.0,3,3,3,0.31666666666666665,28,8,3,0.46257999999988897,8,0,0,observed,equal_session_mean
642504,reward_withdrawal,1,real,go,2,no_reward,240.0,360.0,300.0,3,3,3,0.24338624338624337,23,6,2,0.4166700000000674,6,0,1,observed,equal_session_mean
642504,reward_restoration,2,pseudo,catch,-3,no_reward,-360.0,-240.0,-300.0,3,3,2,0.0,12,0,0,,0,1,3,observed,equal_session_mean
642504,reward_restoration,2,pseudo,catch,-2,no_reward,-240.0,-120.0,-180.0,3,3,2,0.0,7,0,0,,0,1,3,observed,equal_session_mean
642504,reward_restoration,2,pseudo,catch,-1,no_reward,-120.0,0.0,-60.0,3,3,3,0.0,13,0,0,,0,0,3,observed,equal_session_mean
642504,reward_restoration,2,pseudo,catch,0,no_reward,0.0,120.0,60.0,3,3,3,0.0,12,0,0,,0,0,3,observed,equal_session_mean
642504,reward_restoration,2,pseudo,catch,1,no_reward,120.0,240.0,180.0,3,3,3,0.0,17,0,0,,0,0,3,observed,equal_session_mean
642504,reward_restoration,2,pseudo,catch,2,no_reward,240.0,360.0,300.0,3,3,3,0.0,12,0,0,,0,0,3,observed,equal_session_mean
642504,reward_restoration,2,pseudo,go,-3,no_reward,-360.0,-240.0,-300.0,3,3,2,0.14285714285714285,13,2,1,0.4873649999999543,2,1,2,observed,equal_session_mean
642504,reward_restoration,2,pseudo,go,-2,no_reward,-240.0,-120.0,-180.0,3,3,2,0.19285714285714284,17,3,2,0.5625349999999116,3,1,1,observed,equal_session_mean
642504,reward_restoration,2,pseudo,go,-1,no_reward,-120.0,0.0,-60.0,3,3,3,0.3100529100529101,26,8,3,0.4236466666667032,8,0,0,observed,equal_session_mean
642504,reward_restoration,2,pseudo,go,0,no_reward,0.0,120.0,60.0,3,3,3,0.1263227513227513,24,3,3,0.4125299999999091,3,0,0,observed,equal_session_mean
642504,reward_restoration,2,pseudo,go,1,no_reward,120.0,240.0,180.0,3,3,3,0.09722222222222221,22,2,2,0.38738000000012107,2,0,1,observed,equal_session_mean
642504,reward_restoration,2,pseudo,go,2,no_reward,240.0,360.0,300.0,3,3,3,0.0,27,0,0,,0,0,3,observed,equal_session_mean
642504,reward_restoration,2,real,catch,-3,no_reward,-360.0,-240.0,-300.0,3,3,3,0.0,19,0,0,,0,0,3,observed,equal_session_mean
642504,reward_restoration,2,real,catch,-2,no_reward,-240.0,-120.0,-180.0,3,3,3,0.0,11,0,0,,0,0,3,observed,equal_session_mean
642504,reward_restoration,2,real,catch,-1,no_reward,-120.0,0.0,-60.0,3,3,3,0.0,16,0,0,,0,0,3,observed,equal_session_mean
642504,reward_restoration,2,real,catch,0,engaged_2,0.0,120.0,60.0,3,3,3,0.0,8,0,0,,0,0,3,observed,equal_session_mean
642504,reward_restoration,2,real,catch,1,engaged_2,120.0,240.0,180.0,3,3,3,0.0,14,0,0,,0,0,3,observed,equal_session_mean
642504,reward_restoration,2,real,catch,2,engaged_2,240.0,360.0,300.0,3,3,3,0.06666666666666667,13,1,1,0.429229999999734,1,0,2,observed,equal_session_mean
642504,reward_restoration,2,real,go,-3,no_reward,-360.0,-240.0,-300.0,3,3,3,0.06666666666666667,21,1,1,0.5296699999998964,1,0,2,observed,equal_session_mean
642504,reward_restoration,2,real,go,-2,no_reward,-240.0,-120.0,-180.0,3,3,3,0.17777777777777778,25,4,2,0.49627750000001924,4,0,1,observed,equal_session_mean
642504,reward_restoration,2,real,go,-1,no_reward,-120.0,0.0,-60.0,3,3,3,0.10317460317460318,21,2,2,0.3375699999999142,2,0,1,observed,equal_session_mean
642504,reward_restoration,2,real,go,0,engaged_2,0.0,120.0,60.0,3,3,3,0.8301587301587302,18,15,3,0.3018966666668348,15,0,0,observed,equal_session_mean
642504,reward_restoration,2,real,go,1,engaged_2,120.0,240.0,180.0,3,3,3,0.9153439153439153,23,21,3,0.32698000000027605,21,0,0,observed,equal_session_mean
642504,reward_restoration,2,real,go,2,engaged_2,240.0,360.0,300.0,3,3,3,0.9583333333333334,19,18,3,0.321361666666841,18,0,0,observed,equal_session_mean
