subject_id,transition_id,transition_order,anchor_type,condition,bin_index,analysis_block,relative_trial_start,relative_trial_stop,relative_trial_center,n_sessions_inventory,n_sessions_in_analysis,n_sessions_response_contributing,response_probability,n_trials_contributing,n_responses_contributing,n_sessions_latency_contributing,mean_session_median_response_latency_seconds,n_latency_responses_contributing,n_sessions_response_missing,n_sessions_latency_missing,mouse_bin_status,within_mouse_aggregation
604914,reward_withdrawal,1,pseudo,catch,-3,engaged_1,-24,-17,-20.5,2,2,0,,0,0,0,,0,2,2,no_condition_trials,equal_session_mean
604914,reward_withdrawal,1,pseudo,catch,-2,engaged_1,-16,-9,-12.5,2,2,1,0.0,3,0,0,,0,1,2,observed,equal_session_mean
604914,reward_withdrawal,1,pseudo,catch,-1,engaged_1,-8,-1,-4.5,2,2,1,0.5,2,1,1,0.3933000000000675,1,1,1,observed,equal_session_mean
604914,reward_withdrawal,1,pseudo,catch,1,engaged_1,1,8,4.5,2,2,2,0.5,3,1,1,0.1943899999999985,1,0,1,observed,equal_session_mean
604914,reward_withdrawal,1,pseudo,catch,2,engaged_1,9,16,12.5,2,2,1,0.0,2,0,0,,0,1,2,observed,equal_session_mean
604914,reward_withdrawal,1,pseudo,catch,3,engaged_1,17,24,20.5,2,2,1,0.5,2,1,1,0.3447200000000521,1,1,1,observed,equal_session_mean
604914,reward_withdrawal,1,pseudo,go,-3,engaged_1,-24,-17,-20.5,2,2,0,,0,0,0,,0,2,2,no_condition_trials,equal_session_mean
604914,reward_withdrawal,1,pseudo,go,-2,engaged_1,-16,-9,-12.5,2,2,1,0.6,5,3,1,0.42870000000004893,3,1,1,observed,equal_session_mean
604914,reward_withdrawal,1,pseudo,go,-1,engaged_1,-8,-1,-4.5,2,2,1,0.5,6,3,1,0.5299300000000358,3,1,1,observed,equal_session_mean
604914,reward_withdrawal,1,pseudo,go,1,engaged_1,1,8,4.5,2,2,2,0.75,13,10,2,0.32790000000002806,10,0,0,observed,equal_session_mean
604914,reward_withdrawal,1,pseudo,go,2,engaged_1,9,16,12.5,2,2,1,0.6666666666666666,6,4,1,0.5617699999999672,4,1,1,observed,equal_session_mean
604914,reward_withdrawal,1,pseudo,go,3,engaged_1,17,24,20.5,2,2,1,0.6666666666666666,6,4,1,0.38726499999995667,4,1,1,observed,equal_session_mean
604914,reward_withdrawal,1,real,catch,-3,engaged_1,-24,-17,-20.5,2,2,1,0.3333333333333333,3,1,1,0.3447200000000521,1,1,1,observed,equal_session_mean
604914,reward_withdrawal,1,real,catch,-2,engaged_1,-16,-9,-12.5,2,2,2,0.5,4,2,1,0.1860849999999914,2,0,1,observed,equal_session_mean
604914,reward_withdrawal,1,real,catch,-1,engaged_1,-8,-1,-4.5,2,2,2,0.5,6,4,1,0.17798499999992146,4,0,1,observed,equal_session_mean
604914,reward_withdrawal,1,real,catch,1,no_reward,1,8,4.5,2,2,1,0.0,1,0,0,,0,1,2,observed,equal_session_mean
604914,reward_withdrawal,1,real,catch,2,no_reward,9,16,12.5,2,2,2,0.5,6,3,1,0.17799999999999727,3,0,1,observed,equal_session_mean
604914,reward_withdrawal,1,real,catch,3,no_reward,17,24,20.5,2,2,2,0.5,2,1,1,0.1756399999999303,1,0,1,observed,equal_session_mean
604914,reward_withdrawal,1,real,go,-3,engaged_1,-24,-17,-20.5,2,2,1,0.6,5,3,1,0.3621499999999287,3,1,1,observed,equal_session_mean
604914,reward_withdrawal,1,real,go,-2,engaged_1,-16,-9,-12.5,2,2,2,0.75,12,9,2,0.38699249999997676,9,0,0,observed,equal_session_mean
604914,reward_withdrawal,1,real,go,-1,engaged_1,-8,-1,-4.5,2,2,2,0.5833333333333334,10,5,2,0.3279974999999524,5,0,0,observed,equal_session_mean
604914,reward_withdrawal,1,real,go,1,no_reward,1,8,4.5,2,2,2,0.5,15,8,1,0.178154999999947,8,0,1,observed,equal_session_mean
604914,reward_withdrawal,1,real,go,2,no_reward,9,16,12.5,2,2,2,0.5,10,5,1,0.1783100000000104,5,0,1,observed,equal_session_mean
604914,reward_withdrawal,1,real,go,3,no_reward,17,24,20.5,2,2,2,0.5,14,7,1,0.17787999999995918,7,0,1,observed,equal_session_mean
604914,reward_restoration,2,pseudo,catch,-3,no_reward,-24,-17,-20.5,2,2,2,0.5,3,2,1,0.1779350000000477,2,0,1,observed,equal_session_mean
604914,reward_restoration,2,pseudo,catch,-2,no_reward,-16,-9,-12.5,2,2,2,0.5,4,2,1,0.17764999999997144,2,0,1,observed,equal_session_mean
604914,reward_restoration,2,pseudo,catch,-1,no_reward,-8,-1,-4.5,2,2,2,0.5,4,2,1,0.18692999999996118,2,0,1,observed,equal_session_mean
604914,reward_restoration,2,pseudo,catch,1,no_reward,1,8,4.5,2,2,2,0.5,4,2,1,0.1783949999999095,2,0,1,observed,equal_session_mean
604914,reward_restoration,2,pseudo,catch,2,no_reward,9,16,12.5,2,2,2,0.5,4,2,1,0.1783899999999221,2,0,1,observed,equal_session_mean
604914,reward_restoration,2,pseudo,catch,3,no_reward,17,24,20.5,2,2,2,0.5,4,2,1,0.17785000000003492,2,0,1,observed,equal_session_mean
604914,reward_restoration,2,pseudo,go,-3,no_reward,-24,-17,-20.5,2,2,2,0.7142857142857143,13,9,2,0.32006500000005644,9,0,0,observed,equal_session_mean
604914,reward_restoration,2,pseudo,go,-2,no_reward,-16,-9,-12.5,2,2,2,0.5833333333333334,12,7,2,0.4119324999999776,7,0,0,observed,equal_session_mean
604914,reward_restoration,2,pseudo,go,-1,no_reward,-8,-1,-4.5,2,2,2,0.5,12,6,1,0.17820499999993444,6,0,1,observed,equal_session_mean
604914,reward_restoration,2,pseudo,go,1,no_reward,1,8,4.5,2,2,2,0.5,12,6,1,0.17814000000009855,6,0,1,observed,equal_session_mean
604914,reward_restoration,2,pseudo,go,2,no_reward,9,16,12.5,2,2,2,0.5833333333333334,12,7,2,0.4034624999999892,7,0,0,observed,equal_session_mean
604914,reward_restoration,2,pseudo,go,3,no_reward,17,24,20.5,2,2,2,0.5,12,6,1,0.17843499999992218,6,0,1,observed,equal_session_mean
604914,reward_restoration,2,real,catch,-3,no_reward,-24,-17,-20.5,2,2,2,0.5,2,1,1,0.1785700000000361,1,0,1,observed,equal_session_mean
604914,reward_restoration,2,real,catch,-2,no_reward,-16,-9,-12.5,2,2,2,0.5,6,3,1,0.17797999999993408,3,0,1,observed,equal_session_mean
604914,reward_restoration,2,real,catch,-1,no_reward,-8,-1,-4.5,2,2,2,0.5,2,1,1,0.17552999999998065,1,0,1,observed,equal_session_mean
604914,reward_restoration,2,real,catch,1,engaged_2,1,8,4.5,2,2,1,0.0,3,0,0,,0,1,2,observed,equal_session_mean
604914,reward_restoration,2,real,catch,2,engaged_2,9,16,12.5,2,2,2,0.5,5,3,1,0.17812000000003536,3,0,1,observed,equal_session_mean
604914,reward_restoration,2,real,catch,3,engaged_2,17,24,20.5,2,2,2,0.5,4,2,1,0.17785499999990861,2,0,1,observed,equal_session_mean
604914,reward_restoration,2,real,go,-3,no_reward,-24,-17,-20.5,2,2,2,0.5714285714285714,14,8,2,0.461954999999989,8,0,0,observed,equal_session_mean
604914,reward_restoration,2,real,go,-2,no_reward,-16,-9,-12.5,2,2,2,0.5,10,5,1,0.17826999999988402,5,0,1,observed,equal_session_mean
604914,reward_restoration,2,real,go,-1,no_reward,-8,-1,-4.5,2,2,2,0.5,14,7,1,0.1784299999999348,7,0,1,observed,equal_session_mean
604914,reward_restoration,2,real,go,1,engaged_2,1,8,4.5,2,2,2,0.5,13,8,1,0.17855999999983396,8,0,1,observed,equal_session_mean
604914,reward_restoration,2,real,go,2,engaged_2,9,16,12.5,2,2,2,0.5,11,5,1,0.1778599999997823,5,0,1,observed,equal_session_mean
604914,reward_restoration,2,real,go,3,engaged_2,17,24,20.5,2,2,2,0.5,12,6,1,0.18650000000002365,6,0,1,observed,equal_session_mean
607660,reward_withdrawal,1,pseudo,catch,-3,engaged_1,-24,-17,-20.5,4,4,2,0.0,5,0,0,,0,2,4,observed,equal_session_mean
607660,reward_withdrawal,1,pseudo,catch,-2,engaged_1,-16,-9,-12.5,4,4,2,0.5,3,2,1,0.32804000000000144,2,2,3,observed,equal_session_mean
607660,reward_withdrawal,1,pseudo,catch,-1,engaged_1,-8,-1,-4.5,4,4,4,0.0,10,0,0,,0,0,4,observed,equal_session_mean
607660,reward_withdrawal,1,pseudo,catch,1,engaged_1,1,8,4.5,4,4,4,0.20833333333333331,9,2,2,0.41145499999998947,2,0,2,observed,equal_session_mean
607660,reward_withdrawal,1,pseudo,catch,2,engaged_1,9,16,12.5,4,4,3,0.3333333333333333,5,1,1,0.394909999999868,1,1,3,observed,equal_session_mean
607660,reward_withdrawal,1,pseudo,catch,3,engaged_1,17,24,20.5,4,4,2,0.0,7,0,0,,0,2,4,observed,equal_session_mean
607660,reward_withdrawal,1,pseudo,go,-3,engaged_1,-24,-17,-20.5,4,4,2,0.3666666666666667,11,4,2,0.4333299999999909,4,2,2,observed,equal_session_mean
607660,reward_withdrawal,1,pseudo,go,-2,engaged_1,-16,-9,-12.5,4,4,3,0.4067460317460318,21,9,3,0.4622600000000337,9,1,1,observed,equal_session_mean
607660,reward_withdrawal,1,pseudo,go,-1,engaged_1,-8,-1,-4.5,4,4,4,0.5416666666666667,22,12,4,0.342796250000017,12,0,0,observed,equal_session_mean
607660,reward_withdrawal,1,pseudo,go,1,engaged_1,1,8,4.5,4,4,4,0.5035714285714286,23,12,4,0.4688574999999844,12,0,0,observed,equal_session_mean
607660,reward_withdrawal,1,pseudo,go,2,engaged_1,9,16,12.5,4,4,4,0.5776785714285715,27,16,4,0.4262812499999882,16,0,0,observed,equal_session_mean
607660,reward_withdrawal,1,pseudo,go,3,engaged_1,17,24,20.5,4,4,2,0.475,9,4,2,0.4622150000000147,4,2,2,observed,equal_session_mean
607660,reward_withdrawal,1,real,catch,-3,engaged_1,-24,-17,-20.5,4,4,4,0.25,8,2,2,0.41145499999998947,2,0,2,observed,equal_session_mean
607660,reward_withdrawal,1,real,catch,-2,engaged_1,-16,-9,-12.5,4,4,4,0.0,6,0,0,,0,0,4,observed,equal_session_mean
607660,reward_withdrawal,1,real,catch,-1,engaged_1,-8,-1,-4.5,4,4,4,0.16666666666666666,8,2,1,0.3115949999998975,2,0,3,observed,equal_session_mean
607660,reward_withdrawal,1,real,catch,1,no_reward,1,8,4.5,4,4,4,0.16666666666666666,9,2,1,0.2613600000000247,2,0,3,observed,equal_session_mean
607660,reward_withdrawal,1,real,catch,2,no_reward,9,16,12.5,4,4,4,0.20833333333333331,10,2,2,0.45357000000001335,2,0,2,observed,equal_session_mean
607660,reward_withdrawal,1,real,catch,3,no_reward,17,24,20.5,4,4,4,0.125,6,1,1,0.5951699999998254,1,0,3,observed,equal_session_mean
607660,reward_withdrawal,1,real,go,-3,engaged_1,-24,-17,-20.5,4,4,4,0.375,24,9,4,0.3995974999999845,9,0,0,observed,equal_session_mean
607660,reward_withdrawal,1,real,go,-2,engaged_1,-16,-9,-12.5,4,4,4,0.6547619047619048,26,17,4,0.4371649999999647,17,0,0,observed,equal_session_mean
607660,reward_withdrawal,1,real,go,-1,engaged_1,-8,-1,-4.5,4,4,4,0.5773809523809523,24,13,4,0.42906499999998005,13,0,0,observed,equal_session_mean
607660,reward_withdrawal,1,real,go,1,no_reward,1,8,4.5,4,4,4,0.3,23,7,4,0.3366062499999174,7,0,0,observed,equal_session_mean
607660,reward_withdrawal,1,real,go,2,no_reward,9,16,12.5,4,4,4,0.27499999999999997,22,6,3,0.34206333333327166,6,0,1,observed,equal_session_mean
607660,reward_withdrawal,1,real,go,3,no_reward,17,24,20.5,4,4,4,0.10714285714285714,26,3,2,0.4114549999998758,3,0,2,observed,equal_session_mean
607660,reward_restoration,2,pseudo,catch,-3,no_reward,-24,-17,-20.5,4,4,4,0.125,7,1,1,0.3617699999999786,1,0,3,observed,equal_session_mean
607660,reward_restoration,2,pseudo,catch,-2,no_reward,-16,-9,-12.5,4,4,4,0.125,9,1,1,0.2949399999997695,1,0,3,observed,equal_session_mean
607660,reward_restoration,2,pseudo,catch,-1,no_reward,-8,-1,-4.5,4,4,4,0.0,9,0,0,,0,0,4,observed,equal_session_mean
607660,reward_restoration,2,pseudo,catch,1,no_reward,1,8,4.5,4,4,4,0.0,7,0,0,,0,0,4,observed,equal_session_mean
607660,reward_restoration,2,pseudo,catch,2,no_reward,9,16,12.5,4,4,4,0.08333333333333333,8,1,1,0.6284899999998288,1,0,3,observed,equal_session_mean
607660,reward_restoration,2,pseudo,catch,3,no_reward,17,24,20.5,4,4,4,0.0,8,0,0,,0,0,4,observed,equal_session_mean
607660,reward_restoration,2,pseudo,go,-3,no_reward,-24,-17,-20.5,4,4,4,0.07738095238095238,25,2,2,0.4951650000000427,2,0,2,observed,equal_session_mean
607660,reward_restoration,2,pseudo,go,-2,no_reward,-16,-9,-12.5,4,4,4,0.25,23,6,3,0.536568333333245,6,0,1,observed,equal_session_mean
607660,reward_restoration,2,pseudo,go,-1,no_reward,-8,-1,-4.5,4,4,4,0.125,23,3,2,0.46185499999995727,3,0,2,observed,equal_session_mean
607660,reward_restoration,2,pseudo,go,1,no_reward,1,8,4.5,4,4,4,0.1607142857142857,25,4,3,0.4749566666666472,4,0,1,observed,equal_session_mean
607660,reward_restoration,2,pseudo,go,2,no_reward,9,16,12.5,4,4,4,0.08333333333333333,24,2,1,0.5201799999999821,2,0,3,observed,equal_session_mean
607660,reward_restoration,2,pseudo,go,3,no_reward,17,24,20.5,4,4,4,0.12142857142857143,24,3,2,0.415892499999984,3,0,2,observed,equal_session_mean
607660,reward_restoration,2,real,catch,-3,no_reward,-24,-17,-20.5,4,4,4,0.0,9,0,0,,0,0,4,observed,equal_session_mean
607660,reward_restoration,2,real,catch,-2,no_reward,-16,-9,-12.5,4,4,4,0.125,8,1,1,0.3781300000000556,1,0,3,observed,equal_session_mean
607660,reward_restoration,2,real,catch,-1,no_reward,-8,-1,-4.5,4,4,4,0.0,8,0,0,,0,0,4,observed,equal_session_mean
607660,reward_restoration,2,real,catch,1,engaged_2,1,8,4.5,4,4,4,0.25,8,1,1,0.34519000000000233,1,0,3,observed,equal_session_mean
607660,reward_restoration,2,real,catch,2,engaged_2,9,16,12.5,4,4,4,0.0,9,0,0,,0,0,4,observed,equal_session_mean
607660,reward_restoration,2,real,catch,3,engaged_2,17,24,20.5,4,4,4,0.08333333333333333,8,1,1,0.4114699999995537,1,0,3,observed,equal_session_mean
607660,reward_restoration,2,real,go,-3,no_reward,-24,-17,-20.5,4,4,4,0.08571428571428572,23,2,2,0.41990499999997155,2,0,2,observed,equal_session_mean
607660,reward_restoration,2,real,go,-2,no_reward,-16,-9,-12.5,4,4,4,0.0,24,0,0,,0,0,4,observed,equal_session_mean
607660,reward_restoration,2,real,go,-1,no_reward,-8,-1,-4.5,4,4,4,0.20833333333333331,24,5,3,0.5617033333332984,5,0,1,observed,equal_session_mean
607660,reward_restoration,2,real,go,1,engaged_2,1,8,4.5,4,4,4,0.2767857142857143,24,7,3,0.3785549999997784,7,0,1,observed,equal_session_mean
607660,reward_restoration,2,real,go,2,engaged_2,9,16,12.5,4,4,4,0.3214285714285714,23,7,3,0.4539750000000519,7,0,1,observed,equal_session_mean
607660,reward_restoration,2,real,go,3,engaged_2,17,24,20.5,4,4,4,0.35238095238095235,24,8,4,0.4249574999998913,8,0,0,observed,equal_session_mean
608671,reward_withdrawal,1,pseudo,catch,-3,engaged_1,-24,-17,-20.5,4,4,3,0.1111111111111111,8,1,1,0.4784400000000346,1,1,3,observed,equal_session_mean
608671,reward_withdrawal,1,pseudo,catch,-2,engaged_1,-16,-9,-12.5,4,4,3,0.0,6,0,0,,0,1,4,observed,equal_session_mean
608671,reward_withdrawal,1,pseudo,catch,-1,engaged_1,-8,-1,-4.5,4,4,4,0.25,8,1,1,0.5447500000000218,1,0,3,observed,equal_session_mean
608671,reward_withdrawal,1,pseudo,catch,1,engaged_1,1,8,4.5,4,4,4,0.125,6,1,1,0.5950800000000527,1,0,3,observed,equal_session_mean
608671,reward_withdrawal,1,pseudo,catch,2,engaged_1,9,16,12.5,4,4,4,0.125,9,1,1,0.47820999999987635,1,0,3,observed,equal_session_mean
608671,reward_withdrawal,1,pseudo,catch,3,engaged_1,17,24,20.5,4,4,4,0.0,7,0,0,,0,0,4,observed,equal_session_mean
608671,reward_withdrawal,1,pseudo,go,-3,engaged_1,-24,-17,-20.5,4,4,3,0.6777777777777777,16,11,3,0.47933666666665903,11,1,1,observed,equal_session_mean
608671,reward_withdrawal,1,pseudo,go,-2,engaged_1,-16,-9,-12.5,4,4,3,0.30158730158730157,18,6,2,0.5210400000000277,6,1,2,observed,equal_session_mean
608671,reward_withdrawal,1,pseudo,go,-1,engaged_1,-8,-1,-4.5,4,4,4,0.4928571428571429,24,12,4,0.5121737500000165,12,0,0,observed,equal_session_mean
608671,reward_withdrawal,1,pseudo,go,1,engaged_1,1,8,4.5,4,4,4,0.41666666666666663,26,11,3,0.47344666666667007,11,0,1,observed,equal_session_mean
608671,reward_withdrawal,1,pseudo,go,2,engaged_1,9,16,12.5,4,4,4,0.5666666666666667,23,13,4,0.4873387499999495,13,0,0,observed,equal_session_mean
608671,reward_withdrawal,1,pseudo,go,3,engaged_1,17,24,20.5,4,4,4,0.6011904761904762,25,15,4,0.5145462499999525,15,0,0,observed,equal_session_mean
608671,reward_withdrawal,1,real,catch,-3,engaged_1,-24,-17,-20.5,4,4,4,0.0,7,0,0,,0,0,4,observed,equal_session_mean
608671,reward_withdrawal,1,real,catch,-2,engaged_1,-16,-9,-12.5,4,4,4,0.08333333333333333,8,1,1,0.47820999999987635,1,0,3,observed,equal_session_mean
608671,reward_withdrawal,1,real,catch,-1,engaged_1,-8,-1,-4.5,4,4,4,0.0,8,0,0,,0,0,4,observed,equal_session_mean
608671,reward_withdrawal,1,real,catch,1,no_reward,1,8,4.5,4,4,4,0.25,6,1,1,0.5282399999998688,1,0,3,observed,equal_session_mean
608671,reward_withdrawal,1,real,catch,2,no_reward,9,16,12.5,4,4,4,0.0,10,0,0,,0,0,4,observed,equal_session_mean
608671,reward_withdrawal,1,real,catch,3,no_reward,17,24,20.5,4,4,4,0.08333333333333333,9,1,1,0.16140999999993255,1,0,3,observed,equal_session_mean
608671,reward_withdrawal,1,real,go,-3,engaged_1,-24,-17,-20.5,4,4,4,0.5869047619047619,25,14,4,0.4376249999999402,14,0,0,observed,equal_session_mean
608671,reward_withdrawal,1,real,go,-2,engaged_1,-16,-9,-12.5,4,4,4,0.4630952380952381,24,11,4,0.5626349999999718,11,0,0,observed,equal_session_mean
608671,reward_withdrawal,1,real,go,-1,engaged_1,-8,-1,-4.5,4,4,4,0.4654761904761905,24,11,4,0.458281249999942,11,0,0,observed,equal_session_mean
608671,reward_withdrawal,1,real,go,1,no_reward,1,8,4.5,4,4,4,0.2976190476190476,26,8,4,0.4950987499999684,8,0,0,observed,equal_session_mean
608671,reward_withdrawal,1,real,go,2,no_reward,9,16,12.5,4,4,4,0.08333333333333333,22,2,1,0.54553999999996,2,0,3,observed,equal_session_mean
608671,reward_withdrawal,1,real,go,3,no_reward,17,24,20.5,4,4,4,0.05,23,1,1,0.4952900000000682,1,0,3,observed,equal_session_mean
608671,reward_restoration,2,pseudo,catch,-3,no_reward,-24,-17,-20.5,4,4,4,0.0,9,0,0,,0,0,4,observed,equal_session_mean
608671,reward_restoration,2,pseudo,catch,-2,no_reward,-16,-9,-12.5,4,4,4,0.0,6,0,0,,0,0,4,observed,equal_session_mean
608671,reward_restoration,2,pseudo,catch,-1,no_reward,-8,-1,-4.5,4,4,4,0.0,10,0,0,,0,0,4,observed,equal_session_mean
608671,reward_restoration,2,pseudo,catch,1,no_reward,1,8,4.5,4,4,4,0.0,7,0,0,,0,0,4,observed,equal_session_mean
608671,reward_restoration,2,pseudo,catch,2,no_reward,9,16,12.5,4,4,4,0.0,7,0,0,,0,0,4,observed,equal_session_mean
608671,reward_restoration,2,pseudo,catch,3,no_reward,17,24,20.5,4,4,4,0.16666666666666666,8,2,1,0.3532599999998638,2,0,3,observed,equal_session_mean
608671,reward_restoration,2,pseudo,go,-3,no_reward,-24,-17,-20.5,4,4,4,0.041666666666666664,23,1,1,0.5113300000000436,1,0,3,observed,equal_session_mean
608671,reward_restoration,2,pseudo,go,-2,no_reward,-16,-9,-12.5,4,4,4,0.041666666666666664,26,1,1,0.5617499999998472,1,0,3,observed,equal_session_mean
608671,reward_restoration,2,pseudo,go,-1,no_reward,-8,-1,-4.5,4,4,4,0.0,22,0,0,,0,0,4,observed,equal_session_mean
608671,reward_restoration,2,pseudo,go,1,no_reward,1,8,4.5,4,4,4,0.14285714285714285,25,4,1,0.6285199999998667,4,0,3,observed,equal_session_mean
608671,reward_restoration,2,pseudo,go,2,no_reward,9,16,12.5,4,4,4,0.0,25,0,0,,0,0,4,observed,equal_session_mean
608671,reward_restoration,2,pseudo,go,3,no_reward,17,24,20.5,4,4,4,0.0,24,0,0,,0,0,4,observed,equal_session_mean
608671,reward_restoration,2,real,catch,-3,no_reward,-24,-17,-20.5,4,4,4,0.0,6,0,0,,0,0,4,observed,equal_session_mean
608671,reward_restoration,2,real,catch,-2,no_reward,-16,-9,-12.5,4,4,4,0.0,8,0,0,,0,0,4,observed,equal_session_mean
608671,reward_restoration,2,real,catch,-1,no_reward,-8,-1,-4.5,4,4,4,0.0,9,0,0,,0,0,4,observed,equal_session_mean
608671,reward_restoration,2,real,catch,1,engaged_2,1,8,4.5,4,4,4,0.125,8,1,1,0.7450599999997394,1,0,3,observed,equal_session_mean
608671,reward_restoration,2,real,catch,2,engaged_2,9,16,12.5,4,4,4,0.125,8,1,1,0.19441999999980908,1,0,3,observed,equal_session_mean
608671,reward_restoration,2,real,catch,3,engaged_2,17,24,20.5,4,4,4,0.0,9,0,0,,0,0,4,observed,equal_session_mean
608671,reward_restoration,2,real,go,-3,no_reward,-24,-17,-20.5,4,4,4,0.0,26,0,0,,0,0,4,observed,equal_session_mean
608671,reward_restoration,2,real,go,-2,no_reward,-16,-9,-12.5,4,4,4,0.0,24,0,0,,0,0,4,observed,equal_session_mean
608671,reward_restoration,2,real,go,-1,no_reward,-8,-1,-4.5,4,4,4,0.0,23,0,0,,0,0,4,observed,equal_session_mean
608671,reward_restoration,2,real,go,1,engaged_2,1,8,4.5,4,4,4,0.3535714285714286,24,9,3,0.5125333333332188,9,0,1,observed,equal_session_mean
608671,reward_restoration,2,real,go,2,engaged_2,9,16,12.5,4,4,4,0.16666666666666666,24,4,3,0.5871383333333142,4,0,1,observed,equal_session_mean
608671,reward_restoration,2,real,go,3,engaged_2,17,24,20.5,4,4,4,0.09166666666666667,23,2,2,0.562460000000101,2,0,2,observed,equal_session_mean
608672,reward_withdrawal,1,pseudo,catch,-3,engaged_1,-24,-17,-20.5,4,4,1,1.0,1,1,1,0.3778000000000077,1,3,3,observed,equal_session_mean
608672,reward_withdrawal,1,pseudo,catch,-2,engaged_1,-16,-9,-12.5,4,4,3,0.0,7,0,0,,0,1,4,observed,equal_session_mean
608672,reward_withdrawal,1,pseudo,catch,-1,engaged_1,-8,-1,-4.5,4,4,4,0.08333333333333333,10,1,1,0.34489999999999554,1,0,3,observed,equal_session_mean
608672,reward_withdrawal,1,pseudo,catch,1,engaged_1,1,8,4.5,4,4,4,0.3333333333333333,7,2,2,0.33601499999997486,2,0,2,observed,equal_session_mean
608672,reward_withdrawal,1,pseudo,catch,2,engaged_1,9,16,12.5,4,4,4,0.20833333333333331,10,2,2,0.4535749999999439,2,0,2,observed,equal_session_mean
608672,reward_withdrawal,1,pseudo,catch,3,engaged_1,17,24,20.5,4,4,2,0.0,2,0,0,,0,2,4,observed,equal_session_mean
608672,reward_withdrawal,1,pseudo,go,-3,engaged_1,-24,-17,-20.5,4,4,1,0.8571428571428571,7,6,1,0.3376350000000059,6,3,3,observed,equal_session_mean
608672,reward_withdrawal,1,pseudo,go,-2,engaged_1,-16,-9,-12.5,4,4,3,0.8777777777777778,17,15,3,0.37029666666667066,15,1,1,observed,equal_session_mean
608672,reward_withdrawal,1,pseudo,go,-1,engaged_1,-8,-1,-4.5,4,4,4,0.5916666666666667,22,13,4,0.36375500000004024,13,0,0,observed,equal_session_mean
608672,reward_withdrawal,1,pseudo,go,1,engaged_1,1,8,4.5,4,4,4,0.5285714285714286,25,13,4,0.3702524999999781,13,0,0,observed,equal_session_mean
608672,reward_withdrawal,1,pseudo,go,2,engaged_1,9,16,12.5,4,4,4,0.6,22,13,4,0.36857999999999436,13,0,0,observed,equal_session_mean
608672,reward_withdrawal,1,pseudo,go,3,engaged_1,17,24,20.5,4,4,2,0.7857142857142857,14,11,2,0.36265749999992636,11,2,2,observed,equal_session_mean
608672,reward_withdrawal,1,real,catch,-3,engaged_1,-24,-17,-20.5,4,4,4,0.20833333333333331,10,2,2,0.3115399999999795,2,0,2,observed,equal_session_mean
608672,reward_withdrawal,1,real,catch,-2,engaged_1,-16,-9,-12.5,4,4,4,0.25,6,1,1,0.6123099999998658,1,0,3,observed,equal_session_mean
608672,reward_withdrawal,1,real,catch,-1,engaged_1,-8,-1,-4.5,4,4,4,0.375,7,2,2,0.4035899999999515,2,0,2,observed,equal_session_mean
608672,reward_withdrawal,1,real,catch,1,no_reward,1,8,4.5,4,4,4,0.0,9,0,0,,0,0,4,observed,equal_session_mean
608672,reward_withdrawal,1,real,catch,2,no_reward,9,16,12.5,4,4,4,0.0,7,0,0,,0,0,4,observed,equal_session_mean
608672,reward_withdrawal,1,real,catch,3,no_reward,17,24,20.5,4,4,4,0.0,10,0,0,,0,0,4,observed,equal_session_mean
608672,reward_withdrawal,1,real,go,-3,engaged_1,-24,-17,-20.5,4,4,4,0.7166666666666667,22,16,4,0.36616749999997467,16,0,0,observed,equal_session_mean
608672,reward_withdrawal,1,real,go,-2,engaged_1,-16,-9,-12.5,4,4,4,0.5773809523809523,26,15,4,0.35347249999996677,15,0,0,observed,equal_session_mean
608672,reward_withdrawal,1,real,go,-1,engaged_1,-8,-1,-4.5,4,4,4,0.7559523809523809,25,19,4,0.3578987499999755,19,0,0,observed,equal_session_mean
608672,reward_withdrawal,1,real,go,1,no_reward,1,8,4.5,4,4,4,0.5666666666666667,23,13,4,0.372246249999975,13,0,0,observed,equal_session_mean
608672,reward_withdrawal,1,real,go,2,no_reward,9,16,12.5,4,4,4,0.20238095238095238,25,5,3,0.37295499999995246,5,0,1,observed,equal_session_mean
608672,reward_withdrawal,1,real,go,3,no_reward,17,24,20.5,4,4,4,0.09166666666666667,22,2,2,0.41154500000004646,2,0,2,observed,equal_session_mean
608672,reward_restoration,2,pseudo,catch,-3,no_reward,-24,-17,-20.5,4,4,4,0.0,9,0,0,,0,0,4,observed,equal_session_mean
608672,reward_restoration,2,pseudo,catch,-2,no_reward,-16,-9,-12.5,4,4,4,0.0,6,0,0,,0,0,4,observed,equal_session_mean
608672,reward_restoration,2,pseudo,catch,-1,no_reward,-8,-1,-4.5,4,4,4,0.0,10,0,0,,0,0,4,observed,equal_session_mean
608672,reward_restoration,2,pseudo,catch,1,no_reward,1,8,4.5,4,4,4,0.0,5,0,0,,0,0,4,observed,equal_session_mean
608672,reward_restoration,2,pseudo,catch,2,no_reward,9,16,12.5,4,4,4,0.0,8,0,0,,0,0,4,observed,equal_session_mean
608672,reward_restoration,2,pseudo,catch,3,no_reward,17,24,20.5,4,4,4,0.125,9,1,1,0.26173000000017055,1,0,3,observed,equal_session_mean
608672,reward_restoration,2,pseudo,go,-3,no_reward,-24,-17,-20.5,4,4,4,0.2928571428571428,23,7,2,0.42410499999994045,7,0,2,observed,equal_session_mean
608672,reward_restoration,2,pseudo,go,-2,no_reward,-16,-9,-12.5,4,4,4,0.22857142857142856,26,6,4,0.45547250000001327,6,0,0,observed,equal_session_mean
608672,reward_restoration,2,pseudo,go,-1,no_reward,-8,-1,-4.5,4,4,4,0.041666666666666664,22,1,1,0.2616299999999683,1,0,3,observed,equal_session_mean
608672,reward_restoration,2,pseudo,go,1,no_reward,1,8,4.5,4,4,4,0.10714285714285714,27,3,1,0.3450199999999768,3,0,3,observed,equal_session_mean
608672,reward_restoration,2,pseudo,go,2,no_reward,9,16,12.5,4,4,4,0.041666666666666664,24,1,1,0.3616099999999278,1,0,3,observed,equal_session_mean
608672,reward_restoration,2,pseudo,go,3,no_reward,17,24,20.5,4,4,4,0.09166666666666667,23,2,2,0.30340000000001055,2,0,2,observed,equal_session_mean
608672,reward_restoration,2,real,catch,-3,no_reward,-24,-17,-20.5,4,4,4,0.125,8,1,1,0.3281499999998232,1,0,3,observed,equal_session_mean
608672,reward_restoration,2,real,catch,-2,no_reward,-16,-9,-12.5,4,4,4,0.125,9,1,1,0.2953299999999217,1,0,3,observed,equal_session_mean
608672,reward_restoration,2,real,catch,-1,no_reward,-8,-1,-4.5,4,4,4,0.0,8,0,0,,0,0,4,observed,equal_session_mean
608672,reward_restoration,2,real,catch,1,engaged_2,1,8,4.5,4,4,4,0.5,7,3,2,0.36158999999963726,3,0,2,observed,equal_session_mean
608672,reward_restoration,2,real,catch,2,engaged_2,9,16,12.5,4,4,4,0.0,8,0,0,,0,0,4,observed,equal_session_mean
608672,reward_restoration,2,real,catch,3,engaged_2,17,24,20.5,4,4,4,0.125,9,1,1,0.4784100000001672,1,0,3,observed,equal_session_mean
608672,reward_restoration,2,real,go,-3,no_reward,-24,-17,-20.5,4,4,4,0.12499999999999999,24,3,2,0.353539999999839,3,0,2,observed,equal_session_mean
608672,reward_restoration,2,real,go,-2,no_reward,-16,-9,-12.5,4,4,4,0.041666666666666664,23,1,1,0.6283599999997023,1,0,3,observed,equal_session_mean
608672,reward_restoration,2,real,go,-1,no_reward,-8,-1,-4.5,4,4,4,0.08333333333333333,24,2,2,0.5118549999999686,2,0,2,observed,equal_session_mean
608672,reward_restoration,2,real,go,1,engaged_2,1,8,4.5,4,4,4,0.3214285714285714,25,8,4,0.4577399999999443,8,0,0,observed,equal_session_mean
608672,reward_restoration,2,real,go,2,engaged_2,9,16,12.5,4,4,4,0.34523809523809523,24,9,2,0.3995500000002039,9,0,2,observed,equal_session_mean
608672,reward_restoration,2,real,go,3,engaged_2,17,24,20.5,4,4,4,0.29166666666666663,23,7,2,0.3540175000001682,7,0,2,observed,equal_session_mean
611160,reward_withdrawal,1,pseudo,catch,-3,engaged_1,-24,-17,-20.5,3,3,0,,0,0,0,,0,3,3,no_condition_trials,equal_session_mean
611160,reward_withdrawal,1,pseudo,catch,-2,engaged_1,-16,-9,-12.5,3,3,2,0.16666666666666666,5,1,1,0.49311999999997624,1,1,2,observed,equal_session_mean
611160,reward_withdrawal,1,pseudo,catch,-1,engaged_1,-8,-1,-4.5,3,3,3,0.0,5,0,0,,0,0,3,observed,equal_session_mean
611160,reward_withdrawal,1,pseudo,catch,1,engaged_1,1,8,4.5,3,3,3,0.16666666666666666,8,1,1,0.21142999999995027,1,0,2,observed,equal_session_mean
611160,reward_withdrawal,1,pseudo,catch,2,engaged_1,9,16,12.5,3,3,3,0.1111111111111111,5,1,1,0.34469000000001415,1,0,2,observed,equal_session_mean
611160,reward_withdrawal,1,pseudo,catch,3,engaged_1,17,24,20.5,3,3,3,0.5,4,2,2,0.3946849999999813,2,0,1,observed,equal_session_mean
611160,reward_withdrawal,1,pseudo,go,-3,engaged_1,-24,-17,-20.5,3,3,0,,0,0,0,,0,3,3,no_condition_trials,equal_session_mean
611160,reward_withdrawal,1,pseudo,go,-2,engaged_1,-16,-9,-12.5,3,3,2,0.7333333333333334,11,8,2,0.3909499999999895,8,1,1,observed,equal_session_mean
611160,reward_withdrawal,1,pseudo,go,-1,engaged_1,-8,-1,-4.5,3,3,3,0.7936507936507936,19,15,3,0.40586666666670607,15,0,0,observed,equal_session_mean
611160,reward_withdrawal,1,pseudo,go,1,engaged_1,1,8,4.5,3,3,3,0.6222222222222222,16,10,3,0.39806833333330854,10,0,0,observed,equal_session_mean
611160,reward_withdrawal,1,pseudo,go,2,engaged_1,9,16,12.5,3,3,3,0.5523809523809523,19,10,3,0.38163333333329774,10,0,0,observed,equal_session_mean
611160,reward_withdrawal,1,pseudo,go,3,engaged_1,17,24,20.5,3,3,3,0.6984126984126985,20,14,3,0.391828333333289,14,0,0,observed,equal_session_mean
611160,reward_withdrawal,1,real,catch,-3,engaged_1,-24,-17,-20.5,3,3,3,0.0,7,0,0,,0,0,3,observed,equal_session_mean
611160,reward_withdrawal,1,real,catch,-2,engaged_1,-16,-9,-12.5,3,3,3,0.16666666666666666,4,1,1,0.34469000000001415,1,0,2,observed,equal_session_mean
611160,reward_withdrawal,1,real,catch,-1,engaged_1,-8,-1,-4.5,3,3,3,0.4444444444444444,6,2,2,0.3946849999999813,2,0,1,observed,equal_session_mean
611160,reward_withdrawal,1,real,catch,1,no_reward,1,8,4.5,3,3,3,0.0,8,0,0,,0,0,3,observed,equal_session_mean
611160,reward_withdrawal,1,real,catch,2,no_reward,9,16,12.5,3,3,3,0.0,4,0,0,,0,0,3,observed,equal_session_mean
611160,reward_withdrawal,1,real,catch,3,no_reward,17,24,20.5,3,3,3,0.0,6,0,0,,0,0,3,observed,equal_session_mean
611160,reward_withdrawal,1,real,go,-3,engaged_1,-24,-17,-20.5,3,3,3,0.5777777777777778,17,10,3,0.4039216666666145,10,0,0,observed,equal_session_mean
611160,reward_withdrawal,1,real,go,-2,engaged_1,-16,-9,-12.5,3,3,3,0.5079365079365079,20,10,3,0.38406333333328274,10,0,0,observed,equal_session_mean
611160,reward_withdrawal,1,real,go,-1,engaged_1,-8,-1,-4.5,3,3,3,0.7904761904761904,18,14,3,0.4230033333333078,14,0,0,observed,equal_session_mean
611160,reward_withdrawal,1,real,go,1,no_reward,1,8,4.5,3,3,3,0.4904761904761905,16,8,3,0.43688833333330496,8,0,0,observed,equal_session_mean
611160,reward_withdrawal,1,real,go,2,no_reward,9,16,12.5,3,3,3,0.5952380952380952,20,12,3,0.4224649999999883,12,0,0,observed,equal_session_mean
611160,reward_withdrawal,1,real,go,3,no_reward,17,24,20.5,3,3,3,0.2222222222222222,18,4,3,0.45083166666665875,4,0,0,observed,equal_session_mean
611160,reward_restoration,2,pseudo,catch,-3,no_reward,-24,-17,-20.5,3,3,3,0.0,6,0,0,,0,0,3,observed,equal_session_mean
611160,reward_restoration,2,pseudo,catch,-2,no_reward,-16,-9,-12.5,3,3,3,0.3333333333333333,3,1,1,0.561429999999973,1,0,2,observed,equal_session_mean
611160,reward_restoration,2,pseudo,catch,-1,no_reward,-8,-1,-4.5,3,3,3,0.0,7,0,0,,0,0,3,observed,equal_session_mean
611160,reward_restoration,2,pseudo,catch,1,no_reward,1,8,4.5,3,3,3,0.0,8,0,0,,0,0,3,observed,equal_session_mean
611160,reward_restoration,2,pseudo,catch,2,no_reward,9,16,12.5,3,3,3,0.0,4,0,0,,0,0,3,observed,equal_session_mean
611160,reward_restoration,2,pseudo,catch,3,no_reward,17,24,20.5,3,3,3,0.0,8,0,0,,0,0,3,observed,equal_session_mean
611160,reward_restoration,2,pseudo,go,-3,no_reward,-24,-17,-20.5,3,3,3,0.12222222222222223,18,2,2,0.4282850000000735,2,0,1,observed,equal_session_mean
611160,reward_restoration,2,pseudo,go,-2,no_reward,-16,-9,-12.5,3,3,3,0.14285714285714285,21,3,2,0.4326225000000363,3,0,1,observed,equal_session_mean
611160,reward_restoration,2,pseudo,go,-1,no_reward,-8,-1,-4.5,3,3,3,0.1111111111111111,17,2,2,0.42004000000008546,2,0,1,observed,equal_session_mean
611160,reward_restoration,2,pseudo,go,1,no_reward,1,8,4.5,3,3,3,0.16666666666666666,16,3,2,0.34459499999991294,3,0,1,observed,equal_session_mean
611160,reward_restoration,2,pseudo,go,2,no_reward,9,16,12.5,3,3,3,0.14285714285714285,20,3,2,0.5078149999999368,3,0,1,observed,equal_session_mean
611160,reward_restoration,2,pseudo,go,3,no_reward,17,24,20.5,3,3,3,0.2222222222222222,16,3,2,0.36615000000000464,3,0,1,observed,equal_session_mean
611160,reward_restoration,2,real,catch,-3,no_reward,-24,-17,-20.5,3,3,3,0.0,4,0,0,,0,0,3,observed,equal_session_mean
611160,reward_restoration,2,real,catch,-2,no_reward,-16,-9,-12.5,3,3,3,0.0,7,0,0,,0,0,3,observed,equal_session_mean
611160,reward_restoration,2,real,catch,-1,no_reward,-8,-1,-4.5,3,3,3,0.0,6,0,0,,0,0,3,observed,equal_session_mean
611160,reward_restoration,2,real,catch,1,engaged_2,1,8,4.5,3,3,3,0.0,4,0,0,,0,0,3,observed,equal_session_mean
611160,reward_restoration,2,real,catch,2,engaged_2,9,16,12.5,3,3,3,0.0,7,0,0,,0,0,3,observed,equal_session_mean
611160,reward_restoration,2,real,catch,3,engaged_2,17,24,20.5,3,3,3,0.0,6,0,0,,0,0,3,observed,equal_session_mean
611160,reward_restoration,2,real,go,-3,no_reward,-24,-17,-20.5,3,3,3,0.047619047619047616,20,1,1,0.5118699999998171,1,0,2,observed,equal_session_mean
611160,reward_restoration,2,real,go,-2,no_reward,-16,-9,-12.5,3,3,3,0.12222222222222223,17,2,2,0.3615599999998267,2,0,1,observed,equal_session_mean
611160,reward_restoration,2,real,go,-1,no_reward,-8,-1,-4.5,3,3,3,0.0,18,0,0,,0,0,3,observed,equal_session_mean
611160,reward_restoration,2,real,go,1,engaged_2,1,8,4.5,3,3,3,0.4523809523809524,20,9,3,0.40654333333327486,9,0,0,observed,equal_session_mean
611160,reward_restoration,2,real,go,2,engaged_2,9,16,12.5,3,3,3,0.3666666666666667,17,6,2,0.40378499999997075,6,0,1,observed,equal_session_mean
611160,reward_restoration,2,real,go,3,engaged_2,17,24,20.5,3,3,3,0.20952380952380953,18,4,2,0.45381499999984953,4,0,1,observed,equal_session_mean
611166,reward_withdrawal,1,pseudo,catch,-3,engaged_1,-24,-17,-20.5,4,4,1,0.0,3,0,0,,0,3,4,observed,equal_session_mean
611166,reward_withdrawal,1,pseudo,catch,-2,engaged_1,-16,-9,-12.5,4,4,3,0.16666666666666666,6,1,1,0.36151000000000977,1,1,3,observed,equal_session_mean
611166,reward_withdrawal,1,pseudo,catch,-1,engaged_1,-8,-1,-4.5,4,4,4,0.0,10,0,0,,0,0,4,observed,equal_session_mean
611166,reward_withdrawal,1,pseudo,catch,1,engaged_1,1,8,4.5,4,4,4,0.25,8,2,2,0.378029999999967,2,0,2,observed,equal_session_mean
611166,reward_withdrawal,1,pseudo,catch,2,engaged_1,9,16,12.5,4,4,4,0.25,9,2,2,0.42023000000000366,2,0,2,observed,equal_session_mean
611166,reward_withdrawal,1,pseudo,catch,3,engaged_1,17,24,20.5,4,4,2,0.0,4,0,0,,0,2,4,observed,equal_session_mean
611166,reward_withdrawal,1,pseudo,go,-3,engaged_1,-24,-17,-20.5,4,4,2,0.2875,13,4,2,0.6130300000000091,4,2,2,observed,equal_session_mean
611166,reward_withdrawal,1,pseudo,go,-2,engaged_1,-16,-9,-12.5,4,4,3,0.6666666666666666,18,12,3,0.4842050000000124,12,1,1,observed,equal_session_mean
611166,reward_withdrawal,1,pseudo,go,-1,engaged_1,-8,-1,-4.5,4,4,4,0.6071428571428572,22,13,4,0.5471549999999752,13,0,0,observed,equal_session_mean
611166,reward_withdrawal,1,pseudo,go,1,engaged_1,1,8,4.5,4,4,4,0.35714285714285715,24,9,3,0.4097549999999425,9,0,1,observed,equal_session_mean
611166,reward_withdrawal,1,pseudo,go,2,engaged_1,9,16,12.5,4,4,4,0.5166666666666666,23,12,4,0.5344987499999831,12,0,0,observed,equal_session_mean
611166,reward_withdrawal,1,pseudo,go,3,engaged_1,17,24,20.5,4,4,2,0.5,12,6,2,0.4832274999999129,6,2,2,observed,equal_session_mean
611166,reward_withdrawal,1,real,catch,-3,engaged_1,-24,-17,-20.5,4,4,4,0.08333333333333333,11,1,1,0.32781999999997424,1,0,3,observed,equal_session_mean
611166,reward_withdrawal,1,real,catch,-2,engaged_1,-16,-9,-12.5,4,4,4,0.08333333333333333,7,1,1,0.5460199999999986,1,0,3,observed,equal_session_mean
611166,reward_withdrawal,1,real,catch,-1,engaged_1,-8,-1,-4.5,4,4,4,0.125,8,1,1,0.2944400000000087,1,0,3,observed,equal_session_mean
611166,reward_withdrawal,1,real,catch,1,no_reward,1,8,4.5,4,4,4,0.0,7,0,0,,0,0,4,observed,equal_session_mean
611166,reward_withdrawal,1,real,catch,2,no_reward,9,16,12.5,4,4,4,0.0,8,0,0,,0,0,4,observed,equal_session_mean
611166,reward_withdrawal,1,real,catch,3,no_reward,17,24,20.5,4,4,4,0.125,6,1,1,0.21136999999998807,1,0,3,observed,equal_session_mean
611166,reward_withdrawal,1,real,go,-3,engaged_1,-24,-17,-20.5,4,4,4,0.4303571428571429,21,9,3,0.43706833333332423,9,0,1,observed,equal_session_mean
611166,reward_withdrawal,1,real,go,-2,engaged_1,-16,-9,-12.5,4,4,4,0.5119047619047619,25,12,4,0.48044374999999206,12,0,0,observed,equal_session_mean
611166,reward_withdrawal,1,real,go,-1,engaged_1,-8,-1,-4.5,4,4,4,0.4928571428571428,24,12,4,0.5118249999999591,12,0,0,observed,equal_session_mean
611166,reward_withdrawal,1,real,go,1,no_reward,1,8,4.5,4,4,4,0.31547619047619047,25,8,4,0.5971799999999376,8,0,0,observed,equal_session_mean
611166,reward_withdrawal,1,real,go,2,no_reward,9,16,12.5,4,4,4,0.375,24,9,4,0.5031312499999103,9,0,0,observed,equal_session_mean
611166,reward_withdrawal,1,real,go,3,no_reward,17,24,20.5,4,4,4,0.19642857142857142,26,5,4,0.311106250000023,5,0,0,observed,equal_session_mean
611166,reward_restoration,2,pseudo,catch,-3,no_reward,-24,-17,-20.5,4,4,4,0.0,8,0,0,,0,0,4,observed,equal_session_mean
611166,reward_restoration,2,pseudo,catch,-2,no_reward,-16,-9,-12.5,4,4,4,0.0,7,0,0,,0,0,4,observed,equal_session_mean
611166,reward_restoration,2,pseudo,catch,-1,no_reward,-8,-1,-4.5,4,4,4,0.0,8,0,0,,0,0,4,observed,equal_session_mean
611166,reward_restoration,2,pseudo,catch,1,no_reward,1,8,4.5,4,4,4,0.125,7,1,1,0.4613999999999123,1,0,3,observed,equal_session_mean
611166,reward_restoration,2,pseudo,catch,2,no_reward,9,16,12.5,4,4,4,0.08333333333333333,9,1,1,0.34514999999987594,1,0,3,observed,equal_session_mean
611166,reward_restoration,2,pseudo,catch,3,no_reward,17,24,20.5,4,4,4,0.0,7,0,0,,0,0,4,observed,equal_session_mean
611166,reward_restoration,2,pseudo,go,-3,no_reward,-24,-17,-20.5,4,4,4,0.08333333333333333,24,2,2,0.40269999999998163,2,0,2,observed,equal_session_mean
611166,reward_restoration,2,pseudo,go,-2,no_reward,-16,-9,-12.5,4,4,4,0.08571428571428572,25,2,2,0.5869049999998879,2,0,2,observed,equal_session_mean
611166,reward_restoration,2,pseudo,go,-1,no_reward,-8,-1,-4.5,4,4,4,0.1607142857142857,24,4,3,0.31377999999991363,4,0,1,observed,equal_session_mean
611166,reward_restoration,2,pseudo,go,1,no_reward,1,8,4.5,4,4,4,0.11309523809523808,25,3,2,0.331967499999962,3,0,2,observed,equal_session_mean
611166,reward_restoration,2,pseudo,go,2,no_reward,9,16,12.5,4,4,4,0.19166666666666668,23,4,3,0.46950666666657526,4,0,1,observed,equal_session_mean
611166,reward_restoration,2,pseudo,go,3,no_reward,17,24,20.5,4,4,4,0.05,25,1,1,0.5117099999999937,1,0,3,observed,equal_session_mean
611166,reward_restoration,2,real,catch,-3,no_reward,-24,-17,-20.5,4,4,4,0.0,6,0,0,,0,0,4,observed,equal_session_mean
611166,reward_restoration,2,real,catch,-2,no_reward,-16,-9,-12.5,4,4,4,0.0,6,0,0,,0,0,4,observed,equal_session_mean
611166,reward_restoration,2,real,catch,-1,no_reward,-8,-1,-4.5,4,4,4,0.0,8,0,0,,0,0,4,observed,equal_session_mean
611166,reward_restoration,2,real,catch,1,engaged_2,1,8,4.5,4,4,4,0.25,9,1,1,0.47792000000026746,1,0,3,observed,equal_session_mean
611166,reward_restoration,2,real,catch,2,engaged_2,9,16,12.5,4,4,4,0.0,8,0,0,,0,0,4,observed,equal_session_mean
611166,reward_restoration,2,real,catch,3,engaged_2,17,24,20.5,4,4,4,0.0,7,0,0,,0,0,4,observed,equal_session_mean
611166,reward_restoration,2,real,go,-3,no_reward,-24,-17,-20.5,4,4,4,0.11904761904761904,26,3,3,0.4945766666666411,3,0,1,observed,equal_session_mean
611166,reward_restoration,2,real,go,-2,no_reward,-16,-9,-12.5,4,4,4,0.041666666666666664,26,1,1,0.22769999999991342,1,0,3,observed,equal_session_mean
611166,reward_restoration,2,real,go,-1,no_reward,-8,-1,-4.5,4,4,4,0.041666666666666664,24,1,1,0.2946900000001733,1,0,3,observed,equal_session_mean
611166,reward_restoration,2,real,go,1,engaged_2,1,8,4.5,4,4,4,0.31547619047619047,23,8,2,0.5041599999999562,8,0,2,observed,equal_session_mean
611166,reward_restoration,2,real,go,2,engaged_2,9,16,12.5,4,4,4,0.325,24,7,2,0.573827499999993,7,0,2,observed,equal_session_mean
611166,reward_restoration,2,real,go,3,engaged_2,17,24,20.5,4,4,4,0.22619047619047616,25,6,3,0.585981666666612,6,0,1,observed,equal_session_mean
612090,reward_withdrawal,1,pseudo,catch,-3,engaged_1,-24,-17,-20.5,4,4,3,0.0,6,0,0,,0,1,4,observed,equal_session_mean
612090,reward_withdrawal,1,pseudo,catch,-2,engaged_1,-16,-9,-12.5,4,4,4,0.125,8,1,1,0.44497999999998683,1,0,3,observed,equal_session_mean
612090,reward_withdrawal,1,pseudo,catch,-1,engaged_1,-8,-1,-4.5,4,4,4,0.0,8,0,0,,0,0,4,observed,equal_session_mean
612090,reward_withdrawal,1,pseudo,catch,1,engaged_1,1,8,4.5,4,4,4,0.0,7,0,0,,0,0,4,observed,equal_session_mean
612090,reward_withdrawal,1,pseudo,catch,2,engaged_1,9,16,12.5,4,4,4,0.3333333333333333,9,3,3,0.5340833333332663,3,0,1,observed,equal_session_mean
612090,reward_withdrawal,1,pseudo,catch,3,engaged_1,17,24,20.5,4,4,3,0.16666666666666666,7,1,1,0.3948899999999185,1,1,3,observed,equal_session_mean
612090,reward_withdrawal,1,pseudo,go,-3,engaged_1,-24,-17,-20.5,4,4,3,0.557142857142857,18,10,3,0.47652999999999207,10,1,1,observed,equal_session_mean
612090,reward_withdrawal,1,pseudo,go,-2,engaged_1,-16,-9,-12.5,4,4,4,0.625,24,15,4,0.5290612500000265,15,0,0,observed,equal_session_mean
612090,reward_withdrawal,1,pseudo,go,-1,engaged_1,-8,-1,-4.5,4,4,4,0.46904761904761905,24,11,4,0.4666700000000219,11,0,0,observed,equal_session_mean
612090,reward_withdrawal,1,pseudo,go,1,engaged_1,1,8,4.5,4,4,4,0.6011904761904762,25,15,4,0.47864624999998995,15,0,0,observed,equal_session_mean
612090,reward_withdrawal,1,pseudo,go,2,engaged_1,9,16,12.5,4,4,4,0.6083333333333333,23,14,4,0.4790424999999914,14,0,0,observed,equal_session_mean
612090,reward_withdrawal,1,pseudo,go,3,engaged_1,17,24,20.5,4,4,3,0.4444444444444444,17,7,3,0.5067066666666354,7,1,1,observed,equal_session_mean
612090,reward_withdrawal,1,real,catch,-3,engaged_1,-24,-17,-20.5,4,4,4,0.375,7,2,2,0.47001499999993257,2,0,2,observed,equal_session_mean
612090,reward_withdrawal,1,real,catch,-2,engaged_1,-16,-9,-12.5,4,4,4,0.125,9,1,1,0.5453299999999217,1,0,3,observed,equal_session_mean
612090,reward_withdrawal,1,real,catch,-1,engaged_1,-8,-1,-4.5,4,4,4,0.0,8,0,0,,0,0,4,observed,equal_session_mean
612090,reward_withdrawal,1,real,catch,1,no_reward,1,8,4.5,4,4,4,0.0,10,0,0,,0,0,4,observed,equal_session_mean
612090,reward_withdrawal,1,real,catch,2,no_reward,9,16,12.5,4,4,4,0.125,5,1,1,0.5948700000001281,1,0,3,observed,equal_session_mean
612090,reward_withdrawal,1,real,catch,3,no_reward,17,24,20.5,4,4,4,0.1875,9,3,1,0.32829000000015185,3,0,3,observed,equal_session_mean
612090,reward_withdrawal,1,real,go,-3,engaged_1,-24,-17,-20.5,4,4,4,0.3630952380952381,25,9,4,0.4456487499999824,9,0,0,observed,equal_session_mean
612090,reward_withdrawal,1,real,go,-2,engaged_1,-16,-9,-12.5,4,4,4,0.7833333333333333,23,18,4,0.4582962499999752,18,0,0,observed,equal_session_mean
612090,reward_withdrawal,1,real,go,-1,engaged_1,-8,-1,-4.5,4,4,4,0.6666666666666666,24,16,4,0.5143849999999617,16,0,0,observed,equal_session_mean
612090,reward_withdrawal,1,real,go,1,no_reward,1,8,4.5,4,4,4,0.6166666666666667,22,14,4,0.47826125000000275,14,0,0,observed,equal_session_mean
612090,reward_withdrawal,1,real,go,2,no_reward,9,16,12.5,4,4,4,0.4464285714285714,27,12,4,0.46557749999996645,12,0,0,observed,equal_session_mean
612090,reward_withdrawal,1,real,go,3,no_reward,17,24,20.5,4,4,4,0.26964285714285713,23,6,4,0.5283987499999228,6,0,0,observed,equal_session_mean
612090,reward_restoration,2,pseudo,catch,-3,no_reward,-24,-17,-20.5,4,4,4,0.125,5,1,1,0.31166000000007443,1,0,3,observed,equal_session_mean
612090,reward_restoration,2,pseudo,catch,-2,no_reward,-16,-9,-12.5,4,4,4,0.16666666666666666,10,2,1,0.302934999999934,2,0,3,observed,equal_session_mean
612090,reward_restoration,2,pseudo,catch,-1,no_reward,-8,-1,-4.5,4,4,4,0.0,9,0,0,,0,0,4,observed,equal_session_mean
612090,reward_restoration,2,pseudo,catch,1,no_reward,1,8,4.5,4,4,3,0.16666666666666666,4,1,1,0.5594099999998434,1,1,3,observed,equal_session_mean
612090,reward_restoration,2,pseudo,catch,2,no_reward,9,16,12.5,4,4,4,0.0,9,0,0,,0,0,4,observed,equal_session_mean
612090,reward_restoration,2,pseudo,catch,3,no_reward,17,24,20.5,4,4,4,0.0,10,0,0,,0,0,4,observed,equal_session_mean
612090,reward_restoration,2,pseudo,go,-3,no_reward,-24,-17,-20.5,4,4,4,0.22023809523809523,27,6,3,0.5703466666666372,6,0,1,observed,equal_session_mean
612090,reward_restoration,2,pseudo,go,-2,no_reward,-16,-9,-12.5,4,4,4,0.225,22,5,4,0.5219874999999092,5,0,0,observed,equal_session_mean
612090,reward_restoration,2,pseudo,go,-1,no_reward,-8,-1,-4.5,4,4,4,0.1,23,2,1,0.39518999999995685,2,0,3,observed,equal_session_mean
612090,reward_restoration,2,pseudo,go,1,no_reward,1,8,4.5,4,4,4,0.3035714285714286,28,8,3,0.6119266666666286,8,0,1,observed,equal_session_mean
612090,reward_restoration,2,pseudo,go,2,no_reward,9,16,12.5,4,4,4,0.21666666666666667,23,5,4,0.3839687499999229,5,0,0,observed,equal_session_mean
612090,reward_restoration,2,pseudo,go,3,no_reward,17,24,20.5,4,4,4,0.16666666666666666,22,4,1,0.5036949999998797,4,0,3,observed,equal_session_mean
612090,reward_restoration,2,real,catch,-3,no_reward,-24,-17,-20.5,4,4,4,0.0,9,0,0,,0,0,4,observed,equal_session_mean
612090,reward_restoration,2,real,catch,-2,no_reward,-16,-9,-12.5,4,4,4,0.0,6,0,0,,0,0,4,observed,equal_session_mean
612090,reward_restoration,2,real,catch,-1,no_reward,-8,-1,-4.5,4,4,4,0.0,9,0,0,,0,0,4,observed,equal_session_mean
612090,reward_restoration,2,real,catch,1,engaged_2,1,8,4.5,4,4,4,0.25,6,1,1,0.34468999999990046,1,0,3,observed,equal_session_mean
612090,reward_restoration,2,real,catch,2,engaged_2,9,16,12.5,4,4,4,0.0,10,0,0,,0,0,4,observed,equal_session_mean
612090,reward_restoration,2,real,catch,3,engaged_2,17,24,20.5,4,4,4,0.08333333333333333,6,1,1,0.511670000000322,1,0,3,observed,equal_session_mean
612090,reward_restoration,2,real,go,-3,no_reward,-24,-17,-20.5,4,4,4,0.0,23,0,0,,0,0,4,observed,equal_session_mean
612090,reward_restoration,2,real,go,-2,no_reward,-16,-9,-12.5,4,4,4,0.041666666666666664,26,1,1,0.5955500000000029,1,0,3,observed,equal_session_mean
612090,reward_restoration,2,real,go,-1,no_reward,-8,-1,-4.5,4,4,4,0.0,23,0,0,,0,0,4,observed,equal_session_mean
612090,reward_restoration,2,real,go,1,engaged_2,1,8,4.5,4,4,4,0.5059523809523809,26,13,4,0.45167499999990923,13,0,0,observed,equal_session_mean
612090,reward_restoration,2,real,go,2,engaged_2,9,16,12.5,4,4,4,0.5416666666666666,22,12,4,0.46045249999997395,12,0,0,observed,equal_session_mean
612090,reward_restoration,2,real,go,3,engaged_2,17,24,20.5,4,4,4,0.6285714285714286,26,16,4,0.5372737499998834,16,0,0,observed,equal_session_mean
614547,reward_withdrawal,1,pseudo,catch,-3,engaged_1,-24,-17,-20.5,3,3,1,0.0,2,0,0,,0,2,3,observed,equal_session_mean
614547,reward_withdrawal,1,pseudo,catch,-2,engaged_1,-16,-9,-12.5,3,3,2,0.3333333333333333,5,2,1,0.41148999999998637,2,1,2,observed,equal_session_mean
614547,reward_withdrawal,1,pseudo,catch,-1,engaged_1,-8,-1,-4.5,3,3,3,0.16666666666666666,5,1,1,0.5611000000000104,1,0,2,observed,equal_session_mean
614547,reward_withdrawal,1,pseudo,catch,1,engaged_1,1,8,4.5,3,3,3,0.27777777777777773,9,2,2,0.29449999999991405,2,0,1,observed,equal_session_mean
614547,reward_withdrawal,1,pseudo,catch,2,engaged_1,9,16,12.5,3,3,3,0.0,6,0,0,,0,0,3,observed,equal_session_mean
614547,reward_withdrawal,1,pseudo,catch,3,engaged_1,17,24,20.5,3,3,2,0.16666666666666666,4,1,1,0.6786499999999478,1,1,2,observed,equal_session_mean
614547,reward_withdrawal,1,pseudo,go,-3,engaged_1,-24,-17,-20.5,3,3,1,1.0,6,6,1,0.3114699999999857,6,2,2,observed,equal_session_mean
614547,reward_withdrawal,1,pseudo,go,-2,engaged_1,-16,-9,-12.5,3,3,2,0.8166666666666667,11,9,2,0.33288499999999743,9,1,1,observed,equal_session_mean
614547,reward_withdrawal,1,pseudo,go,-1,engaged_1,-8,-1,-4.5,3,3,3,0.8492063492063493,19,16,3,0.33911833333335534,16,0,0,observed,equal_session_mean
614547,reward_withdrawal,1,pseudo,go,1,engaged_1,1,8,4.5,3,3,3,0.7444444444444445,15,11,3,0.3538483333333223,11,0,0,observed,equal_session_mean
614547,reward_withdrawal,1,pseudo,go,2,engaged_1,9,16,12.5,3,3,3,0.7222222222222222,18,13,3,0.35596999999997553,13,0,0,observed,equal_session_mean
614547,reward_withdrawal,1,pseudo,go,3,engaged_1,17,24,20.5,3,3,2,0.7571428571428571,12,9,2,0.32424749999998426,9,1,1,observed,equal_session_mean
614547,reward_withdrawal,1,real,catch,-3,engaged_1,-24,-17,-20.5,3,3,3,0.2222222222222222,9,2,2,0.29449999999991405,2,0,1,observed,equal_session_mean
614547,reward_withdrawal,1,real,catch,-2,engaged_1,-16,-9,-12.5,3,3,2,0.25,3,1,1,0.6786499999999478,1,1,2,observed,equal_session_mean
614547,reward_withdrawal,1,real,catch,-1,engaged_1,-8,-1,-4.5,3,3,3,0.0,6,0,0,,0,0,3,observed,equal_session_mean
614547,reward_withdrawal,1,real,catch,1,no_reward,1,8,4.5,3,3,3,0.1111111111111111,7,1,1,0.16137000000003354,1,0,2,observed,equal_session_mean
614547,reward_withdrawal,1,real,catch,2,no_reward,9,16,12.5,3,3,3,0.16666666666666666,6,1,1,0.21145000000001346,1,0,2,observed,equal_session_mean
614547,reward_withdrawal,1,real,catch,3,no_reward,17,24,20.5,3,3,3,0.3333333333333333,5,2,2,0.4364499999999225,2,0,1,observed,equal_session_mean
614547,reward_withdrawal,1,real,go,-3,engaged_1,-24,-17,-20.5,3,3,3,0.6666666666666666,15,10,3,0.3283466666666944,10,0,0,observed,equal_session_mean
614547,reward_withdrawal,1,real,go,-2,engaged_1,-16,-9,-12.5,3,3,3,0.751984126984127,21,16,3,0.35294999999996435,16,0,0,observed,equal_session_mean
614547,reward_withdrawal,1,real,go,-1,engaged_1,-8,-1,-4.5,3,3,3,0.7634920634920634,18,14,3,0.3452149999999392,14,0,0,observed,equal_session_mean
614547,reward_withdrawal,1,real,go,1,no_reward,1,8,4.5,3,3,3,0.7000000000000001,17,12,3,0.36425999999996367,12,0,0,observed,equal_session_mean
614547,reward_withdrawal,1,real,go,2,no_reward,9,16,12.5,3,3,3,0.6238095238095238,18,11,3,0.36140166666666573,11,0,0,observed,equal_session_mean
614547,reward_withdrawal,1,real,go,3,no_reward,17,24,20.5,3,3,3,0.42857142857142855,19,8,3,0.3975433333333361,8,0,0,observed,equal_session_mean
614547,reward_restoration,2,pseudo,catch,-3,no_reward,-24,-17,-20.5,3,3,2,0.16666666666666666,6,1,1,0.19463999999993575,1,1,2,observed,equal_session_mean
614547,reward_restoration,2,pseudo,catch,-2,no_reward,-16,-9,-12.5,3,3,3,0.0,6,0,0,,0,0,3,observed,equal_session_mean
614547,reward_restoration,2,pseudo,catch,-1,no_reward,-8,-1,-4.5,3,3,3,0.27777777777777773,7,2,2,0.32692499999996016,2,0,1,observed,equal_session_mean
614547,reward_restoration,2,pseudo,catch,1,no_reward,1,8,4.5,3,3,3,0.0,6,0,0,,0,0,3,observed,equal_session_mean
614547,reward_restoration,2,pseudo,catch,2,no_reward,9,16,12.5,3,3,3,0.0,7,0,0,,0,0,3,observed,equal_session_mean
614547,reward_restoration,2,pseudo,catch,3,no_reward,17,24,20.5,3,3,3,0.0,5,0,0,,0,0,3,observed,equal_session_mean
614547,reward_restoration,2,pseudo,go,-3,no_reward,-24,-17,-20.5,3,3,3,0.5083333333333333,18,8,3,0.3865883333332931,8,0,0,observed,equal_session_mean
614547,reward_restoration,2,pseudo,go,-2,no_reward,-16,-9,-12.5,3,3,3,0.273015873015873,18,5,3,0.3893950000000738,5,0,0,observed,equal_session_mean
614547,reward_restoration,2,pseudo,go,-1,no_reward,-8,-1,-4.5,3,3,3,0.45555555555555555,17,8,3,0.35326666666666523,8,0,0,observed,equal_session_mean
614547,reward_restoration,2,pseudo,go,1,no_reward,1,8,4.5,3,3,3,0.3682539682539682,18,7,3,0.3588216666666237,7,0,0,observed,equal_session_mean
614547,reward_restoration,2,pseudo,go,2,no_reward,9,16,12.5,3,3,3,0.35555555555555557,17,6,3,0.3223199999999527,6,0,0,observed,equal_session_mean
614547,reward_restoration,2,pseudo,go,3,no_reward,17,24,20.5,3,3,3,0.4047619047619048,19,8,2,0.3535750000000917,8,0,1,observed,equal_session_mean
614547,reward_restoration,2,real,catch,-3,no_reward,-24,-17,-20.5,3,3,3,0.16666666666666666,6,1,1,0.16115000000036162,1,0,2,observed,equal_session_mean
614547,reward_restoration,2,real,catch,-2,no_reward,-16,-9,-12.5,3,3,3,0.0,5,0,0,,0,0,3,observed,equal_session_mean
614547,reward_restoration,2,real,catch,-1,no_reward,-8,-1,-4.5,3,3,2,0.5,4,2,2,0.46983499999987544,2,1,1,observed,equal_session_mean
614547,reward_restoration,2,real,catch,1,engaged_2,1,8,4.5,3,3,3,0.0,7,0,0,,0,0,3,observed,equal_session_mean
614547,reward_restoration,2,real,catch,2,engaged_2,9,16,12.5,3,3,3,0.0,5,0,0,,0,0,3,observed,equal_session_mean
614547,reward_restoration,2,real,catch,3,engaged_2,17,24,20.5,3,3,3,0.3333333333333333,5,2,2,0.536574999999857,2,0,1,observed,equal_session_mean
614547,reward_restoration,2,real,go,-3,no_reward,-24,-17,-20.5,3,3,3,0.27777777777777773,18,5,2,0.3865650000000187,5,0,1,observed,equal_session_mean
614547,reward_restoration,2,real,go,-2,no_reward,-16,-9,-12.5,3,3,3,0.20952380952380953,19,4,3,0.5060450000000097,4,0,0,observed,equal_session_mean
614547,reward_restoration,2,real,go,-1,no_reward,-8,-1,-4.5,3,3,3,0.16666666666666666,20,3,2,0.4695199999999886,3,0,1,observed,equal_session_mean
614547,reward_restoration,2,real,go,1,engaged_2,1,8,4.5,3,3,3,0.8857142857142857,17,15,3,0.340108333333319,15,0,0,observed,equal_session_mean
614547,reward_restoration,2,real,go,2,engaged_2,9,16,12.5,3,3,3,0.5142857142857143,19,10,3,0.3733233333332464,10,0,0,observed,equal_session_mean
614547,reward_restoration,2,real,go,3,engaged_2,17,24,20.5,3,3,3,0.7857142857142857,19,15,3,0.32020333333336265,15,0,0,observed,equal_session_mean
614608,reward_withdrawal,1,pseudo,catch,-3,engaged_1,-24,-17,-20.5,4,4,3,0.0,6,0,0,,0,1,4,observed,equal_session_mean
614608,reward_withdrawal,1,pseudo,catch,-2,engaged_1,-16,-9,-12.5,4,4,4,0.125,7,1,1,0.3923700000000281,1,0,3,observed,equal_session_mean
614608,reward_withdrawal,1,pseudo,catch,-1,engaged_1,-8,-1,-4.5,4,4,4,0.3333333333333333,10,3,3,0.3766166666666398,3,0,1,observed,equal_session_mean
614608,reward_withdrawal,1,pseudo,catch,1,engaged_1,1,8,4.5,4,4,4,0.0,5,0,0,,0,0,4,observed,equal_session_mean
614608,reward_withdrawal,1,pseudo,catch,2,engaged_1,9,16,12.5,4,4,4,0.25,12,3,2,0.397264999999976,3,0,2,observed,equal_session_mean
614608,reward_withdrawal,1,pseudo,catch,3,engaged_1,17,24,20.5,4,4,3,0.0,5,0,0,,0,1,4,observed,equal_session_mean
614608,reward_withdrawal,1,pseudo,go,-3,engaged_1,-24,-17,-20.5,4,4,3,0.5555555555555555,18,10,3,0.49841333333335075,10,1,1,observed,equal_session_mean
614608,reward_withdrawal,1,pseudo,go,-2,engaged_1,-16,-9,-12.5,4,4,4,0.6785714285714286,25,17,4,0.3809049999999914,17,0,0,observed,equal_session_mean
614608,reward_withdrawal,1,pseudo,go,-1,engaged_1,-8,-1,-4.5,4,4,4,0.7166666666666667,22,16,4,0.4019837499999923,16,0,0,observed,equal_session_mean
614608,reward_withdrawal,1,pseudo,go,1,engaged_1,1,8,4.5,4,4,4,0.6964285714285714,27,19,4,0.5072924999999486,19,0,0,observed,equal_session_mean
614608,reward_withdrawal,1,pseudo,go,2,engaged_1,9,16,12.5,4,4,4,0.75,20,15,4,0.4409199999999487,15,0,0,observed,equal_session_mean
614608,reward_withdrawal,1,pseudo,go,3,engaged_1,17,24,20.5,4,4,4,0.6681547619047619,27,18,4,0.41971625000000756,18,0,0,observed,equal_session_mean
614608,reward_withdrawal,1,real,catch,-3,engaged_1,-24,-17,-20.5,4,4,4,0.20833333333333331,9,2,2,0.40987499999999955,2,0,2,observed,equal_session_mean
614608,reward_withdrawal,1,real,catch,-2,engaged_1,-16,-9,-12.5,4,4,3,0.0,6,0,0,,0,1,4,observed,equal_session_mean
614608,reward_withdrawal,1,real,catch,-1,engaged_1,-8,-1,-4.5,4,4,4,0.08333333333333333,11,1,1,0.4116300000000592,1,0,3,observed,equal_session_mean
614608,reward_withdrawal,1,real,catch,1,no_reward,1,8,4.5,4,4,4,0.0,7,0,0,,0,0,4,observed,equal_session_mean
614608,reward_withdrawal,1,real,catch,2,no_reward,9,16,12.5,4,4,4,0.0,8,0,0,,0,0,4,observed,equal_session_mean
614608,reward_withdrawal,1,real,catch,3,no_reward,17,24,20.5,4,4,4,0.0,8,0,0,,0,0,4,observed,equal_session_mean
614608,reward_withdrawal,1,real,go,-3,engaged_1,-24,-17,-20.5,4,4,4,0.6916666666666667,23,16,4,0.4326625000000206,16,0,0,observed,equal_session_mean
614608,reward_withdrawal,1,real,go,-2,engaged_1,-16,-9,-12.5,4,4,4,0.7059523809523809,26,18,4,0.4139937499999462,18,0,0,observed,equal_session_mean
614608,reward_withdrawal,1,real,go,-1,engaged_1,-8,-1,-4.5,4,4,4,0.6166666666666667,21,13,4,0.5246362499999009,13,0,0,observed,equal_session_mean
614608,reward_withdrawal,1,real,go,1,no_reward,1,8,4.5,4,4,4,0.5952380952380952,25,15,4,0.42216249999992783,15,0,0,observed,equal_session_mean
614608,reward_withdrawal,1,real,go,2,no_reward,9,16,12.5,4,4,4,0.5416666666666666,24,13,4,0.41393249999995874,13,0,0,observed,equal_session_mean
614608,reward_withdrawal,1,real,go,3,no_reward,17,24,20.5,4,4,4,0.38571428571428573,24,9,4,0.4572199999999782,9,0,0,observed,equal_session_mean
614608,reward_restoration,2,pseudo,catch,-3,no_reward,-24,-17,-20.5,4,4,4,0.0,9,0,0,,0,0,4,observed,equal_session_mean
614608,reward_restoration,2,pseudo,catch,-2,no_reward,-16,-9,-12.5,4,4,3,0.0,7,0,0,,0,1,4,observed,equal_session_mean
614608,reward_restoration,2,pseudo,catch,-1,no_reward,-8,-1,-4.5,4,4,4,0.0,9,0,0,,0,0,4,observed,equal_session_mean
614608,reward_restoration,2,pseudo,catch,1,no_reward,1,8,4.5,4,4,4,0.0,7,0,0,,0,0,4,observed,equal_session_mean
614608,reward_restoration,2,pseudo,catch,2,no_reward,9,16,12.5,4,4,4,0.0,10,0,0,,0,0,4,observed,equal_session_mean
614608,reward_restoration,2,pseudo,catch,3,no_reward,17,24,20.5,4,4,4,0.0,8,0,0,,0,0,4,observed,equal_session_mean
614608,reward_restoration,2,pseudo,go,-3,no_reward,-24,-17,-20.5,4,4,4,0.15476190476190477,23,4,2,0.47747499999991305,4,0,2,observed,equal_session_mean
614608,reward_restoration,2,pseudo,go,-2,no_reward,-16,-9,-12.5,4,4,4,0.19166666666666665,25,4,2,0.4878599999999551,4,0,2,observed,equal_session_mean
614608,reward_restoration,2,pseudo,go,-1,no_reward,-8,-1,-4.5,4,4,4,0.20833333333333331,23,5,2,0.4025649999999814,5,0,2,observed,equal_session_mean
614608,reward_restoration,2,pseudo,go,1,no_reward,1,8,4.5,4,4,4,0.16666666666666666,25,4,2,0.40250000000003183,4,0,2,observed,equal_session_mean
614608,reward_restoration,2,pseudo,go,2,no_reward,9,16,12.5,4,4,4,0.22916666666666666,22,5,3,0.45587333333332936,5,0,1,observed,equal_session_mean
614608,reward_restoration,2,pseudo,go,3,no_reward,17,24,20.5,4,4,4,0.20833333333333331,24,5,3,0.47239333333338135,5,0,1,observed,equal_session_mean
614608,reward_restoration,2,real,catch,-3,no_reward,-24,-17,-20.5,4,4,4,0.0,9,0,0,,0,0,4,observed,equal_session_mean
614608,reward_restoration,2,real,catch,-2,no_reward,-16,-9,-12.5,4,4,4,0.125,8,1,1,0.21129999999993743,1,0,3,observed,equal_session_mean
614608,reward_restoration,2,real,catch,-1,no_reward,-8,-1,-4.5,4,4,4,0.0,9,0,0,,0,0,4,observed,equal_session_mean
614608,reward_restoration,2,real,catch,1,engaged_2,1,8,4.5,4,4,4,0.25,6,1,1,0.4089899999999034,1,0,3,observed,equal_session_mean
614608,reward_restoration,2,real,catch,2,engaged_2,9,16,12.5,4,4,4,0.0,10,0,0,,0,0,4,observed,equal_session_mean
614608,reward_restoration,2,real,catch,3,engaged_2,17,24,20.5,4,4,4,0.0,7,0,0,,0,0,4,observed,equal_session_mean
614608,reward_restoration,2,real,go,-3,no_reward,-24,-17,-20.5,4,4,4,0.08333333333333333,23,2,1,0.435799999999972,2,0,3,observed,equal_session_mean
614608,reward_restoration,2,real,go,-2,no_reward,-16,-9,-12.5,4,4,4,0.08333333333333333,24,2,1,0.4622199999998884,2,0,3,observed,equal_session_mean
614608,reward_restoration,2,real,go,-1,no_reward,-8,-1,-4.5,4,4,4,0.13571428571428573,23,3,2,0.42311499999993885,3,0,2,observed,equal_session_mean
614608,reward_restoration,2,real,go,1,engaged_2,1,8,4.5,4,4,4,0.5357142857142857,26,14,4,0.43585749999988366,14,0,0,observed,equal_session_mean
614608,reward_restoration,2,real,go,2,engaged_2,9,16,12.5,4,4,4,0.675,22,15,4,0.40847624999986465,15,0,0,observed,equal_session_mean
614608,reward_restoration,2,real,go,3,engaged_2,17,24,20.5,4,4,4,0.5238095238095238,25,13,4,0.45572124999978314,13,0,0,observed,equal_session_mean
615047,reward_withdrawal,1,pseudo,catch,-3,engaged_1,-24,-17,-20.5,4,4,3,0.16666666666666666,5,1,1,0.5958999999999719,1,1,3,observed,equal_session_mean
615047,reward_withdrawal,1,pseudo,catch,-2,engaged_1,-16,-9,-12.5,4,4,4,0.125,8,1,1,0.4949500000000171,1,0,3,observed,equal_session_mean
615047,reward_withdrawal,1,pseudo,catch,-1,engaged_1,-8,-1,-4.5,4,4,4,0.0,10,0,0,,0,0,4,observed,equal_session_mean
615047,reward_withdrawal,1,pseudo,catch,1,engaged_1,1,8,4.5,4,4,4,0.0,6,0,0,,0,0,4,observed,equal_session_mean
615047,reward_withdrawal,1,pseudo,catch,2,engaged_1,9,16,12.5,4,4,4,0.08333333333333333,10,1,1,0.36104999999997744,1,0,3,observed,equal_session_mean
615047,reward_withdrawal,1,pseudo,catch,3,engaged_1,17,24,20.5,4,4,4,0.25,6,1,1,0.4447699999999486,1,0,3,observed,equal_session_mean
615047,reward_withdrawal,1,pseudo,go,-3,engaged_1,-24,-17,-20.5,4,4,3,0.25396825396825395,19,5,3,0.6291900000000131,5,1,1,observed,equal_session_mean
615047,reward_withdrawal,1,pseudo,go,-2,engaged_1,-16,-9,-12.5,4,4,4,0.4583333333333333,24,11,4,0.5433312500000227,11,0,0,observed,equal_session_mean
615047,reward_withdrawal,1,pseudo,go,-1,engaged_1,-8,-1,-4.5,4,4,4,0.35,22,7,3,0.554413333333334,7,0,1,observed,equal_session_mean
615047,reward_withdrawal,1,pseudo,go,1,engaged_1,1,8,4.5,4,4,4,0.3214285714285714,26,9,3,0.5508583333332808,9,0,1,observed,equal_session_mean
615047,reward_withdrawal,1,pseudo,go,2,engaged_1,9,16,12.5,4,4,4,0.35833333333333334,22,8,3,0.6232099999999529,8,0,1,observed,equal_session_mean
615047,reward_withdrawal,1,pseudo,go,3,engaged_1,17,24,20.5,4,4,4,0.39285714285714285,26,10,4,0.5121874999999818,10,0,0,observed,equal_session_mean
615047,reward_withdrawal,1,real,catch,-3,engaged_1,-24,-17,-20.5,4,4,4,0.125,7,1,1,0.36104999999997744,1,0,3,observed,equal_session_mean
615047,reward_withdrawal,1,real,catch,-2,engaged_1,-16,-9,-12.5,4,4,4,0.125,8,1,1,0.4447699999999486,1,0,3,observed,equal_session_mean
615047,reward_withdrawal,1,real,catch,-1,engaged_1,-8,-1,-4.5,4,4,4,0.0,7,0,0,,0,0,4,observed,equal_session_mean
615047,reward_withdrawal,1,real,catch,1,no_reward,1,8,4.5,4,4,4,0.25,8,2,1,0.48659999999995307,2,0,3,observed,equal_session_mean
615047,reward_withdrawal,1,real,catch,2,no_reward,9,16,12.5,4,4,4,0.20833333333333331,8,2,2,0.4369649999999865,2,0,2,observed,equal_session_mean
615047,reward_withdrawal,1,real,catch,3,no_reward,17,24,20.5,4,4,4,0.125,8,1,1,0.4116999999998825,1,0,3,observed,equal_session_mean
615047,reward_withdrawal,1,real,go,-3,engaged_1,-24,-17,-20.5,4,4,4,0.23214285714285712,25,6,3,0.4819083333333462,6,0,1,observed,equal_session_mean
615047,reward_withdrawal,1,real,go,-2,engaged_1,-16,-9,-12.5,4,4,4,0.5,24,12,4,0.5603224999999412,12,0,0,observed,equal_session_mean
615047,reward_withdrawal,1,real,go,-1,engaged_1,-8,-1,-4.5,4,4,4,0.30952380952380953,25,8,4,0.6004724999999951,8,0,0,observed,equal_session_mean
615047,reward_withdrawal,1,real,go,1,no_reward,1,8,4.5,4,4,4,0.375,24,9,3,0.47805666666666485,9,0,1,observed,equal_session_mean
615047,reward_withdrawal,1,real,go,2,no_reward,9,16,12.5,4,4,4,0.2523809523809524,24,6,4,0.4408424999999738,6,0,0,observed,equal_session_mean
615047,reward_withdrawal,1,real,go,3,no_reward,17,24,20.5,4,4,4,0.2571428571428571,24,6,2,0.6032599999999775,6,0,2,observed,equal_session_mean
615047,reward_restoration,2,pseudo,catch,-3,no_reward,-24,-17,-20.5,4,4,4,0.0,7,0,0,,0,0,4,observed,equal_session_mean
615047,reward_restoration,2,pseudo,catch,-2,no_reward,-16,-9,-12.5,4,4,4,0.08333333333333333,8,1,1,0.6453799999999319,1,0,3,observed,equal_session_mean
615047,reward_restoration,2,pseudo,catch,-1,no_reward,-8,-1,-4.5,4,4,4,0.125,7,1,1,0.4280300000000352,1,0,3,observed,equal_session_mean
615047,reward_restoration,2,pseudo,catch,1,no_reward,1,8,4.5,4,4,4,0.0,8,0,0,,0,0,4,observed,equal_session_mean
615047,reward_restoration,2,pseudo,catch,2,no_reward,9,16,12.5,4,4,4,0.0,11,0,0,,0,0,4,observed,equal_session_mean
615047,reward_restoration,2,pseudo,catch,3,no_reward,17,24,20.5,4,4,4,0.125,8,1,1,0.7125699999999142,1,0,3,observed,equal_session_mean
615047,reward_restoration,2,pseudo,go,-3,no_reward,-24,-17,-20.5,4,4,4,0.20238095238095238,25,5,3,0.6425416666666403,5,0,1,observed,equal_session_mean
615047,reward_restoration,2,pseudo,go,-2,no_reward,-16,-9,-12.5,4,4,4,0.14166666666666666,24,3,2,0.41191499999996495,3,0,2,observed,equal_session_mean
615047,reward_restoration,2,pseudo,go,-1,no_reward,-8,-1,-4.5,4,4,4,0.43214285714285716,25,10,3,0.5031816666666676,10,0,1,observed,equal_session_mean
615047,reward_restoration,2,pseudo,go,1,no_reward,1,8,4.5,4,4,4,0.1607142857142857,24,4,3,0.49231166666671317,4,0,1,observed,equal_session_mean
615047,reward_restoration,2,pseudo,go,2,no_reward,9,16,12.5,4,4,4,0.3041666666666667,21,6,3,0.32800000000001245,6,0,1,observed,equal_session_mean
615047,reward_restoration,2,pseudo,go,3,no_reward,17,24,20.5,4,4,4,0.03571428571428571,24,1,1,0.5944499999998243,1,0,3,observed,equal_session_mean
615047,reward_restoration,2,real,catch,-3,no_reward,-24,-17,-20.5,4,4,3,0.3333333333333333,6,2,1,0.34483499999987544,2,1,3,observed,equal_session_mean
615047,reward_restoration,2,real,catch,-2,no_reward,-16,-9,-12.5,4,4,4,0.0,7,0,0,,0,0,4,observed,equal_session_mean
615047,reward_restoration,2,real,catch,-1,no_reward,-8,-1,-4.5,4,4,4,0.125,7,1,1,0.21150000000034197,1,0,3,observed,equal_session_mean
615047,reward_restoration,2,real,catch,1,engaged_2,1,8,4.5,4,4,4,0.0,8,0,0,,0,0,4,observed,equal_session_mean
615047,reward_restoration,2,real,catch,2,engaged_2,9,16,12.5,4,4,4,0.25,9,2,2,0.5451299999997445,2,0,2,observed,equal_session_mean
615047,reward_restoration,2,real,catch,3,engaged_2,17,24,20.5,4,4,4,0.125,8,1,1,0.428269999999884,1,0,3,observed,equal_session_mean
615047,reward_restoration,2,real,go,-3,no_reward,-24,-17,-20.5,4,4,4,0.30654761904761907,26,8,3,0.5314533333332747,8,0,1,observed,equal_session_mean
615047,reward_restoration,2,real,go,-2,no_reward,-16,-9,-12.5,4,4,4,0.15714285714285714,25,4,2,0.44528500000023996,4,0,2,observed,equal_session_mean
615047,reward_restoration,2,real,go,-1,no_reward,-8,-1,-4.5,4,4,4,0.1607142857142857,25,4,2,0.520314999999755,4,0,2,observed,equal_session_mean
615047,reward_restoration,2,real,go,1,engaged_2,1,8,4.5,4,4,4,0.2988095238095238,24,7,3,0.4005966666666912,7,0,1,observed,equal_session_mean
615047,reward_restoration,2,real,go,2,engaged_2,9,16,12.5,4,4,4,0.475,23,11,4,0.5371099999999274,11,0,0,observed,equal_session_mean
615047,reward_restoration,2,real,go,3,engaged_2,17,24,20.5,4,4,4,0.3333333333333333,24,8,4,0.5244050000000016,8,0,0,observed,equal_session_mean
615048,reward_withdrawal,1,pseudo,catch,-3,engaged_1,-24,-17,-20.5,4,4,3,0.25,8,2,2,0.43727500000002806,2,1,2,observed,equal_session_mean
615048,reward_withdrawal,1,pseudo,catch,-2,engaged_1,-16,-9,-12.5,4,4,4,0.08333333333333333,15,1,1,0.4127600000000484,1,0,3,observed,equal_session_mean
615048,reward_withdrawal,1,pseudo,catch,-1,engaged_1,-8,-1,-4.5,4,4,4,0.125,14,1,1,0.6129199999999173,1,0,3,observed,equal_session_mean
615048,reward_withdrawal,1,pseudo,catch,1,engaged_1,1,8,4.5,4,4,4,0.0,9,0,0,,0,0,4,observed,equal_session_mean
615048,reward_withdrawal,1,pseudo,catch,2,engaged_1,9,16,12.5,4,4,4,0.08333333333333333,13,1,1,0.6794099999999617,1,0,3,observed,equal_session_mean
615048,reward_withdrawal,1,pseudo,catch,3,engaged_1,17,24,20.5,4,4,4,0.125,12,2,2,0.5461699999999041,2,0,2,observed,equal_session_mean
615048,reward_withdrawal,1,pseudo,go,-3,engaged_1,-24,-17,-20.5,4,4,3,0.47222222222222227,16,7,3,0.5298466666666949,7,1,1,observed,equal_session_mean
615048,reward_withdrawal,1,pseudo,go,-2,engaged_1,-16,-9,-12.5,4,4,4,0.5291666666666667,17,9,4,0.5006725000000145,9,0,0,observed,equal_session_mean
615048,reward_withdrawal,1,pseudo,go,-1,engaged_1,-8,-1,-4.5,4,4,4,0.7833333333333333,18,13,4,0.5298812499999741,13,0,0,observed,equal_session_mean
615048,reward_withdrawal,1,pseudo,go,1,engaged_1,1,8,4.5,4,4,4,0.786904761904762,23,18,4,0.5193937499999777,18,0,0,observed,equal_session_mean
615048,reward_withdrawal,1,pseudo,go,2,engaged_1,9,16,12.5,4,4,4,0.5875,19,11,4,0.5674812499999717,11,0,0,observed,equal_session_mean
615048,reward_withdrawal,1,pseudo,go,3,engaged_1,17,24,20.5,4,4,4,0.4803571428571428,20,10,3,0.48031166666665587,10,0,1,observed,equal_session_mean
615048,reward_withdrawal,1,real,catch,-3,engaged_1,-24,-17,-20.5,4,4,4,0.14583333333333331,13,2,2,0.5961699999999155,2,0,2,observed,equal_session_mean
615048,reward_withdrawal,1,real,catch,-2,engaged_1,-16,-9,-12.5,4,4,4,0.0625,11,1,1,0.5794099999999389,1,0,3,observed,equal_session_mean
615048,reward_withdrawal,1,real,catch,-1,engaged_1,-8,-1,-4.5,4,4,4,0.0,11,0,0,,0,0,4,observed,equal_session_mean
615048,reward_withdrawal,1,real,catch,1,no_reward,1,8,4.5,4,4,4,0.0,15,0,0,,0,0,4,observed,equal_session_mean
615048,reward_withdrawal,1,real,catch,2,no_reward,9,16,12.5,4,4,4,0.25,11,3,2,0.5380749999998784,3,0,2,observed,equal_session_mean
615048,reward_withdrawal,1,real,catch,3,no_reward,17,24,20.5,4,4,4,0.08333333333333333,13,1,1,0.2623799999998937,1,0,3,observed,equal_session_mean
615048,reward_withdrawal,1,real,go,-3,engaged_1,-24,-17,-20.5,4,4,4,0.5375,19,10,4,0.4947012499999488,10,0,0,observed,equal_session_mean
615048,reward_withdrawal,1,real,go,-2,engaged_1,-16,-9,-12.5,4,4,4,0.41964285714285715,21,9,3,0.5024866666666412,9,0,1,observed,equal_session_mean
615048,reward_withdrawal,1,real,go,-1,engaged_1,-8,-1,-4.5,4,4,4,0.47023809523809523,21,9,4,0.5549287499999593,9,0,0,observed,equal_session_mean
615048,reward_withdrawal,1,real,go,1,no_reward,1,8,4.5,4,4,4,0.18333333333333335,17,3,3,0.5131366666666205,3,0,1,observed,equal_session_mean
615048,reward_withdrawal,1,real,go,2,no_reward,9,16,12.5,4,4,4,0.4916666666666667,21,10,4,0.5416574999999284,10,0,0,observed,equal_session_mean
615048,reward_withdrawal,1,real,go,3,no_reward,17,24,20.5,4,4,4,0.37083333333333335,19,7,4,0.5837949999999523,7,0,0,observed,equal_session_mean
615048,reward_restoration,2,pseudo,catch,-3,no_reward,-24,-17,-20.5,4,4,4,0.0,9,0,0,,0,0,4,observed,equal_session_mean
615048,reward_restoration,2,pseudo,catch,-2,no_reward,-16,-9,-12.5,4,4,4,0.0,15,0,0,,0,0,4,observed,equal_session_mean
615048,reward_restoration,2,pseudo,catch,-1,no_reward,-8,-1,-4.5,4,4,4,0.20833333333333331,8,2,2,0.471304999999802,2,0,2,observed,equal_session_mean
615048,reward_restoration,2,pseudo,catch,1,no_reward,1,8,4.5,4,4,4,0.0,15,0,0,,0,0,4,observed,equal_session_mean
615048,reward_restoration,2,pseudo,catch,2,no_reward,9,16,12.5,4,4,4,0.0,12,0,0,,0,0,4,observed,equal_session_mean
615048,reward_restoration,2,pseudo,catch,3,no_reward,17,24,20.5,4,4,4,0.25,9,1,1,0.2958200000000488,1,0,3,observed,equal_session_mean
615048,reward_restoration,2,pseudo,go,-3,no_reward,-24,-17,-20.5,4,4,4,0.20714285714285713,23,5,2,0.5959924999999089,5,0,2,observed,equal_session_mean
615048,reward_restoration,2,pseudo,go,-2,no_reward,-16,-9,-12.5,4,4,4,0.15416666666666667,17,3,3,0.5849066666665598,3,0,1,observed,equal_session_mean
615048,reward_restoration,2,pseudo,go,-1,no_reward,-8,-1,-4.5,4,4,4,0.21071428571428572,24,5,3,0.5292433333332459,5,0,1,observed,equal_session_mean
615048,reward_restoration,2,pseudo,go,1,no_reward,1,8,4.5,4,4,4,0.05,17,1,1,0.4977400000000216,1,0,3,observed,equal_session_mean
615048,reward_restoration,2,pseudo,go,2,no_reward,9,16,12.5,4,4,4,0.08333333333333333,20,1,1,0.7294499999998152,1,0,3,observed,equal_session_mean
615048,reward_restoration,2,pseudo,go,3,no_reward,17,24,20.5,4,4,4,0.0,23,0,0,,0,0,4,observed,equal_session_mean
615048,reward_restoration,2,real,catch,-3,no_reward,-24,-17,-20.5,4,4,4,0.0,10,0,0,,0,0,4,observed,equal_session_mean
615048,reward_restoration,2,real,catch,-2,no_reward,-16,-9,-12.5,4,4,4,0.0,13,0,0,,0,0,4,observed,equal_session_mean
615048,reward_restoration,2,real,catch,-1,no_reward,-8,-1,-4.5,4,4,4,0.0,14,0,0,,0,0,4,observed,equal_session_mean
615048,reward_restoration,2,real,catch,1,engaged_2,1,8,4.5,4,4,4,0.125,10,1,1,0.5794200000000274,1,0,3,observed,equal_session_mean
615048,reward_restoration,2,real,catch,2,engaged_2,9,16,12.5,4,4,4,0.175,10,2,2,0.34538500000007843,2,0,2,observed,equal_session_mean
615048,reward_restoration,2,real,catch,3,engaged_2,17,24,20.5,4,4,4,0.20833333333333331,14,2,2,0.4636399999999412,2,0,2,observed,equal_session_mean
615048,reward_restoration,2,real,go,-3,no_reward,-24,-17,-20.5,4,4,4,0.0,22,0,0,,0,0,4,observed,equal_session_mean
615048,reward_restoration,2,real,go,-2,no_reward,-16,-9,-12.5,4,4,4,0.05,19,1,1,0.19563000000016473,1,0,3,observed,equal_session_mean
615048,reward_restoration,2,real,go,-1,no_reward,-8,-1,-4.5,4,4,4,0.125,18,2,2,0.5710500000000138,2,0,2,observed,equal_session_mean
615048,reward_restoration,2,real,go,1,engaged_2,1,8,4.5,4,4,4,0.6416666666666667,22,14,4,0.5174437499999271,14,0,0,observed,equal_session_mean
615048,reward_restoration,2,real,go,2,engaged_2,9,16,12.5,4,4,4,0.29166666666666663,22,6,3,0.5137933333333725,6,0,1,observed,equal_session_mean
615048,reward_restoration,2,real,go,3,engaged_2,17,24,20.5,4,4,4,0.4166666666666667,18,9,3,0.5023766666665779,9,0,1,observed,equal_session_mean
615563,reward_withdrawal,1,pseudo,catch,-3,engaged_1,-24,-17,-20.5,3,3,3,0.0,7,0,0,,0,0,3,observed,equal_session_mean
615563,reward_withdrawal,1,pseudo,catch,-2,engaged_1,-16,-9,-12.5,3,3,3,0.16666666666666666,7,1,1,0.41288000000002967,1,0,2,observed,equal_session_mean
615563,reward_withdrawal,1,pseudo,catch,-1,engaged_1,-8,-1,-4.5,3,3,3,0.08333333333333333,11,1,1,0.5294599999999718,1,0,2,observed,equal_session_mean
615563,reward_withdrawal,1,pseudo,catch,1,engaged_1,1,8,4.5,3,3,3,0.3333333333333333,6,1,1,0.5466099999999869,1,0,2,observed,equal_session_mean
615563,reward_withdrawal,1,pseudo,catch,2,engaged_1,9,16,12.5,3,3,3,0.16666666666666666,10,1,1,0.19576999999992495,1,0,2,observed,equal_session_mean
615563,reward_withdrawal,1,pseudo,catch,3,engaged_1,17,24,20.5,3,3,3,0.06666666666666667,11,1,1,0.1791600000000244,1,0,2,observed,equal_session_mean
615563,reward_withdrawal,1,pseudo,go,-3,engaged_1,-24,-17,-20.5,3,3,3,0.7182539682539683,17,12,3,0.4910500000000013,12,0,0,observed,equal_session_mean
615563,reward_withdrawal,1,pseudo,go,-2,engaged_1,-16,-9,-12.5,3,3,3,0.7301587301587302,17,13,3,0.4663633333333621,13,0,0,observed,equal_session_mean
615563,reward_withdrawal,1,pseudo,go,-1,engaged_1,-8,-1,-4.5,3,3,3,0.8333333333333334,13,11,3,0.4774366666666481,11,0,0,observed,equal_session_mean
615563,reward_withdrawal,1,pseudo,go,1,engaged_1,1,8,4.5,3,3,3,0.9444444444444445,18,17,3,0.5023599999999533,17,0,0,observed,equal_session_mean
615563,reward_withdrawal,1,pseudo,go,2,engaged_1,9,16,12.5,3,3,3,1.0,14,14,3,0.4855666666666328,14,0,0,observed,equal_session_mean
615563,reward_withdrawal,1,pseudo,go,3,engaged_1,17,24,20.5,3,3,3,0.8666666666666667,13,11,3,0.5302899999999605,11,0,0,observed,equal_session_mean
615563,reward_withdrawal,1,real,catch,-3,engaged_1,-24,-17,-20.5,3,3,3,0.08333333333333333,10,1,1,0.1791600000000244,1,0,2,observed,equal_session_mean
615563,reward_withdrawal,1,real,catch,-2,engaged_1,-16,-9,-12.5,3,3,3,0.0,8,0,0,,0,0,3,observed,equal_session_mean
615563,reward_withdrawal,1,real,catch,-1,engaged_1,-8,-1,-4.5,3,3,3,0.0,7,0,0,,0,0,3,observed,equal_session_mean
615563,reward_withdrawal,1,real,catch,1,no_reward,1,8,4.5,3,3,3,0.06666666666666667,10,1,1,0.5293899999999212,1,0,2,observed,equal_session_mean
615563,reward_withdrawal,1,real,catch,2,no_reward,9,16,12.5,3,3,3,0.0,7,0,0,,0,0,3,observed,equal_session_mean
615563,reward_withdrawal,1,real,catch,3,no_reward,17,24,20.5,3,3,3,0.0,11,0,0,,0,0,3,observed,equal_session_mean
615563,reward_withdrawal,1,real,go,-3,engaged_1,-24,-17,-20.5,3,3,3,0.9333333333333332,14,13,3,0.4914049999999861,13,0,0,observed,equal_session_mean
615563,reward_withdrawal,1,real,go,-2,engaged_1,-16,-9,-12.5,3,3,3,0.8968253968253969,16,14,3,0.5049299999999827,14,0,0,observed,equal_session_mean
615563,reward_withdrawal,1,real,go,-1,engaged_1,-8,-1,-4.5,3,3,3,0.8380952380952381,17,14,3,0.47731166666665104,14,0,0,observed,equal_session_mean
615563,reward_withdrawal,1,real,go,1,no_reward,1,8,4.5,3,3,3,0.8222222222222223,14,12,3,0.5265883333333363,12,0,0,observed,equal_session_mean
615563,reward_withdrawal,1,real,go,2,no_reward,9,16,12.5,3,3,3,0.373015873015873,17,6,3,0.6016983333332367,6,0,0,observed,equal_session_mean
615563,reward_withdrawal,1,real,go,3,no_reward,17,24,20.5,3,3,3,0.39999999999999997,13,4,2,0.5718350000000783,4,0,1,observed,equal_session_mean
615563,reward_restoration,2,pseudo,catch,-3,no_reward,-24,-17,-20.5,3,3,3,0.08333333333333333,11,1,1,0.7297799999998915,1,0,2,observed,equal_session_mean
615563,reward_restoration,2,pseudo,catch,-2,no_reward,-16,-9,-12.5,3,3,3,0.0,7,0,0,,0,0,3,observed,equal_session_mean
615563,reward_restoration,2,pseudo,catch,-1,no_reward,-8,-1,-4.5,3,3,3,0.0,8,0,0,,0,0,3,observed,equal_session_mean
615563,reward_restoration,2,pseudo,catch,1,no_reward,1,8,4.5,3,3,3,0.0,8,0,0,,0,0,3,observed,equal_session_mean
615563,reward_restoration,2,pseudo,catch,2,no_reward,9,16,12.5,3,3,3,0.1111111111111111,10,1,1,0.21273999999993976,1,0,2,observed,equal_session_mean
615563,reward_restoration,2,pseudo,catch,3,no_reward,17,24,20.5,3,3,3,0.06666666666666667,10,1,1,0.37926999999990585,1,0,2,observed,equal_session_mean
615563,reward_restoration,2,pseudo,go,-3,no_reward,-24,-17,-20.5,3,3,3,0.08333333333333333,13,1,1,0.5284099999998944,1,0,2,observed,equal_session_mean
615563,reward_restoration,2,pseudo,go,-2,no_reward,-16,-9,-12.5,3,3,3,0.1111111111111111,17,2,2,0.3877899999999954,2,0,1,observed,equal_session_mean
615563,reward_restoration,2,pseudo,go,-1,no_reward,-8,-1,-4.5,3,3,3,0.19999999999999998,16,3,1,0.5454299999998966,3,0,2,observed,equal_session_mean
615563,reward_restoration,2,pseudo,go,1,no_reward,1,8,4.5,3,3,3,0.16666666666666666,16,3,2,0.6337300000000141,3,0,1,observed,equal_session_mean
615563,reward_restoration,2,pseudo,go,2,no_reward,9,16,12.5,3,3,3,0.15,14,2,2,0.5877500000000282,2,0,1,observed,equal_session_mean
615563,reward_restoration,2,pseudo,go,3,no_reward,17,24,20.5,3,3,3,0.1111111111111111,14,2,1,0.5543299999999363,2,0,2,observed,equal_session_mean
615563,reward_restoration,2,real,catch,-3,no_reward,-24,-17,-20.5,3,3,3,0.0,11,0,0,,0,0,3,observed,equal_session_mean
615563,reward_restoration,2,real,catch,-2,no_reward,-16,-9,-12.5,3,3,3,0.0,9,0,0,,0,0,3,observed,equal_session_mean
615563,reward_restoration,2,real,catch,-1,no_reward,-8,-1,-4.5,3,3,3,0.16666666666666666,10,1,1,0.32975000000033106,1,0,2,observed,equal_session_mean
615563,reward_restoration,2,real,catch,1,engaged_2,1,8,4.5,3,3,3,0.08333333333333333,8,1,1,0.47836000000006607,1,0,2,observed,equal_session_mean
615563,reward_restoration,2,real,catch,2,engaged_2,9,16,12.5,3,3,3,0.0,10,0,0,,0,0,3,observed,equal_session_mean
615563,reward_restoration,2,real,catch,3,engaged_2,17,24,20.5,3,3,3,0.16666666666666666,7,1,1,0.46273999999993976,1,0,2,observed,equal_session_mean
615563,reward_restoration,2,real,go,-3,no_reward,-24,-17,-20.5,3,3,3,0.1111111111111111,13,1,1,0.5461500000001251,1,0,2,observed,equal_session_mean
615563,reward_restoration,2,real,go,-2,no_reward,-16,-9,-12.5,3,3,3,0.08333333333333333,15,1,1,0.5968400000001566,1,0,2,observed,equal_session_mean
615563,reward_restoration,2,real,go,-1,no_reward,-8,-1,-4.5,3,3,3,0.08333333333333333,14,1,1,0.3957700000000841,1,0,2,observed,equal_session_mean
615563,reward_restoration,2,real,go,1,engaged_2,1,8,4.5,3,3,3,0.8888888888888888,16,14,3,0.497013333333219,14,0,0,observed,equal_session_mean
615563,reward_restoration,2,real,go,2,engaged_2,9,16,12.5,3,3,3,0.7833333333333333,14,11,3,0.5075499999999616,11,0,0,observed,equal_session_mean
615563,reward_restoration,2,real,go,3,engaged_2,17,24,20.5,3,3,3,0.7555555555555555,17,13,3,0.5413933333334171,13,0,0,observed,equal_session_mean
615564,reward_withdrawal,1,pseudo,catch,-3,engaged_1,-24,-17,-20.5,4,4,3,0.4166666666666667,10,4,3,0.3401850000000337,4,1,1,observed,equal_session_mean
615564,reward_withdrawal,1,pseudo,catch,-2,engaged_1,-16,-9,-12.5,4,4,4,0.20833333333333331,11,2,2,0.4708050000000128,2,0,2,observed,equal_session_mean
615564,reward_withdrawal,1,pseudo,catch,-1,engaged_1,-8,-1,-4.5,4,4,4,0.25,12,3,3,0.5404099999999517,3,0,1,observed,equal_session_mean
615564,reward_withdrawal,1,pseudo,catch,1,engaged_1,1,8,4.5,4,4,4,0.22916666666666666,13,3,2,0.24573999999998364,3,0,2,observed,equal_session_mean
615564,reward_withdrawal,1,pseudo,catch,2,engaged_1,9,16,12.5,4,4,4,0.0,11,0,0,,0,0,4,observed,equal_session_mean
615564,reward_withdrawal,1,pseudo,catch,3,engaged_1,17,24,20.5,4,4,4,0.08333333333333333,11,1,1,0.3124399999999241,1,0,3,observed,equal_session_mean
615564,reward_withdrawal,1,pseudo,go,-3,engaged_1,-24,-17,-20.5,4,4,3,0.8333333333333334,14,12,3,0.5301950000000204,12,1,1,observed,equal_session_mean
615564,reward_withdrawal,1,pseudo,go,-2,engaged_1,-16,-9,-12.5,4,4,4,0.725,21,15,4,0.46113750000002796,15,0,0,observed,equal_session_mean
615564,reward_withdrawal,1,pseudo,go,-1,engaged_1,-8,-1,-4.5,4,4,4,0.75,20,15,4,0.4882487499999826,15,0,0,observed,equal_session_mean
615564,reward_withdrawal,1,pseudo,go,1,engaged_1,1,8,4.5,4,4,4,0.8,19,15,4,0.5550662499999248,15,0,0,observed,equal_session_mean
615564,reward_withdrawal,1,pseudo,go,2,engaged_1,9,16,12.5,4,4,4,0.55,21,12,4,0.49234624999994026,12,0,0,observed,equal_session_mean
615564,reward_withdrawal,1,pseudo,go,3,engaged_1,17,24,20.5,4,4,4,0.6041666666666667,21,12,4,0.4921649999999431,12,0,0,observed,equal_session_mean
615564,reward_withdrawal,1,real,catch,-3,engaged_1,-24,-17,-20.5,4,4,4,0.0,9,0,0,,0,0,4,observed,equal_session_mean
615564,reward_withdrawal,1,real,catch,-2,engaged_1,-16,-9,-12.5,4,4,4,0.08333333333333333,11,1,1,0.3124399999999241,1,0,3,observed,equal_session_mean
615564,reward_withdrawal,1,real,catch,-1,engaged_1,-8,-1,-4.5,4,4,4,0.1875,12,2,2,0.1704299999998966,2,0,2,observed,equal_session_mean
615564,reward_withdrawal,1,real,catch,1,no_reward,1,8,4.5,4,4,4,0.125,13,1,1,0.4957999999999174,1,0,3,observed,equal_session_mean
615564,reward_withdrawal,1,real,catch,2,no_reward,9,16,12.5,4,4,4,0.125,13,1,1,0.2956899999999223,1,0,3,observed,equal_session_mean
615564,reward_withdrawal,1,real,catch,3,no_reward,17,24,20.5,4,4,4,0.25,12,3,2,0.4006400000000099,3,0,2,observed,equal_session_mean
615564,reward_withdrawal,1,real,go,-3,engaged_1,-24,-17,-20.5,4,4,4,0.5583333333333333,23,13,4,0.49236999999993714,13,0,0,observed,equal_session_mean
615564,reward_withdrawal,1,real,go,-2,engaged_1,-16,-9,-12.5,4,4,4,0.7416666666666667,21,15,4,0.5340587499999714,15,0,0,observed,equal_session_mean
615564,reward_withdrawal,1,real,go,-1,engaged_1,-8,-1,-4.5,4,4,4,0.7583333333333333,20,15,4,0.5236862499999404,15,0,0,observed,equal_session_mean
615564,reward_withdrawal,1,real,go,1,no_reward,1,8,4.5,4,4,4,0.6583333333333333,19,12,4,0.5419124999999525,12,0,0,observed,equal_session_mean
615564,reward_withdrawal,1,real,go,2,no_reward,9,16,12.5,4,4,4,0.3333333333333333,19,7,3,0.6206983333333559,7,0,1,observed,equal_session_mean
615564,reward_withdrawal,1,real,go,3,no_reward,17,24,20.5,4,4,4,0.2833333333333333,20,6,3,0.5071483333333617,6,0,1,observed,equal_session_mean
615564,reward_restoration,2,pseudo,catch,-3,no_reward,-24,-17,-20.5,4,4,4,0.08333333333333333,9,1,1,0.2624599999999191,1,0,3,observed,equal_session_mean
615564,reward_restoration,2,pseudo,catch,-2,no_reward,-16,-9,-12.5,4,4,4,0.25,15,4,2,0.4134774999999422,4,0,2,observed,equal_session_mean
615564,reward_restoration,2,pseudo,catch,-1,no_reward,-8,-1,-4.5,4,4,4,0.20833333333333331,10,2,2,0.37847499999998035,2,0,2,observed,equal_session_mean
615564,reward_restoration,2,pseudo,catch,1,no_reward,1,8,4.5,4,4,4,0.0625,14,1,1,0.27917999999999665,1,0,3,observed,equal_session_mean
615564,reward_restoration,2,pseudo,catch,2,no_reward,9,16,12.5,4,4,4,0.0625,11,1,1,0.1624500000000353,1,0,3,observed,equal_session_mean
615564,reward_restoration,2,pseudo,catch,3,no_reward,17,24,20.5,4,4,4,0.0625,13,1,1,0.7299699999998666,1,0,3,observed,equal_session_mean
615564,reward_restoration,2,pseudo,go,-3,no_reward,-24,-17,-20.5,4,4,4,0.4916666666666667,23,11,4,0.5418962499999509,11,0,0,observed,equal_session_mean
615564,reward_restoration,2,pseudo,go,-2,no_reward,-16,-9,-12.5,4,4,4,0.1625,17,3,2,0.4709599999999341,3,0,2,observed,equal_session_mean
615564,reward_restoration,2,pseudo,go,-1,no_reward,-8,-1,-4.5,4,4,4,0.23333333333333334,22,5,4,0.5459137499999258,5,0,0,observed,equal_session_mean
615564,reward_restoration,2,pseudo,go,1,no_reward,1,8,4.5,4,4,4,0.1625,18,3,3,0.4403100000000298,3,0,1,observed,equal_session_mean
615564,reward_restoration,2,pseudo,go,2,no_reward,9,16,12.5,4,4,4,0.20535714285714285,21,5,2,0.5377174999998715,5,0,2,observed,equal_session_mean
615564,reward_restoration,2,pseudo,go,3,no_reward,17,24,20.5,4,4,4,0.0,19,0,0,,0,0,4,observed,equal_session_mean
615564,reward_restoration,2,real,catch,-3,no_reward,-24,-17,-20.5,4,4,4,0.08333333333333333,16,1,1,0.31222999999999956,1,0,3,observed,equal_session_mean
615564,reward_restoration,2,real,catch,-2,no_reward,-16,-9,-12.5,4,4,4,0.14583333333333331,10,2,2,0.37130499999989297,2,0,2,observed,equal_session_mean
615564,reward_restoration,2,real,catch,-1,no_reward,-8,-1,-4.5,4,4,4,0.0,11,0,0,,0,0,4,observed,equal_session_mean
615564,reward_restoration,2,real,catch,1,engaged_2,1,8,4.5,4,4,4,0.3125,13,4,3,0.26524833333337483,4,0,1,observed,equal_session_mean
615564,reward_restoration,2,real,catch,2,engaged_2,9,16,12.5,4,4,4,0.25,11,3,3,0.32898999999997613,3,0,1,observed,equal_session_mean
615564,reward_restoration,2,real,catch,3,engaged_2,17,24,20.5,4,4,4,0.125,7,1,1,0.6786099999999351,1,0,3,observed,equal_session_mean
615564,reward_restoration,2,real,go,-3,no_reward,-24,-17,-20.5,4,4,4,0.0,16,0,0,,0,0,4,observed,equal_session_mean
615564,reward_restoration,2,real,go,-2,no_reward,-16,-9,-12.5,4,4,4,0.21666666666666667,22,4,3,0.367823333333187,4,0,1,observed,equal_session_mean
615564,reward_restoration,2,real,go,-1,no_reward,-8,-1,-4.5,4,4,4,0.3333333333333333,21,6,3,0.36253499999997985,6,0,1,observed,equal_session_mean
615564,reward_restoration,2,real,go,1,engaged_2,1,8,4.5,4,4,4,0.7375,19,14,4,0.5441650000000209,14,0,0,observed,equal_session_mean
615564,reward_restoration,2,real,go,2,engaged_2,9,16,12.5,4,4,4,0.7583333333333333,21,16,4,0.582441249999988,16,0,0,observed,equal_session_mean
615564,reward_restoration,2,real,go,3,engaged_2,17,24,20.5,4,4,4,0.6785714285714286,25,18,3,0.5326816666667279,18,0,1,observed,equal_session_mean
623319,reward_withdrawal,1,pseudo,catch,-3,engaged_1,-24,-17,-20.5,3,3,1,0.0,4,0,0,,0,2,3,observed,equal_session_mean
623319,reward_withdrawal,1,pseudo,catch,-2,engaged_1,-16,-9,-12.5,3,3,2,0.125,9,1,1,0.5306100000000242,1,1,2,observed,equal_session_mean
623319,reward_withdrawal,1,pseudo,catch,-1,engaged_1,-8,-1,-4.5,3,3,3,0.27777777777777773,12,3,2,0.529287499999981,3,0,1,observed,equal_session_mean
623319,reward_withdrawal,1,pseudo,catch,1,engaged_1,1,8,4.5,3,3,3,0.5833333333333334,10,5,3,0.3484799999999571,5,0,0,observed,equal_session_mean
623319,reward_withdrawal,1,pseudo,catch,2,engaged_1,9,16,12.5,3,3,3,0.2222222222222222,6,2,1,0.3964049999999588,2,0,2,observed,equal_session_mean
623319,reward_withdrawal,1,pseudo,catch,3,engaged_1,17,24,20.5,3,3,1,0.6666666666666666,3,2,1,0.5627700000000004,2,2,2,observed,equal_session_mean
623319,reward_withdrawal,1,pseudo,go,-3,engaged_1,-24,-17,-20.5,3,3,1,0.75,4,3,1,0.32960000000002765,3,2,2,observed,equal_session_mean
623319,reward_withdrawal,1,pseudo,go,-2,engaged_1,-16,-9,-12.5,3,3,3,0.9166666666666666,15,14,3,0.3514050000000187,14,0,0,observed,equal_session_mean
623319,reward_withdrawal,1,pseudo,go,-1,engaged_1,-8,-1,-4.5,3,3,3,0.7388888888888889,12,9,3,0.3745050000000371,9,0,0,observed,equal_session_mean
623319,reward_withdrawal,1,pseudo,go,1,engaged_1,1,8,4.5,3,3,3,0.9166666666666666,14,13,3,0.3491066666666332,13,0,0,observed,equal_session_mean
623319,reward_withdrawal,1,pseudo,go,2,engaged_1,9,16,12.5,3,3,3,0.8777777777777778,18,16,3,0.3379866666666089,16,0,0,observed,equal_session_mean
623319,reward_withdrawal,1,pseudo,go,3,engaged_1,17,24,20.5,3,3,1,0.8,5,4,1,0.37126499999999396,4,2,2,observed,equal_session_mean
623319,reward_withdrawal,1,real,catch,-3,engaged_1,-24,-17,-20.5,3,3,3,0.45555555555555555,12,5,3,0.33733833333328295,5,0,0,observed,equal_session_mean
623319,reward_withdrawal,1,real,catch,-2,engaged_1,-16,-9,-12.5,3,3,3,0.5277777777777778,9,4,3,0.462573333333296,4,0,0,observed,equal_session_mean
623319,reward_withdrawal,1,real,catch,-1,engaged_1,-8,-1,-4.5,3,3,3,0.3333333333333333,6,2,2,0.4381999999999948,2,0,1,observed,equal_session_mean
623319,reward_withdrawal,1,real,catch,1,no_reward,1,8,4.5,3,3,3,0.06666666666666667,11,1,1,0.42939000000001215,1,0,2,observed,equal_session_mean
623319,reward_withdrawal,1,real,catch,2,no_reward,9,16,12.5,3,3,3,0.16666666666666666,8,1,1,0.3291799999999512,1,0,2,observed,equal_session_mean
623319,reward_withdrawal,1,real,catch,3,no_reward,17,24,20.5,3,3,3,0.0,9,0,0,,0,0,3,observed,equal_session_mean
623319,reward_withdrawal,1,real,go,-3,engaged_1,-24,-17,-20.5,3,3,3,0.6277777777777778,12,8,3,0.38824833333334635,8,0,0,observed,equal_session_mean
623319,reward_withdrawal,1,real,go,-2,engaged_1,-16,-9,-12.5,3,3,3,1.0,15,15,3,0.34895499999997054,15,0,0,observed,equal_session_mean
623319,reward_withdrawal,1,real,go,-1,engaged_1,-8,-1,-4.5,3,3,3,0.888888888888889,18,16,3,0.33799333333323983,16,0,0,observed,equal_session_mean
623319,reward_withdrawal,1,real,go,1,no_reward,1,8,4.5,3,3,3,0.75,13,9,3,0.3790133333332051,9,0,0,observed,equal_session_mean
623319,reward_withdrawal,1,real,go,2,no_reward,9,16,12.5,3,3,3,0.6825396825396824,16,11,3,0.38761666666660705,11,0,0,observed,equal_session_mean
623319,reward_withdrawal,1,real,go,3,no_reward,17,24,20.5,3,3,3,0.3444444444444444,15,5,3,0.3986366666666754,5,0,0,observed,equal_session_mean
623319,reward_restoration,2,pseudo,catch,-3,no_reward,-24,-17,-20.5,3,3,3,0.0,6,0,0,,0,0,3,observed,equal_session_mean
623319,reward_restoration,2,pseudo,catch,-2,no_reward,-16,-9,-12.5,3,3,3,0.0,10,0,0,,0,0,3,observed,equal_session_mean
623319,reward_restoration,2,pseudo,catch,-1,no_reward,-8,-1,-4.5,3,3,3,0.16666666666666666,8,1,1,0.4462399999997615,1,0,2,observed,equal_session_mean
623319,reward_restoration,2,pseudo,catch,1,no_reward,1,8,4.5,3,3,3,0.0,7,0,0,,0,0,3,observed,equal_session_mean
623319,reward_restoration,2,pseudo,catch,2,no_reward,9,16,12.5,3,3,3,0.0,12,0,0,,0,0,3,observed,equal_session_mean
623319,reward_restoration,2,pseudo,catch,3,no_reward,17,24,20.5,3,3,3,0.0,6,0,0,,0,0,3,observed,equal_session_mean
623319,reward_restoration,2,pseudo,go,-3,no_reward,-24,-17,-20.5,3,3,3,0.16666666666666666,18,3,2,0.4459599999999,3,0,1,observed,equal_session_mean
623319,reward_restoration,2,pseudo,go,-2,no_reward,-16,-9,-12.5,3,3,3,0.06666666666666667,14,1,1,0.4127099999998336,1,0,2,observed,equal_session_mean
623319,reward_restoration,2,pseudo,go,-1,no_reward,-8,-1,-4.5,3,3,3,0.05555555555555555,16,1,1,0.31451000000015483,1,0,2,observed,equal_session_mean
623319,reward_restoration,2,pseudo,go,1,no_reward,1,8,4.5,3,3,3,0.18888888888888888,17,3,2,0.4583124999998063,3,0,1,observed,equal_session_mean
623319,reward_restoration,2,pseudo,go,2,no_reward,9,16,12.5,3,3,3,0.15,12,2,2,0.4123149999999214,2,0,1,observed,equal_session_mean
623319,reward_restoration,2,pseudo,go,3,no_reward,17,24,20.5,3,3,3,0.16666666666666666,18,3,1,0.412380000000212,3,0,2,observed,equal_session_mean
623319,reward_restoration,2,real,catch,-3,no_reward,-24,-17,-20.5,3,3,3,0.0,13,0,0,,0,0,3,observed,equal_session_mean
623319,reward_restoration,2,real,catch,-2,no_reward,-16,-9,-12.5,3,3,3,0.0,7,0,0,,0,0,3,observed,equal_session_mean
623319,reward_restoration,2,real,catch,-1,no_reward,-8,-1,-4.5,3,3,3,0.0,9,0,0,,0,0,3,observed,equal_session_mean
623319,reward_restoration,2,real,catch,1,engaged_2,1,8,4.5,3,3,3,0.0,11,0,0,,0,0,3,observed,equal_session_mean
623319,reward_restoration,2,real,catch,2,engaged_2,9,16,12.5,3,3,3,0.38888888888888884,10,4,2,0.4542949999997745,4,0,1,observed,equal_session_mean
623319,reward_restoration,2,real,catch,3,engaged_2,17,24,20.5,3,3,3,0.611111111111111,7,4,3,0.3598216666667516,4,0,0,observed,equal_session_mean
623319,reward_restoration,2,real,go,-3,no_reward,-24,-17,-20.5,3,3,3,0.0,11,0,0,,0,0,3,observed,equal_session_mean
623319,reward_restoration,2,real,go,-2,no_reward,-16,-9,-12.5,3,3,3,0.1865079365079365,17,3,3,0.47920333333331655,3,0,0,observed,equal_session_mean
623319,reward_restoration,2,real,go,-1,no_reward,-8,-1,-4.5,3,3,3,0.15,15,2,2,0.44600500000001375,2,0,1,observed,equal_session_mean
623319,reward_restoration,2,real,go,1,engaged_2,1,8,4.5,3,3,3,0.7999999999999999,13,10,3,0.36072999999987587,10,0,0,observed,equal_session_mean
623319,reward_restoration,2,real,go,2,engaged_2,9,16,12.5,3,3,3,0.9166666666666666,14,13,3,0.34079333333344647,13,0,0,observed,equal_session_mean
623319,reward_restoration,2,real,go,3,engaged_2,17,24,20.5,3,3,3,0.7111111111111111,17,12,3,0.3604283333332508,12,0,0,observed,equal_session_mean
623322,reward_withdrawal,1,pseudo,catch,-3,engaged_1,-24,-17,-20.5,4,4,4,0.0,14,0,0,,0,0,4,observed,equal_session_mean
623322,reward_withdrawal,1,pseudo,catch,-2,engaged_1,-16,-9,-12.5,4,4,4,0.0,11,0,0,,0,0,4,observed,equal_session_mean
623322,reward_withdrawal,1,pseudo,catch,-1,engaged_1,-8,-1,-4.5,4,4,4,0.0,13,0,0,,0,0,4,observed,equal_session_mean
623322,reward_withdrawal,1,pseudo,catch,1,engaged_1,1,8,4.5,4,4,4,0.08333333333333333,12,1,1,0.5816299999999046,1,0,3,observed,equal_session_mean
623322,reward_withdrawal,1,pseudo,catch,2,engaged_1,9,16,12.5,4,4,4,0.0,11,0,0,,0,0,4,observed,equal_session_mean
623322,reward_withdrawal,1,pseudo,catch,3,engaged_1,17,24,20.5,4,4,4,0.0625,10,1,1,0.7128999999999905,1,0,3,observed,equal_session_mean
623322,reward_withdrawal,1,pseudo,go,-3,engaged_1,-24,-17,-20.5,4,4,4,0.6625,18,12,4,0.6051212500000247,12,0,0,observed,equal_session_mean
623322,reward_withdrawal,1,pseudo,go,-2,engaged_1,-16,-9,-12.5,4,4,4,0.8083333333333333,21,17,4,0.4630624999999995,17,0,0,observed,equal_session_mean
623322,reward_withdrawal,1,pseudo,go,-1,engaged_1,-8,-1,-4.5,4,4,4,0.5875,19,11,4,0.578172500000008,11,0,0,observed,equal_session_mean
623322,reward_withdrawal,1,pseudo,go,1,engaged_1,1,8,4.5,4,4,4,0.5916666666666667,20,11,4,0.5958712499999876,11,0,0,observed,equal_session_mean
623322,reward_withdrawal,1,pseudo,go,2,engaged_1,9,16,12.5,4,4,4,0.7083333333333334,21,15,4,0.5246212499999388,15,0,0,observed,equal_session_mean
623322,reward_withdrawal,1,pseudo,go,3,engaged_1,17,24,20.5,4,4,4,0.5285714285714286,22,11,3,0.5475483333332818,11,0,1,observed,equal_session_mean
623322,reward_withdrawal,1,real,catch,-3,engaged_1,-24,-17,-20.5,4,4,4,0.0625,14,1,1,0.7128999999999905,1,0,3,observed,equal_session_mean
623322,reward_withdrawal,1,real,catch,-2,engaged_1,-16,-9,-12.5,4,4,4,0.0,9,0,0,,0,0,4,observed,equal_session_mean
623322,reward_withdrawal,1,real,catch,-1,engaged_1,-8,-1,-4.5,4,4,4,0.125,10,1,1,0.629509999999982,1,0,3,observed,equal_session_mean
623322,reward_withdrawal,1,real,catch,1,no_reward,1,8,4.5,4,4,4,0.08333333333333333,14,1,1,0.5294499999999971,1,0,3,observed,equal_session_mean
623322,reward_withdrawal,1,real,catch,2,no_reward,9,16,12.5,4,4,4,0.0,13,0,0,,0,0,4,observed,equal_session_mean
623322,reward_withdrawal,1,real,catch,3,no_reward,17,24,20.5,4,4,4,0.0,8,0,0,,0,0,4,observed,equal_session_mean
623322,reward_withdrawal,1,real,go,-3,engaged_1,-24,-17,-20.5,4,4,4,0.5625,18,10,3,0.49778999999997114,10,0,1,observed,equal_session_mean
623322,reward_withdrawal,1,real,go,-2,engaged_1,-16,-9,-12.5,4,4,4,0.6642857142857144,23,16,4,0.5915774999999428,16,0,0,observed,equal_session_mean
623322,reward_withdrawal,1,real,go,-1,engaged_1,-8,-1,-4.5,4,4,4,0.675,22,15,4,0.5978987499999988,15,0,0,observed,equal_session_mean
623322,reward_withdrawal,1,real,go,1,no_reward,1,8,4.5,4,4,4,0.5083333333333333,18,9,4,0.5890774999999451,9,0,0,observed,equal_session_mean
623322,reward_withdrawal,1,real,go,2,no_reward,9,16,12.5,4,4,4,0.15000000000000002,19,3,2,0.6613800000000083,3,0,2,observed,equal_session_mean
623322,reward_withdrawal,1,real,go,3,no_reward,17,24,20.5,4,4,4,0.2607142857142857,24,6,4,0.6309674999999686,6,0,0,observed,equal_session_mean
623322,reward_restoration,2,pseudo,catch,-3,no_reward,-24,-17,-20.5,4,4,4,0.05,15,1,1,0.4630099999999402,1,0,3,observed,equal_session_mean
623322,reward_restoration,2,pseudo,catch,-2,no_reward,-16,-9,-12.5,4,4,4,0.25,6,1,1,0.34625999999980195,1,0,3,observed,equal_session_mean
623322,reward_restoration,2,pseudo,catch,-1,no_reward,-8,-1,-4.5,4,4,4,0.20833333333333331,13,2,2,0.24611499999991793,2,0,2,observed,equal_session_mean
623322,reward_restoration,2,pseudo,catch,1,no_reward,1,8,4.5,4,4,4,0.1875,12,3,1,0.7297699999999168,3,0,3,observed,equal_session_mean
623322,reward_restoration,2,pseudo,catch,2,no_reward,9,16,12.5,4,4,4,0.0625,13,1,1,0.6631600000000617,1,0,3,observed,equal_session_mean
623322,reward_restoration,2,pseudo,catch,3,no_reward,17,24,20.5,4,4,4,0.08333333333333333,12,1,1,0.5293899999999212,1,0,3,observed,equal_session_mean
623322,reward_restoration,2,pseudo,go,-3,no_reward,-24,-17,-20.5,4,4,4,0.4583333333333333,17,7,3,0.6070716666666082,7,0,1,observed,equal_session_mean
623322,reward_restoration,2,pseudo,go,-2,no_reward,-16,-9,-12.5,4,4,4,0.39285714285714285,26,10,4,0.4806874999999309,10,0,0,observed,equal_session_mean
623322,reward_restoration,2,pseudo,go,-1,no_reward,-8,-1,-4.5,4,4,4,0.31666666666666665,19,6,4,0.555759999999907,6,0,0,observed,equal_session_mean
623322,reward_restoration,2,pseudo,go,1,no_reward,1,8,4.5,4,4,4,0.3125,20,6,4,0.5648099999999374,6,0,0,observed,equal_session_mean
623322,reward_restoration,2,pseudo,go,2,no_reward,9,16,12.5,4,4,4,0.09166666666666667,19,2,2,0.665489999999977,2,0,2,observed,equal_session_mean
623322,reward_restoration,2,pseudo,go,3,no_reward,17,24,20.5,4,4,4,0.09166666666666667,20,2,2,0.5707349999997859,2,0,2,observed,equal_session_mean
623322,reward_restoration,2,real,catch,-3,no_reward,-24,-17,-20.5,4,4,4,0.08333333333333333,11,1,1,0.44614999999976135,1,0,3,observed,equal_session_mean
623322,reward_restoration,2,real,catch,-2,no_reward,-16,-9,-12.5,4,4,4,0.1625,14,3,2,0.34575999999992746,3,0,2,observed,equal_session_mean
623322,reward_restoration,2,real,catch,-1,no_reward,-8,-1,-4.5,4,4,4,0.0,15,0,0,,0,0,4,observed,equal_session_mean
623322,reward_restoration,2,real,catch,1,engaged_2,1,8,4.5,4,4,4,0.125,9,1,1,0.2312699999997676,1,0,3,observed,equal_session_mean
623322,reward_restoration,2,real,catch,2,engaged_2,9,16,12.5,4,4,4,0.08333333333333333,12,1,1,0.5484099999998762,1,0,3,observed,equal_session_mean
623322,reward_restoration,2,real,catch,3,engaged_2,17,24,20.5,4,4,4,0.0,11,0,0,,0,0,4,observed,equal_session_mean
623322,reward_restoration,2,real,go,-3,no_reward,-24,-17,-20.5,4,4,4,0.12142857142857143,21,3,2,0.5211324999999078,3,0,2,observed,equal_session_mean
623322,reward_restoration,2,real,go,-2,no_reward,-16,-9,-12.5,4,4,4,0.13333333333333333,18,2,2,0.5707750000001397,2,0,2,observed,equal_session_mean
623322,reward_restoration,2,real,go,-1,no_reward,-8,-1,-4.5,4,4,4,0.15,17,3,1,0.4789600000003702,3,0,3,observed,equal_session_mean
623322,reward_restoration,2,real,go,1,engaged_2,1,8,4.5,4,4,4,0.7916666666666666,23,18,4,0.45556249999981446,18,0,0,observed,equal_session_mean
623322,reward_restoration,2,real,go,2,engaged_2,9,16,12.5,4,4,4,0.75,20,15,4,0.5872662499999137,15,0,0,observed,equal_session_mean
623322,reward_restoration,2,real,go,3,engaged_2,17,24,20.5,4,4,4,0.7869047619047619,21,16,4,0.5395349999996597,16,0,0,observed,equal_session_mean
623784,reward_withdrawal,1,pseudo,catch,-3,engaged_1,-24,-17,-20.5,4,4,2,0.0,6,0,0,,0,2,4,observed,equal_session_mean
623784,reward_withdrawal,1,pseudo,catch,-2,engaged_1,-16,-9,-12.5,4,4,4,0.3125,14,4,2,0.3375750000000437,4,0,2,observed,equal_session_mean
623784,reward_withdrawal,1,pseudo,catch,-1,engaged_1,-8,-1,-4.5,4,4,4,0.29166666666666663,12,3,3,0.34576333333336606,3,0,1,observed,equal_session_mean
623784,reward_withdrawal,1,pseudo,catch,1,engaged_1,1,8,4.5,4,4,4,0.5833333333333333,9,5,4,0.4046575000000132,5,0,0,observed,equal_session_mean
623784,reward_withdrawal,1,pseudo,catch,2,engaged_1,9,16,12.5,4,4,4,0.3333333333333333,11,4,3,0.27353166666659945,4,0,1,observed,equal_session_mean
623784,reward_withdrawal,1,pseudo,catch,3,engaged_1,17,24,20.5,4,4,4,0.35,14,3,2,0.29149249999991866,3,0,2,observed,equal_session_mean
623784,reward_withdrawal,1,pseudo,go,-3,engaged_1,-24,-17,-20.5,4,4,2,0.7,10,7,2,0.38392000000000337,7,2,2,observed,equal_session_mean
623784,reward_withdrawal,1,pseudo,go,-2,engaged_1,-16,-9,-12.5,4,4,4,0.875,18,16,4,0.3839937500000232,16,0,0,observed,equal_session_mean
623784,reward_withdrawal,1,pseudo,go,-1,engaged_1,-8,-1,-4.5,4,4,4,0.95,20,19,4,0.3653450000000049,19,0,0,observed,equal_session_mean
623784,reward_withdrawal,1,pseudo,go,1,engaged_1,1,8,4.5,4,4,4,0.7416666666666667,23,17,4,0.3569349999999929,17,0,0,observed,equal_session_mean
623784,reward_withdrawal,1,pseudo,go,2,engaged_1,9,16,12.5,4,4,4,0.7166666666666667,21,15,4,0.4049724999999711,15,0,0,observed,equal_session_mean
623784,reward_withdrawal,1,pseudo,go,3,engaged_1,17,24,20.5,4,4,4,0.9,18,16,4,0.37158749999997553,16,0,0,observed,equal_session_mean
623784,reward_withdrawal,1,real,catch,-3,engaged_1,-24,-17,-20.5,4,4,4,0.3333333333333333,13,4,3,0.31236166666663695,4,0,1,observed,equal_session_mean
623784,reward_withdrawal,1,real,catch,-2,engaged_1,-16,-9,-12.5,4,4,4,0.3958333333333333,11,4,3,0.29298499999993055,4,0,1,observed,equal_session_mean
623784,reward_withdrawal,1,real,catch,-1,engaged_1,-8,-1,-4.5,4,4,4,0.18333333333333335,14,3,2,0.3831099999999594,3,0,2,observed,equal_session_mean
623784,reward_withdrawal,1,real,catch,1,no_reward,1,8,4.5,4,4,4,0.2708333333333333,11,3,3,0.35709333333329596,3,0,1,observed,equal_session_mean
623784,reward_withdrawal,1,real,catch,2,no_reward,9,16,12.5,4,4,4,0.05,13,1,1,0.3963300000000345,1,0,3,observed,equal_session_mean
623784,reward_withdrawal,1,real,catch,3,no_reward,17,24,20.5,4,4,4,0.16666666666666666,12,2,1,0.37889499999994314,2,0,3,observed,equal_session_mean
623784,reward_withdrawal,1,real,go,-3,engaged_1,-24,-17,-20.5,4,4,4,0.7,19,13,4,0.3817474999999604,13,0,0,observed,equal_session_mean
623784,reward_withdrawal,1,real,go,-2,engaged_1,-16,-9,-12.5,4,4,4,0.8125,21,17,4,0.4341162499999598,17,0,0,observed,equal_session_mean
623784,reward_withdrawal,1,real,go,-1,engaged_1,-8,-1,-4.5,4,4,4,0.8125,18,15,4,0.39656499999996697,15,0,0,observed,equal_session_mean
623784,reward_withdrawal,1,real,go,1,no_reward,1,8,4.5,4,4,4,0.8666666666666667,21,18,4,0.3918037499999514,18,0,0,observed,equal_session_mean
623784,reward_withdrawal,1,real,go,2,no_reward,9,16,12.5,4,4,4,0.6833333333333333,19,14,4,0.4270725000000084,14,0,0,observed,equal_session_mean
623784,reward_withdrawal,1,real,go,3,no_reward,17,24,20.5,4,4,4,0.6083333333333334,20,12,4,0.44150999999999385,12,0,0,observed,equal_session_mean
623784,reward_restoration,2,pseudo,catch,-3,no_reward,-24,-17,-20.5,4,4,4,0.0,13,0,0,,0,0,4,observed,equal_session_mean
623784,reward_restoration,2,pseudo,catch,-2,no_reward,-16,-9,-12.5,4,4,4,0.23333333333333334,14,4,2,0.2957049999999981,4,0,2,observed,equal_session_mean
623784,reward_restoration,2,pseudo,catch,-1,no_reward,-8,-1,-4.5,4,4,4,0.0,10,0,0,,0,0,4,observed,equal_session_mean
623784,reward_restoration,2,pseudo,catch,1,no_reward,1,8,4.5,4,4,4,0.25,10,2,2,0.47103499999991527,2,0,2,observed,equal_session_mean
623784,reward_restoration,2,pseudo,catch,2,no_reward,9,16,12.5,4,4,4,0.0,13,0,0,,0,0,4,observed,equal_session_mean
623784,reward_restoration,2,pseudo,catch,3,no_reward,17,24,20.5,4,4,4,0.0625,12,1,1,0.2624399999999696,1,0,3,observed,equal_session_mean
623784,reward_restoration,2,pseudo,go,-3,no_reward,-24,-17,-20.5,4,4,4,0.5994047619047619,19,12,4,0.42869000000001733,12,0,0,observed,equal_session_mean
623784,reward_restoration,2,pseudo,go,-2,no_reward,-16,-9,-12.5,4,4,4,0.6,18,10,4,0.5085849999999823,10,0,0,observed,equal_session_mean
623784,reward_restoration,2,pseudo,go,-1,no_reward,-8,-1,-4.5,4,4,4,0.46190476190476193,22,11,3,0.45977333333337356,11,0,1,observed,equal_session_mean
623784,reward_restoration,2,pseudo,go,1,no_reward,1,8,4.5,4,4,4,0.39583333333333337,22,9,4,0.5166487499999732,9,0,0,observed,equal_session_mean
623784,reward_restoration,2,pseudo,go,2,no_reward,9,16,12.5,4,4,4,0.35,19,7,3,0.5098883333332651,7,0,1,observed,equal_session_mean
623784,reward_restoration,2,pseudo,go,3,no_reward,17,24,20.5,4,4,4,0.35,20,8,3,0.45426000000005234,8,0,1,observed,equal_session_mean
623784,reward_restoration,2,real,catch,-3,no_reward,-24,-17,-20.5,4,4,4,0.125,12,1,1,0.7288400000002184,1,0,3,observed,equal_session_mean
623784,reward_restoration,2,real,catch,-2,no_reward,-16,-9,-12.5,4,4,4,0.08333333333333333,11,1,1,0.5622399999997469,1,0,3,observed,equal_session_mean
623784,reward_restoration,2,real,catch,-1,no_reward,-8,-1,-4.5,4,4,4,0.5,11,5,3,0.4235816666666021,5,0,1,observed,equal_session_mean
623784,reward_restoration,2,real,catch,1,engaged_2,1,8,4.5,4,4,4,0.125,11,1,1,0.7292300000003706,1,0,3,observed,equal_session_mean
623784,reward_restoration,2,real,catch,2,engaged_2,9,16,12.5,4,4,4,0.35416666666666663,13,5,3,0.3403116666666695,5,0,1,observed,equal_session_mean
623784,reward_restoration,2,real,catch,3,engaged_2,17,24,20.5,4,4,4,0.0,11,0,0,,0,0,4,observed,equal_session_mean
623784,reward_restoration,2,real,go,-3,no_reward,-24,-17,-20.5,4,4,4,0.3833333333333333,20,8,3,0.5457100000000233,8,0,1,observed,equal_session_mean
623784,reward_restoration,2,real,go,-2,no_reward,-16,-9,-12.5,4,4,4,0.29166666666666663,21,6,2,0.4334849999999051,6,0,2,observed,equal_session_mean
623784,reward_restoration,2,real,go,-1,no_reward,-8,-1,-4.5,4,4,4,0.2833333333333333,21,6,4,0.5290762500000028,6,0,0,observed,equal_session_mean
623784,reward_restoration,2,real,go,1,engaged_2,1,8,4.5,4,4,4,0.7583333333333333,21,16,4,0.3695212499999343,16,0,0,observed,equal_session_mean
623784,reward_restoration,2,real,go,2,engaged_2,9,16,12.5,4,4,4,0.7291666666666666,19,14,4,0.38033875000013495,14,0,0,observed,equal_session_mean
623784,reward_restoration,2,real,go,3,engaged_2,17,24,20.5,4,4,4,0.6458333333333333,21,14,4,0.3985399999999686,14,0,0,observed,equal_session_mean
623786,reward_withdrawal,1,pseudo,catch,-3,engaged_1,-24,-17,-20.5,4,4,3,0.0,12,0,0,,0,1,4,observed,equal_session_mean
623786,reward_withdrawal,1,pseudo,catch,-2,engaged_1,-16,-9,-12.5,4,4,4,0.16666666666666666,10,2,2,0.5209800000000371,2,0,2,observed,equal_session_mean
623786,reward_withdrawal,1,pseudo,catch,-1,engaged_1,-8,-1,-4.5,4,4,4,0.125,13,1,1,0.49677999999994427,1,0,3,observed,equal_session_mean
623786,reward_withdrawal,1,pseudo,catch,1,engaged_1,1,8,4.5,4,4,4,0.125,10,1,1,0.7298499999999422,1,0,3,observed,equal_session_mean
623786,reward_withdrawal,1,pseudo,catch,2,engaged_1,9,16,12.5,4,4,4,0.1125,15,2,2,0.521365000000003,2,0,2,observed,equal_session_mean
623786,reward_withdrawal,1,pseudo,catch,3,engaged_1,17,24,20.5,4,4,4,0.08333333333333333,14,1,1,0.729759999999942,1,0,3,observed,equal_session_mean
623786,reward_withdrawal,1,pseudo,go,-3,engaged_1,-24,-17,-20.5,4,4,3,0.9333333333333332,12,11,3,0.4828616666666979,11,1,1,observed,equal_session_mean
623786,reward_withdrawal,1,pseudo,go,-2,engaged_1,-16,-9,-12.5,4,4,4,0.7833333333333333,22,17,4,0.48206750000000653,17,0,0,observed,equal_session_mean
623786,reward_withdrawal,1,pseudo,go,-1,engaged_1,-8,-1,-4.5,4,4,4,0.6583333333333333,19,13,4,0.48408124999998847,13,0,0,observed,equal_session_mean
623786,reward_withdrawal,1,pseudo,go,1,engaged_1,1,8,4.5,4,4,4,0.6136904761904762,22,13,4,0.5070975000000004,13,0,0,observed,equal_session_mean
623786,reward_withdrawal,1,pseudo,go,2,engaged_1,9,16,12.5,4,4,4,0.75,17,12,4,0.5030599999999907,12,0,0,observed,equal_session_mean
623786,reward_withdrawal,1,pseudo,go,3,engaged_1,17,24,20.5,4,4,4,0.7125,18,13,4,0.49038374999997814,13,0,0,observed,equal_session_mean
623786,reward_withdrawal,1,real,catch,-3,engaged_1,-24,-17,-20.5,4,4,4,0.125,12,2,2,0.521365000000003,2,0,2,observed,equal_session_mean
623786,reward_withdrawal,1,real,catch,-2,engaged_1,-16,-9,-12.5,4,4,4,0.0,15,0,0,,0,0,4,observed,equal_session_mean
623786,reward_withdrawal,1,real,catch,-1,engaged_1,-8,-1,-4.5,4,4,4,0.0625,13,1,1,0.729759999999942,1,0,3,observed,equal_session_mean
623786,reward_withdrawal,1,real,catch,1,no_reward,1,8,4.5,4,4,4,0.0,8,0,0,,0,0,4,observed,equal_session_mean
623786,reward_withdrawal,1,real,catch,2,no_reward,9,16,12.5,4,4,4,0.125,12,2,1,0.4290899999998601,2,0,3,observed,equal_session_mean
623786,reward_withdrawal,1,real,catch,3,no_reward,17,24,20.5,4,4,4,0.25,12,2,1,0.4877650000000813,2,0,3,observed,equal_session_mean
623786,reward_withdrawal,1,real,go,-3,engaged_1,-24,-17,-20.5,4,4,4,0.8160714285714286,20,16,4,0.49702124999998887,16,0,0,observed,equal_session_mean
623786,reward_withdrawal,1,real,go,-2,engaged_1,-16,-9,-12.5,4,4,4,0.6083333333333334,17,11,4,0.4798149999999737,11,0,0,observed,equal_session_mean
623786,reward_withdrawal,1,real,go,-1,engaged_1,-8,-1,-4.5,4,4,4,1.0,19,19,4,0.49869999999994263,19,0,0,observed,equal_session_mean
623786,reward_withdrawal,1,real,go,1,no_reward,1,8,4.5,4,4,4,0.7916666666666667,24,19,4,0.4849087499999598,19,0,0,observed,equal_session_mean
623786,reward_withdrawal,1,real,go,2,no_reward,9,16,12.5,4,4,4,0.4375,20,9,4,0.5308074999999519,9,0,0,observed,equal_session_mean
623786,reward_withdrawal,1,real,go,3,no_reward,17,24,20.5,4,4,4,0.6041666666666666,20,12,4,0.507693750000044,12,0,0,observed,equal_session_mean
623786,reward_restoration,2,pseudo,catch,-3,no_reward,-24,-17,-20.5,4,4,4,0.0,12,0,0,,0,0,4,observed,equal_session_mean
623786,reward_restoration,2,pseudo,catch,-2,no_reward,-16,-9,-12.5,4,4,4,0.3125,10,3,2,0.40866249999999127,3,0,2,observed,equal_session_mean
623786,reward_restoration,2,pseudo,catch,-1,no_reward,-8,-1,-4.5,4,4,4,0.0625,13,1,1,0.5293900000001486,1,0,3,observed,equal_session_mean
623786,reward_restoration,2,pseudo,catch,1,no_reward,1,8,4.5,4,4,4,0.0625,17,1,1,0.5794299999997747,1,0,3,observed,equal_session_mean
623786,reward_restoration,2,pseudo,catch,2,no_reward,9,16,12.5,4,4,3,0.0,6,0,0,,0,1,4,observed,equal_session_mean
623786,reward_restoration,2,pseudo,catch,3,no_reward,17,24,20.5,4,4,3,0.08333333333333333,11,1,1,0.5627700000000004,1,1,3,observed,equal_session_mean
623786,reward_restoration,2,pseudo,go,-3,no_reward,-24,-17,-20.5,4,4,4,0.30000000000000004,20,6,4,0.536647500000015,6,0,0,observed,equal_session_mean
623786,reward_restoration,2,pseudo,go,-2,no_reward,-16,-9,-12.5,4,4,4,0.4654761904761905,22,11,3,0.5535633333333104,11,0,1,observed,equal_session_mean
623786,reward_restoration,2,pseudo,go,-1,no_reward,-8,-1,-4.5,4,4,4,0.2583333333333333,19,5,4,0.5389337499999556,5,0,0,observed,equal_session_mean
623786,reward_restoration,2,pseudo,go,1,no_reward,1,8,4.5,4,4,4,0.35416666666666663,15,5,3,0.4949250000000423,5,0,1,observed,equal_session_mean
623786,reward_restoration,2,pseudo,go,2,no_reward,9,16,12.5,4,4,3,0.18888888888888888,18,3,2,0.520927499999857,3,1,2,observed,equal_session_mean
623786,reward_restoration,2,pseudo,go,3,no_reward,17,24,20.5,4,4,3,0.08333333333333333,13,1,1,0.5802999999998519,1,1,3,observed,equal_session_mean
623786,reward_restoration,2,real,catch,-3,no_reward,-24,-17,-20.5,4,4,4,0.08333333333333333,11,1,1,0.4792600000000675,1,0,3,observed,equal_session_mean
623786,reward_restoration,2,real,catch,-2,no_reward,-16,-9,-12.5,4,4,4,0.08333333333333333,13,1,1,0.5794299999997747,1,0,3,observed,equal_session_mean
623786,reward_restoration,2,real,catch,-1,no_reward,-8,-1,-4.5,4,4,4,0.0,11,0,0,,0,0,4,observed,equal_session_mean
623786,reward_restoration,2,real,catch,1,engaged_2,1,8,4.5,4,4,4,0.08333333333333333,11,1,1,0.4961399999997411,1,0,3,observed,equal_session_mean
623786,reward_restoration,2,real,catch,2,engaged_2,9,16,12.5,4,4,4,0.0,13,0,0,,0,0,4,observed,equal_session_mean
623786,reward_restoration,2,real,catch,3,engaged_2,17,24,20.5,4,4,4,0.08333333333333333,12,1,1,0.7315000000003238,1,0,3,observed,equal_session_mean
623786,reward_restoration,2,real,go,-3,no_reward,-24,-17,-20.5,4,4,4,0.15,21,3,1,0.3455699999999524,3,0,3,observed,equal_session_mean
623786,reward_restoration,2,real,go,-2,no_reward,-16,-9,-12.5,4,4,4,0.1,19,2,1,0.40422000000000935,2,0,3,observed,equal_session_mean
623786,reward_restoration,2,real,go,-1,no_reward,-8,-1,-4.5,4,4,4,0.0625,21,1,1,0.329569999999876,1,0,3,observed,equal_session_mean
623786,reward_restoration,2,real,go,1,engaged_2,1,8,4.5,4,4,4,0.7666666666666666,21,16,4,0.48511499999995067,16,0,0,observed,equal_session_mean
623786,reward_restoration,2,real,go,2,engaged_2,9,16,12.5,4,4,4,0.9,19,17,4,0.47269750000003796,17,0,0,observed,equal_session_mean
623786,reward_restoration,2,real,go,3,engaged_2,17,24,20.5,4,4,4,0.65,20,13,4,0.5203850000000898,13,0,0,observed,equal_session_mean
626279,reward_withdrawal,1,pseudo,catch,-3,engaged_1,-24,-17,-20.5,4,4,4,0.125,14,2,1,0.38742999999999483,2,0,3,observed,equal_session_mean
626279,reward_withdrawal,1,pseudo,catch,-2,engaged_1,-16,-9,-12.5,4,4,4,0.16666666666666666,14,2,1,0.26247000000000753,2,0,3,observed,equal_session_mean
626279,reward_withdrawal,1,pseudo,catch,-1,engaged_1,-8,-1,-4.5,4,4,4,0.0,10,0,0,,0,0,4,observed,equal_session_mean
626279,reward_withdrawal,1,pseudo,catch,1,engaged_1,1,8,4.5,4,4,4,0.3333333333333333,8,2,2,0.41237499999999727,2,0,2,observed,equal_session_mean
626279,reward_withdrawal,1,pseudo,catch,2,engaged_1,9,16,12.5,4,4,4,0.0625,17,1,1,0.42948999999998705,1,0,3,observed,equal_session_mean
626279,reward_withdrawal,1,pseudo,catch,3,engaged_1,17,24,20.5,4,4,4,0.0,10,0,0,,0,0,4,observed,equal_session_mean
626279,reward_withdrawal,1,pseudo,go,-3,engaged_1,-24,-17,-20.5,4,4,4,0.6,18,9,3,0.4077933333333495,9,0,1,observed,equal_session_mean
626279,reward_withdrawal,1,pseudo,go,-2,engaged_1,-16,-9,-12.5,4,4,4,0.4125,18,8,3,0.4221033333333348,8,0,1,observed,equal_session_mean
626279,reward_withdrawal,1,pseudo,go,-1,engaged_1,-8,-1,-4.5,4,4,4,0.475,22,11,3,0.43530166666664627,11,0,1,observed,equal_session_mean
626279,reward_withdrawal,1,pseudo,go,1,engaged_1,1,8,4.5,4,4,4,0.42023809523809524,24,10,3,0.44677166666663953,10,0,1,observed,equal_session_mean
626279,reward_withdrawal,1,pseudo,go,2,engaged_1,9,16,12.5,4,4,4,0.35416666666666663,15,5,2,0.47586249999997676,5,0,2,observed,equal_session_mean
626279,reward_withdrawal,1,pseudo,go,3,engaged_1,17,24,20.5,4,4,4,0.30714285714285716,22,7,3,0.480143333333217,7,0,1,observed,equal_session_mean
626279,reward_withdrawal,1,real,catch,-3,engaged_1,-24,-17,-20.5,4,4,4,0.0,14,0,0,,0,0,4,observed,equal_session_mean
626279,reward_withdrawal,1,real,catch,-2,engaged_1,-16,-9,-12.5,4,4,3,0.0,10,0,0,,0,1,4,observed,equal_session_mean
626279,reward_withdrawal,1,real,catch,-1,engaged_1,-8,-1,-4.5,4,4,4,0.08333333333333333,13,1,1,0.4291800000000876,1,0,3,observed,equal_session_mean
626279,reward_withdrawal,1,real,catch,1,no_reward,1,8,4.5,4,4,4,0.0,14,0,0,,0,0,4,observed,equal_session_mean
626279,reward_withdrawal,1,real,catch,2,no_reward,9,16,12.5,4,4,4,0.125,10,1,1,0.596290000000181,1,0,3,observed,equal_session_mean
626279,reward_withdrawal,1,real,catch,3,no_reward,17,24,20.5,4,4,4,0.0,13,0,0,,0,0,4,observed,equal_session_mean
626279,reward_withdrawal,1,real,go,-3,engaged_1,-24,-17,-20.5,4,4,4,0.26666666666666666,18,6,2,0.45942249999993123,6,0,2,observed,equal_session_mean
626279,reward_withdrawal,1,real,go,-2,engaged_1,-16,-9,-12.5,4,4,4,0.325,22,6,3,0.4913133333332856,6,0,1,observed,equal_session_mean
626279,reward_withdrawal,1,real,go,-1,engaged_1,-8,-1,-4.5,4,4,4,0.2625,19,5,2,0.4465974999999389,5,0,2,observed,equal_session_mean
626279,reward_withdrawal,1,real,go,1,no_reward,1,8,4.5,4,4,4,0.2,18,4,2,0.41240000000004784,4,0,2,observed,equal_session_mean
626279,reward_withdrawal,1,real,go,2,no_reward,9,16,12.5,4,4,4,0.1988095238095238,22,5,3,0.5069033333332603,5,0,1,observed,equal_session_mean
626279,reward_withdrawal,1,real,go,3,no_reward,17,24,20.5,4,4,4,0.05,19,1,1,0.4625499999999647,1,0,3,observed,equal_session_mean
626279,reward_restoration,2,pseudo,catch,-3,no_reward,-24,-17,-20.5,4,4,4,0.08333333333333333,11,1,1,0.4460300000000643,1,0,3,observed,equal_session_mean
626279,reward_restoration,2,pseudo,catch,-2,no_reward,-16,-9,-12.5,4,4,4,0.0625,13,1,1,0.5298499999998967,1,0,3,observed,equal_session_mean
626279,reward_restoration,2,pseudo,catch,-1,no_reward,-8,-1,-4.5,4,4,4,0.0,12,0,0,,0,0,4,observed,equal_session_mean
626279,reward_restoration,2,pseudo,catch,1,no_reward,1,8,4.5,4,4,4,0.0625,15,1,1,0.19495000000006257,1,0,3,observed,equal_session_mean
626279,reward_restoration,2,pseudo,catch,2,no_reward,9,16,12.5,4,4,4,0.0,10,0,0,,0,0,4,observed,equal_session_mean
626279,reward_restoration,2,pseudo,catch,3,no_reward,17,24,20.5,4,4,4,0.0,7,0,0,,0,0,4,observed,equal_session_mean
626279,reward_restoration,2,pseudo,go,-3,no_reward,-24,-17,-20.5,4,4,4,0.09166666666666667,21,2,2,0.5789200000000392,2,0,2,observed,equal_session_mean
626279,reward_restoration,2,pseudo,go,-2,no_reward,-16,-9,-12.5,4,4,4,0.18333333333333335,19,4,2,0.5458224999999288,4,0,2,observed,equal_session_mean
626279,reward_restoration,2,pseudo,go,-1,no_reward,-8,-1,-4.5,4,4,4,0.2375,20,5,3,0.5515533333333072,5,0,1,observed,equal_session_mean
626279,reward_restoration,2,pseudo,go,1,no_reward,1,8,4.5,4,4,4,0.0625,17,1,1,0.4958899999996902,1,0,3,observed,equal_session_mean
626279,reward_restoration,2,pseudo,go,2,no_reward,9,16,12.5,4,4,4,0.05,22,1,1,0.7313100000001214,1,0,3,observed,equal_session_mean
626279,reward_restoration,2,pseudo,go,3,no_reward,17,24,20.5,4,4,4,0.0,25,0,0,,0,0,4,observed,equal_session_mean
626279,reward_restoration,2,real,catch,-3,no_reward,-24,-17,-20.5,4,4,4,0.0,13,0,0,,0,0,4,observed,equal_session_mean
626279,reward_restoration,2,real,catch,-2,no_reward,-16,-9,-12.5,4,4,4,0.0,11,0,0,,0,0,4,observed,equal_session_mean
626279,reward_restoration,2,real,catch,-1,no_reward,-8,-1,-4.5,4,4,4,0.0,11,0,0,,0,0,4,observed,equal_session_mean
626279,reward_restoration,2,real,catch,1,engaged_2,1,8,4.5,4,4,4,0.1,15,2,1,0.24559999999974025,2,0,3,observed,equal_session_mean
626279,reward_restoration,2,real,catch,2,engaged_2,9,16,12.5,4,4,4,0.125,10,1,1,0.5130099999996673,1,0,3,observed,equal_session_mean
626279,reward_restoration,2,real,catch,3,engaged_2,17,24,20.5,4,4,4,0.0,11,0,0,,0,0,4,observed,equal_session_mean
626279,reward_restoration,2,real,go,-3,no_reward,-24,-17,-20.5,4,4,4,0.0,19,0,0,,0,0,4,observed,equal_session_mean
626279,reward_restoration,2,real,go,-2,no_reward,-16,-9,-12.5,4,4,4,0.24166666666666667,21,5,3,0.5681216666664568,5,0,1,observed,equal_session_mean
626279,reward_restoration,2,real,go,-1,no_reward,-8,-1,-4.5,4,4,4,0.0,21,0,0,,0,0,4,observed,equal_session_mean
626279,reward_restoration,2,real,go,1,engaged_2,1,8,4.5,4,4,4,0.47916666666666663,17,8,4,0.538298750000024,8,0,0,observed,equal_session_mean
626279,reward_restoration,2,real,go,2,engaged_2,9,16,12.5,4,4,4,0.3535714285714286,22,9,3,0.5077866666667129,9,0,1,observed,equal_session_mean
626279,reward_restoration,2,real,go,3,engaged_2,17,24,20.5,4,4,4,0.1,21,2,1,0.4548449999999775,2,0,3,observed,equal_session_mean
632295,reward_withdrawal,1,pseudo,catch,-3,engaged_1,-24,-17,-20.5,4,4,1,0.0,2,0,0,,0,3,4,observed,equal_session_mean
632295,reward_withdrawal,1,pseudo,catch,-2,engaged_1,-16,-9,-12.5,4,4,4,0.1875,11,2,2,0.36373999999989337,2,0,2,observed,equal_session_mean
632295,reward_withdrawal,1,pseudo,catch,-1,engaged_1,-8,-1,-4.5,4,4,4,0.20833333333333331,12,2,2,0.4050849999998718,2,0,2,observed,equal_session_mean
632295,reward_withdrawal,1,pseudo,catch,1,engaged_1,1,8,4.5,4,4,4,0.25,8,2,2,0.37091499999996813,2,0,2,observed,equal_session_mean
632295,reward_withdrawal,1,pseudo,catch,2,engaged_1,9,16,12.5,4,4,4,0.3125,20,6,3,0.298958333333303,6,0,1,observed,equal_session_mean
632295,reward_withdrawal,1,pseudo,catch,3,engaged_1,17,24,20.5,4,4,1,0.3333333333333333,3,1,1,0.29595000000017535,1,3,3,observed,equal_session_mean
632295,reward_withdrawal,1,pseudo,go,-3,engaged_1,-24,-17,-20.5,4,4,1,1.0,6,6,1,0.3380100000000539,6,3,3,observed,equal_session_mean
632295,reward_withdrawal,1,pseudo,go,-2,engaged_1,-16,-9,-12.5,4,4,4,0.8041666666666667,21,17,4,0.340978750000005,17,0,0,observed,equal_session_mean
632295,reward_withdrawal,1,pseudo,go,-1,engaged_1,-8,-1,-4.5,4,4,4,0.9083333333333333,20,18,4,0.3557999999999595,18,0,0,observed,equal_session_mean
632295,reward_withdrawal,1,pseudo,go,1,engaged_1,1,8,4.5,4,4,4,0.7083333333333333,24,17,4,0.36199250000004213,17,0,0,observed,equal_session_mean
632295,reward_withdrawal,1,pseudo,go,2,engaged_1,9,16,12.5,4,4,4,0.8333333333333333,12,10,4,0.3452000000001476,10,0,0,observed,equal_session_mean
632295,reward_withdrawal,1,pseudo,go,3,engaged_1,17,24,20.5,4,4,1,1.0,5,5,1,0.3130400000000009,5,3,3,observed,equal_session_mean
632295,reward_withdrawal,1,real,catch,-3,engaged_1,-24,-17,-20.5,4,4,4,0.125,8,1,1,0.4459400000000642,1,0,3,observed,equal_session_mean
632295,reward_withdrawal,1,real,catch,-2,engaged_1,-16,-9,-12.5,4,4,4,0.25,15,3,3,0.2961733333331722,3,0,1,observed,equal_session_mean
632295,reward_withdrawal,1,real,catch,-1,engaged_1,-8,-1,-4.5,4,4,4,0.4083333333333333,12,6,3,0.3986850000001141,6,0,1,observed,equal_session_mean
632295,reward_withdrawal,1,real,catch,1,no_reward,1,8,4.5,4,4,4,0.3333333333333333,12,2,2,0.38936999999987165,2,0,2,observed,equal_session_mean
632295,reward_withdrawal,1,real,catch,2,no_reward,9,16,12.5,4,4,3,0.2333333333333333,11,2,2,0.329274999999825,2,1,2,observed,equal_session_mean
632295,reward_withdrawal,1,real,catch,3,no_reward,17,24,20.5,4,4,4,0.0,13,0,0,,0,0,4,observed,equal_session_mean
632295,reward_withdrawal,1,real,go,-3,engaged_1,-24,-17,-20.5,4,4,4,0.75,24,18,4,0.35993500000006406,18,0,0,observed,equal_session_mean
632295,reward_withdrawal,1,real,go,-2,engaged_1,-16,-9,-12.5,4,4,4,0.7291666666666666,17,13,4,0.33901250000008076,13,0,0,observed,equal_session_mean
632295,reward_withdrawal,1,real,go,-1,engaged_1,-8,-1,-4.5,4,4,4,0.875,20,18,4,0.34115500000001475,18,0,0,observed,equal_session_mean
632295,reward_withdrawal,1,real,go,1,no_reward,1,8,4.5,4,4,4,0.8517857142857143,20,17,4,0.35972624999999425,17,0,0,observed,equal_session_mean
632295,reward_withdrawal,1,real,go,2,no_reward,9,16,12.5,4,4,4,0.5208333333333334,21,11,4,0.38291375000000016,11,0,0,observed,equal_session_mean
632295,reward_withdrawal,1,real,go,3,no_reward,17,24,20.5,4,4,4,0.4511904761904762,19,9,4,0.43273749999997335,9,0,0,observed,equal_session_mean
632295,reward_restoration,2,pseudo,catch,-3,no_reward,-24,-17,-20.5,4,4,4,0.08333333333333333,15,1,1,0.5627099999996972,1,0,3,observed,equal_session_mean
632295,reward_restoration,2,pseudo,catch,-2,no_reward,-16,-9,-12.5,4,4,4,0.16666666666666666,13,2,1,0.2992749999998523,2,0,3,observed,equal_session_mean
632295,reward_restoration,2,pseudo,catch,-1,no_reward,-8,-1,-4.5,4,4,4,0.0,12,0,0,,0,0,4,observed,equal_session_mean
632295,reward_restoration,2,pseudo,catch,1,no_reward,1,8,4.5,4,4,4,0.0,10,0,0,,0,0,4,observed,equal_session_mean
632295,reward_restoration,2,pseudo,catch,2,no_reward,9,16,12.5,4,4,4,0.125,12,2,2,0.4040099999999711,2,0,2,observed,equal_session_mean
632295,reward_restoration,2,pseudo,catch,3,no_reward,17,24,20.5,4,4,4,0.0,9,0,0,,0,0,4,observed,equal_session_mean
632295,reward_restoration,2,pseudo,go,-3,no_reward,-24,-17,-20.5,4,4,4,0.44583333333333336,17,8,4,0.3847062500001357,8,0,0,observed,equal_session_mean
632295,reward_restoration,2,pseudo,go,-2,no_reward,-16,-9,-12.5,4,4,4,0.39285714285714285,19,9,3,0.40322166666669546,9,0,1,observed,equal_session_mean
632295,reward_restoration,2,pseudo,go,-1,no_reward,-8,-1,-4.5,4,4,4,0.4910714285714286,20,10,3,0.4152750000000651,10,0,1,observed,equal_session_mean
632295,reward_restoration,2,pseudo,go,1,no_reward,1,8,4.5,4,4,4,0.41666666666666663,22,10,3,0.41021333333325555,10,0,1,observed,equal_session_mean
632295,reward_restoration,2,pseudo,go,2,no_reward,9,16,12.5,4,4,4,0.3125,20,5,2,0.4419100000001208,5,0,2,observed,equal_session_mean
632295,reward_restoration,2,pseudo,go,3,no_reward,17,24,20.5,4,4,4,0.08333333333333333,23,2,1,0.4625550000000658,2,0,3,observed,equal_session_mean
632295,reward_restoration,2,real,catch,-3,no_reward,-24,-17,-20.5,4,4,4,0.08333333333333333,13,1,1,0.3993300000001909,1,0,3,observed,equal_session_mean
632295,reward_restoration,2,real,catch,-2,no_reward,-16,-9,-12.5,4,4,4,0.0,11,0,0,,0,0,4,observed,equal_session_mean
632295,reward_restoration,2,real,catch,-1,no_reward,-8,-1,-4.5,4,4,4,0.0,14,0,0,,0,0,4,observed,equal_session_mean
632295,reward_restoration,2,real,catch,1,engaged_2,1,8,4.5,4,4,4,0.5833333333333333,9,5,4,0.3047362500003601,5,0,0,observed,equal_session_mean
632295,reward_restoration,2,real,catch,2,engaged_2,9,16,12.5,4,4,4,0.20833333333333331,12,2,2,0.23858500000051208,2,0,2,observed,equal_session_mean
632295,reward_restoration,2,real,catch,3,engaged_2,17,24,20.5,4,4,4,0.08333333333333333,15,1,1,0.36279000000013184,1,0,3,observed,equal_session_mean
632295,reward_restoration,2,real,go,-3,no_reward,-24,-17,-20.5,4,4,4,0.05,19,1,1,0.3956599999996797,1,0,3,observed,equal_session_mean
632295,reward_restoration,2,real,go,-2,no_reward,-16,-9,-12.5,4,4,4,0.10416666666666666,21,2,2,0.357450000000199,2,0,2,observed,equal_session_mean
632295,reward_restoration,2,real,go,-1,no_reward,-8,-1,-4.5,4,4,4,0.1875,18,3,2,0.4122624999997697,3,0,2,observed,equal_session_mean
632295,reward_restoration,2,real,go,1,engaged_2,1,8,4.5,4,4,4,0.8666666666666667,23,20,4,0.36191875000025675,20,0,0,observed,equal_session_mean
632295,reward_restoration,2,real,go,2,engaged_2,9,16,12.5,4,4,4,0.8875,20,18,4,0.3370612500007155,18,0,0,observed,equal_session_mean
632295,reward_restoration,2,real,go,3,engaged_2,17,24,20.5,4,4,4,1.0,17,17,4,0.33686000000045624,17,0,0,observed,equal_session_mean
633232,reward_withdrawal,1,pseudo,catch,-3,engaged_1,-24,-17,-20.5,4,4,1,0.0,3,0,0,,0,3,4,observed,equal_session_mean
633232,reward_withdrawal,1,pseudo,catch,-2,engaged_1,-16,-9,-12.5,4,4,2,0.25,7,2,1,0.3709049999999934,2,2,3,observed,equal_session_mean
633232,reward_withdrawal,1,pseudo,catch,-1,engaged_1,-8,-1,-4.5,4,4,4,0.5208333333333334,11,6,4,0.36668499999990445,6,0,0,observed,equal_session_mean
633232,reward_withdrawal,1,pseudo,catch,1,engaged_1,1,8,4.5,4,4,4,0.3333333333333333,12,4,3,0.5988349999998567,4,0,1,observed,equal_session_mean
633232,reward_withdrawal,1,pseudo,catch,2,engaged_1,9,16,12.5,4,4,3,0.08333333333333333,15,1,1,0.7462999999997919,1,1,3,observed,equal_session_mean
633232,reward_withdrawal,1,pseudo,catch,3,engaged_1,17,24,20.5,4,4,1,0.0,2,0,0,,0,3,4,observed,equal_session_mean
633232,reward_withdrawal,1,pseudo,go,-3,engaged_1,-24,-17,-20.5,4,4,1,0.6,5,3,1,0.46313000000009197,3,3,3,observed,equal_session_mean
633232,reward_withdrawal,1,pseudo,go,-2,engaged_1,-16,-9,-12.5,4,4,2,0.35,9,3,2,0.47150749999991604,3,2,2,observed,equal_session_mean
633232,reward_withdrawal,1,pseudo,go,-1,engaged_1,-8,-1,-4.5,4,4,4,0.6125,21,13,4,0.5362262499998849,13,0,0,observed,equal_session_mean
633232,reward_withdrawal,1,pseudo,go,1,engaged_1,1,8,4.5,4,4,4,0.35,20,7,2,0.5216424999999845,7,0,2,observed,equal_session_mean
633232,reward_withdrawal,1,pseudo,go,2,engaged_1,9,16,12.5,4,4,3,0.3611111111111111,9,3,3,0.4742400000000089,3,1,1,observed,equal_session_mean
633232,reward_withdrawal,1,pseudo,go,3,engaged_1,17,24,20.5,4,4,2,0.22916666666666666,14,3,2,0.4713524999999663,3,2,2,observed,equal_session_mean
633232,reward_withdrawal,1,real,catch,-3,engaged_1,-24,-17,-20.5,4,4,3,0.08333333333333333,8,1,1,0.7462999999997919,1,1,3,observed,equal_session_mean
633232,reward_withdrawal,1,real,catch,-2,engaged_1,-16,-9,-12.5,4,4,4,0.16666666666666666,14,2,1,0.35441999999989093,2,0,3,observed,equal_session_mean
633232,reward_withdrawal,1,real,catch,-1,engaged_1,-8,-1,-4.5,4,4,4,0.16666666666666666,9,2,1,0.4709349999998267,2,0,3,observed,equal_session_mean
633232,reward_withdrawal,1,real,catch,1,no_reward,1,8,4.5,4,4,4,0.14583333333333331,12,2,2,0.5377350000001115,2,0,2,observed,equal_session_mean
633232,reward_withdrawal,1,real,catch,2,no_reward,9,16,12.5,4,4,4,0.0,10,0,0,,0,0,4,observed,equal_session_mean
633232,reward_withdrawal,1,real,catch,3,no_reward,17,24,20.5,4,4,4,0.05,15,1,1,0.6793399999996836,1,0,3,observed,equal_session_mean
633232,reward_withdrawal,1,real,go,-3,engaged_1,-24,-17,-20.5,4,4,3,0.38095238095238093,16,6,2,0.521274999999946,6,1,2,observed,equal_session_mean
633232,reward_withdrawal,1,real,go,-2,engaged_1,-16,-9,-12.5,4,4,4,0.26666666666666666,18,5,3,0.4661816666667467,5,0,1,observed,equal_session_mean
633232,reward_withdrawal,1,real,go,-1,engaged_1,-8,-1,-4.5,4,4,4,0.44166666666666665,23,10,3,0.5493916666665276,10,0,1,observed,equal_session_mean
633232,reward_withdrawal,1,real,go,1,no_reward,1,8,4.5,4,4,4,0.31666666666666665,20,7,3,0.48524333333330105,7,0,1,observed,equal_session_mean
633232,reward_withdrawal,1,real,go,2,no_reward,9,16,12.5,4,4,4,0.4916666666666667,22,11,4,0.556299999999851,11,0,0,observed,equal_session_mean
633232,reward_withdrawal,1,real,go,3,no_reward,17,24,20.5,4,4,4,0.3458333333333333,17,6,3,0.439846666666502,6,0,1,observed,equal_session_mean
633232,reward_restoration,2,pseudo,catch,-3,no_reward,-24,-17,-20.5,4,4,4,0.125,10,1,1,0.7458999999998923,1,0,3,observed,equal_session_mean
633232,reward_restoration,2,pseudo,catch,-2,no_reward,-16,-9,-12.5,4,4,4,0.29166666666666663,12,4,3,0.5127366666666452,4,0,1,observed,equal_session_mean
633232,reward_restoration,2,pseudo,catch,-1,no_reward,-8,-1,-4.5,4,4,4,0.1875,12,2,2,0.4962100000002465,2,0,2,observed,equal_session_mean
633232,reward_restoration,2,pseudo,catch,1,no_reward,1,8,4.5,4,4,4,0.1,13,2,1,0.29591000000004897,2,0,3,observed,equal_session_mean
633232,reward_restoration,2,pseudo,catch,2,no_reward,9,16,12.5,4,4,4,0.08333333333333333,11,1,1,0.328979999999774,1,0,3,observed,equal_session_mean
633232,reward_restoration,2,pseudo,catch,3,no_reward,17,24,20.5,4,4,4,0.0625,14,1,1,0.6292399999997542,1,0,3,observed,equal_session_mean
633232,reward_restoration,2,pseudo,go,-3,no_reward,-24,-17,-20.5,4,4,4,0.3255952380952381,22,7,4,0.5812650000000303,7,0,0,observed,equal_session_mean
633232,reward_restoration,2,pseudo,go,-2,no_reward,-16,-9,-12.5,4,4,4,0.55,20,12,3,0.6214299999999943,12,0,1,observed,equal_session_mean
633232,reward_restoration,2,pseudo,go,-1,no_reward,-8,-1,-4.5,4,4,4,0.4583333333333333,20,9,3,0.5883900000001177,9,0,1,observed,equal_session_mean
633232,reward_restoration,2,pseudo,go,1,no_reward,1,8,4.5,4,4,4,0.375,19,8,3,0.52628333333314,8,0,1,observed,equal_session_mean
633232,reward_restoration,2,pseudo,go,2,no_reward,9,16,12.5,4,4,4,0.38333333333333336,21,8,3,0.5735933333332165,8,0,1,observed,equal_session_mean
633232,reward_restoration,2,pseudo,go,3,no_reward,17,24,20.5,4,4,4,0.25,18,5,2,0.6790075000000115,5,0,2,observed,equal_session_mean
633232,reward_restoration,2,real,catch,-3,no_reward,-24,-17,-20.5,4,4,4,0.0625,12,1,1,0.2292299999999159,1,0,3,observed,equal_session_mean
633232,reward_restoration,2,real,catch,-2,no_reward,-16,-9,-12.5,4,4,4,0.125,12,1,1,0.57912000000033,1,0,3,observed,equal_session_mean
633232,reward_restoration,2,real,catch,-1,no_reward,-8,-1,-4.5,4,4,3,0.0,12,0,0,,0,1,4,observed,equal_session_mean
633232,reward_restoration,2,real,catch,1,engaged_2,1,8,4.5,4,4,4,0.0,13,0,0,,0,0,4,observed,equal_session_mean
633232,reward_restoration,2,real,catch,2,engaged_2,9,16,12.5,4,4,4,0.29166666666666663,10,3,2,0.4501625000007152,3,0,2,observed,equal_session_mean
633232,reward_restoration,2,real,catch,3,engaged_2,17,24,20.5,4,4,4,0.1,13,2,1,0.26242000000047483,2,0,3,observed,equal_session_mean
633232,reward_restoration,2,real,go,-3,no_reward,-24,-17,-20.5,4,4,4,0.2,20,4,1,0.5290399999998954,4,0,3,observed,equal_session_mean
633232,reward_restoration,2,real,go,-2,no_reward,-16,-9,-12.5,4,4,4,0.29166666666666663,20,5,2,0.5876025000000027,5,0,2,observed,equal_session_mean
633232,reward_restoration,2,real,go,-1,no_reward,-8,-1,-4.5,4,4,4,0.4458333333333333,20,10,4,0.5484862500002237,10,0,0,observed,equal_session_mean
633232,reward_restoration,2,real,go,1,engaged_2,1,8,4.5,4,4,4,0.3375,19,6,3,0.5939966666668018,6,0,1,observed,equal_session_mean
633232,reward_restoration,2,real,go,2,engaged_2,9,16,12.5,4,4,4,0.43452380952380953,22,10,3,0.4158166666670695,10,0,1,observed,equal_session_mean
633232,reward_restoration,2,real,go,3,engaged_2,17,24,20.5,4,4,4,0.45,19,7,3,0.5411216666667921,7,0,1,observed,equal_session_mean
636740,reward_withdrawal,1,pseudo,catch,-3,engaged_1,-24,-17,-20.5,4,4,4,0.0,11,0,0,,0,0,4,observed,equal_session_mean
636740,reward_withdrawal,1,pseudo,catch,-2,engaged_1,-16,-9,-12.5,4,4,4,0.3333333333333333,14,3,2,0.3125300000000948,3,0,2,observed,equal_session_mean
636740,reward_withdrawal,1,pseudo,catch,-1,engaged_1,-8,-1,-4.5,4,4,4,0.0,10,0,0,,0,0,4,observed,equal_session_mean
636740,reward_withdrawal,1,pseudo,catch,1,engaged_1,1,8,4.5,4,4,4,0.0625,16,1,1,0.1624099999999089,1,0,3,observed,equal_session_mean
636740,reward_withdrawal,1,pseudo,catch,2,engaged_1,9,16,12.5,4,4,4,0.0,8,0,0,,0,0,4,observed,equal_session_mean
636740,reward_withdrawal,1,pseudo,catch,3,engaged_1,17,24,20.5,4,4,4,0.0625,12,1,1,0.4292499999996835,1,0,3,observed,equal_session_mean
636740,reward_withdrawal,1,pseudo,go,-3,engaged_1,-24,-17,-20.5,4,4,4,0.4803571428571428,21,10,3,0.48806166666671896,10,0,1,observed,equal_session_mean
636740,reward_withdrawal,1,pseudo,go,-2,engaged_1,-16,-9,-12.5,4,4,4,0.5125,18,10,3,0.5549283333333127,10,0,1,observed,equal_session_mean
636740,reward_withdrawal,1,pseudo,go,-1,engaged_1,-8,-1,-4.5,4,4,4,0.625,22,14,3,0.4768983333333381,14,0,1,observed,equal_session_mean
636740,reward_withdrawal,1,pseudo,go,1,engaged_1,1,8,4.5,4,4,4,0.4916666666666667,16,8,3,0.5328783333333907,8,0,1,observed,equal_session_mean
636740,reward_withdrawal,1,pseudo,go,2,engaged_1,9,16,12.5,4,4,4,0.4285714285714286,24,10,3,0.5660516666665293,10,0,1,observed,equal_session_mean
636740,reward_withdrawal,1,pseudo,go,3,engaged_1,17,24,20.5,4,4,4,0.33333333333333337,20,8,2,0.48820999999998094,8,0,2,observed,equal_session_mean
636740,reward_withdrawal,1,real,catch,-3,engaged_1,-24,-17,-20.5,4,4,4,0.125,12,1,1,0.4292499999996835,1,0,3,observed,equal_session_mean
636740,reward_withdrawal,1,real,catch,-2,engaged_1,-16,-9,-12.5,4,4,4,0.0,9,0,0,,0,0,4,observed,equal_session_mean
636740,reward_withdrawal,1,real,catch,-1,engaged_1,-8,-1,-4.5,4,4,4,0.0625,16,1,1,0.5128100000001723,1,0,3,observed,equal_session_mean
636740,reward_withdrawal,1,real,catch,1,no_reward,1,8,4.5,4,4,4,0.0,11,0,0,,0,0,4,observed,equal_session_mean
636740,reward_withdrawal,1,real,catch,2,no_reward,9,16,12.5,4,4,4,0.125,10,1,1,0.4126200000000608,1,0,3,observed,equal_session_mean
636740,reward_withdrawal,1,real,catch,3,no_reward,17,24,20.5,4,4,4,0.0,13,0,0,,0,0,4,observed,equal_session_mean
636740,reward_withdrawal,1,real,go,-3,engaged_1,-24,-17,-20.5,4,4,4,0.5333333333333333,20,11,3,0.4938316666667409,11,0,1,observed,equal_session_mean
636740,reward_withdrawal,1,real,go,-2,engaged_1,-16,-9,-12.5,4,4,4,0.4083333333333333,23,9,2,0.5258624999999029,9,0,2,observed,equal_session_mean
636740,reward_withdrawal,1,real,go,-1,engaged_1,-8,-1,-4.5,4,4,4,0.6666666666666666,16,10,3,0.4911633333332854,10,0,1,observed,equal_session_mean
636740,reward_withdrawal,1,real,go,1,no_reward,1,8,4.5,4,4,4,0.4910714285714286,21,10,3,0.5122783333332942,10,0,1,observed,equal_session_mean
636740,reward_withdrawal,1,real,go,2,no_reward,9,16,12.5,4,4,4,0.5,22,12,3,0.4762233333332612,12,0,1,observed,equal_session_mean
636740,reward_withdrawal,1,real,go,3,no_reward,17,24,20.5,4,4,4,0.45,19,9,3,0.4929100000000138,9,0,1,observed,equal_session_mean
636740,reward_restoration,2,pseudo,catch,-3,no_reward,-24,-17,-20.5,4,4,4,0.0,14,0,0,,0,0,4,observed,equal_session_mean
636740,reward_restoration,2,pseudo,catch,-2,no_reward,-16,-9,-12.5,4,4,4,0.0,10,0,0,,0,0,4,observed,equal_session_mean
636740,reward_restoration,2,pseudo,catch,-1,no_reward,-8,-1,-4.5,4,4,4,0.05,17,1,1,0.6130100000000311,1,0,3,observed,equal_session_mean
636740,reward_restoration,2,pseudo,catch,1,no_reward,1,8,4.5,4,4,4,0.25,9,1,1,0.7458000000001448,1,0,3,observed,equal_session_mean
636740,reward_restoration,2,pseudo,catch,2,no_reward,9,16,12.5,4,4,4,0.0,12,0,0,,0,0,4,observed,equal_session_mean
636740,reward_restoration,2,pseudo,catch,3,no_reward,17,24,20.5,4,4,4,0.0,11,0,0,,0,0,4,observed,equal_session_mean
636740,reward_restoration,2,pseudo,go,-3,no_reward,-24,-17,-20.5,4,4,4,0.2625,18,5,3,0.5348166666664534,5,0,1,observed,equal_session_mean
636740,reward_restoration,2,pseudo,go,-2,no_reward,-16,-9,-12.5,4,4,4,0.22916666666666666,22,5,3,0.5182366666664772,5,0,1,observed,equal_session_mean
636740,reward_restoration,2,pseudo,go,-1,no_reward,-8,-1,-4.5,4,4,4,0.1625,15,3,2,0.5208774999999832,3,0,2,observed,equal_session_mean
636740,reward_restoration,2,pseudo,go,1,no_reward,1,8,4.5,4,4,4,0.1,23,2,1,0.6877649999998994,2,0,3,observed,equal_session_mean
636740,reward_restoration,2,pseudo,go,2,no_reward,9,16,12.5,4,4,4,0.05,20,1,1,0.6123600000000806,1,0,3,observed,equal_session_mean
636740,reward_restoration,2,pseudo,go,3,no_reward,17,24,20.5,4,4,4,0.08333333333333333,21,2,1,0.5133900000002996,2,0,3,observed,equal_session_mean
636740,reward_restoration,2,real,catch,-3,no_reward,-24,-17,-20.5,4,4,4,0.0,11,0,0,,0,0,4,observed,equal_session_mean
636740,reward_restoration,2,real,catch,-2,no_reward,-16,-9,-12.5,4,4,4,0.0,10,0,0,,0,0,4,observed,equal_session_mean
636740,reward_restoration,2,real,catch,-1,no_reward,-8,-1,-4.5,4,4,4,0.08333333333333333,12,1,1,0.3291599999997743,1,0,3,observed,equal_session_mean
636740,reward_restoration,2,real,catch,1,engaged_2,1,8,4.5,4,4,4,0.08333333333333333,10,1,1,0.7296599999999671,1,0,3,observed,equal_session_mean
636740,reward_restoration,2,real,catch,2,engaged_2,9,16,12.5,4,4,4,0.0,17,0,0,,0,0,4,observed,equal_session_mean
636740,reward_restoration,2,real,catch,3,engaged_2,17,24,20.5,4,4,4,0.0,8,0,0,,0,0,4,observed,equal_session_mean
636740,reward_restoration,2,real,go,-3,no_reward,-24,-17,-20.5,4,4,4,0.1625,21,3,2,0.4499000000000706,3,0,2,observed,equal_session_mean
636740,reward_restoration,2,real,go,-2,no_reward,-16,-9,-12.5,4,4,4,0.12738095238095237,22,3,3,0.47928333333326617,3,0,1,observed,equal_session_mean
636740,reward_restoration,2,real,go,-1,no_reward,-8,-1,-4.5,4,4,4,0.08333333333333333,20,2,1,0.6626199999998335,2,0,3,observed,equal_session_mean
636740,reward_restoration,2,real,go,1,engaged_2,1,8,4.5,4,4,4,0.6279761904761905,22,13,4,0.48007999999998674,13,0,0,observed,equal_session_mean
636740,reward_restoration,2,real,go,2,engaged_2,9,16,12.5,4,4,4,0.3375,15,6,2,0.4461650000002919,6,0,2,observed,equal_session_mean
636740,reward_restoration,2,real,go,3,engaged_2,17,24,20.5,4,4,4,0.35714285714285715,24,8,2,0.42990500000087195,8,0,2,observed,equal_session_mean
637483,reward_withdrawal,1,pseudo,catch,-3,engaged_1,-24,-17,-20.5,3,3,3,0.0,10,0,0,,0,0,3,observed,equal_session_mean
637483,reward_withdrawal,1,pseudo,catch,-2,engaged_1,-16,-9,-12.5,3,3,3,0.0,6,0,0,,0,0,3,observed,equal_session_mean
637483,reward_withdrawal,1,pseudo,catch,-1,engaged_1,-8,-1,-4.5,3,3,3,0.0,11,0,0,,0,0,3,observed,equal_session_mean
637483,reward_withdrawal,1,pseudo,catch,1,engaged_1,1,8,4.5,3,3,3,0.0,7,0,0,,0,0,3,observed,equal_session_mean
637483,reward_withdrawal,1,pseudo,catch,2,engaged_1,9,16,12.5,3,3,3,0.0,11,0,0,,0,0,3,observed,equal_session_mean
637483,reward_withdrawal,1,pseudo,catch,3,engaged_1,17,24,20.5,3,3,3,0.16666666666666666,8,1,1,0.362999999999829,1,0,2,observed,equal_session_mean
637483,reward_withdrawal,1,pseudo,go,-3,engaged_1,-24,-17,-20.5,3,3,3,0.9333333333333332,14,13,3,0.4132283333332604,13,0,0,observed,equal_session_mean
637483,reward_withdrawal,1,pseudo,go,-2,engaged_1,-16,-9,-12.5,3,3,3,0.8857142857142857,18,16,3,0.40767166666667737,16,0,0,observed,equal_session_mean
637483,reward_withdrawal,1,pseudo,go,-1,engaged_1,-8,-1,-4.5,3,3,3,0.9333333333333332,13,12,3,0.3828083333333628,12,0,0,observed,equal_session_mean
637483,reward_withdrawal,1,pseudo,go,1,engaged_1,1,8,4.5,3,3,3,0.8666666666666667,17,15,3,0.42174666666653593,15,0,0,observed,equal_session_mean
637483,reward_withdrawal,1,pseudo,go,2,engaged_1,9,16,12.5,3,3,3,1.0,13,13,3,0.39355666666650296,13,0,0,observed,equal_session_mean
637483,reward_withdrawal,1,pseudo,go,3,engaged_1,17,24,20.5,3,3,3,0.8000000000000002,16,13,3,0.42976666666656155,13,0,0,observed,equal_session_mean
637483,reward_withdrawal,1,real,catch,-3,engaged_1,-24,-17,-20.5,3,3,3,0.08333333333333333,10,1,1,0.362999999999829,1,0,2,observed,equal_session_mean
637483,reward_withdrawal,1,real,catch,-2,engaged_1,-16,-9,-12.5,3,3,3,0.0,8,0,0,,0,0,3,observed,equal_session_mean
637483,reward_withdrawal,1,real,catch,-1,engaged_1,-8,-1,-4.5,3,3,3,0.0,10,0,0,,0,0,3,observed,equal_session_mean
637483,reward_withdrawal,1,real,catch,1,no_reward,1,8,4.5,3,3,3,0.1111111111111111,7,1,1,0.36265000000003056,1,0,2,observed,equal_session_mean
637483,reward_withdrawal,1,real,catch,2,no_reward,9,16,12.5,3,3,3,0.27777777777777773,10,2,2,0.2875000000001364,2,0,1,observed,equal_session_mean
637483,reward_withdrawal,1,real,catch,3,no_reward,17,24,20.5,3,3,3,0.25,10,3,1,0.4631299999996372,3,0,2,observed,equal_session_mean
637483,reward_withdrawal,1,real,go,-3,engaged_1,-24,-17,-20.5,3,3,3,0.9333333333333332,14,13,3,0.4186399999999442,13,0,0,observed,equal_session_mean
637483,reward_withdrawal,1,real,go,-2,engaged_1,-16,-9,-12.5,3,3,3,0.8777777777777778,16,14,3,0.42701999999985674,14,0,0,observed,equal_session_mean
637483,reward_withdrawal,1,real,go,-1,engaged_1,-8,-1,-4.5,3,3,3,1.0,14,14,3,0.4158833333334921,14,0,0,observed,equal_session_mean
637483,reward_withdrawal,1,real,go,1,no_reward,1,8,4.5,3,3,3,0.8888888888888888,17,15,3,0.39003666666659836,15,0,0,observed,equal_session_mean
637483,reward_withdrawal,1,real,go,2,no_reward,9,16,12.5,3,3,3,0.8222222222222223,14,12,3,0.44560166666663764,12,0,0,observed,equal_session_mean
637483,reward_withdrawal,1,real,go,3,no_reward,17,24,20.5,3,3,3,0.3333333333333333,14,5,2,0.41669999999999163,5,0,1,observed,equal_session_mean
637483,reward_restoration,2,pseudo,catch,-3,no_reward,-24,-17,-20.5,3,3,3,0.0,9,0,0,,0,0,3,observed,equal_session_mean
637483,reward_restoration,2,pseudo,catch,-2,no_reward,-16,-9,-12.5,3,3,3,0.31666666666666665,11,3,3,0.451663333333272,3,0,0,observed,equal_session_mean
637483,reward_restoration,2,pseudo,catch,-1,no_reward,-8,-1,-4.5,3,3,3,0.16666666666666666,8,1,1,0.16211000000021158,1,0,2,observed,equal_session_mean
637483,reward_restoration,2,pseudo,catch,1,no_reward,1,8,4.5,3,3,3,0.0,10,0,0,,0,0,3,observed,equal_session_mean
637483,reward_restoration,2,pseudo,catch,2,no_reward,9,16,12.5,3,3,3,0.13333333333333333,9,2,1,0.5880949999998393,2,0,2,observed,equal_session_mean
637483,reward_restoration,2,pseudo,catch,3,no_reward,17,24,20.5,3,3,3,0.0,11,0,0,,0,0,3,observed,equal_session_mean
637483,reward_restoration,2,pseudo,go,-3,no_reward,-24,-17,-20.5,3,3,3,0.3055555555555555,15,4,2,0.40414000000009764,4,0,1,observed,equal_session_mean
637483,reward_restoration,2,pseudo,go,-2,no_reward,-16,-9,-12.5,3,3,3,0.5,13,6,3,0.49272833333323734,6,0,0,observed,equal_session_mean
637483,reward_restoration,2,pseudo,go,-1,no_reward,-8,-1,-4.5,3,3,3,0.5158730158730158,16,8,3,0.47361833333328224,8,0,0,observed,equal_session_mean
637483,reward_restoration,2,pseudo,go,1,no_reward,1,8,4.5,3,3,3,0.4166666666666667,14,5,2,0.4916524999998728,5,0,1,observed,equal_session_mean
637483,reward_restoration,2,pseudo,go,2,no_reward,9,16,12.5,3,3,3,0.3333333333333333,15,5,3,0.3687099999998888,5,0,0,observed,equal_session_mean
637483,reward_restoration,2,pseudo,go,3,no_reward,17,24,20.5,3,3,3,0.38888888888888884,13,4,2,0.4546900000000278,4,0,1,observed,equal_session_mean
637483,reward_restoration,2,real,catch,-3,no_reward,-24,-17,-20.5,3,3,3,0.0,9,0,0,,0,0,3,observed,equal_session_mean
637483,reward_restoration,2,real,catch,-2,no_reward,-16,-9,-12.5,3,3,3,0.0,7,0,0,,0,0,3,observed,equal_session_mean
637483,reward_restoration,2,real,catch,-1,no_reward,-8,-1,-4.5,3,3,3,0.08333333333333333,13,1,1,0.5294599999997445,1,0,2,observed,equal_session_mean
637483,reward_restoration,2,real,catch,1,engaged_2,1,8,4.5,3,3,3,0.06666666666666667,12,1,1,0.34742000000005646,1,0,2,observed,equal_session_mean
637483,reward_restoration,2,real,catch,2,engaged_2,9,16,12.5,3,3,3,0.0,9,0,0,,0,0,3,observed,equal_session_mean
637483,reward_restoration,2,real,catch,3,engaged_2,17,24,20.5,3,3,3,0.16666666666666666,7,1,1,0.3289700000004814,1,0,2,observed,equal_session_mean
637483,reward_restoration,2,real,go,-3,no_reward,-24,-17,-20.5,3,3,3,0.2222222222222222,15,3,2,0.6292925000000196,3,0,1,observed,equal_session_mean
637483,reward_restoration,2,real,go,-2,no_reward,-16,-9,-12.5,3,3,3,0.27619047619047615,17,5,3,0.5511333333332308,5,0,0,observed,equal_session_mean
637483,reward_restoration,2,real,go,-1,no_reward,-8,-1,-4.5,3,3,3,0.2333333333333333,11,3,2,0.5750949999999193,3,0,1,observed,equal_session_mean
637483,reward_restoration,2,real,go,1,engaged_2,1,8,4.5,3,3,3,0.85,12,10,3,0.3938166666664529,10,0,0,observed,equal_session_mean
637483,reward_restoration,2,real,go,2,engaged_2,9,16,12.5,3,3,3,0.8666666666666667,15,13,3,0.3935883333339613,13,0,0,observed,equal_session_mean
637483,reward_restoration,2,real,go,3,engaged_2,17,24,20.5,3,3,3,0.8888888888888888,17,15,3,0.3860350000002957,15,0,0,observed,equal_session_mean
637488,reward_withdrawal,1,pseudo,catch,-3,engaged_1,-24,-17,-20.5,4,4,4,0.0,13,0,0,,0,0,4,observed,equal_session_mean
637488,reward_withdrawal,1,pseudo,catch,-2,engaged_1,-16,-9,-12.5,4,4,4,0.0,11,0,0,,0,0,4,observed,equal_session_mean
637488,reward_withdrawal,1,pseudo,catch,-1,engaged_1,-8,-1,-4.5,4,4,4,0.0,11,0,0,,0,0,4,observed,equal_session_mean
637488,reward_withdrawal,1,pseudo,catch,1,engaged_1,1,8,4.5,4,4,4,0.0,12,0,0,,0,0,4,observed,equal_session_mean
637488,reward_withdrawal,1,pseudo,catch,2,engaged_1,9,16,12.5,4,4,4,0.0,14,0,0,,0,0,4,observed,equal_session_mean
637488,reward_withdrawal,1,pseudo,catch,3,engaged_1,17,24,20.5,4,4,4,0.08333333333333333,11,1,1,0.312420000000202,1,0,3,observed,equal_session_mean
637488,reward_withdrawal,1,pseudo,go,-3,engaged_1,-24,-17,-20.5,4,4,4,0.15416666666666667,19,3,3,0.5684899999999592,3,0,1,observed,equal_session_mean
637488,reward_withdrawal,1,pseudo,go,-2,engaged_1,-16,-9,-12.5,4,4,4,0.03571428571428571,21,1,1,0.7460499999999683,1,0,3,observed,equal_session_mean
637488,reward_withdrawal,1,pseudo,go,-1,engaged_1,-8,-1,-4.5,4,4,4,0.1875,21,3,1,0.44711000000006607,3,0,3,observed,equal_session_mean
637488,reward_withdrawal,1,pseudo,go,1,engaged_1,1,8,4.5,4,4,4,0.0,20,0,0,,0,0,4,observed,equal_session_mean
637488,reward_withdrawal,1,pseudo,go,2,engaged_1,9,16,12.5,4,4,4,0.15,18,3,1,0.4963900000002468,3,0,3,observed,equal_session_mean
637488,reward_withdrawal,1,pseudo,go,3,engaged_1,17,24,20.5,4,4,4,0.35833333333333334,21,8,2,0.4544749999997748,8,0,2,observed,equal_session_mean
637488,reward_withdrawal,1,real,catch,-3,engaged_1,-24,-17,-20.5,4,4,4,0.08333333333333333,13,1,1,0.312420000000202,1,0,3,observed,equal_session_mean
637488,reward_withdrawal,1,real,catch,-2,engaged_1,-16,-9,-12.5,4,4,4,0.125,9,1,1,0.3621800000000803,1,0,3,observed,equal_session_mean
637488,reward_withdrawal,1,real,catch,-1,engaged_1,-8,-1,-4.5,4,4,4,0.0625,15,1,1,0.4791900000000169,1,0,3,observed,equal_session_mean
637488,reward_withdrawal,1,real,catch,1,no_reward,1,8,4.5,4,4,4,0.0,13,0,0,,0,0,4,observed,equal_session_mean
637488,reward_withdrawal,1,real,catch,2,no_reward,9,16,12.5,4,4,3,0.0,8,0,0,,0,1,4,observed,equal_session_mean
637488,reward_withdrawal,1,real,catch,3,no_reward,17,24,20.5,4,4,4,0.125,14,1,1,0.42968999999993684,1,0,3,observed,equal_session_mean
637488,reward_withdrawal,1,real,go,-3,engaged_1,-24,-17,-20.5,4,4,4,0.3875,19,7,2,0.46686749999992116,7,0,2,observed,equal_session_mean
637488,reward_withdrawal,1,real,go,-2,engaged_1,-16,-9,-12.5,4,4,4,0.31666666666666665,23,7,2,0.5170349999999644,7,0,2,observed,equal_session_mean
637488,reward_withdrawal,1,real,go,-1,engaged_1,-8,-1,-4.5,4,4,4,0.3125,17,5,2,0.4588925000000472,5,0,2,observed,equal_session_mean
637488,reward_withdrawal,1,real,go,1,no_reward,1,8,4.5,4,4,4,0.16666666666666666,19,4,1,0.4876549999996769,4,0,3,observed,equal_session_mean
637488,reward_withdrawal,1,real,go,2,no_reward,9,16,12.5,4,4,4,0.24285714285714285,24,6,2,0.5292874999998958,6,0,2,observed,equal_session_mean
637488,reward_withdrawal,1,real,go,3,no_reward,17,24,20.5,4,4,4,0.25,18,5,2,0.5582249999999931,5,0,2,observed,equal_session_mean
637488,reward_restoration,2,pseudo,catch,-3,no_reward,-24,-17,-20.5,4,4,4,0.0,11,0,0,,0,0,4,observed,equal_session_mean
637488,reward_restoration,2,pseudo,catch,-2,no_reward,-16,-9,-12.5,4,4,4,0.0,13,0,0,,0,0,4,observed,equal_session_mean
637488,reward_restoration,2,pseudo,catch,-1,no_reward,-8,-1,-4.5,4,4,4,0.08333333333333333,9,1,1,0.679489999999987,1,0,3,observed,equal_session_mean
637488,reward_restoration,2,pseudo,catch,1,no_reward,1,8,4.5,4,4,4,0.0,14,0,0,,0,0,4,observed,equal_session_mean
637488,reward_restoration,2,pseudo,catch,2,no_reward,9,16,12.5,4,4,4,0.0,12,0,0,,0,0,4,observed,equal_session_mean
637488,reward_restoration,2,pseudo,catch,3,no_reward,17,24,20.5,4,4,4,0.0,12,0,0,,0,0,4,observed,equal_session_mean
637488,reward_restoration,2,pseudo,go,-3,no_reward,-24,-17,-20.5,4,4,4,0.0,21,0,0,,0,0,4,observed,equal_session_mean
637488,reward_restoration,2,pseudo,go,-2,no_reward,-16,-9,-12.5,4,4,4,0.0,19,0,0,,0,0,4,observed,equal_session_mean
637488,reward_restoration,2,pseudo,go,-1,no_reward,-8,-1,-4.5,4,4,4,0.05,23,1,1,0.5959700000003068,1,0,3,observed,equal_session_mean
637488,reward_restoration,2,pseudo,go,1,no_reward,1,8,4.5,4,4,4,0.1,18,2,1,0.6463049999997565,2,0,3,observed,equal_session_mean
637488,reward_restoration,2,pseudo,go,2,no_reward,9,16,12.5,4,4,4,0.15000000000000002,20,3,2,0.5542324999997845,3,0,2,observed,equal_session_mean
637488,reward_restoration,2,pseudo,go,3,no_reward,17,24,20.5,4,4,4,0.05,20,1,1,0.6123600000000806,1,0,3,observed,equal_session_mean
637488,reward_restoration,2,real,catch,-3,no_reward,-24,-17,-20.5,4,4,4,0.0,10,0,0,,0,0,4,observed,equal_session_mean
637488,reward_restoration,2,real,catch,-2,no_reward,-16,-9,-12.5,4,4,4,0.0,13,0,0,,0,0,4,observed,equal_session_mean
637488,reward_restoration,2,real,catch,-1,no_reward,-8,-1,-4.5,4,4,4,0.0,10,0,0,,0,0,4,observed,equal_session_mean
637488,reward_restoration,2,real,catch,1,engaged_2,1,8,4.5,4,4,4,0.0,12,0,0,,0,0,4,observed,equal_session_mean
637488,reward_restoration,2,real,catch,2,engaged_2,9,16,12.5,4,4,4,0.0,11,0,0,,0,0,4,observed,equal_session_mean
637488,reward_restoration,2,real,catch,3,engaged_2,17,24,20.5,4,4,4,0.0,13,0,0,,0,0,4,observed,equal_session_mean
637488,reward_restoration,2,real,go,-3,no_reward,-24,-17,-20.5,4,4,4,0.0,22,0,0,,0,0,4,observed,equal_session_mean
637488,reward_restoration,2,real,go,-2,no_reward,-16,-9,-12.5,4,4,4,0.0,19,0,0,,0,0,4,observed,equal_session_mean
637488,reward_restoration,2,real,go,-1,no_reward,-8,-1,-4.5,4,4,4,0.0,22,0,0,,0,0,4,observed,equal_session_mean
637488,reward_restoration,2,real,go,1,engaged_2,1,8,4.5,4,4,4,0.20833333333333334,20,5,1,0.4459400000000642,5,0,3,observed,equal_session_mean
637488,reward_restoration,2,real,go,2,engaged_2,9,16,12.5,4,4,4,0.225,21,5,3,0.5686750000002121,5,0,1,observed,equal_session_mean
637488,reward_restoration,2,real,go,3,engaged_2,17,24,20.5,4,4,4,0.1125,19,2,2,0.5546150000004673,2,0,2,observed,equal_session_mean
638387,reward_withdrawal,1,pseudo,catch,-3,engaged_1,-24,-17,-20.5,4,4,4,0.08333333333333333,13,1,1,0.21260000000006585,1,0,3,observed,equal_session_mean
638387,reward_withdrawal,1,pseudo,catch,-2,engaged_1,-16,-9,-12.5,4,4,4,0.08333333333333333,12,1,1,0.7129300000001422,1,0,3,observed,equal_session_mean
638387,reward_withdrawal,1,pseudo,catch,-1,engaged_1,-8,-1,-4.5,4,4,4,0.08333333333333333,11,1,1,0.2791199999996934,1,0,3,observed,equal_session_mean
638387,reward_withdrawal,1,pseudo,catch,1,engaged_1,1,8,4.5,4,4,4,0.0,13,0,0,,0,0,4,observed,equal_session_mean
638387,reward_withdrawal,1,pseudo,catch,2,engaged_1,9,16,12.5,4,4,4,0.0,11,0,0,,0,0,4,observed,equal_session_mean
638387,reward_withdrawal,1,pseudo,catch,3,engaged_1,17,24,20.5,4,4,4,0.0,11,0,0,,0,0,4,observed,equal_session_mean
638387,reward_withdrawal,1,pseudo,go,-3,engaged_1,-24,-17,-20.5,4,4,4,0.4625,19,9,4,0.6426249999999243,9,0,0,observed,equal_session_mean
638387,reward_withdrawal,1,pseudo,go,-2,engaged_1,-16,-9,-12.5,4,4,4,0.75,20,15,4,0.5255674999999087,15,0,0,observed,equal_session_mean
638387,reward_withdrawal,1,pseudo,go,-1,engaged_1,-8,-1,-4.5,4,4,4,0.43333333333333335,21,9,4,0.5215837500000191,9,0,0,observed,equal_session_mean
638387,reward_withdrawal,1,pseudo,go,1,engaged_1,1,8,4.5,4,4,4,0.47500000000000003,19,9,4,0.5278399999998555,9,0,0,observed,equal_session_mean
638387,reward_withdrawal,1,pseudo,go,2,engaged_1,9,16,12.5,4,4,4,0.5249999999999999,21,11,4,0.4881112499999176,11,0,0,observed,equal_session_mean
638387,reward_withdrawal,1,pseudo,go,3,engaged_1,17,24,20.5,4,4,4,0.4375,21,10,3,0.588160000000092,10,0,1,observed,equal_session_mean
638387,reward_withdrawal,1,real,catch,-3,engaged_1,-24,-17,-20.5,4,4,4,0.0,12,0,0,,0,0,4,observed,equal_session_mean
638387,reward_withdrawal,1,real,catch,-2,engaged_1,-16,-9,-12.5,4,4,4,0.0625,12,1,1,0.7463299999999435,1,0,3,observed,equal_session_mean
638387,reward_withdrawal,1,real,catch,-1,engaged_1,-8,-1,-4.5,4,4,4,0.0,15,0,0,,0,0,4,observed,equal_session_mean
638387,reward_withdrawal,1,real,catch,1,no_reward,1,8,4.5,4,4,4,0.08333333333333333,9,1,1,0.47941999999966356,1,0,3,observed,equal_session_mean
638387,reward_withdrawal,1,real,catch,2,no_reward,9,16,12.5,4,4,4,0.25,13,3,3,0.4126566666667107,3,0,1,observed,equal_session_mean
638387,reward_withdrawal,1,real,catch,3,no_reward,17,24,20.5,4,4,4,0.16666666666666666,14,2,2,0.3208999999999378,2,0,2,observed,equal_session_mean
638387,reward_withdrawal,1,real,go,-3,engaged_1,-24,-17,-20.5,4,4,4,0.5208333333333333,20,11,4,0.5150937500000055,11,0,0,observed,equal_session_mean
638387,reward_withdrawal,1,real,go,-2,engaged_1,-16,-9,-12.5,4,4,4,0.6208333333333333,20,13,4,0.5446250000000532,13,0,0,observed,equal_session_mean
638387,reward_withdrawal,1,real,go,-1,engaged_1,-8,-1,-4.5,4,4,4,0.7416666666666667,17,12,4,0.5672299999997676,12,0,0,observed,equal_session_mean
638387,reward_withdrawal,1,real,go,1,no_reward,1,8,4.5,4,4,4,0.44285714285714284,23,10,3,0.6070399999999457,10,0,1,observed,equal_session_mean
638387,reward_withdrawal,1,real,go,2,no_reward,9,16,12.5,4,4,4,0.6,19,11,4,0.4707224999998516,11,0,0,observed,equal_session_mean
638387,reward_withdrawal,1,real,go,3,no_reward,17,24,20.5,4,4,4,0.6625,18,12,4,0.4978149999998891,12,0,0,observed,equal_session_mean
638387,reward_restoration,2,pseudo,catch,-3,no_reward,-24,-17,-20.5,4,4,4,0.0,12,0,0,,0,0,4,observed,equal_session_mean
638387,reward_restoration,2,pseudo,catch,-2,no_reward,-16,-9,-12.5,4,4,4,0.0,12,0,0,,0,0,4,observed,equal_session_mean
638387,reward_restoration,2,pseudo,catch,-1,no_reward,-8,-1,-4.5,4,4,4,0.0,13,0,0,,0,0,4,observed,equal_session_mean
638387,reward_restoration,2,pseudo,catch,1,no_reward,1,8,4.5,4,4,4,0.0,10,0,0,,0,0,4,observed,equal_session_mean
638387,reward_restoration,2,pseudo,catch,2,no_reward,9,16,12.5,4,4,4,0.0,13,0,0,,0,0,4,observed,equal_session_mean
638387,reward_restoration,2,pseudo,catch,3,no_reward,17,24,20.5,4,4,4,0.0,14,0,0,,0,0,4,observed,equal_session_mean
638387,reward_restoration,2,pseudo,go,-3,no_reward,-24,-17,-20.5,4,4,4,0.2708333333333333,20,5,3,0.5875266666665387,5,0,1,observed,equal_session_mean
638387,reward_restoration,2,pseudo,go,-2,no_reward,-16,-9,-12.5,4,4,4,0.44999999999999996,20,8,3,0.5351266666665803,8,0,1,observed,equal_session_mean
638387,reward_restoration,2,pseudo,go,-1,no_reward,-8,-1,-4.5,4,4,4,0.6333333333333333,19,12,4,0.5521974999999202,12,0,0,observed,equal_session_mean
638387,reward_restoration,2,pseudo,go,1,no_reward,1,8,4.5,4,4,4,0.43333333333333335,22,10,4,0.5457624999996824,10,0,0,observed,equal_session_mean
638387,reward_restoration,2,pseudo,go,2,no_reward,9,16,12.5,4,4,4,0.35,19,7,2,0.5332125000001042,7,0,2,observed,equal_session_mean
638387,reward_restoration,2,pseudo,go,3,no_reward,17,24,20.5,4,4,4,0.25,18,4,2,0.6126100000001315,4,0,2,observed,equal_session_mean
638387,reward_restoration,2,real,catch,-3,no_reward,-24,-17,-20.5,4,4,4,0.0,11,0,0,,0,0,4,observed,equal_session_mean
638387,reward_restoration,2,real,catch,-2,no_reward,-16,-9,-12.5,4,4,4,0.0625,13,1,1,0.6122299999997267,1,0,3,observed,equal_session_mean
638387,reward_restoration,2,real,catch,-1,no_reward,-8,-1,-4.5,4,4,4,0.0,12,0,0,,0,0,4,observed,equal_session_mean
638387,reward_restoration,2,real,catch,1,engaged_2,1,8,4.5,4,4,4,0.08333333333333333,13,1,1,0.18035000000054424,1,0,3,observed,equal_session_mean
638387,reward_restoration,2,real,catch,2,engaged_2,9,16,12.5,4,4,4,0.0,8,0,0,,0,0,4,observed,equal_session_mean
638387,reward_restoration,2,real,catch,3,engaged_2,17,24,20.5,4,4,4,0.0625,15,1,1,0.6963400000004185,1,0,3,observed,equal_session_mean
638387,reward_restoration,2,real,go,-3,no_reward,-24,-17,-20.5,4,4,4,0.125,21,3,1,0.5625499999996464,3,0,3,observed,equal_session_mean
638387,reward_restoration,2,real,go,-2,no_reward,-16,-9,-12.5,4,4,4,0.1875,19,3,1,0.4459400000000642,3,0,3,observed,equal_session_mean
638387,reward_restoration,2,real,go,-1,no_reward,-8,-1,-4.5,4,4,4,0.26666666666666666,20,5,4,0.5251350000003754,5,0,0,observed,equal_session_mean
638387,reward_restoration,2,real,go,1,engaged_2,1,8,4.5,4,4,4,0.18333333333333335,19,4,3,0.6018666666668651,4,0,1,observed,equal_session_mean
638387,reward_restoration,2,real,go,2,engaged_2,9,16,12.5,4,4,4,0.5071428571428571,24,12,4,0.5506275000000187,12,0,0,observed,equal_session_mean
638387,reward_restoration,2,real,go,3,engaged_2,17,24,20.5,4,4,4,0.225,17,4,3,0.6189716666672211,4,0,1,observed,equal_session_mean
640887,reward_withdrawal,1,pseudo,catch,-3,engaged_1,-24,-17,-20.5,3,3,3,0.16666666666666666,14,2,2,0.6041749999999411,2,0,1,observed,equal_session_mean
640887,reward_withdrawal,1,pseudo,catch,-2,engaged_1,-16,-9,-12.5,3,3,3,0.0,6,0,0,,0,0,3,observed,equal_session_mean
640887,reward_withdrawal,1,pseudo,catch,-1,engaged_1,-8,-1,-4.5,3,3,3,0.0,10,0,0,,0,0,3,observed,equal_session_mean
640887,reward_withdrawal,1,pseudo,catch,1,engaged_1,1,8,4.5,3,3,3,0.0,5,0,0,,0,0,3,observed,equal_session_mean
640887,reward_withdrawal,1,pseudo,catch,2,engaged_1,9,16,12.5,3,3,3,0.08333333333333333,11,1,1,0.5794000000000779,1,0,2,observed,equal_session_mean
640887,reward_withdrawal,1,pseudo,catch,3,engaged_1,17,24,20.5,3,3,3,0.1111111111111111,10,1,1,0.1956399999999121,1,0,2,observed,equal_session_mean
640887,reward_withdrawal,1,pseudo,go,-3,engaged_1,-24,-17,-20.5,3,3,3,0.9166666666666666,10,9,3,0.46025999999991046,9,0,0,observed,equal_session_mean
640887,reward_withdrawal,1,pseudo,go,-2,engaged_1,-16,-9,-12.5,3,3,3,0.8857142857142857,18,16,3,0.4301033333332498,16,0,0,observed,equal_session_mean
640887,reward_withdrawal,1,pseudo,go,-1,engaged_1,-8,-1,-4.5,3,3,3,0.7333333333333334,14,10,3,0.4522649999999733,10,0,0,observed,equal_session_mean
640887,reward_withdrawal,1,pseudo,go,1,engaged_1,1,8,4.5,3,3,3,0.7936507936507936,19,15,3,0.4270400000000336,15,0,0,observed,equal_session_mean
640887,reward_withdrawal,1,pseudo,go,2,engaged_1,9,16,12.5,3,3,3,0.6166666666666667,13,8,3,0.5438099999999698,8,0,0,observed,equal_session_mean
640887,reward_withdrawal,1,pseudo,go,3,engaged_1,17,24,20.5,3,3,3,0.9166666666666666,14,13,3,0.5130633333333208,13,0,0,observed,equal_session_mean
640887,reward_withdrawal,1,real,catch,-3,engaged_1,-24,-17,-20.5,3,3,3,0.0,8,0,0,,0,0,3,observed,equal_session_mean
640887,reward_withdrawal,1,real,catch,-2,engaged_1,-16,-9,-12.5,3,3,3,0.0,8,0,0,,0,0,3,observed,equal_session_mean
640887,reward_withdrawal,1,real,catch,-1,engaged_1,-8,-1,-4.5,3,3,3,0.0,11,0,0,,0,0,3,observed,equal_session_mean
640887,reward_withdrawal,1,real,catch,1,no_reward,1,8,4.5,3,3,3,0.0,11,0,0,,0,0,3,observed,equal_session_mean
640887,reward_withdrawal,1,real,catch,2,no_reward,9,16,12.5,3,3,3,0.0,5,0,0,,0,0,3,observed,equal_session_mean
640887,reward_withdrawal,1,real,catch,3,no_reward,17,24,20.5,3,3,3,0.0,11,0,0,,0,0,3,observed,equal_session_mean
640887,reward_withdrawal,1,real,go,-3,engaged_1,-24,-17,-20.5,3,3,3,0.7222222222222223,16,12,3,0.4798083333333428,12,0,0,observed,equal_session_mean
640887,reward_withdrawal,1,real,go,-2,engaged_1,-16,-9,-12.5,3,3,3,0.75,16,12,3,0.4133216666665855,12,0,0,observed,equal_session_mean
640887,reward_withdrawal,1,real,go,-1,engaged_1,-8,-1,-4.5,3,3,3,0.7666666666666666,13,10,3,0.471696666666503,10,0,0,observed,equal_session_mean
640887,reward_withdrawal,1,real,go,1,no_reward,1,8,4.5,3,3,3,0.8611111111111112,13,11,3,0.4902866666666341,11,0,0,observed,equal_session_mean
640887,reward_withdrawal,1,real,go,2,no_reward,9,16,12.5,3,3,3,0.7301587301587301,19,14,3,0.5213116666666338,14,0,0,observed,equal_session_mean
640887,reward_withdrawal,1,real,go,3,no_reward,17,24,20.5,3,3,3,0.19999999999999998,13,3,1,0.596259999999802,3,0,2,observed,equal_session_mean
640887,reward_restoration,2,pseudo,catch,-3,no_reward,-24,-17,-20.5,3,3,3,0.0,11,0,0,,0,0,3,observed,equal_session_mean
640887,reward_restoration,2,pseudo,catch,-2,no_reward,-16,-9,-12.5,3,3,3,0.0,11,0,0,,0,0,3,observed,equal_session_mean
640887,reward_restoration,2,pseudo,catch,-1,no_reward,-8,-1,-4.5,3,3,3,0.0,9,0,0,,0,0,3,observed,equal_session_mean
640887,reward_restoration,2,pseudo,catch,1,no_reward,1,8,4.5,3,3,3,0.0,7,0,0,,0,0,3,observed,equal_session_mean
640887,reward_restoration,2,pseudo,catch,2,no_reward,9,16,12.5,3,3,3,0.0,9,0,0,,0,0,3,observed,equal_session_mean
640887,reward_restoration,2,pseudo,catch,3,no_reward,17,24,20.5,3,3,3,0.0,8,0,0,,0,0,3,observed,equal_session_mean
640887,reward_restoration,2,pseudo,go,-3,no_reward,-24,-17,-20.5,3,3,3,0.0,13,0,0,,0,0,3,observed,equal_session_mean
640887,reward_restoration,2,pseudo,go,-2,no_reward,-16,-9,-12.5,3,3,3,0.06666666666666667,13,1,1,0.6627600000001621,1,0,2,observed,equal_session_mean
640887,reward_restoration,2,pseudo,go,-1,no_reward,-8,-1,-4.5,3,3,3,0.25555555555555554,15,4,2,0.6793849999999111,4,0,1,observed,equal_session_mean
640887,reward_restoration,2,pseudo,go,1,no_reward,1,8,4.5,3,3,3,0.18095238095238098,17,3,2,0.5964049999998906,3,0,1,observed,equal_session_mean
640887,reward_restoration,2,pseudo,go,2,no_reward,9,16,12.5,3,3,3,0.05555555555555555,15,1,1,0.5293299999998453,1,0,2,observed,equal_session_mean
640887,reward_restoration,2,pseudo,go,3,no_reward,17,24,20.5,3,3,3,0.19999999999999998,16,3,1,0.5793499999999767,3,0,2,observed,equal_session_mean
640887,reward_restoration,2,real,catch,-3,no_reward,-24,-17,-20.5,3,3,3,0.08333333333333333,11,1,1,0.5466799999999239,1,0,2,observed,equal_session_mean
640887,reward_restoration,2,real,catch,-2,no_reward,-16,-9,-12.5,3,3,3,0.16666666666666666,9,2,1,0.4626100000000406,2,0,2,observed,equal_session_mean
640887,reward_restoration,2,real,catch,-1,no_reward,-8,-1,-4.5,3,3,3,0.08333333333333333,11,1,1,0.4960699999996905,1,0,2,observed,equal_session_mean
640887,reward_restoration,2,real,catch,1,engaged_2,1,8,4.5,3,3,3,0.0,11,0,0,,0,0,3,observed,equal_session_mean
640887,reward_restoration,2,real,catch,2,engaged_2,9,16,12.5,3,3,3,0.08333333333333333,9,1,1,0.5127199999997174,1,0,2,observed,equal_session_mean
640887,reward_restoration,2,real,catch,3,engaged_2,17,24,20.5,3,3,3,0.08333333333333333,7,1,1,0.2791900000011083,1,0,2,observed,equal_session_mean
640887,reward_restoration,2,real,go,-3,no_reward,-24,-17,-20.5,3,3,3,0.25,13,3,1,0.6626599999999598,3,0,2,observed,equal_session_mean
640887,reward_restoration,2,real,go,-2,no_reward,-16,-9,-12.5,3,3,3,0.13888888888888887,15,2,2,0.41196500000000924,2,0,1,observed,equal_session_mean
640887,reward_restoration,2,real,go,-1,no_reward,-8,-1,-4.5,3,3,3,0.0,13,0,0,,0,0,3,observed,equal_session_mean
640887,reward_restoration,2,real,go,1,engaged_2,1,8,4.5,3,3,3,0.6333333333333333,13,8,3,0.4136149999999361,8,0,0,observed,equal_session_mean
640887,reward_restoration,2,real,go,2,engaged_2,9,16,12.5,3,3,3,0.7277777777777779,15,11,3,0.4354133333332963,11,0,0,observed,equal_session_mean
640887,reward_restoration,2,real,go,3,engaged_2,17,24,20.5,3,3,3,0.6825396825396824,17,12,3,0.4382483333336798,12,0,0,observed,equal_session_mean
640890,reward_withdrawal,1,pseudo,catch,-3,engaged_1,-24,-17,-20.5,4,4,4,0.20833333333333331,14,3,2,0.43322000000006256,3,0,2,observed,equal_session_mean
640890,reward_withdrawal,1,pseudo,catch,-2,engaged_1,-16,-9,-12.5,4,4,4,0.1875,11,2,2,0.37924499999996897,2,0,2,observed,equal_session_mean
640890,reward_withdrawal,1,pseudo,catch,-1,engaged_1,-8,-1,-4.5,4,4,4,0.16666666666666666,11,2,1,0.2956049999999095,2,0,3,observed,equal_session_mean
640890,reward_withdrawal,1,pseudo,catch,1,engaged_1,1,8,4.5,4,4,4,0.08333333333333333,10,1,1,0.3292199999996228,1,0,3,observed,equal_session_mean
640890,reward_withdrawal,1,pseudo,catch,2,engaged_1,9,16,12.5,4,4,4,0.0,14,0,0,,0,0,4,observed,equal_session_mean
640890,reward_withdrawal,1,pseudo,catch,3,engaged_1,17,24,20.5,4,4,4,0.20833333333333331,10,2,2,0.2622799999999188,2,0,2,observed,equal_session_mean
640890,reward_withdrawal,1,pseudo,go,-3,engaged_1,-24,-17,-20.5,4,4,4,0.7625,18,14,4,0.3634049999999718,14,0,0,observed,equal_session_mean
640890,reward_withdrawal,1,pseudo,go,-2,engaged_1,-16,-9,-12.5,4,4,4,0.7958333333333334,21,17,4,0.3631537499998956,17,0,0,observed,equal_session_mean
640890,reward_withdrawal,1,pseudo,go,-1,engaged_1,-8,-1,-4.5,4,4,4,0.9375,21,20,4,0.3589137500000277,20,0,0,observed,equal_session_mean
640890,reward_withdrawal,1,pseudo,go,1,engaged_1,1,8,4.5,4,4,4,0.95,22,21,4,0.3422212499999091,21,0,0,observed,equal_session_mean
640890,reward_withdrawal,1,pseudo,go,2,engaged_1,9,16,12.5,4,4,4,1.0,18,18,4,0.3650412499999902,18,0,0,observed,equal_session_mean
640890,reward_withdrawal,1,pseudo,go,3,engaged_1,17,24,20.5,4,4,4,0.9583333333333334,22,21,4,0.3609787500000152,21,0,0,observed,equal_session_mean
640890,reward_withdrawal,1,real,catch,-3,engaged_1,-24,-17,-20.5,4,4,4,0.0,11,0,0,,0,0,4,observed,equal_session_mean
640890,reward_withdrawal,1,real,catch,-2,engaged_1,-16,-9,-12.5,4,4,4,0.20833333333333331,15,3,2,0.32500499999991916,3,0,2,observed,equal_session_mean
640890,reward_withdrawal,1,real,catch,-1,engaged_1,-8,-1,-4.5,4,4,4,0.0625,10,1,1,0.3789999999999054,1,0,3,observed,equal_session_mean
640890,reward_withdrawal,1,real,catch,1,no_reward,1,8,4.5,4,4,4,0.0625,14,1,1,0.345890000000054,1,0,3,observed,equal_session_mean
640890,reward_withdrawal,1,real,catch,2,no_reward,9,16,12.5,4,4,4,0.08333333333333333,9,1,1,0.3125599999998485,1,0,3,observed,equal_session_mean
640890,reward_withdrawal,1,real,catch,3,no_reward,17,24,20.5,4,4,4,0.08333333333333333,12,1,1,0.17896999999993568,1,0,3,observed,equal_session_mean
640890,reward_withdrawal,1,real,go,-3,engaged_1,-24,-17,-20.5,4,4,4,0.95,21,20,4,0.3464524999999412,20,0,0,observed,equal_session_mean
640890,reward_withdrawal,1,real,go,-2,engaged_1,-16,-9,-12.5,4,4,4,0.9375,17,16,4,0.37387249999994765,16,0,0,observed,equal_session_mean
640890,reward_withdrawal,1,real,go,-1,engaged_1,-8,-1,-4.5,4,4,4,0.9583333333333334,22,21,4,0.3566912500000967,21,0,0,observed,equal_session_mean
640890,reward_withdrawal,1,real,go,1,no_reward,1,8,4.5,4,4,4,0.8333333333333334,18,15,4,0.4207075000001055,15,0,0,observed,equal_session_mean
640890,reward_withdrawal,1,real,go,2,no_reward,9,16,12.5,4,4,4,0.3988095238095238,23,9,4,0.40197124999997413,9,0,0,observed,equal_session_mean
640890,reward_withdrawal,1,real,go,3,no_reward,17,24,20.5,4,4,4,0.35,20,6,2,0.4086424999999281,6,0,2,observed,equal_session_mean
640890,reward_restoration,2,pseudo,catch,-3,no_reward,-24,-17,-20.5,4,4,4,0.08333333333333333,7,1,1,0.21248000000014144,1,0,3,observed,equal_session_mean
640890,reward_restoration,2,pseudo,catch,-2,no_reward,-16,-9,-12.5,4,4,4,0.125,10,1,1,0.42933999999968364,1,0,3,observed,equal_session_mean
640890,reward_restoration,2,pseudo,catch,-1,no_reward,-8,-1,-4.5,4,4,4,0.0,13,0,0,,0,0,4,observed,equal_session_mean
640890,reward_restoration,2,pseudo,catch,1,no_reward,1,8,4.5,4,4,4,0.0,11,0,0,,0,0,4,observed,equal_session_mean
640890,reward_restoration,2,pseudo,catch,2,no_reward,9,16,12.5,4,4,4,0.0,15,0,0,,0,0,4,observed,equal_session_mean
640890,reward_restoration,2,pseudo,catch,3,no_reward,17,24,20.5,4,4,4,0.0,12,0,0,,0,0,4,observed,equal_session_mean
640890,reward_restoration,2,pseudo,go,-3,no_reward,-24,-17,-20.5,4,4,4,0.2642857142857143,25,7,3,0.44341499999995904,7,0,1,observed,equal_session_mean
640890,reward_restoration,2,pseudo,go,-2,no_reward,-16,-9,-12.5,4,4,4,0.3666666666666667,22,8,3,0.398746666666663,8,0,1,observed,equal_session_mean
640890,reward_restoration,2,pseudo,go,-1,no_reward,-8,-1,-4.5,4,4,4,0.19999999999999998,19,4,2,0.4293350000000373,4,0,2,observed,equal_session_mean
640890,reward_restoration,2,pseudo,go,1,no_reward,1,8,4.5,4,4,4,0.21666666666666667,21,4,3,0.5066466666665596,4,0,1,observed,equal_session_mean
640890,reward_restoration,2,pseudo,go,2,no_reward,9,16,12.5,4,4,4,0.1,17,2,2,0.4218299999999999,2,0,2,observed,equal_session_mean
640890,reward_restoration,2,pseudo,go,3,no_reward,17,24,20.5,4,4,4,0.1125,20,2,2,0.5292299999998704,2,0,2,observed,equal_session_mean
640890,reward_restoration,2,real,catch,-3,no_reward,-24,-17,-20.5,4,4,4,0.0,13,0,0,,0,0,4,observed,equal_session_mean
640890,reward_restoration,2,real,catch,-2,no_reward,-16,-9,-12.5,4,4,4,0.0,10,0,0,,0,0,4,observed,equal_session_mean
640890,reward_restoration,2,real,catch,-1,no_reward,-8,-1,-4.5,4,4,4,0.1,12,2,1,0.6552949999997963,2,0,3,observed,equal_session_mean
640890,reward_restoration,2,real,catch,1,engaged_2,1,8,4.5,4,4,4,0.3125,12,4,2,0.30458000000021457,4,0,2,observed,equal_session_mean
640890,reward_restoration,2,real,catch,2,engaged_2,9,16,12.5,4,4,4,0.0625,13,1,1,0.36257000000023254,1,0,3,observed,equal_session_mean
640890,reward_restoration,2,real,catch,3,engaged_2,17,24,20.5,4,4,4,0.175,13,2,2,0.3792450000005374,2,0,2,observed,equal_session_mean
640890,reward_restoration,2,real,go,-3,no_reward,-24,-17,-20.5,4,4,4,0.225,19,4,3,0.4800416666666176,4,0,1,observed,equal_session_mean
640890,reward_restoration,2,real,go,-2,no_reward,-16,-9,-12.5,4,4,4,0.2130952380952381,22,5,3,0.4568666666665801,5,0,1,observed,equal_session_mean
640890,reward_restoration,2,real,go,-1,no_reward,-8,-1,-4.5,4,4,4,0.16666666666666666,20,3,2,0.5001024999999117,3,0,2,observed,equal_session_mean
640890,reward_restoration,2,real,go,1,engaged_2,1,8,4.5,4,4,4,0.825,20,17,4,0.367253749999918,17,0,0,observed,equal_session_mean
640890,reward_restoration,2,real,go,2,engaged_2,9,16,12.5,4,4,4,0.825,19,16,4,0.3879087500005767,16,0,0,observed,equal_session_mean
640890,reward_restoration,2,real,go,3,engaged_2,17,24,20.5,4,4,4,0.8666666666666667,19,17,4,0.36097250000045733,17,0,0,observed,equal_session_mean
642504,reward_withdrawal,1,pseudo,catch,-3,engaged_1,-24,-17,-20.5,3,3,3,0.27777777777777773,11,3,3,0.3958533333331313,3,0,0,observed,equal_session_mean
642504,reward_withdrawal,1,pseudo,catch,-2,engaged_1,-16,-9,-12.5,3,3,3,0.0,7,0,0,,0,0,3,observed,equal_session_mean
642504,reward_withdrawal,1,pseudo,catch,-1,engaged_1,-8,-1,-4.5,3,3,3,0.0,9,0,0,,0,0,3,observed,equal_session_mean
642504,reward_withdrawal,1,pseudo,catch,1,engaged_1,1,8,4.5,3,3,3,0.16666666666666666,10,1,1,0.36245000000008076,1,0,2,observed,equal_session_mean
642504,reward_withdrawal,1,pseudo,catch,2,engaged_1,9,16,12.5,3,3,3,0.0,7,0,0,,0,0,3,observed,equal_session_mean
642504,reward_withdrawal,1,pseudo,catch,3,engaged_1,17,24,20.5,3,3,3,0.0,9,0,0,,0,0,3,observed,equal_session_mean
642504,reward_withdrawal,1,pseudo,go,-3,engaged_1,-24,-17,-20.5,3,3,3,1.0,13,13,3,0.31021166666653244,13,0,0,observed,equal_session_mean
642504,reward_withdrawal,1,pseudo,go,-2,engaged_1,-16,-9,-12.5,3,3,3,1.0,17,17,3,0.32120499999992563,17,0,0,observed,equal_session_mean
642504,reward_withdrawal,1,pseudo,go,-1,engaged_1,-8,-1,-4.5,3,3,3,0.7944444444444444,15,12,3,0.3046600000000126,12,0,0,observed,equal_session_mean
642504,reward_withdrawal,1,pseudo,go,1,engaged_1,1,8,4.5,3,3,3,0.9166666666666666,14,13,3,0.31566333333330476,13,0,0,observed,equal_session_mean
642504,reward_withdrawal,1,pseudo,go,2,engaged_1,9,16,12.5,3,3,3,0.9444444444444445,17,16,3,0.31851166666653324,16,0,0,observed,equal_session_mean
642504,reward_withdrawal,1,pseudo,go,3,engaged_1,17,24,20.5,3,3,3,0.9166666666666666,15,14,3,0.3185199999999592,14,0,0,observed,equal_session_mean
642504,reward_withdrawal,1,real,catch,-3,engaged_1,-24,-17,-20.5,3,3,3,0.0,11,0,0,,0,0,3,observed,equal_session_mean
642504,reward_withdrawal,1,real,catch,-2,engaged_1,-16,-9,-12.5,3,3,3,0.16666666666666666,9,1,1,0.32918000000017855,1,0,2,observed,equal_session_mean
642504,reward_withdrawal,1,real,catch,-1,engaged_1,-8,-1,-4.5,3,3,3,0.0,9,0,0,,0,0,3,observed,equal_session_mean
642504,reward_withdrawal,1,real,catch,1,no_reward,1,8,4.5,3,3,3,0.06666666666666667,12,1,1,0.3291100000001279,1,0,2,observed,equal_session_mean
642504,reward_withdrawal,1,real,catch,2,no_reward,9,16,12.5,3,3,3,0.0,8,0,0,,0,0,3,observed,equal_session_mean
642504,reward_withdrawal,1,real,catch,3,no_reward,17,24,20.5,3,3,3,0.0,7,0,0,,0,0,3,observed,equal_session_mean
642504,reward_withdrawal,1,real,go,-3,engaged_1,-24,-17,-20.5,3,3,3,0.9166666666666666,13,12,3,0.31306333333335107,12,0,0,observed,equal_session_mean
642504,reward_withdrawal,1,real,go,-2,engaged_1,-16,-9,-12.5,3,3,3,1.0,15,15,3,0.3074850000001182,15,0,0,observed,equal_session_mean
642504,reward_withdrawal,1,real,go,-1,engaged_1,-8,-1,-4.5,3,3,3,0.9444444444444445,15,14,3,0.3073749999998654,14,0,0,observed,equal_session_mean
642504,reward_withdrawal,1,real,go,1,no_reward,1,8,4.5,3,3,3,0.7777777777777777,12,10,3,0.323431666666617,10,0,0,observed,equal_session_mean
642504,reward_withdrawal,1,real,go,2,no_reward,9,16,12.5,3,3,3,0.4365079365079365,16,7,3,0.39608333333338425,7,0,0,observed,equal_session_mean
642504,reward_withdrawal,1,real,go,3,no_reward,17,24,20.5,3,3,3,0.3531746031746032,17,5,3,0.4625866666665388,5,0,0,observed,equal_session_mean
642504,reward_restoration,2,pseudo,catch,-3,no_reward,-24,-17,-20.5,3,3,3,0.0,8,0,0,,0,0,3,observed,equal_session_mean
642504,reward_restoration,2,pseudo,catch,-2,no_reward,-16,-9,-12.5,3,3,3,0.0,8,0,0,,0,0,3,observed,equal_session_mean
642504,reward_restoration,2,pseudo,catch,-1,no_reward,-8,-1,-4.5,3,3,3,0.0,9,0,0,,0,0,3,observed,equal_session_mean
642504,reward_restoration,2,pseudo,catch,1,no_reward,1,8,4.5,3,3,3,0.0,8,0,0,,0,0,3,observed,equal_session_mean
642504,reward_restoration,2,pseudo,catch,2,no_reward,9,16,12.5,3,3,3,0.0,8,0,0,,0,0,3,observed,equal_session_mean
642504,reward_restoration,2,pseudo,catch,3,no_reward,17,24,20.5,3,3,3,0.0,11,0,0,,0,0,3,observed,equal_session_mean
642504,reward_restoration,2,pseudo,go,-3,no_reward,-24,-17,-20.5,3,3,3,0.05555555555555555,16,1,1,0.3624299999996765,1,0,2,observed,equal_session_mean
642504,reward_restoration,2,pseudo,go,-2,no_reward,-16,-9,-12.5,3,3,3,0.3,16,4,2,0.47087499999997817,4,0,1,observed,equal_session_mean
642504,reward_restoration,2,pseudo,go,-1,no_reward,-8,-1,-4.5,3,3,3,0.3888888888888889,15,5,2,0.46244750000016666,5,0,1,observed,equal_session_mean
642504,reward_restoration,2,pseudo,go,1,no_reward,1,8,4.5,3,3,3,0.06666666666666667,16,1,1,0.36245999999982814,1,0,2,observed,equal_session_mean
642504,reward_restoration,2,pseudo,go,2,no_reward,9,16,12.5,3,3,3,0.17777777777777778,16,3,2,0.42084749999992255,3,0,1,observed,equal_session_mean
642504,reward_restoration,2,pseudo,go,3,no_reward,17,24,20.5,3,3,3,0.0,13,0,0,,0,0,3,observed,equal_session_mean
642504,reward_restoration,2,real,catch,-3,no_reward,-24,-17,-20.5,3,3,3,0.0,9,0,0,,0,0,3,observed,equal_session_mean
642504,reward_restoration,2,real,catch,-2,no_reward,-16,-9,-12.5,3,3,3,0.0,7,0,0,,0,0,3,observed,equal_session_mean
642504,reward_restoration,2,real,catch,-1,no_reward,-8,-1,-4.5,3,3,3,0.0,11,0,0,,0,0,3,observed,equal_session_mean
642504,reward_restoration,2,real,catch,1,engaged_2,1,8,4.5,3,3,3,0.0,7,0,0,,0,0,3,observed,equal_session_mean
642504,reward_restoration,2,real,catch,2,engaged_2,9,16,12.5,3,3,3,0.0,10,0,0,,0,0,3,observed,equal_session_mean
642504,reward_restoration,2,real,catch,3,engaged_2,17,24,20.5,3,3,3,0.0,8,0,0,,0,0,3,observed,equal_session_mean
642504,reward_restoration,2,real,go,-3,no_reward,-24,-17,-20.5,3,3,3,0.09523809523809523,15,2,1,0.39601999999990767,2,0,2,observed,equal_session_mean
642504,reward_restoration,2,real,go,-2,no_reward,-16,-9,-12.5,3,3,3,0.16666666666666666,17,3,2,0.4879925000000185,3,0,1,observed,equal_session_mean
642504,reward_restoration,2,real,go,-1,no_reward,-8,-1,-4.5,3,3,3,0.06666666666666667,13,1,1,0.2956899999999223,1,0,2,observed,equal_session_mean
642504,reward_restoration,2,real,go,1,engaged_2,1,8,4.5,3,3,3,0.8222222222222223,17,14,3,0.3047383333334892,14,0,0,observed,equal_session_mean
642504,reward_restoration,2,real,go,2,engaged_2,9,16,12.5,3,3,3,1.0,14,14,3,0.3073250000003706,14,0,0,observed,equal_session_mean
642504,reward_restoration,2,real,go,3,engaged_2,17,24,20.5,3,3,3,0.8690476190476191,16,14,3,0.3464650000002318,14,0,0,observed,equal_session_mean
