reward_block,n_trials,n_source_units,n_target_units,base_r2,full_r2,source_added_r2,shift_full_r2,shift_source_added_r2,real_minus_shift_source_added_r2,outer_real_hyperparameters,outer_shift_hyperparameters,model_status,_nwb_path,subject_id,ecephys_session_id,source_region,target_region,source_unit_table_indices,target_unit_table_indices,nuisance_covariates
engaged_1,15,24,24,0.03240326583855824,0.01179729473113822,-0.020605971107420018,0.007619297938598724,-0.024783967899959514,0.004177996792539496,"[[100.0, 100.0, 1], [100.0, 10.0, 1], [100.0, 100.0, 8], [100.0, 10.0, 1]]","[[100.0, 100.0, 1], [100.0, 10.0, 1], [100.0, 100.0, 8], [100.0, 10.0, 1]]",pass,https://dandiarchive.s3.amazonaws.com/blobs/c78/ef5/c78ef53f-16de-4f5e-8235-afe87a226203,614547,1181731440,HPF,Isocortex,"[554, 582, 534, 788, 559, 1393, 562, 596, 1382, 859, 1328, 869, 884, 849, 542, 1357, 1387, 806, 874, 1298, 543, 1392, 817, 573]","[629, 1503, 1455, 1603, 1584, 668, 677, 1495, 635, 332, 166, 1648, 938, 953, 1469, 1492, 1449, 1483, 226, 959, 1622, 174, 224, 703]","[""session_time_linear"", ""session_time_quadratic"", ""image_identity:im115_r-1.0"", ""eventual_response_in_window"", ""eventual_response_latency"", ""response_latency_missing""]"
engaged_2,15,24,24,0.014655320872282829,-0.000994565567628669,-0.015649886439911498,-0.0035252324741783525,-0.01818055334646118,0.0025306669065496834,"[[100.0, 100.0, 1], [100.0, 100.0, 1], [100.0, 100.0, 8], [100.0, 100.0, 1]]","[[100.0, 100.0, 1], [100.0, 100.0, 1], [100.0, 100.0, 8], [100.0, 100.0, 1]]",pass,https://dandiarchive.s3.amazonaws.com/blobs/c78/ef5/c78ef53f-16de-4f5e-8235-afe87a226203,614547,1181731440,HPF,Isocortex,"[554, 582, 534, 788, 559, 1393, 562, 596, 1382, 859, 1328, 869, 884, 849, 542, 1357, 1387, 806, 874, 1298, 543, 1392, 817, 573]","[629, 1503, 1455, 1603, 1584, 668, 677, 1495, 635, 332, 166, 1648, 938, 953, 1469, 1492, 1449, 1483, 226, 959, 1622, 174, 224, 703]","[""session_time_linear"", ""session_time_quadratic"", ""image_identity:im115_r-1.0"", ""eventual_response_in_window"", ""eventual_response_latency"", ""response_latency_missing""]"
no_reward,15,24,24,0.027290583549765768,0.025003408927143145,-0.002287174622622623,0.02647606993534235,-0.0008145136144234177,-0.0014726610081992053,"[[100.0, 10.0, 1], [100.0, 100.0, 2], [100.0, 100.0, 4], [100.0, 100.0, 8]]","[[100.0, 10.0, 1], [100.0, 100.0, 2], [100.0, 100.0, 4], [100.0, 100.0, 8]]",pass,https://dandiarchive.s3.amazonaws.com/blobs/c78/ef5/c78ef53f-16de-4f5e-8235-afe87a226203,614547,1181731440,HPF,Isocortex,"[554, 582, 534, 788, 559, 1393, 562, 596, 1382, 859, 1328, 869, 884, 849, 542, 1357, 1387, 806, 874, 1298, 543, 1392, 817, 573]","[629, 1503, 1455, 1603, 1584, 668, 677, 1495, 635, 332, 166, 1648, 938, 953, 1469, 1492, 1449, 1483, 226, 959, 1622, 174, 224, 703]","[""session_time_linear"", ""session_time_quadratic"", ""image_identity:im115_r-1.0"", ""eventual_response_in_window"", ""eventual_response_latency"", ""response_latency_missing""]"
engaged_1,17,24,24,0.019950160211316237,-0.011575888749451702,-0.03152604896076794,0.008399231187830147,-0.01155092902348609,-0.01997511993728185,"[[100.0, 100.0, 8], [100.0, 100.0, 8], [100.0, 100.0, 8], [100.0, 10.0, 1]]","[[100.0, 100.0, 8], [100.0, 100.0, 8], [100.0, 100.0, 8], [100.0, 10.0, 1]]",pass,https://dandiarchive.s3.amazonaws.com/blobs/68c/a06/68ca0674-2a8a-4931-8d5b-10a3edfb0cfa,614608,1187475832,HPF,Isocortex,"[1061, 129, 1540, 122, 1539, 1180, 1056, 1052, 1129, 1548, 1186, 1175, 1193, 1166, 1063, 1137, 1150, 1552, 1205, 1163, 130, 1197, 1162, 1554]","[593, 1709, 2652, 2235, 2013, 2587, 2471, 1666, 1966, 2375, 2315, 2009, 1668, 2396, 620, 2522, 2488, 2034, 1677, 669, 2292, 646, 1239, 2004]","[""session_time_linear"", ""session_time_quadratic"", ""image_identity:im115_r-1.0"", ""eventual_response_in_window"", ""eventual_response_latency"", ""response_latency_missing""]"
engaged_2,17,24,24,0.03198733486138228,0.030885270851881308,-0.0011020640095009693,0.01936455711060736,-0.012622777750774916,0.011520713741273947,"[[100.0, 100.0, 4], [100.0, 100.0, 2], [100.0, 100.0, 8], [100.0, 100.0, 1]]","[[100.0, 100.0, 4], [100.0, 100.0, 2], [100.0, 100.0, 8], [100.0, 100.0, 1]]",pass,https://dandiarchive.s3.amazonaws.com/blobs/68c/a06/68ca0674-2a8a-4931-8d5b-10a3edfb0cfa,614608,1187475832,HPF,Isocortex,"[1061, 129, 1540, 122, 1539, 1180, 1056, 1052, 1129, 1548, 1186, 1175, 1193, 1166, 1063, 1137, 1150, 1552, 1205, 1163, 130, 1197, 1162, 1554]","[593, 1709, 2652, 2235, 2013, 2587, 2471, 1666, 1966, 2375, 2315, 2009, 1668, 2396, 620, 2522, 2488, 2034, 1677, 669, 2292, 646, 1239, 2004]","[""session_time_linear"", ""session_time_quadratic"", ""image_identity:im115_r-1.0"", ""eventual_response_in_window"", ""eventual_response_latency"", ""response_latency_missing""]"
no_reward,17,24,24,0.058349777030404226,0.04764623437292992,-0.010703542657474308,0.05003042699110105,-0.008319350039303175,-0.0023841926181711326,"[[100.0, 100.0, 1], [100.0, 100.0, 1], [100.0, 100.0, 1], [100.0, 100.0, 2]]","[[100.0, 100.0, 1], [100.0, 100.0, 1], [100.0, 100.0, 1], [100.0, 100.0, 2]]",pass,https://dandiarchive.s3.amazonaws.com/blobs/68c/a06/68ca0674-2a8a-4931-8d5b-10a3edfb0cfa,614608,1187475832,HPF,Isocortex,"[1061, 129, 1540, 122, 1539, 1180, 1056, 1052, 1129, 1548, 1186, 1175, 1193, 1166, 1063, 1137, 1150, 1552, 1205, 1163, 130, 1197, 1162, 1554]","[593, 1709, 2652, 2235, 2013, 2587, 2471, 1666, 1966, 2375, 2315, 2009, 1668, 2396, 620, 2522, 2488, 2034, 1677, 669, 2292, 646, 1239, 2004]","[""session_time_linear"", ""session_time_quadratic"", ""image_identity:im115_r-1.0"", ""eventual_response_in_window"", ""eventual_response_latency"", ""response_latency_missing""]"
engaged_1,24,24,24,0.08325713104574017,0.08574916020119006,0.002492029155449882,0.07968935036890346,-0.003567780676836718,0.0060598098322866,"[[100.0, 100.0, 4], [100.0, 100.0, 4], [100.0, 100.0, 2], [100.0, 100.0, 2]]","[[100.0, 100.0, 4], [100.0, 100.0, 4], [100.0, 100.0, 2], [100.0, 100.0, 2]]",pass,https://dandiarchive.s3.amazonaws.com/blobs/fd4/c49/fd4c4964-f02b-456e-af4d-b9407877d0de,614608,1187940755,HPF,Isocortex,"[670, 637, 564, 1024, 619, 1026, 610, 608, 580, 594, 1050, 669, 600, 609, 1055, 549, 581, 555, 1018, 1061, 1077, 634, 1066, 611]","[714, 1988, 2155, 1480, 215, 1777, 1496, 173, 289, 1567, 1939, 1497, 154, 1118, 2225, 210, 1523, 195, 1519, 803, 412, 235, 1615, 342]","[""session_time_linear"", ""session_time_quadratic"", ""image_identity:im115_r-1.0"", ""eventual_response_in_window"", ""eventual_response_latency"", ""response_latency_missing""]"
engaged_2,24,24,24,0.04674077563423684,0.042168489309638124,-0.004572286324598718,0.04213638842518885,-0.004604387209047989,0.00003210088444927095,"[[100.0, 100.0, 1], [100.0, 100.0, 1], [100.0, 100.0, 4], [100.0, 100.0, 4]]","[[100.0, 100.0, 1], [100.0, 100.0, 1], [100.0, 100.0, 4], [100.0, 100.0, 4]]",pass,https://dandiarchive.s3.amazonaws.com/blobs/fd4/c49/fd4c4964-f02b-456e-af4d-b9407877d0de,614608,1187940755,HPF,Isocortex,"[670, 637, 564, 1024, 619, 1026, 610, 608, 580, 594, 1050, 669, 600, 609, 1055, 549, 581, 555, 1018, 1061, 1077, 634, 1066, 611]","[714, 1988, 2155, 1480, 215, 1777, 1496, 173, 289, 1567, 1939, 1497, 154, 1118, 2225, 210, 1523, 195, 1519, 803, 412, 235, 1615, 342]","[""session_time_linear"", ""session_time_quadratic"", ""image_identity:im115_r-1.0"", ""eventual_response_in_window"", ""eventual_response_latency"", ""response_latency_missing""]"
no_reward,24,24,24,0.05267699892349442,0.028855342413390384,-0.02382165651010404,0.054053326571340654,0.0013763276478462316,-0.02519798415795027,"[[100.0, 100.0, 1], [100.0, 100.0, 1], [100.0, 100.0, 1], [100.0, 100.0, 8]]","[[100.0, 100.0, 1], [100.0, 100.0, 1], [100.0, 100.0, 1], [100.0, 100.0, 8]]",pass,https://dandiarchive.s3.amazonaws.com/blobs/fd4/c49/fd4c4964-f02b-456e-af4d-b9407877d0de,614608,1187940755,HPF,Isocortex,"[670, 637, 564, 1024, 619, 1026, 610, 608, 580, 594, 1050, 669, 600, 609, 1055, 549, 581, 555, 1018, 1061, 1077, 634, 1066, 611]","[714, 1988, 2155, 1480, 215, 1777, 1496, 173, 289, 1567, 1939, 1497, 154, 1118, 2225, 210, 1523, 195, 1519, 803, 412, 235, 1615, 342]","[""session_time_linear"", ""session_time_quadratic"", ""image_identity:im115_r-1.0"", ""eventual_response_in_window"", ""eventual_response_latency"", ""response_latency_missing""]"
engaged_1,17,24,24,0.06486931863453327,0.059846385848253636,-0.0050229327862796325,0.05892723920109044,-0.005942079433442826,0.0009191466471631937,"[[100.0, 100.0, 1], [100.0, 100.0, 1], [100.0, 100.0, 1], [100.0, 100.0, 1]]","[[100.0, 100.0, 1], [100.0, 100.0, 1], [100.0, 100.0, 1], [100.0, 100.0, 1]]",pass,https://dandiarchive.s3.amazonaws.com/blobs/75d/9d0/75d9d091-e7db-47d1-aac4-d41133e29393,615048,1197725774,HPF,Isocortex,"[1127, 1128, 1121, 1826, 710, 678, 699, 1118, 1795, 680, 1428, 1099, 673, 674, 1429, 1483, 1453, 1048, 1485, 1077, 701, 656, 668, 647]","[741, 1187, 778, 1574, 1920, 743, 1913, 465, 1933, 1951, 228, 722, 1936, 1579, 1984, 2210, 1985, 824, 1912, 1900, 289, 1174, 1642, 1600]","[""session_time_linear"", ""session_time_quadratic"", ""image_identity:im115_r-1.0"", ""eventual_response_in_window"", ""eventual_response_latency"", ""response_latency_missing""]"
engaged_2,17,24,24,0.026658548715288055,0.03990214292488237,0.013243594209594312,0.017302779127842505,-0.00935576958744555,0.022599363797039862,"[[100.0, 10.0, 1], [100.0, 10.0, 1], [100.0, 100.0, 1], [100.0, 10.0, 1]]","[[100.0, 10.0, 1], [100.0, 10.0, 1], [100.0, 100.0, 1], [100.0, 10.0, 1]]",pass,https://dandiarchive.s3.amazonaws.com/blobs/75d/9d0/75d9d091-e7db-47d1-aac4-d41133e29393,615048,1197725774,HPF,Isocortex,"[1127, 1128, 1121, 1826, 710, 678, 699, 1118, 1795, 680, 1428, 1099, 673, 674, 1429, 1483, 1453, 1048, 1485, 1077, 701, 656, 668, 647]","[741, 1187, 778, 1574, 1920, 743, 1913, 465, 1933, 1951, 228, 722, 1936, 1579, 1984, 2210, 1985, 824, 1912, 1900, 289, 1174, 1642, 1600]","[""session_time_linear"", ""session_time_quadratic"", ""image_identity:im115_r-1.0"", ""eventual_response_in_window"", ""eventual_response_latency"", ""response_latency_missing""]"
no_reward,17,24,24,-0.08196322880430151,-0.08578857019867003,-0.00382534139436852,-0.08549115662091977,-0.0035279278166182593,-0.00029741357775026067,"[[10.0, 100.0, 4], [100.0, 100.0, 1], [100.0, 100.0, 1], [100.0, 100.0, 2]]","[[10.0, 100.0, 4], [100.0, 100.0, 1], [100.0, 100.0, 1], [100.0, 100.0, 2]]",pass,https://dandiarchive.s3.amazonaws.com/blobs/75d/9d0/75d9d091-e7db-47d1-aac4-d41133e29393,615048,1197725774,HPF,Isocortex,"[1127, 1128, 1121, 1826, 710, 678, 699, 1118, 1795, 680, 1428, 1099, 673, 674, 1429, 1483, 1453, 1048, 1485, 1077, 701, 656, 668, 647]","[741, 1187, 778, 1574, 1920, 743, 1913, 465, 1933, 1951, 228, 722, 1936, 1579, 1984, 2210, 1985, 824, 1912, 1900, 289, 1174, 1642, 1600]","[""session_time_linear"", ""session_time_quadratic"", ""image_identity:im115_r-1.0"", ""eventual_response_in_window"", ""eventual_response_latency"", ""response_latency_missing""]"
engaged_1,18,24,24,0.048681638224992385,0.04232078736059652,-0.006360850864395862,0.03961479087940767,-0.009066847345584716,0.002705996481188855,"[[100.0, 100.0, 1], [100.0, 100.0, 1], [100.0, 100.0, 8], [100.0, 100.0, 1]]","[[100.0, 100.0, 1], [100.0, 100.0, 1], [100.0, 100.0, 8], [100.0, 100.0, 1]]",pass,https://dandiarchive.s3.amazonaws.com/blobs/fe0/9ba/fe09ba54-89e9-4b73-bf95-5127c2ee2ad9,615048,1197514969,HPF,Isocortex,"[1432, 576, 567, 1532, 1429, 1393, 614, 580, 554, 597, 1366, 1410, 1457, 632, 1427, 1481, 1501, 574, 774, 1426, 1434, 606, 1356, 1513]","[1892, 637, 1897, 326, 1889, 1890, 640, 1594, 1065, 2310, 1032, 1084, 242, 231, 647, 646, 739, 732, 1086, 322, 1900, 2431, 1951, 318]","[""session_time_linear"", ""session_time_quadratic"", ""image_identity:im115_r-1.0"", ""eventual_response_in_window"", ""eventual_response_latency"", ""response_latency_missing""]"
engaged_2,18,24,24,-0.00023373738748144746,-0.011766152338639202,-0.011532414951157755,-0.00945006991113928,-0.009216332523657833,-0.0023160824274999214,"[[100.0, 100.0, 8], [100.0, 100.0, 8], [100.0, 100.0, 1], [100.0, 100.0, 1]]","[[100.0, 100.0, 8], [100.0, 100.0, 8], [100.0, 100.0, 1], [100.0, 100.0, 1]]",pass,https://dandiarchive.s3.amazonaws.com/blobs/fe0/9ba/fe09ba54-89e9-4b73-bf95-5127c2ee2ad9,615048,1197514969,HPF,Isocortex,"[1432, 576, 567, 1532, 1429, 1393, 614, 580, 554, 597, 1366, 1410, 1457, 632, 1427, 1481, 1501, 574, 774, 1426, 1434, 606, 1356, 1513]","[1892, 637, 1897, 326, 1889, 1890, 640, 1594, 1065, 2310, 1032, 1084, 242, 231, 647, 646, 739, 732, 1086, 322, 1900, 2431, 1951, 318]","[""session_time_linear"", ""session_time_quadratic"", ""image_identity:im115_r-1.0"", ""eventual_response_in_window"", ""eventual_response_latency"", ""response_latency_missing""]"
no_reward,18,24,24,-0.018047353652224984,-0.0455336696969062,-0.027486316044681214,-0.05138829886889251,-0.03334094521666753,0.005854629171986314,"[[100.0, 10.0, 1], [100.0, 100.0, 1], [100.0, 100.0, 8], [10.0, 10.0, 8]]","[[100.0, 10.0, 1], [100.0, 100.0, 1], [100.0, 100.0, 8], [10.0, 10.0, 8]]",pass,https://dandiarchive.s3.amazonaws.com/blobs/fe0/9ba/fe09ba54-89e9-4b73-bf95-5127c2ee2ad9,615048,1197514969,HPF,Isocortex,"[1432, 576, 567, 1532, 1429, 1393, 614, 580, 554, 597, 1366, 1410, 1457, 632, 1427, 1481, 1501, 574, 774, 1426, 1434, 606, 1356, 1513]","[1892, 637, 1897, 326, 1889, 1890, 640, 1594, 1065, 2310, 1032, 1084, 242, 231, 647, 646, 739, 732, 1086, 322, 1900, 2431, 1951, 318]","[""session_time_linear"", ""session_time_quadratic"", ""image_identity:im115_r-1.0"", ""eventual_response_in_window"", ""eventual_response_latency"", ""response_latency_missing""]"
engaged_1,16,24,24,0.04121008604050813,0.02455383776623621,-0.016656248274271923,0.03717313178941117,-0.004036954251096958,-0.012619294023174965,"[[100.0, 100.0, 2], [100.0, 100.0, 2], [100.0, 100.0, 8], [100.0, 100.0, 8]]","[[100.0, 100.0, 2], [100.0, 100.0, 2], [100.0, 100.0, 8], [100.0, 100.0, 8]]",pass,https://dandiarchive.s3.amazonaws.com/blobs/3ae/b2f/3aeb2f0d-c1c1-4b50-964b-61caffa07ee9,615564,1198796984,HPF,Isocortex,"[1157, 1154, 378, 1113, 1117, 798, 1061, 799, 316, 1184, 767, 1176, 337, 365, 377, 787, 783, 322, 1151, 1162, 1436, 1183, 373, 1178]","[129, 1589, 1577, 1586, 1580, 1581, 99, 1247, 1540, 1198, 1527, 806, 1598, 66, 128, 1575, 844, 49, 1544, 849, 1348, 828, 422, 101]","[""session_time_linear"", ""session_time_quadratic"", ""image_identity:im115_r-1.0"", ""eventual_response_in_window"", ""eventual_response_latency"", ""response_latency_missing""]"
engaged_2,16,24,24,0.04080591398981992,0.03126302077155885,-0.009542893218261073,0.03756214681378911,-0.0032437671760308096,-0.006299126042230263,"[[100.0, 100.0, 1], [100.0, 100.0, 2], [100.0, 100.0, 1], [100.0, 100.0, 1]]","[[100.0, 100.0, 1], [100.0, 100.0, 2], [100.0, 100.0, 1], [100.0, 100.0, 1]]",pass,https://dandiarchive.s3.amazonaws.com/blobs/3ae/b2f/3aeb2f0d-c1c1-4b50-964b-61caffa07ee9,615564,1198796984,HPF,Isocortex,"[1157, 1154, 378, 1113, 1117, 798, 1061, 799, 316, 1184, 767, 1176, 337, 365, 377, 787, 783, 322, 1151, 1162, 1436, 1183, 373, 1178]","[129, 1589, 1577, 1586, 1580, 1581, 99, 1247, 1540, 1198, 1527, 806, 1598, 66, 128, 1575, 844, 49, 1544, 849, 1348, 828, 422, 101]","[""session_time_linear"", ""session_time_quadratic"", ""image_identity:im115_r-1.0"", ""eventual_response_in_window"", ""eventual_response_latency"", ""response_latency_missing""]"
no_reward,16,24,24,0.05677219560445945,0.05026655683085468,-0.006505638773604772,0.05535009768858368,-0.0014220979158757752,-0.0050835408577289964,"[[100.0, 100.0, 8], [100.0, 100.0, 4], [100.0, 100.0, 1], [100.0, 100.0, 1]]","[[100.0, 100.0, 8], [100.0, 100.0, 4], [100.0, 100.0, 1], [100.0, 100.0, 1]]",pass,https://dandiarchive.s3.amazonaws.com/blobs/3ae/b2f/3aeb2f0d-c1c1-4b50-964b-61caffa07ee9,615564,1198796984,HPF,Isocortex,"[1157, 1154, 378, 1113, 1117, 798, 1061, 799, 316, 1184, 767, 1176, 337, 365, 377, 787, 783, 322, 1151, 1162, 1436, 1183, 373, 1178]","[129, 1589, 1577, 1586, 1580, 1581, 99, 1247, 1540, 1198, 1527, 806, 1598, 66, 128, 1575, 844, 49, 1544, 849, 1348, 828, 422, 101]","[""session_time_linear"", ""session_time_quadratic"", ""image_identity:im115_r-1.0"", ""eventual_response_in_window"", ""eventual_response_latency"", ""response_latency_missing""]"
engaged_1,17,24,24,0.06553076695220972,0.06190450707315143,-0.003626259879058291,0.0639217623631888,-0.0016090045890209126,-0.0020172552900373786,"[[100.0, 100.0, 1], [100.0, 100.0, 8], [100.0, 100.0, 2], [100.0, 100.0, 2]]","[[100.0, 100.0, 1], [100.0, 100.0, 8], [100.0, 100.0, 2], [100.0, 100.0, 2]]",pass,https://dandiarchive.s3.amazonaws.com/blobs/635/68b/63568b8b-5957-4045-b90d-d75108909249,615564,1198995158,HPF,Isocortex,"[611, 551, 1682, 1598, 1697, 609, 1659, 1744, 1736, 1720, 555, 544, 1651, 1644, 1649, 605, 597, 1641, 1657, 1660, 607, 547, 1375, 1645]","[1843, 2375, 1790, 698, 2274, 2403, 1877, 2382, 1847, 683, 1844, 2469, 2342, 112, 1450, 2476, 1836, 696, 1806, 674, 1446, 2432, 1441, 2453]","[""session_time_linear"", ""session_time_quadratic"", ""image_identity:im115_r-1.0"", ""eventual_response_in_window"", ""eventual_response_latency"", ""response_latency_missing""]"
engaged_2,17,24,24,0.01658046226843657,0.03174649785705608,0.015166035588619509,0.007121421774235803,-0.009459040494200766,0.024625076082820274,"[[100.0, 100.0, 4], [100.0, 100.0, 8], [100.0, 100.0, 4], [100.0, 100.0, 8]]","[[100.0, 100.0, 4], [100.0, 100.0, 8], [100.0, 100.0, 4], [100.0, 100.0, 8]]",pass,https://dandiarchive.s3.amazonaws.com/blobs/635/68b/63568b8b-5957-4045-b90d-d75108909249,615564,1198995158,HPF,Isocortex,"[611, 551, 1682, 1598, 1697, 609, 1659, 1744, 1736, 1720, 555, 544, 1651, 1644, 1649, 605, 597, 1641, 1657, 1660, 607, 547, 1375, 1645]","[1843, 2375, 1790, 698, 2274, 2403, 1877, 2382, 1847, 683, 1844, 2469, 2342, 112, 1450, 2476, 1836, 696, 1806, 674, 1446, 2432, 1441, 2453]","[""session_time_linear"", ""session_time_quadratic"", ""image_identity:im115_r-1.0"", ""eventual_response_in_window"", ""eventual_response_latency"", ""response_latency_missing""]"
no_reward,17,24,24,0.008238430648513928,-0.05379330925115289,-0.062031739899666816,0.01103613965140482,0.0027977090028908913,-0.06482944890255771,"[[100.0, 100.0, 1], [100.0, 100.0, 1], [100.0, 100.0, 8], [100.0, 10.0, 2]]","[[100.0, 100.0, 1], [100.0, 100.0, 1], [100.0, 100.0, 8], [100.0, 10.0, 2]]",pass,https://dandiarchive.s3.amazonaws.com/blobs/635/68b/63568b8b-5957-4045-b90d-d75108909249,615564,1198995158,HPF,Isocortex,"[611, 551, 1682, 1598, 1697, 609, 1659, 1744, 1736, 1720, 555, 544, 1651, 1644, 1649, 605, 597, 1641, 1657, 1660, 607, 547, 1375, 1645]","[1843, 2375, 1790, 698, 2274, 2403, 1877, 2382, 1847, 683, 1844, 2469, 2342, 112, 1450, 2476, 1836, 696, 1806, 674, 1446, 2432, 1441, 2453]","[""session_time_linear"", ""session_time_quadratic"", ""image_identity:im115_r-1.0"", ""eventual_response_in_window"", ""eventual_response_latency"", ""response_latency_missing""]"
engaged_1,12,24,24,0.03695448435731086,0.02431142267803965,-0.012643061679271206,0.033029766970532504,-0.003924717386778354,-0.008718344292492852,"[[100.0, 100.0, 8], [100.0, 100.0, 2], [100.0, 100.0, 1], [100.0, 100.0, 1]]","[[100.0, 100.0, 8], [100.0, 100.0, 2], [100.0, 100.0, 1], [100.0, 100.0, 1]]",pass,https://dandiarchive.s3.amazonaws.com/blobs/9ae/cb7/9aecb778-a5a0-4554-8b06-3af01005fea5,623319,1209073822,HPF,Isocortex,"[328, 1373, 325, 1361, 322, 1420, 362, 356, 388, 1410, 1346, 1376, 1411, 1369, 372, 376, 1343, 1395, 338, 354, 308, 307, 303, 1393]","[883, 1467, 2028, 2079, 1472, 455, 1463, 2092, 2201, 1955, 425, 2034, 1433, 437, 1456, 457, 451, 1461, 2158, 450, 2125, 2084, 1475, 2193]","[""session_time_linear"", ""session_time_quadratic"", ""image_identity:im115_r-1.0"", ""eventual_response_in_window"", ""eventual_response_latency"", ""response_latency_missing""]"
engaged_2,12,24,24,0.09432286199108642,0.038488331726185265,-0.05583453026490115,0.09725288470800686,0.002930022716920444,-0.058764552981821594,"[[10.0, 1.0, 1], [10.0, 100.0, 1], [100.0, 10.0, 4], [100.0, 100.0, 4]]","[[10.0, 1.0, 1], [10.0, 100.0, 1], [100.0, 10.0, 4], [100.0, 100.0, 4]]",pass,https://dandiarchive.s3.amazonaws.com/blobs/9ae/cb7/9aecb778-a5a0-4554-8b06-3af01005fea5,623319,1209073822,HPF,Isocortex,"[328, 1373, 325, 1361, 322, 1420, 362, 356, 388, 1410, 1346, 1376, 1411, 1369, 372, 376, 1343, 1395, 338, 354, 308, 307, 303, 1393]","[883, 1467, 2028, 2079, 1472, 455, 1463, 2092, 2201, 1955, 425, 2034, 1433, 437, 1456, 457, 451, 1461, 2158, 450, 2125, 2084, 1475, 2193]","[""session_time_linear"", ""session_time_quadratic"", ""image_identity:im115_r-1.0"", ""eventual_response_in_window"", ""eventual_response_latency"", ""response_latency_missing""]"
no_reward,12,24,24,-0.020116043185815613,-0.0572478149238993,-0.037131771738083685,-0.15165357235871246,-0.13153752917289685,0.09440575743481316,"[[100.0, 1.0, 1], [100.0, 100.0, 2], [100.0, 100.0, 1], [100.0, 100.0, 1]]","[[100.0, 1.0, 1], [100.0, 100.0, 2], [100.0, 100.0, 1], [100.0, 100.0, 1]]",pass,https://dandiarchive.s3.amazonaws.com/blobs/9ae/cb7/9aecb778-a5a0-4554-8b06-3af01005fea5,623319,1209073822,HPF,Isocortex,"[328, 1373, 325, 1361, 322, 1420, 362, 356, 388, 1410, 1346, 1376, 1411, 1369, 372, 376, 1343, 1395, 338, 354, 308, 307, 303, 1393]","[883, 1467, 2028, 2079, 1472, 455, 1463, 2092, 2201, 1955, 425, 2034, 1433, 437, 1456, 457, 451, 1461, 2158, 450, 2125, 2084, 1475, 2193]","[""session_time_linear"", ""session_time_quadratic"", ""image_identity:im115_r-1.0"", ""eventual_response_in_window"", ""eventual_response_latency"", ""response_latency_missing""]"
engaged_1,21,24,24,0.07155705923435951,0.059403208820820175,-0.012153850413539335,0.061197855875307794,-0.010359203359051716,-0.0017946470544876192,"[[100.0, 100.0, 1], [100.0, 100.0, 1], [100.0, 100.0, 8], [100.0, 100.0, 1]]","[[100.0, 100.0, 1], [100.0, 100.0, 1], [100.0, 100.0, 8], [100.0, 100.0, 1]]",pass,https://dandiarchive.s3.amazonaws.com/blobs/3d6/dc4/3d6dc44c-8001-467b-be23-96ba4b22da97,623322,1200659846,HPF,Isocortex,"[1190, 900, 910, 318, 905, 889, 943, 955, 1188, 989, 1212, 1367, 921, 888, 1195, 368, 421, 1006, 877, 349, 1382, 1010, 319, 911]","[1443, 1426, 514, 543, 1946, 500, 1439, 179, 154, 588, 1457, 1452, 1883, 1878, 168, 182, 134, 1074, 1480, 150, 1447, 151, 1484, 1893]","[""session_time_linear"", ""session_time_quadratic"", ""image_identity:im115_r-1.0"", ""eventual_response_in_window"", ""eventual_response_latency"", ""response_latency_missing""]"
engaged_2,21,24,24,0.05204610891864625,0.049188823269818216,-0.002857285648828034,0.060281399709692596,0.008235290791046346,-0.01109257643987438,"[[100.0, 100.0, 1], [100.0, 100.0, 4], [100.0, 100.0, 8], [100.0, 100.0, 4]]","[[100.0, 100.0, 1], [100.0, 100.0, 4], [100.0, 100.0, 8], [100.0, 100.0, 4]]",pass,https://dandiarchive.s3.amazonaws.com/blobs/3d6/dc4/3d6dc44c-8001-467b-be23-96ba4b22da97,623322,1200659846,HPF,Isocortex,"[1190, 900, 910, 318, 905, 889, 943, 955, 1188, 989, 1212, 1367, 921, 888, 1195, 368, 421, 1006, 877, 349, 1382, 1010, 319, 911]","[1443, 1426, 514, 543, 1946, 500, 1439, 179, 154, 588, 1457, 1452, 1883, 1878, 168, 182, 134, 1074, 1480, 150, 1447, 151, 1484, 1893]","[""session_time_linear"", ""session_time_quadratic"", ""image_identity:im115_r-1.0"", ""eventual_response_in_window"", ""eventual_response_latency"", ""response_latency_missing""]"
no_reward,21,24,24,0.005962434901249369,-0.017569792913376236,-0.023532227814625606,0.02846103558426938,0.02249860068302001,-0.046030828497645615,"[[100.0, 100.0, 1], [100.0, 100.0, 1], [100.0, 100.0, 4], [100.0, 1.0, 1]]","[[100.0, 100.0, 1], [100.0, 100.0, 1], [100.0, 100.0, 4], [100.0, 1.0, 1]]",pass,https://dandiarchive.s3.amazonaws.com/blobs/3d6/dc4/3d6dc44c-8001-467b-be23-96ba4b22da97,623322,1200659846,HPF,Isocortex,"[1190, 900, 910, 318, 905, 889, 943, 955, 1188, 989, 1212, 1367, 921, 888, 1195, 368, 421, 1006, 877, 349, 1382, 1010, 319, 911]","[1443, 1426, 514, 543, 1946, 500, 1439, 179, 154, 588, 1457, 1452, 1883, 1878, 168, 182, 134, 1074, 1480, 150, 1447, 151, 1484, 1893]","[""session_time_linear"", ""session_time_quadratic"", ""image_identity:im115_r-1.0"", ""eventual_response_in_window"", ""eventual_response_latency"", ""response_latency_missing""]"
engaged_1,22,24,24,0.055006180525667414,0.058378732756077745,0.0033725522304103306,0.039725204294704386,-0.015280976230963028,0.01865352846137336,"[[100.0, 100.0, 8], [100.0, 100.0, 8], [100.0, 100.0, 1], [100.0, 100.0, 1]]","[[100.0, 100.0, 8], [100.0, 100.0, 8], [100.0, 100.0, 1], [100.0, 100.0, 1]]",pass,https://dandiarchive.s3.amazonaws.com/blobs/5d9/4f7/5d94f7f7-daa2-4d2d-93a5-1bd2bc02e141,623322,1200471383,HPF,Isocortex,"[1122, 260, 1119, 666, 252, 1117, 1085, 278, 1045, 1203, 1176, 734, 253, 673, 1078, 674, 1118, 648, 947, 1092, 1112, 1061, 637, 1157]","[293, 1737, 1269, 1785, 1461, 759, 1295, 1444, 48, 394, 1726, 54, 13, 1497, 330, 1733, 74, 1433, 103, 386, 784, 80, 756, 1793]","[""session_time_linear"", ""session_time_quadratic"", ""image_identity:im115_r-1.0"", ""eventual_response_in_window"", ""eventual_response_latency"", ""response_latency_missing""]"
engaged_2,22,24,24,0.050258084173312234,0.04177321927596722,-0.008484864897345012,0.03453729727834587,-0.015720786894966365,0.007235921997621353,"[[100.0, 100.0, 2], [100.0, 100.0, 1], [100.0, 100.0, 1], [100.0, 100.0, 2]]","[[100.0, 100.0, 2], [100.0, 100.0, 1], [100.0, 100.0, 1], [100.0, 100.0, 2]]",pass,https://dandiarchive.s3.amazonaws.com/blobs/5d9/4f7/5d94f7f7-daa2-4d2d-93a5-1bd2bc02e141,623322,1200471383,HPF,Isocortex,"[1122, 260, 1119, 666, 252, 1117, 1085, 278, 1045, 1203, 1176, 734, 253, 673, 1078, 674, 1118, 648, 947, 1092, 1112, 1061, 637, 1157]","[293, 1737, 1269, 1785, 1461, 759, 1295, 1444, 48, 394, 1726, 54, 13, 1497, 330, 1733, 74, 1433, 103, 386, 784, 80, 756, 1793]","[""session_time_linear"", ""session_time_quadratic"", ""image_identity:im115_r-1.0"", ""eventual_response_in_window"", ""eventual_response_latency"", ""response_latency_missing""]"
no_reward,22,24,24,0.05378668105367834,0.05484232532586131,0.001055644272182965,0.059077078891120016,0.005290397837441674,-0.004234753565258709,"[[100.0, 100.0, 1], [100.0, 100.0, 1], [100.0, 100.0, 1], [100.0, 100.0, 2]]","[[100.0, 100.0, 1], [100.0, 100.0, 1], [100.0, 100.0, 1], [100.0, 100.0, 2]]",pass,https://dandiarchive.s3.amazonaws.com/blobs/5d9/4f7/5d94f7f7-daa2-4d2d-93a5-1bd2bc02e141,623322,1200471383,HPF,Isocortex,"[1122, 260, 1119, 666, 252, 1117, 1085, 278, 1045, 1203, 1176, 734, 253, 673, 1078, 674, 1118, 648, 947, 1092, 1112, 1061, 637, 1157]","[293, 1737, 1269, 1785, 1461, 759, 1295, 1444, 48, 394, 1726, 54, 13, 1497, 330, 1733, 74, 1433, 103, 386, 784, 80, 756, 1793]","[""session_time_linear"", ""session_time_quadratic"", ""image_identity:im115_r-1.0"", ""eventual_response_in_window"", ""eventual_response_latency"", ""response_latency_missing""]"
engaged_1,24,24,24,0.06032493690429275,0.05553366605704735,-0.004791270847245399,0.05173265585610576,-0.00859228104818699,0.0038010102009415903,"[[100.0, 100.0, 8], [100.0, 100.0, 1], [100.0, 100.0, 1], [100.0, 100.0, 1]]","[[100.0, 100.0, 8], [100.0, 100.0, 1], [100.0, 100.0, 1], [100.0, 100.0, 1]]",pass,https://dandiarchive.s3.amazonaws.com/blobs/d0e/7e5/d0e7e549-f015-47fe-baa5-db8170c52771,623322,1200878248,HPF,Isocortex,"[534, 981, 933, 212, 514, 961, 241, 1063, 1036, 557, 235, 968, 598, 950, 1005, 1067, 247, 477, 585, 1208, 1044, 533, 487, 770]","[1287, 1314, 1298, 1689, 1398, 1610, 1130, 1661, 1664, 1415, 1305, 1374, 82, 650, 1364, 1097, 1537, 1367, 1356, 1292, 1695, 1377, 1584, 77]","[""session_time_linear"", ""session_time_quadratic"", ""image_identity:im115_r-1.0"", ""eventual_response_in_window"", ""eventual_response_latency"", ""response_latency_missing""]"
engaged_2,24,24,24,-0.08831667332827897,-0.08493556417848813,0.0033811091497908397,-0.08954102675344822,-0.0012243534251692445,0.004605462574960084,"[[0.1, 0.1, 2], [0.1, 0.1, 8], [100.0, 10.0, 8], [100.0, 10.0, 8]]","[[0.1, 0.1, 2], [0.1, 0.1, 8], [100.0, 10.0, 8], [100.0, 10.0, 8]]",pass,https://dandiarchive.s3.amazonaws.com/blobs/d0e/7e5/d0e7e549-f015-47fe-baa5-db8170c52771,623322,1200878248,HPF,Isocortex,"[534, 981, 933, 212, 514, 961, 241, 1063, 1036, 557, 235, 968, 598, 950, 1005, 1067, 247, 477, 585, 1208, 1044, 533, 487, 770]","[1287, 1314, 1298, 1689, 1398, 1610, 1130, 1661, 1664, 1415, 1305, 1374, 82, 650, 1364, 1097, 1537, 1367, 1356, 1292, 1695, 1377, 1584, 77]","[""session_time_linear"", ""session_time_quadratic"", ""image_identity:im115_r-1.0"", ""eventual_response_in_window"", ""eventual_response_latency"", ""response_latency_missing""]"
no_reward,24,24,24,0.010927099908492943,0.011473755374476924,0.0005466554659839806,0.01491117965397426,0.003984079745481317,-0.0034374242794973364,"[[100.0, 100.0, 4], [100.0, 100.0, 1], [100.0, 100.0, 1], [100.0, 100.0, 1]]","[[100.0, 100.0, 4], [100.0, 100.0, 1], [100.0, 100.0, 1], [100.0, 100.0, 1]]",pass,https://dandiarchive.s3.amazonaws.com/blobs/d0e/7e5/d0e7e549-f015-47fe-baa5-db8170c52771,623322,1200878248,HPF,Isocortex,"[534, 981, 933, 212, 514, 961, 241, 1063, 1036, 557, 235, 968, 598, 950, 1005, 1067, 247, 477, 585, 1208, 1044, 533, 487, 770]","[1287, 1314, 1298, 1689, 1398, 1610, 1130, 1661, 1664, 1415, 1305, 1374, 82, 650, 1364, 1097, 1537, 1367, 1356, 1292, 1695, 1377, 1584, 77]","[""session_time_linear"", ""session_time_quadratic"", ""image_identity:im115_r-1.0"", ""eventual_response_in_window"", ""eventual_response_latency"", ""response_latency_missing""]"
engaged_1,21,24,24,0.07833711626589968,0.07073965606244903,-0.0075974602034506455,0.07999781959729224,0.0016607033313925657,-0.009258163534843211,"[[100.0, 100.0, 1], [100.0, 100.0, 2], [100.0, 100.0, 1], [100.0, 100.0, 1]]","[[100.0, 100.0, 1], [100.0, 100.0, 2], [100.0, 100.0, 1], [100.0, 100.0, 1]]",pass,https://dandiarchive.s3.amazonaws.com/blobs/4bd/cd2/4bdcd217-633c-4841-a9b1-208c117f5ea3,626279,1214217748,HPF,Isocortex,"[1278, 1316, 899, 1297, 897, 790, 903, 1287, 913, 870, 871, 860, 849, 1289, 904, 894, 55, 794, 921, 912, 1382, 52, 789, 867]","[1402, 144, 947, 547, 1739, 441, 93, 1723, 460, 2100, 1803, 944, 955, 1636, 497, 1706, 1665, 1045, 1014, 1752, 2063, 1412, 156, 163]","[""session_time_linear"", ""session_time_quadratic"", ""image_identity:im115_r-1.0"", ""eventual_response_in_window"", ""eventual_response_latency"", ""response_latency_missing""]"
engaged_2,21,24,24,0.07013194204191098,0.06324044287130515,-0.00689149917060583,0.04005738629583255,-0.030074555746078424,0.023183056575472594,"[[10.0, 1.0, 1], [100.0, 100.0, 1], [100.0, 100.0, 2], [100.0, 100.0, 1]]","[[10.0, 1.0, 1], [100.0, 100.0, 1], [100.0, 100.0, 2], [100.0, 100.0, 1]]",pass,https://dandiarchive.s3.amazonaws.com/blobs/4bd/cd2/4bdcd217-633c-4841-a9b1-208c117f5ea3,626279,1214217748,HPF,Isocortex,"[1278, 1316, 899, 1297, 897, 790, 903, 1287, 913, 870, 871, 860, 849, 1289, 904, 894, 55, 794, 921, 912, 1382, 52, 789, 867]","[1402, 144, 947, 547, 1739, 441, 93, 1723, 460, 2100, 1803, 944, 955, 1636, 497, 1706, 1665, 1045, 1014, 1752, 2063, 1412, 156, 163]","[""session_time_linear"", ""session_time_quadratic"", ""image_identity:im115_r-1.0"", ""eventual_response_in_window"", ""eventual_response_latency"", ""response_latency_missing""]"
no_reward,21,24,24,-0.008339453031169786,0.003298114333913138,0.011637567365082924,0.006785503310786201,0.015124956341955986,-0.0034873889768730626,"[[100.0, 100.0, 2], [100.0, 100.0, 8], [100.0, 100.0, 8], [100.0, 100.0, 8]]","[[100.0, 100.0, 2], [100.0, 100.0, 8], [100.0, 100.0, 8], [100.0, 100.0, 8]]",pass,https://dandiarchive.s3.amazonaws.com/blobs/4bd/cd2/4bdcd217-633c-4841-a9b1-208c117f5ea3,626279,1214217748,HPF,Isocortex,"[1278, 1316, 899, 1297, 897, 790, 903, 1287, 913, 870, 871, 860, 849, 1289, 904, 894, 55, 794, 921, 912, 1382, 52, 789, 867]","[1402, 144, 947, 547, 1739, 441, 93, 1723, 460, 2100, 1803, 944, 955, 1636, 497, 1706, 1665, 1045, 1014, 1752, 2063, 1412, 156, 163]","[""session_time_linear"", ""session_time_quadratic"", ""image_identity:im115_r-1.0"", ""eventual_response_in_window"", ""eventual_response_latency"", ""response_latency_missing""]"
engaged_1,14,24,24,0.059931958133074725,0.0620938190693715,0.0021618609362967778,0.05585592721854393,-0.004076030914530793,0.0062378918508275705,"[[100.0, 100.0, 1], [100.0, 100.0, 1], [100.0, 100.0, 1], [100.0, 100.0, 4]]","[[100.0, 100.0, 1], [100.0, 100.0, 1], [100.0, 100.0, 1], [100.0, 100.0, 4]]",pass,https://dandiarchive.s3.amazonaws.com/blobs/8bb/124/8bb12481-57e1-4f9d-95f0-c2ec49f2e338,632295,1218795542,HPF,Isocortex,"[1564, 1536, 1057, 1025, 1509, 1468, 980, 1457, 954, 975, 996, 1485, 1437, 955, 1438, 1029, 1016, 1043, 1034, 1549, 952, 1557, 1535, 1030]","[1631, 1088, 773, 480, 710, 717, 2045, 483, 2192, 454, 1127, 69, 2122, 731, 1100, 1098, 1109, 1157, 1158, 1102, 2161, 736, 1699, 492]","[""session_time_linear"", ""session_time_quadratic"", ""image_identity:im115_r-1.0"", ""eventual_response_in_window"", ""eventual_response_latency"", ""response_latency_missing""]"
engaged_2,14,24,24,0.02854998034332612,0.04241852707588989,0.013868546732563769,0.02539684964119937,-0.0031531307021267496,0.01702167743469052,"[[100.0, 10.0, 4], [100.0, 100.0, 8], [100.0, 100.0, 4], [100.0, 100.0, 4]]","[[100.0, 10.0, 4], [100.0, 100.0, 8], [100.0, 100.0, 4], [100.0, 100.0, 4]]",pass,https://dandiarchive.s3.amazonaws.com/blobs/8bb/124/8bb12481-57e1-4f9d-95f0-c2ec49f2e338,632295,1218795542,HPF,Isocortex,"[1564, 1536, 1057, 1025, 1509, 1468, 980, 1457, 954, 975, 996, 1485, 1437, 955, 1438, 1029, 1016, 1043, 1034, 1549, 952, 1557, 1535, 1030]","[1631, 1088, 773, 480, 710, 717, 2045, 483, 2192, 454, 1127, 69, 2122, 731, 1100, 1098, 1109, 1157, 1158, 1102, 2161, 736, 1699, 492]","[""session_time_linear"", ""session_time_quadratic"", ""image_identity:im115_r-1.0"", ""eventual_response_in_window"", ""eventual_response_latency"", ""response_latency_missing""]"
no_reward,14,24,24,-0.1869714048477864,-0.13255967102300192,0.05441173382478448,-0.10075075157792357,0.08622065326986283,-0.031808919445078354,"[[10.0, 10.0, 8], [100.0, 100.0, 8], [100.0, 100.0, 4], [100.0, 100.0, 4]]","[[10.0, 10.0, 8], [100.0, 100.0, 8], [100.0, 100.0, 4], [100.0, 100.0, 4]]",pass,https://dandiarchive.s3.amazonaws.com/blobs/8bb/124/8bb12481-57e1-4f9d-95f0-c2ec49f2e338,632295,1218795542,HPF,Isocortex,"[1564, 1536, 1057, 1025, 1509, 1468, 980, 1457, 954, 975, 996, 1485, 1437, 955, 1438, 1029, 1016, 1043, 1034, 1549, 952, 1557, 1535, 1030]","[1631, 1088, 773, 480, 710, 717, 2045, 483, 2192, 454, 1127, 69, 2122, 731, 1100, 1098, 1109, 1157, 1158, 1102, 2161, 736, 1699, 492]","[""session_time_linear"", ""session_time_quadratic"", ""image_identity:im115_r-1.0"", ""eventual_response_in_window"", ""eventual_response_latency"", ""response_latency_missing""]"
engaged_1,12,24,24,0.024284983827230877,0.009388630276628396,-0.014896353550602481,0.025623128721224186,0.0013381448939933094,-0.01623449844459579,"[[100.0, 0.1, 1], [10.0, 10.0, 4], [100.0, 100.0, 1], [100.0, 100.0, 1]]","[[100.0, 0.1, 1], [10.0, 10.0, 4], [100.0, 100.0, 1], [100.0, 100.0, 1]]",pass,https://dandiarchive.s3.amazonaws.com/blobs/db1/7c5/db17c503-6c6e-44c4-921f-4b0ddfa6dbdb,632295,1219127153,HPF,Isocortex,"[316, 47, 58, 49, 772, 63, 722, 78, 728, 771, 50, 812, 721, 45, 801, 770, 744, 805, 72, 719, 283, 67, 83, 798]","[1552, 130, 352, 1152, 888, 98, 866, 386, 1182, 877, 864, 852, 1190, 1196, 337, 1551, 117, 1508, 907, 1238, 906, 1183, 922, 149]","[""session_time_linear"", ""session_time_quadratic"", ""image_identity:im115_r-1.0"", ""eventual_response_in_window"", ""eventual_response_latency"", ""response_latency_missing""]"
engaged_2,12,24,24,0.014186061789291271,-0.046056922864122996,-0.06024298465341427,-0.0817527592614784,-0.09593882105076967,0.03569583639735541,"[[100.0, 10.0, 2], [100.0, 100.0, 1], [100.0, 1.0, 8], [100.0, 100.0, 1]]","[[100.0, 10.0, 2], [100.0, 100.0, 1], [100.0, 1.0, 8], [100.0, 100.0, 1]]",pass,https://dandiarchive.s3.amazonaws.com/blobs/db1/7c5/db17c503-6c6e-44c4-921f-4b0ddfa6dbdb,632295,1219127153,HPF,Isocortex,"[316, 47, 58, 49, 772, 63, 722, 78, 728, 771, 50, 812, 721, 45, 801, 770, 744, 805, 72, 719, 283, 67, 83, 798]","[1552, 130, 352, 1152, 888, 98, 866, 386, 1182, 877, 864, 852, 1190, 1196, 337, 1551, 117, 1508, 907, 1238, 906, 1183, 922, 149]","[""session_time_linear"", ""session_time_quadratic"", ""image_identity:im115_r-1.0"", ""eventual_response_in_window"", ""eventual_response_latency"", ""response_latency_missing""]"
no_reward,12,24,24,-0.0678990607897505,-0.04312163369135491,0.024777427098395588,-0.06714966082772422,0.0007493999620262759,0.024028027136369312,"[[100.0, 100.0, 4], [100.0, 100.0, 1], [100.0, 100.0, 8], [10.0, 10.0, 8]]","[[100.0, 100.0, 4], [100.0, 100.0, 1], [100.0, 100.0, 8], [10.0, 10.0, 8]]",pass,https://dandiarchive.s3.amazonaws.com/blobs/db1/7c5/db17c503-6c6e-44c4-921f-4b0ddfa6dbdb,632295,1219127153,HPF,Isocortex,"[316, 47, 58, 49, 772, 63, 722, 78, 728, 771, 50, 812, 721, 45, 801, 770, 744, 805, 72, 719, 283, 67, 83, 798]","[1552, 130, 352, 1152, 888, 98, 866, 386, 1182, 877, 864, 852, 1190, 1196, 337, 1551, 117, 1508, 907, 1238, 906, 1183, 922, 149]","[""session_time_linear"", ""session_time_quadratic"", ""image_identity:im115_r-1.0"", ""eventual_response_in_window"", ""eventual_response_latency"", ""response_latency_missing""]"
engaged_1,21,24,24,0.020332611000976164,0.007048517816804822,-0.013284093184171342,0.00975047201456658,-0.010582138986409584,-0.002701954197761758,"[[100.0, 100.0, 1], [100.0, 100.0, 1], [100.0, 100.0, 8], [100.0, 100.0, 4]]","[[100.0, 100.0, 1], [100.0, 100.0, 1], [100.0, 100.0, 8], [100.0, 100.0, 4]]",pass,https://dandiarchive.s3.amazonaws.com/blobs/d8b/8a9/d8b8a9fb-eda0-459f-a722-60a69961c992,638387,1229654875,HPF,Isocortex,"[1097, 1228, 1042, 1055, 1078, 1058, 1098, 1046, 1101, 1045, 1047, 1090, 1073, 1092, 1227, 1091, 1095, 1233, 1039, 1074, 1225, 1076, 1223, 1079]","[153, 1559, 425, 848, 333, 147, 820, 1542, 1144, 271, 340, 1146, 811, 765, 159, 1561, 1745, 1126, 381, 1138, 393, 808, 800, 1736]","[""session_time_linear"", ""session_time_quadratic"", ""image_identity:im115_r-1.0"", ""eventual_response_in_window"", ""eventual_response_latency"", ""response_latency_missing""]"
engaged_2,21,24,24,0.04686594389416754,0.05204942796267287,0.0051834840685053285,0.03696818946732072,-0.009897754426846817,0.015081238495352145,"[[100.0, 100.0, 1], [100.0, 100.0, 1], [100.0, 100.0, 4], [100.0, 100.0, 2]]","[[100.0, 100.0, 1], [100.0, 100.0, 1], [100.0, 100.0, 4], [100.0, 100.0, 2]]",pass,https://dandiarchive.s3.amazonaws.com/blobs/d8b/8a9/d8b8a9fb-eda0-459f-a722-60a69961c992,638387,1229654875,HPF,Isocortex,"[1097, 1228, 1042, 1055, 1078, 1058, 1098, 1046, 1101, 1045, 1047, 1090, 1073, 1092, 1227, 1091, 1095, 1233, 1039, 1074, 1225, 1076, 1223, 1079]","[153, 1559, 425, 848, 333, 147, 820, 1542, 1144, 271, 340, 1146, 811, 765, 159, 1561, 1745, 1126, 381, 1138, 393, 808, 800, 1736]","[""session_time_linear"", ""session_time_quadratic"", ""image_identity:im115_r-1.0"", ""eventual_response_in_window"", ""eventual_response_latency"", ""response_latency_missing""]"
no_reward,21,24,24,0.02034378035232698,0.015153976612483744,-0.005189803739843235,0.003125640129784446,-0.017218140222542533,0.012028336482699298,"[[100.0, 100.0, 1], [100.0, 100.0, 4], [100.0, 10.0, 1], [100.0, 100.0, 2]]","[[100.0, 100.0, 1], [100.0, 100.0, 4], [100.0, 10.0, 1], [100.0, 100.0, 2]]",pass,https://dandiarchive.s3.amazonaws.com/blobs/d8b/8a9/d8b8a9fb-eda0-459f-a722-60a69961c992,638387,1229654875,HPF,Isocortex,"[1097, 1228, 1042, 1055, 1078, 1058, 1098, 1046, 1101, 1045, 1047, 1090, 1073, 1092, 1227, 1091, 1095, 1233, 1039, 1074, 1225, 1076, 1223, 1079]","[153, 1559, 425, 848, 333, 147, 820, 1542, 1144, 271, 340, 1146, 811, 765, 159, 1561, 1745, 1126, 381, 1138, 393, 808, 800, 1736]","[""session_time_linear"", ""session_time_quadratic"", ""image_identity:im115_r-1.0"", ""eventual_response_in_window"", ""eventual_response_latency"", ""response_latency_missing""]"
engaged_1,23,24,24,0.012753138834227129,-0.005649731787938039,-0.01840287062216517,-0.008285990828301504,-0.021039129662528633,0.0026362590403634645,"[[100.0, 100.0, 1], [100.0, 100.0, 4], [100.0, 100.0, 1], [100.0, 100.0, 4]]","[[100.0, 100.0, 1], [100.0, 100.0, 4], [100.0, 100.0, 1], [100.0, 100.0, 4]]",pass,https://dandiarchive.s3.amazonaws.com/blobs/584/1b8/5841b844-3102-4b4f-8f2c-e4cd23ec8f45,640887,1234203203,HPF,Isocortex,"[1346, 1352, 32, 31, 48, 64, 54, 122, 1426, 105, 63, 1371, 1374, 1410, 115, 107, 248, 1417, 1355, 33, 93, 110, 1429, 53]","[1829, 1822, 932, 1878, 1036, 1874, 1490, 1012, 1891, 1480, 209, 1078, 1052, 492, 1834, 582, 218, 1807, 1893, 503, 580, 1056, 1028, 965]","[""session_time_linear"", ""session_time_quadratic"", ""image_identity:im115_r-1.0"", ""eventual_response_in_window"", ""eventual_response_latency"", ""response_latency_missing""]"
engaged_2,23,24,24,0.0550737554424543,0.05007027568428335,-0.005003479758170948,0.063211657176661,0.008137901734206698,-0.013141381492377646,"[[100.0, 100.0, 1], [100.0, 100.0, 8], [100.0, 100.0, 8], [100.0, 100.0, 8]]","[[100.0, 100.0, 1], [100.0, 100.0, 8], [100.0, 100.0, 8], [100.0, 100.0, 8]]",pass,https://dandiarchive.s3.amazonaws.com/blobs/584/1b8/5841b844-3102-4b4f-8f2c-e4cd23ec8f45,640887,1234203203,HPF,Isocortex,"[1346, 1352, 32, 31, 48, 64, 54, 122, 1426, 105, 63, 1371, 1374, 1410, 115, 107, 248, 1417, 1355, 33, 93, 110, 1429, 53]","[1829, 1822, 932, 1878, 1036, 1874, 1490, 1012, 1891, 1480, 209, 1078, 1052, 492, 1834, 582, 218, 1807, 1893, 503, 580, 1056, 1028, 965]","[""session_time_linear"", ""session_time_quadratic"", ""image_identity:im115_r-1.0"", ""eventual_response_in_window"", ""eventual_response_latency"", ""response_latency_missing""]"
no_reward,23,24,24,0.04179867095297385,0.03318149740395049,-0.00861717354902336,0.03453989490210163,-0.007258776050872218,-0.0013583974981511426,"[[100.0, 100.0, 2], [100.0, 100.0, 8], [100.0, 100.0, 1], [100.0, 100.0, 8]]","[[100.0, 100.0, 2], [100.0, 100.0, 8], [100.0, 100.0, 1], [100.0, 100.0, 8]]",pass,https://dandiarchive.s3.amazonaws.com/blobs/584/1b8/5841b844-3102-4b4f-8f2c-e4cd23ec8f45,640887,1234203203,HPF,Isocortex,"[1346, 1352, 32, 31, 48, 64, 54, 122, 1426, 105, 63, 1371, 1374, 1410, 115, 107, 248, 1417, 1355, 33, 93, 110, 1429, 53]","[1829, 1822, 932, 1878, 1036, 1874, 1490, 1012, 1891, 1480, 209, 1078, 1052, 492, 1834, 582, 218, 1807, 1893, 503, 580, 1056, 1028, 965]","[""session_time_linear"", ""session_time_quadratic"", ""image_identity:im115_r-1.0"", ""eventual_response_in_window"", ""eventual_response_latency"", ""response_latency_missing""]"
engaged_1,25,24,24,0.07505366507686007,0.07411648494407364,-0.0009371801327864304,0.09086577704357746,0.01581211196671739,-0.01674929209950382,"[[10.0, 10.0, 8], [100.0, 100.0, 1], [100.0, 100.0, 1], [100.0, 100.0, 1]]","[[10.0, 10.0, 8], [100.0, 100.0, 1], [100.0, 100.0, 1], [100.0, 100.0, 1]]",pass,https://dandiarchive.s3.amazonaws.com/blobs/cfc/bf1/cfcbf155-cb15-455d-8450-0ef256540990,640887,1234410451,HPF,Isocortex,"[1002, 537, 542, 589, 583, 566, 977, 973, 538, 930, 889, 876, 525, 532, 514, 582, 515, 914, 968, 1127, 982, 678, 1112, 546]","[85, 112, 1812, 1504, 1878, 1072, 1536, 1013, 1497, 1899, 193, 1926, 1919, 1528, 216, 1555, 169, 1905, 1987, 86, 1073, 1967, 1963, 100]","[""session_time_linear"", ""session_time_quadratic"", ""image_identity:im115_r-1.0"", ""eventual_response_in_window"", ""eventual_response_latency"", ""response_latency_missing""]"
engaged_2,25,24,24,0.04216833230512662,0.038420581565199785,-0.003747750739926836,0.025166935925889478,-0.017001396379237144,0.013253645639310307,"[[100.0, 100.0, 8], [100.0, 100.0, 8], [100.0, 100.0, 1], [100.0, 100.0, 8]]","[[100.0, 100.0, 8], [100.0, 100.0, 8], [100.0, 100.0, 1], [100.0, 100.0, 8]]",pass,https://dandiarchive.s3.amazonaws.com/blobs/cfc/bf1/cfcbf155-cb15-455d-8450-0ef256540990,640887,1234410451,HPF,Isocortex,"[1002, 537, 542, 589, 583, 566, 977, 973, 538, 930, 889, 876, 525, 532, 514, 582, 515, 914, 968, 1127, 982, 678, 1112, 546]","[85, 112, 1812, 1504, 1878, 1072, 1536, 1013, 1497, 1899, 193, 1926, 1919, 1528, 216, 1555, 169, 1905, 1987, 86, 1073, 1967, 1963, 100]","[""session_time_linear"", ""session_time_quadratic"", ""image_identity:im115_r-1.0"", ""eventual_response_in_window"", ""eventual_response_latency"", ""response_latency_missing""]"
no_reward,25,24,24,0.07943374700858585,0.07007939430125842,-0.009354352707327429,0.07273629704093076,-0.006697449967655089,-0.00265690273967234,"[[100.0, 100.0, 1], [100.0, 100.0, 2], [100.0, 100.0, 1], [100.0, 100.0, 1]]","[[100.0, 100.0, 1], [100.0, 100.0, 2], [100.0, 100.0, 1], [100.0, 100.0, 1]]",pass,https://dandiarchive.s3.amazonaws.com/blobs/cfc/bf1/cfcbf155-cb15-455d-8450-0ef256540990,640887,1234410451,HPF,Isocortex,"[1002, 537, 542, 589, 583, 566, 977, 973, 538, 930, 889, 876, 525, 532, 514, 582, 515, 914, 968, 1127, 982, 678, 1112, 546]","[85, 112, 1812, 1504, 1878, 1072, 1536, 1013, 1497, 1899, 193, 1926, 1919, 1528, 216, 1555, 169, 1905, 1987, 86, 1073, 1967, 1963, 100]","[""session_time_linear"", ""session_time_quadratic"", ""image_identity:im115_r-1.0"", ""eventual_response_in_window"", ""eventual_response_latency"", ""response_latency_missing""]"
engaged_1,27,24,24,0.0904884236358896,0.08348500208049081,-0.007003421555398792,0.07618781101617733,-0.014300612619712272,0.00729719106431348,"[[100.0, 100.0, 1], [100.0, 100.0, 1], [100.0, 100.0, 2], [100.0, 100.0, 8]]","[[100.0, 100.0, 1], [100.0, 100.0, 1], [100.0, 100.0, 2], [100.0, 100.0, 8]]",pass,https://dandiarchive.s3.amazonaws.com/blobs/13d/b29/13db29ff-1454-412d-8680-ecd7a38c6f95,640890,1232430325,HPF,Isocortex,"[1926, 1905, 1915, 654, 696, 1076, 1934, 1895, 2109, 1980, 1006, 1008, 982, 693, 1962, 1897, 2114, 983, 1931, 1948, 1977, 1972, 1960, 975]","[1416, 1481, 2410, 2446, 1411, 2357, 1524, 366, 702, 1396, 1123, 1382, 2369, 1391, 735, 2333, 1385, 1483, 1387, 1469, 1500, 2425, 2025, 2359]","[""session_time_linear"", ""session_time_quadratic"", ""image_identity:im115_r-1.0"", ""eventual_response_in_window"", ""eventual_response_latency"", ""response_latency_missing""]"
engaged_2,27,24,24,0.07615450292438997,0.06238375274436525,-0.013770750180024716,0.061489563021767224,-0.014664939902622742,0.0008941897225980266,"[[100.0, 100.0, 1], [100.0, 100.0, 8], [100.0, 100.0, 1], [100.0, 100.0, 8]]","[[100.0, 100.0, 1], [100.0, 100.0, 8], [100.0, 100.0, 1], [100.0, 100.0, 8]]",pass,https://dandiarchive.s3.amazonaws.com/blobs/13d/b29/13db29ff-1454-412d-8680-ecd7a38c6f95,640890,1232430325,HPF,Isocortex,"[1926, 1905, 1915, 654, 696, 1076, 1934, 1895, 2109, 1980, 1006, 1008, 982, 693, 1962, 1897, 2114, 983, 1931, 1948, 1977, 1972, 1960, 975]","[1416, 1481, 2410, 2446, 1411, 2357, 1524, 366, 702, 1396, 1123, 1382, 2369, 1391, 735, 2333, 1385, 1483, 1387, 1469, 1500, 2425, 2025, 2359]","[""session_time_linear"", ""session_time_quadratic"", ""image_identity:im115_r-1.0"", ""eventual_response_in_window"", ""eventual_response_latency"", ""response_latency_missing""]"
no_reward,27,24,24,0.08871720495612401,0.08742725344805657,-0.0012899515080674329,0.08769573920918472,-0.0010214657469392874,-0.0002684857611281455,"[[100.0, 100.0, 2], [100.0, 100.0, 1], [100.0, 100.0, 1], [100.0, 100.0, 1]]","[[100.0, 100.0, 2], [100.0, 100.0, 1], [100.0, 100.0, 1], [100.0, 100.0, 1]]",pass,https://dandiarchive.s3.amazonaws.com/blobs/13d/b29/13db29ff-1454-412d-8680-ecd7a38c6f95,640890,1232430325,HPF,Isocortex,"[1926, 1905, 1915, 654, 696, 1076, 1934, 1895, 2109, 1980, 1006, 1008, 982, 693, 1962, 1897, 2114, 983, 1931, 1948, 1977, 1972, 1960, 975]","[1416, 1481, 2410, 2446, 1411, 2357, 1524, 366, 702, 1396, 1123, 1382, 2369, 1391, 735, 2333, 1385, 1483, 1387, 1469, 1500, 2425, 2025, 2359]","[""session_time_linear"", ""session_time_quadratic"", ""image_identity:im115_r-1.0"", ""eventual_response_in_window"", ""eventual_response_latency"", ""response_latency_missing""]"
engaged_1,22,24,24,0.011230439091714062,0.005594907815010264,-0.005635531276703798,-0.0017857161543819444,-0.013016155246096006,0.007380623969392208,"[[100.0, 100.0, 1], [100.0, 100.0, 1], [100.0, 100.0, 1], [100.0, 100.0, 1]]","[[100.0, 100.0, 1], [100.0, 100.0, 1], [100.0, 100.0, 1], [100.0, 100.0, 1]]",pass,https://dandiarchive.s3.amazonaws.com/blobs/e3b/977/e3b97777-89fa-4730-8d0e-fae22e471f07,640890,1232725697,HPF,Isocortex,"[980, 527, 581, 919, 546, 71, 873, 981, 1208, 918, 83, 81, 547, 1210, 913, 862, 1183, 893, 920, 49, 52, 1176, 912, 872]","[1287, 1831, 176, 116, 103, 148, 1766, 255, 1353, 984, 120, 1307, 170, 221, 1789, 1305, 1780, 251, 142, 147, 159, 1801, 1640, 100]","[""session_time_linear"", ""session_time_quadratic"", ""image_identity:im115_r-1.0"", ""eventual_response_in_window"", ""eventual_response_latency"", ""response_latency_missing""]"
engaged_2,22,24,24,0.1353583641583027,0.13459548348169048,-0.000762880676612232,0.13322327081291452,-0.002135093345388195,0.0013722126687759628,"[[100.0, 100.0, 1], [100.0, 100.0, 1], [100.0, 100.0, 2], [100.0, 100.0, 1]]","[[100.0, 100.0, 1], [100.0, 100.0, 1], [100.0, 100.0, 2], [100.0, 100.0, 1]]",pass,https://dandiarchive.s3.amazonaws.com/blobs/e3b/977/e3b97777-89fa-4730-8d0e-fae22e471f07,640890,1232725697,HPF,Isocortex,"[980, 527, 581, 919, 546, 71, 873, 981, 1208, 918, 83, 81, 547, 1210, 913, 862, 1183, 893, 920, 49, 52, 1176, 912, 872]","[1287, 1831, 176, 116, 103, 148, 1766, 255, 1353, 984, 120, 1307, 170, 221, 1789, 1305, 1780, 251, 142, 147, 159, 1801, 1640, 100]","[""session_time_linear"", ""session_time_quadratic"", ""image_identity:im115_r-1.0"", ""eventual_response_in_window"", ""eventual_response_latency"", ""response_latency_missing""]"
no_reward,22,24,24,-0.004212791755027645,-0.01522970513348687,-0.011016913378459225,-0.01793280016081411,-0.013720008405786466,0.0027030950273272403,"[[100.0, 100.0, 8], [100.0, 100.0, 8], [100.0, 100.0, 1], [100.0, 100.0, 1]]","[[100.0, 100.0, 8], [100.0, 100.0, 8], [100.0, 100.0, 1], [100.0, 100.0, 1]]",pass,https://dandiarchive.s3.amazonaws.com/blobs/e3b/977/e3b97777-89fa-4730-8d0e-fae22e471f07,640890,1232725697,HPF,Isocortex,"[980, 527, 581, 919, 546, 71, 873, 981, 1208, 918, 83, 81, 547, 1210, 913, 862, 1183, 893, 920, 49, 52, 1176, 912, 872]","[1287, 1831, 176, 116, 103, 148, 1766, 255, 1353, 984, 120, 1307, 170, 221, 1789, 1305, 1780, 251, 142, 147, 159, 1801, 1640, 100]","[""session_time_linear"", ""session_time_quadratic"", ""image_identity:im115_r-1.0"", ""eventual_response_in_window"", ""eventual_response_latency"", ""response_latency_missing""]"
engaged_1,16,24,24,0.009613663162894026,0.01723494817002824,0.007621285007134215,-0.04796074892081492,-0.05757441208370895,0.06519569709084316,"[[100.0, 10.0, 1], [100.0, 100.0, 1], [100.0, 10.0, 1], [100.0, 100.0, 8]]","[[100.0, 10.0, 1], [100.0, 100.0, 1], [100.0, 10.0, 1], [100.0, 100.0, 8]]",pass,https://dandiarchive.s3.amazonaws.com/blobs/559/41e/55941ebd-ef47-4d38-80af-0fabd499db6d,642504,1244070169,HPF,Isocortex,"[1092, 1098, 639, 631, 286, 1094, 1110, 667, 322, 285, 1074, 1038, 1078, 441, 326, 1099, 645, 296, 1077, 628, 659, 1037, 652, 290]","[1589, 1206, 344, 1470, 1466, 1534, 65, 424, 391, 340, 1545, 1140, 1505, 1153, 1207, 351, 1462, 368, 1502, 1120, 1475, 1486, 182, 1483]","[""session_time_linear"", ""session_time_quadratic"", ""image_identity:im115_r-1.0"", ""eventual_response_in_window"", ""eventual_response_latency"", ""response_latency_missing""]"
engaged_2,16,24,24,0.042267348818040285,0.04157351425041145,-0.0006938345676288371,0.03964943884069383,-0.0026179099773464554,0.0019240754097176183,"[[100.0, 100.0, 1], [10.0, 100.0, 8], [100.0, 100.0, 8], [100.0, 100.0, 2]]","[[100.0, 100.0, 1], [10.0, 100.0, 8], [100.0, 100.0, 8], [100.0, 100.0, 2]]",pass,https://dandiarchive.s3.amazonaws.com/blobs/559/41e/55941ebd-ef47-4d38-80af-0fabd499db6d,642504,1244070169,HPF,Isocortex,"[1092, 1098, 639, 631, 286, 1094, 1110, 667, 322, 285, 1074, 1038, 1078, 441, 326, 1099, 645, 296, 1077, 628, 659, 1037, 652, 290]","[1589, 1206, 344, 1470, 1466, 1534, 65, 424, 391, 340, 1545, 1140, 1505, 1153, 1207, 351, 1462, 368, 1502, 1120, 1475, 1486, 182, 1483]","[""session_time_linear"", ""session_time_quadratic"", ""image_identity:im115_r-1.0"", ""eventual_response_in_window"", ""eventual_response_latency"", ""response_latency_missing""]"
no_reward,16,24,24,0.03176493753809617,0.014899935506510142,-0.01686500203158603,0.027330007380364285,-0.004434930157731887,-0.012430071873854143,"[[100.0, 100.0, 8], [100.0, 100.0, 1], [100.0, 10.0, 2], [100.0, 100.0, 1]]","[[100.0, 100.0, 8], [100.0, 100.0, 1], [100.0, 10.0, 2], [100.0, 100.0, 1]]",pass,https://dandiarchive.s3.amazonaws.com/blobs/559/41e/55941ebd-ef47-4d38-80af-0fabd499db6d,642504,1244070169,HPF,Isocortex,"[1092, 1098, 639, 631, 286, 1094, 1110, 667, 322, 285, 1074, 1038, 1078, 441, 326, 1099, 645, 296, 1077, 628, 659, 1037, 652, 290]","[1589, 1206, 344, 1470, 1466, 1534, 65, 424, 391, 340, 1545, 1140, 1505, 1153, 1207, 351, 1462, 368, 1502, 1120, 1475, 1486, 182, 1483]","[""session_time_linear"", ""session_time_quadratic"", ""image_identity:im115_r-1.0"", ""eventual_response_in_window"", ""eventual_response_latency"", ""response_latency_missing""]"
engaged_1,18,24,24,0.07538774435893658,0.06747106041507323,-0.007916683943863356,0.07798818396204421,0.0026004396031076293,-0.010517123546970986,"[[100.0, 100.0, 1], [100.0, 100.0, 1], [100.0, 100.0, 1], [100.0, 100.0, 1]]","[[100.0, 100.0, 1], [100.0, 100.0, 1], [100.0, 100.0, 1], [100.0, 100.0, 1]]",pass,https://dandiarchive.s3.amazonaws.com/blobs/88d/b29/88db2938-a9e0-491c-8056-f83cc894edf3,642504,1243523806,HPF,Isocortex,"[803, 816, 741, 487, 492, 110, 500, 739, 482, 812, 186, 453, 467, 498, 447, 440, 505, 786, 199, 830, 445, 192, 856, 847]","[1204, 892, 918, 901, 253, 1226, 891, 924, 248, 889, 53, 255, 1299, 66, 886, 938, 1211, 67, 201, 871, 259, 251, 904, 219]","[""session_time_linear"", ""session_time_quadratic"", ""image_identity:im115_r-1.0"", ""eventual_response_in_window"", ""eventual_response_latency"", ""response_latency_missing""]"
engaged_2,18,24,24,0.04986857986775517,0.042043355393058146,-0.007825224474697023,0.046455795711146,-0.003412784156609172,-0.004412440318087851,"[[100.0, 100.0, 1], [100.0, 100.0, 1], [100.0, 100.0, 8], [100.0, 100.0, 1]]","[[100.0, 100.0, 1], [100.0, 100.0, 1], [100.0, 100.0, 8], [100.0, 100.0, 1]]",pass,https://dandiarchive.s3.amazonaws.com/blobs/88d/b29/88db2938-a9e0-491c-8056-f83cc894edf3,642504,1243523806,HPF,Isocortex,"[803, 816, 741, 487, 492, 110, 500, 739, 482, 812, 186, 453, 467, 498, 447, 440, 505, 786, 199, 830, 445, 192, 856, 847]","[1204, 892, 918, 901, 253, 1226, 891, 924, 248, 889, 53, 255, 1299, 66, 886, 938, 1211, 67, 201, 871, 259, 251, 904, 219]","[""session_time_linear"", ""session_time_quadratic"", ""image_identity:im115_r-1.0"", ""eventual_response_in_window"", ""eventual_response_latency"", ""response_latency_missing""]"
no_reward,18,24,24,0.1115888472026324,0.11589985340958353,0.004311006206951129,0.09191843367493246,-0.019670413527699937,0.023981419734651066,"[[100.0, 100.0, 1], [100.0, 100.0, 1], [100.0, 100.0, 1], [100.0, 100.0, 1]]","[[100.0, 100.0, 1], [100.0, 100.0, 1], [100.0, 100.0, 1], [100.0, 100.0, 1]]",pass,https://dandiarchive.s3.amazonaws.com/blobs/88d/b29/88db2938-a9e0-491c-8056-f83cc894edf3,642504,1243523806,HPF,Isocortex,"[803, 816, 741, 487, 492, 110, 500, 739, 482, 812, 186, 453, 467, 498, 447, 440, 505, 786, 199, 830, 445, 192, 856, 847]","[1204, 892, 918, 901, 253, 1226, 891, 924, 248, 889, 53, 255, 1299, 66, 886, 938, 1211, 67, 201, 871, 259, 251, 904, 219]","[""session_time_linear"", ""session_time_quadratic"", ""image_identity:im115_r-1.0"", ""eventual_response_in_window"", ""eventual_response_latency"", ""response_latency_missing""]"
engaged_1,17,24,24,0.03498454850186772,0.022844311387511418,-0.0121402371143563,0.011383357530223126,-0.023601190971644592,0.011460953857288292,"[[100.0, 100.0, 1], [100.0, 100.0, 1], [100.0, 100.0, 4], [100.0, 100.0, 8]]","[[100.0, 100.0, 1], [100.0, 100.0, 1], [100.0, 100.0, 4], [100.0, 100.0, 8]]",pass,https://dandiarchive.s3.amazonaws.com/blobs/68c/a06/68ca0674-2a8a-4931-8d5b-10a3edfb0cfa,614608,1187475832,HPF,MB,"[1061, 129, 1540, 122, 1539, 1180, 1056, 1052, 1129, 1548, 1186, 1175, 1193, 1166, 1063, 1137, 1150, 1552, 1205, 1163, 130, 1197, 1162, 1554]","[403, 439, 435, 3, 429, 437, 833, 431, 2, 464, 34, 465, 432, 408, 832, 463, 1, 458, 533, 412, 410, 415, 514, 528]","[""session_time_linear"", ""session_time_quadratic"", ""image_identity:im115_r-1.0"", ""eventual_response_in_window"", ""eventual_response_latency"", ""response_latency_missing""]"
engaged_2,17,24,24,0.11865280142864176,0.09869724122272827,-0.019955560205913492,0.11627233331078779,-0.0023804681178539733,-0.01757509208805952,"[[100.0, 100.0, 1], [10.0, 10.0, 1], [100.0, 100.0, 4], [10.0, 10.0, 1]]","[[100.0, 100.0, 1], [10.0, 10.0, 1], [100.0, 100.0, 4], [10.0, 10.0, 1]]",pass,https://dandiarchive.s3.amazonaws.com/blobs/68c/a06/68ca0674-2a8a-4931-8d5b-10a3edfb0cfa,614608,1187475832,HPF,MB,"[1061, 129, 1540, 122, 1539, 1180, 1056, 1052, 1129, 1548, 1186, 1175, 1193, 1166, 1063, 1137, 1150, 1552, 1205, 1163, 130, 1197, 1162, 1554]","[403, 439, 435, 3, 429, 437, 833, 431, 2, 464, 34, 465, 432, 408, 832, 463, 1, 458, 533, 412, 410, 415, 514, 528]","[""session_time_linear"", ""session_time_quadratic"", ""image_identity:im115_r-1.0"", ""eventual_response_in_window"", ""eventual_response_latency"", ""response_latency_missing""]"
no_reward,17,24,24,0.05116830987155774,0.04345269611146796,-0.007715613760089779,0.051797175257199735,0.0006288653856419968,-0.008344479145731776,"[[100.0, 100.0, 2], [100.0, 100.0, 1], [10.0, 100.0, 8], [100.0, 100.0, 1]]","[[100.0, 100.0, 2], [100.0, 100.0, 1], [10.0, 100.0, 8], [100.0, 100.0, 1]]",pass,https://dandiarchive.s3.amazonaws.com/blobs/68c/a06/68ca0674-2a8a-4931-8d5b-10a3edfb0cfa,614608,1187475832,HPF,MB,"[1061, 129, 1540, 122, 1539, 1180, 1056, 1052, 1129, 1548, 1186, 1175, 1193, 1166, 1063, 1137, 1150, 1552, 1205, 1163, 130, 1197, 1162, 1554]","[403, 439, 435, 3, 429, 437, 833, 431, 2, 464, 34, 465, 432, 408, 832, 463, 1, 458, 533, 412, 410, 415, 514, 528]","[""session_time_linear"", ""session_time_quadratic"", ""image_identity:im115_r-1.0"", ""eventual_response_in_window"", ""eventual_response_latency"", ""response_latency_missing""]"
engaged_1,24,24,24,0.06883229074238628,0.0597003569517367,-0.009131933790649582,0.07708871146183449,0.00825642071944821,-0.017388354510097792,"[[100.0, 100.0, 4], [100.0, 100.0, 1], [100.0, 100.0, 1], [100.0, 100.0, 8]]","[[100.0, 100.0, 4], [100.0, 100.0, 1], [100.0, 100.0, 1], [100.0, 100.0, 8]]",pass,https://dandiarchive.s3.amazonaws.com/blobs/fd4/c49/fd4c4964-f02b-456e-af4d-b9407877d0de,614608,1187940755,HPF,MB,"[670, 637, 564, 1024, 619, 1026, 610, 608, 580, 594, 1050, 669, 600, 609, 1055, 549, 581, 555, 1018, 1061, 1077, 634, 1066, 611]","[112, 8, 62, 22, 401, 100, 18, 24, 14, 9, 25, 31, 59, 54, 26, 65, 57, 63, 7, 64, 55, 10, 34, 76]","[""session_time_linear"", ""session_time_quadratic"", ""image_identity:im115_r-1.0"", ""eventual_response_in_window"", ""eventual_response_latency"", ""response_latency_missing""]"
engaged_2,24,24,24,0.09050805703907272,0.08953206645749545,-0.0009759905815772685,0.03870524889298299,-0.05180280814608973,0.05082681756451246,"[[100.0, 100.0, 1], [100.0, 100.0, 1], [100.0, 10.0, 1], [100.0, 100.0, 4]]","[[100.0, 100.0, 1], [100.0, 100.0, 1], [100.0, 10.0, 1], [100.0, 100.0, 4]]",pass,https://dandiarchive.s3.amazonaws.com/blobs/fd4/c49/fd4c4964-f02b-456e-af4d-b9407877d0de,614608,1187940755,HPF,MB,"[670, 637, 564, 1024, 619, 1026, 610, 608, 580, 594, 1050, 669, 600, 609, 1055, 549, 581, 555, 1018, 1061, 1077, 634, 1066, 611]","[112, 8, 62, 22, 401, 100, 18, 24, 14, 9, 25, 31, 59, 54, 26, 65, 57, 63, 7, 64, 55, 10, 34, 76]","[""session_time_linear"", ""session_time_quadratic"", ""image_identity:im115_r-1.0"", ""eventual_response_in_window"", ""eventual_response_latency"", ""response_latency_missing""]"
no_reward,24,24,24,0.11020550251031469,0.09750915304153929,-0.012696349468775403,0.09972114571997936,-0.010484356790335325,-0.002211992678440078,"[[100.0, 100.0, 4], [100.0, 100.0, 8], [100.0, 100.0, 1], [100.0, 100.0, 4]]","[[100.0, 100.0, 4], [100.0, 100.0, 8], [100.0, 100.0, 1], [100.0, 100.0, 4]]",pass,https://dandiarchive.s3.amazonaws.com/blobs/fd4/c49/fd4c4964-f02b-456e-af4d-b9407877d0de,614608,1187940755,HPF,MB,"[670, 637, 564, 1024, 619, 1026, 610, 608, 580, 594, 1050, 669, 600, 609, 1055, 549, 581, 555, 1018, 1061, 1077, 634, 1066, 611]","[112, 8, 62, 22, 401, 100, 18, 24, 14, 9, 25, 31, 59, 54, 26, 65, 57, 63, 7, 64, 55, 10, 34, 76]","[""session_time_linear"", ""session_time_quadratic"", ""image_identity:im115_r-1.0"", ""eventual_response_in_window"", ""eventual_response_latency"", ""response_latency_missing""]"
engaged_1,17,24,24,0.015687094495831944,0.006084307352312135,-0.009602787143519809,0.010680632189236094,-0.005006462306595849,-0.0045963248369239595,"[[100.0, 100.0, 4], [100.0, 100.0, 1], [100.0, 100.0, 1], [100.0, 100.0, 1]]","[[100.0, 100.0, 4], [100.0, 100.0, 1], [100.0, 100.0, 1], [100.0, 100.0, 1]]",pass,https://dandiarchive.s3.amazonaws.com/blobs/75d/9d0/75d9d091-e7db-47d1-aac4-d41133e29393,615048,1197725774,HPF,MB,"[1127, 1128, 1121, 1826, 710, 678, 699, 1118, 1795, 680, 1428, 1099, 673, 674, 1429, 1483, 1453, 1048, 1485, 1077, 701, 656, 668, 647]","[575, 601, 571, 609, 605, 846, 545, 610, 625, 543, 600, 578, 577, 550, 518, 597, 586, 535, 528, 611, 511, 599, 582, 603]","[""session_time_linear"", ""session_time_quadratic"", ""image_identity:im115_r-1.0"", ""eventual_response_in_window"", ""eventual_response_latency"", ""response_latency_missing""]"
engaged_2,17,24,24,0.03965691056340004,0.043350368782058224,0.0036934582186581855,0.02248575558451049,-0.017171154978889547,0.020864613197547732,"[[100.0, 100.0, 4], [100.0, 100.0, 1], [100.0, 100.0, 8], [100.0, 100.0, 8]]","[[100.0, 100.0, 4], [100.0, 100.0, 1], [100.0, 100.0, 8], [100.0, 100.0, 8]]",pass,https://dandiarchive.s3.amazonaws.com/blobs/75d/9d0/75d9d091-e7db-47d1-aac4-d41133e29393,615048,1197725774,HPF,MB,"[1127, 1128, 1121, 1826, 710, 678, 699, 1118, 1795, 680, 1428, 1099, 673, 674, 1429, 1483, 1453, 1048, 1485, 1077, 701, 656, 668, 647]","[575, 601, 571, 609, 605, 846, 545, 610, 625, 543, 600, 578, 577, 550, 518, 597, 586, 535, 528, 611, 511, 599, 582, 603]","[""session_time_linear"", ""session_time_quadratic"", ""image_identity:im115_r-1.0"", ""eventual_response_in_window"", ""eventual_response_latency"", ""response_latency_missing""]"
no_reward,17,24,24,0.049559254241870576,0.0038939624315540433,-0.04566529181031653,0.021680230899197017,-0.02787902334267356,-0.017786268467642974,"[[100.0, 100.0, 1], [100.0, 10.0, 8], [100.0, 100.0, 4], [100.0, 10.0, 1]]","[[100.0, 100.0, 1], [100.0, 10.0, 8], [100.0, 100.0, 4], [100.0, 10.0, 1]]",pass,https://dandiarchive.s3.amazonaws.com/blobs/75d/9d0/75d9d091-e7db-47d1-aac4-d41133e29393,615048,1197725774,HPF,MB,"[1127, 1128, 1121, 1826, 710, 678, 699, 1118, 1795, 680, 1428, 1099, 673, 674, 1429, 1483, 1453, 1048, 1485, 1077, 701, 656, 668, 647]","[575, 601, 571, 609, 605, 846, 545, 610, 625, 543, 600, 578, 577, 550, 518, 597, 586, 535, 528, 611, 511, 599, 582, 603]","[""session_time_linear"", ""session_time_quadratic"", ""image_identity:im115_r-1.0"", ""eventual_response_in_window"", ""eventual_response_latency"", ""response_latency_missing""]"
engaged_1,18,24,24,0.06720362133146052,0.06052668318508525,-0.006676938146375266,0.06075505586339791,-0.006448565468062606,-0.0002283726783126605,"[[100.0, 10.0, 2], [100.0, 100.0, 2], [100.0, 10.0, 2], [100.0, 100.0, 8]]","[[100.0, 10.0, 2], [100.0, 100.0, 2], [100.0, 10.0, 2], [100.0, 100.0, 8]]",pass,https://dandiarchive.s3.amazonaws.com/blobs/fe0/9ba/fe09ba54-89e9-4b73-bf95-5127c2ee2ad9,615048,1197514969,HPF,MB,"[1432, 576, 567, 1532, 1429, 1393, 614, 580, 554, 597, 1366, 1410, 1457, 632, 1427, 1481, 1501, 574, 774, 1426, 1434, 606, 1356, 1513]","[896, 887, 862, 959, 1168, 871, 856, 904, 927, 892, 830, 934, 906, 881, 805, 945, 931, 851, 910, 963, 888, 923, 849, 848]","[""session_time_linear"", ""session_time_quadratic"", ""image_identity:im115_r-1.0"", ""eventual_response_in_window"", ""eventual_response_latency"", ""response_latency_missing""]"
engaged_2,18,24,24,0.017528588793908617,-0.0013461999407846648,-0.018874788734693282,0.022352774650814644,0.004824185856906027,-0.02369897459159931,"[[10.0, 10.0, 4], [100.0, 100.0, 8], [100.0, 100.0, 4], [100.0, 100.0, 8]]","[[10.0, 10.0, 4], [100.0, 100.0, 8], [100.0, 100.0, 4], [100.0, 100.0, 8]]",pass,https://dandiarchive.s3.amazonaws.com/blobs/fe0/9ba/fe09ba54-89e9-4b73-bf95-5127c2ee2ad9,615048,1197514969,HPF,MB,"[1432, 576, 567, 1532, 1429, 1393, 614, 580, 554, 597, 1366, 1410, 1457, 632, 1427, 1481, 1501, 574, 774, 1426, 1434, 606, 1356, 1513]","[896, 887, 862, 959, 1168, 871, 856, 904, 927, 892, 830, 934, 906, 881, 805, 945, 931, 851, 910, 963, 888, 923, 849, 848]","[""session_time_linear"", ""session_time_quadratic"", ""image_identity:im115_r-1.0"", ""eventual_response_in_window"", ""eventual_response_latency"", ""response_latency_missing""]"
no_reward,18,24,24,0.014085450509721764,0.01090637050306098,-0.003179080006660784,-0.014104515151352581,-0.028189965661074345,0.02501088565441356,"[[100.0, 100.0, 4], [100.0, 100.0, 8], [100.0, 100.0, 4], [10.0, 10.0, 4]]","[[100.0, 100.0, 4], [100.0, 100.0, 8], [100.0, 100.0, 4], [10.0, 10.0, 4]]",pass,https://dandiarchive.s3.amazonaws.com/blobs/fe0/9ba/fe09ba54-89e9-4b73-bf95-5127c2ee2ad9,615048,1197514969,HPF,MB,"[1432, 576, 567, 1532, 1429, 1393, 614, 580, 554, 597, 1366, 1410, 1457, 632, 1427, 1481, 1501, 574, 774, 1426, 1434, 606, 1356, 1513]","[896, 887, 862, 959, 1168, 871, 856, 904, 927, 892, 830, 934, 906, 881, 805, 945, 931, 851, 910, 963, 888, 923, 849, 848]","[""session_time_linear"", ""session_time_quadratic"", ""image_identity:im115_r-1.0"", ""eventual_response_in_window"", ""eventual_response_latency"", ""response_latency_missing""]"
engaged_1,17,24,24,0.08138443346606083,0.07801738017378668,-0.003367053292274158,0.08714046638241613,0.0057560329163552915,-0.00912308620862945,"[[100.0, 100.0, 1], [100.0, 100.0, 1], [10.0, 10.0, 8], [100.0, 100.0, 1]]","[[100.0, 100.0, 1], [100.0, 100.0, 1], [10.0, 10.0, 8], [100.0, 100.0, 1]]",pass,https://dandiarchive.s3.amazonaws.com/blobs/635/68b/63568b8b-5957-4045-b90d-d75108909249,615564,1198995158,HPF,MB,"[611, 551, 1682, 1598, 1697, 609, 1659, 1744, 1736, 1720, 555, 544, 1651, 1644, 1649, 605, 597, 1641, 1657, 1660, 607, 547, 1375, 1645]","[496, 333, 308, 369, 508, 350, 500, 296, 450, 459, 476, 387, 462, 313, 335, 323, 301, 319, 331, 460, 397, 429, 724, 484]","[""session_time_linear"", ""session_time_quadratic"", ""image_identity:im115_r-1.0"", ""eventual_response_in_window"", ""eventual_response_latency"", ""response_latency_missing""]"
engaged_2,17,24,24,0.017541660343164733,-0.016706427222710873,-0.03424808756587561,0.006633174865729008,-0.010908485477435725,-0.02333960208843988,"[[100.0, 100.0, 4], [100.0, 100.0, 2], [100.0, 100.0, 1], [100.0, 10.0, 1]]","[[100.0, 100.0, 4], [100.0, 100.0, 2], [100.0, 100.0, 1], [100.0, 10.0, 1]]",pass,https://dandiarchive.s3.amazonaws.com/blobs/635/68b/63568b8b-5957-4045-b90d-d75108909249,615564,1198995158,HPF,MB,"[611, 551, 1682, 1598, 1697, 609, 1659, 1744, 1736, 1720, 555, 544, 1651, 1644, 1649, 605, 597, 1641, 1657, 1660, 607, 547, 1375, 1645]","[496, 333, 308, 369, 508, 350, 500, 296, 450, 459, 476, 387, 462, 313, 335, 323, 301, 319, 331, 460, 397, 429, 724, 484]","[""session_time_linear"", ""session_time_quadratic"", ""image_identity:im115_r-1.0"", ""eventual_response_in_window"", ""eventual_response_latency"", ""response_latency_missing""]"
no_reward,17,24,24,0.05602154556060146,0.049711630809441965,-0.0063099147511594955,0.000837513675688184,-0.055184031884913276,0.04887411713375378,"[[100.0, 100.0, 8], [100.0, 10.0, 1], [100.0, 100.0, 2], [100.0, 10.0, 1]]","[[100.0, 100.0, 8], [100.0, 10.0, 1], [100.0, 100.0, 2], [100.0, 10.0, 1]]",pass,https://dandiarchive.s3.amazonaws.com/blobs/635/68b/63568b8b-5957-4045-b90d-d75108909249,615564,1198995158,HPF,MB,"[611, 551, 1682, 1598, 1697, 609, 1659, 1744, 1736, 1720, 555, 544, 1651, 1644, 1649, 605, 597, 1641, 1657, 1660, 607, 547, 1375, 1645]","[496, 333, 308, 369, 508, 350, 500, 296, 450, 459, 476, 387, 462, 313, 335, 323, 301, 319, 331, 460, 397, 429, 724, 484]","[""session_time_linear"", ""session_time_quadratic"", ""image_identity:im115_r-1.0"", ""eventual_response_in_window"", ""eventual_response_latency"", ""response_latency_missing""]"
engaged_1,12,24,24,0.0018272687716578417,-0.010133152986000038,-0.01196042175765788,-0.00462951469266959,-0.006456783464327431,-0.005503638293330448,"[[100.0, 100.0, 4], [100.0, 100.0, 2], [100.0, 100.0, 1], [100.0, 100.0, 4]]","[[100.0, 100.0, 4], [100.0, 100.0, 2], [100.0, 100.0, 1], [100.0, 100.0, 4]]",pass,https://dandiarchive.s3.amazonaws.com/blobs/9ae/cb7/9aecb778-a5a0-4554-8b06-3af01005fea5,623319,1209073822,HPF,MB,"[328, 1373, 325, 1361, 322, 1420, 362, 356, 388, 1410, 1346, 1376, 1411, 1369, 372, 376, 1343, 1395, 338, 354, 308, 307, 303, 1393]","[712, 639, 833, 684, 647, 628, 681, 661, 624, 665, 611, 693, 619, 797, 616, 642, 677, 644, 781, 673, 718, 705, 840, 606]","[""session_time_linear"", ""session_time_quadratic"", ""image_identity:im115_r-1.0"", ""eventual_response_in_window"", ""eventual_response_latency"", ""response_latency_missing""]"
engaged_2,12,24,24,0.025361831076656682,0.028454901115086195,0.003093070038429513,0.0054873276033781115,-0.01987450347327857,0.022967573511708084,"[[100.0, 100.0, 2], [100.0, 100.0, 1], [100.0, 10.0, 2], [100.0, 10.0, 2]]","[[100.0, 100.0, 2], [100.0, 100.0, 1], [100.0, 10.0, 2], [100.0, 10.0, 2]]",pass,https://dandiarchive.s3.amazonaws.com/blobs/9ae/cb7/9aecb778-a5a0-4554-8b06-3af01005fea5,623319,1209073822,HPF,MB,"[328, 1373, 325, 1361, 322, 1420, 362, 356, 388, 1410, 1346, 1376, 1411, 1369, 372, 376, 1343, 1395, 338, 354, 308, 307, 303, 1393]","[712, 639, 833, 684, 647, 628, 681, 661, 624, 665, 611, 693, 619, 797, 616, 642, 677, 644, 781, 673, 718, 705, 840, 606]","[""session_time_linear"", ""session_time_quadratic"", ""image_identity:im115_r-1.0"", ""eventual_response_in_window"", ""eventual_response_latency"", ""response_latency_missing""]"
no_reward,12,24,24,0.03383840879540145,0.007157266138087093,-0.02668114265731436,0.04650846072197812,0.012670051926576664,-0.039351194583891025,"[[100.0, 100.0, 1], [100.0, 10.0, 1], [100.0, 100.0, 8], [100.0, 100.0, 1]]","[[100.0, 100.0, 1], [100.0, 10.0, 1], [100.0, 100.0, 8], [100.0, 100.0, 1]]",pass,https://dandiarchive.s3.amazonaws.com/blobs/9ae/cb7/9aecb778-a5a0-4554-8b06-3af01005fea5,623319,1209073822,HPF,MB,"[328, 1373, 325, 1361, 322, 1420, 362, 356, 388, 1410, 1346, 1376, 1411, 1369, 372, 376, 1343, 1395, 338, 354, 308, 307, 303, 1393]","[712, 639, 833, 684, 647, 628, 681, 661, 624, 665, 611, 693, 619, 797, 616, 642, 677, 644, 781, 673, 718, 705, 840, 606]","[""session_time_linear"", ""session_time_quadratic"", ""image_identity:im115_r-1.0"", ""eventual_response_in_window"", ""eventual_response_latency"", ""response_latency_missing""]"
engaged_1,22,18,18,0.0018680346049049223,-0.01580501753964514,-0.01767305214455006,0.002165376256086593,0.00029734165118167066,-0.01797039379573173,"[[100.0, 100.0, 1], [100.0, 100.0, 1], [100.0, 100.0, 1], [100.0, 100.0, 1]]","[[100.0, 100.0, 1], [100.0, 100.0, 1], [100.0, 100.0, 1], [100.0, 100.0, 1]]",pass,https://dandiarchive.s3.amazonaws.com/blobs/5d9/4f7/5d94f7f7-daa2-4d2d-93a5-1bd2bc02e141,623322,1200471383,HPF,MB,"[1122, 260, 1119, 666, 252, 1117, 1085, 278, 1045, 1203, 1176, 734, 253, 673, 1078, 674, 1118, 648]","[997, 1009, 1003, 1011, 1010, 990, 989, 987, 984, 1004, 994, 1001, 991, 988, 1018, 986, 1013, 1012]","[""session_time_linear"", ""session_time_quadratic"", ""image_identity:im115_r-1.0"", ""eventual_response_in_window"", ""eventual_response_latency"", ""response_latency_missing""]"
engaged_2,22,18,18,0.061087355889278494,0.0387114665794851,-0.022375889309793395,0.05592038721168813,-0.005166968677590367,-0.01720892063220303,"[[100.0, 100.0, 1], [100.0, 100.0, 8], [100.0, 100.0, 4], [100.0, 100.0, 2]]","[[100.0, 100.0, 1], [100.0, 100.0, 8], [100.0, 100.0, 4], [100.0, 100.0, 2]]",pass,https://dandiarchive.s3.amazonaws.com/blobs/5d9/4f7/5d94f7f7-daa2-4d2d-93a5-1bd2bc02e141,623322,1200471383,HPF,MB,"[1122, 260, 1119, 666, 252, 1117, 1085, 278, 1045, 1203, 1176, 734, 253, 673, 1078, 674, 1118, 648]","[997, 1009, 1003, 1011, 1010, 990, 989, 987, 984, 1004, 994, 1001, 991, 988, 1018, 986, 1013, 1012]","[""session_time_linear"", ""session_time_quadratic"", ""image_identity:im115_r-1.0"", ""eventual_response_in_window"", ""eventual_response_latency"", ""response_latency_missing""]"
no_reward,22,18,18,0.06512841037950279,0.04020016521705572,-0.02492824516244707,0.05525459323618975,-0.009873817143313035,-0.015054428019134036,"[[100.0, 100.0, 1], [100.0, 100.0, 4], [100.0, 100.0, 4], [100.0, 100.0, 4]]","[[100.0, 100.0, 1], [100.0, 100.0, 4], [100.0, 100.0, 4], [100.0, 100.0, 4]]",pass,https://dandiarchive.s3.amazonaws.com/blobs/5d9/4f7/5d94f7f7-daa2-4d2d-93a5-1bd2bc02e141,623322,1200471383,HPF,MB,"[1122, 260, 1119, 666, 252, 1117, 1085, 278, 1045, 1203, 1176, 734, 253, 673, 1078, 674, 1118, 648]","[997, 1009, 1003, 1011, 1010, 990, 989, 987, 984, 1004, 994, 1001, 991, 988, 1018, 986, 1013, 1012]","[""session_time_linear"", ""session_time_quadratic"", ""image_identity:im115_r-1.0"", ""eventual_response_in_window"", ""eventual_response_latency"", ""response_latency_missing""]"
engaged_1,21,24,24,-0.016569294239393795,-0.0337331489795325,-0.017163854740138706,-0.0259411489479473,-0.009371854708553506,-0.0077920000315852,"[[100.0, 100.0, 1], [100.0, 100.0, 2], [100.0, 100.0, 1], [100.0, 100.0, 1]]","[[100.0, 100.0, 1], [100.0, 100.0, 2], [100.0, 100.0, 1], [100.0, 100.0, 1]]",pass,https://dandiarchive.s3.amazonaws.com/blobs/4bd/cd2/4bdcd217-633c-4841-a9b1-208c117f5ea3,626279,1214217748,HPF,MB,"[1278, 1316, 899, 1297, 897, 790, 903, 1287, 913, 870, 871, 860, 849, 1289, 904, 894, 55, 794, 921, 912, 1382, 52, 789, 867]","[254, 285, 270, 401, 281, 260, 314, 393, 278, 411, 297, 280, 330, 301, 403, 226, 372, 407, 566, 568, 287, 380, 328, 352]","[""session_time_linear"", ""session_time_quadratic"", ""image_identity:im115_r-1.0"", ""eventual_response_in_window"", ""eventual_response_latency"", ""response_latency_missing""]"
engaged_2,21,24,24,0.07138568254302158,0.03948044867959222,-0.03190523386342936,0.087409334856412,0.016023652313390424,-0.047928886176819785,"[[100.0, 100.0, 1], [100.0, 100.0, 1], [100.0, 100.0, 4], [100.0, 100.0, 2]]","[[100.0, 100.0, 1], [100.0, 100.0, 1], [100.0, 100.0, 4], [100.0, 100.0, 2]]",pass,https://dandiarchive.s3.amazonaws.com/blobs/4bd/cd2/4bdcd217-633c-4841-a9b1-208c117f5ea3,626279,1214217748,HPF,MB,"[1278, 1316, 899, 1297, 897, 790, 903, 1287, 913, 870, 871, 860, 849, 1289, 904, 894, 55, 794, 921, 912, 1382, 52, 789, 867]","[254, 285, 270, 401, 281, 260, 314, 393, 278, 411, 297, 280, 330, 301, 403, 226, 372, 407, 566, 568, 287, 380, 328, 352]","[""session_time_linear"", ""session_time_quadratic"", ""image_identity:im115_r-1.0"", ""eventual_response_in_window"", ""eventual_response_latency"", ""response_latency_missing""]"
no_reward,21,24,24,0.11334375376852879,0.13700368712833066,0.023659933359801877,0.1233318070863828,0.009988053317854018,0.01367188004194786,"[[100.0, 100.0, 4], [100.0, 100.0, 4], [100.0, 100.0, 4], [100.0, 100.0, 8]]","[[100.0, 100.0, 4], [100.0, 100.0, 4], [100.0, 100.0, 4], [100.0, 100.0, 8]]",pass,https://dandiarchive.s3.amazonaws.com/blobs/4bd/cd2/4bdcd217-633c-4841-a9b1-208c117f5ea3,626279,1214217748,HPF,MB,"[1278, 1316, 899, 1297, 897, 790, 903, 1287, 913, 870, 871, 860, 849, 1289, 904, 894, 55, 794, 921, 912, 1382, 52, 789, 867]","[254, 285, 270, 401, 281, 260, 314, 393, 278, 411, 297, 280, 330, 301, 403, 226, 372, 407, 566, 568, 287, 380, 328, 352]","[""session_time_linear"", ""session_time_quadratic"", ""image_identity:im115_r-1.0"", ""eventual_response_in_window"", ""eventual_response_latency"", ""response_latency_missing""]"
engaged_1,14,24,24,0.016491474152025565,0.0470836528396581,0.030592178687632532,-0.009414318714205505,-0.02590579286623107,0.0564979715538636,"[[100.0, 100.0, 4], [100.0, 0.1, 2], [100.0, 100.0, 8], [10.0, 10.0, 8]]","[[100.0, 100.0, 4], [100.0, 0.1, 2], [100.0, 100.0, 8], [10.0, 10.0, 8]]",pass,https://dandiarchive.s3.amazonaws.com/blobs/8bb/124/8bb12481-57e1-4f9d-95f0-c2ec49f2e338,632295,1218795542,HPF,MB,"[1564, 1536, 1057, 1025, 1509, 1468, 980, 1457, 954, 975, 996, 1485, 1437, 955, 1438, 1029, 1016, 1043, 1034, 1549, 952, 1557, 1535, 1030]","[281, 363, 382, 245, 286, 298, 331, 294, 304, 244, 344, 384, 375, 254, 380, 357, 295, 657, 284, 238, 279, 329, 589, 372]","[""session_time_linear"", ""session_time_quadratic"", ""image_identity:im115_r-1.0"", ""eventual_response_in_window"", ""eventual_response_latency"", ""response_latency_missing""]"
engaged_2,14,24,24,0.0479689607525664,0.053590651493464314,0.005621690740897911,0.029794017681639695,-0.018174943070926708,0.02379663381182462,"[[100.0, 100.0, 8], [100.0, 100.0, 4], [100.0, 100.0, 4], [100.0, 100.0, 4]]","[[100.0, 100.0, 8], [100.0, 100.0, 4], [100.0, 100.0, 4], [100.0, 100.0, 4]]",pass,https://dandiarchive.s3.amazonaws.com/blobs/8bb/124/8bb12481-57e1-4f9d-95f0-c2ec49f2e338,632295,1218795542,HPF,MB,"[1564, 1536, 1057, 1025, 1509, 1468, 980, 1457, 954, 975, 996, 1485, 1437, 955, 1438, 1029, 1016, 1043, 1034, 1549, 952, 1557, 1535, 1030]","[281, 363, 382, 245, 286, 298, 331, 294, 304, 244, 344, 384, 375, 254, 380, 357, 295, 657, 284, 238, 279, 329, 589, 372]","[""session_time_linear"", ""session_time_quadratic"", ""image_identity:im115_r-1.0"", ""eventual_response_in_window"", ""eventual_response_latency"", ""response_latency_missing""]"
no_reward,14,24,24,-0.08152551541606323,-0.08181227268306479,-0.00028675726700155835,-0.08143590028938719,0.00008961512667604588,-0.0003763723936776042,"[[10.0, 100.0, 1], [100.0, 100.0, 1], [100.0, 100.0, 1], [100.0, 100.0, 8]]","[[10.0, 100.0, 1], [100.0, 100.0, 1], [100.0, 100.0, 1], [100.0, 100.0, 8]]",pass,https://dandiarchive.s3.amazonaws.com/blobs/8bb/124/8bb12481-57e1-4f9d-95f0-c2ec49f2e338,632295,1218795542,HPF,MB,"[1564, 1536, 1057, 1025, 1509, 1468, 980, 1457, 954, 975, 996, 1485, 1437, 955, 1438, 1029, 1016, 1043, 1034, 1549, 952, 1557, 1535, 1030]","[281, 363, 382, 245, 286, 298, 331, 294, 304, 244, 344, 384, 375, 254, 380, 357, 295, 657, 284, 238, 279, 329, 589, 372]","[""session_time_linear"", ""session_time_quadratic"", ""image_identity:im115_r-1.0"", ""eventual_response_in_window"", ""eventual_response_latency"", ""response_latency_missing""]"
engaged_1,23,24,24,0.024818028322357577,0.00683855734722183,-0.017979470975135747,0.01935180629126365,-0.005466222031093926,-0.012513248944041822,"[[100.0, 100.0, 1], [100.0, 100.0, 4], [100.0, 100.0, 1], [100.0, 100.0, 2]]","[[100.0, 100.0, 1], [100.0, 100.0, 4], [100.0, 100.0, 1], [100.0, 100.0, 2]]",pass,https://dandiarchive.s3.amazonaws.com/blobs/584/1b8/5841b844-3102-4b4f-8f2c-e4cd23ec8f45,640887,1234203203,HPF,MB,"[1346, 1352, 32, 31, 48, 64, 54, 122, 1426, 105, 63, 1371, 1374, 1410, 115, 107, 248, 1417, 1355, 33, 93, 110, 1429, 53]","[837, 1254, 775, 755, 852, 329, 328, 723, 843, 810, 787, 800, 1274, 747, 816, 720, 814, 1260, 808, 297, 336, 874, 789, 886]","[""session_time_linear"", ""session_time_quadratic"", ""image_identity:im115_r-1.0"", ""eventual_response_in_window"", ""eventual_response_latency"", ""response_latency_missing""]"
engaged_2,23,24,24,0.10914780217831976,0.10221765675297967,-0.006930145425340095,0.10145628618463542,-0.007691515993684339,0.000761370568344244,"[[100.0, 100.0, 1], [100.0, 100.0, 4], [100.0, 100.0, 8], [10.0, 100.0, 8]]","[[100.0, 100.0, 1], [100.0, 100.0, 4], [100.0, 100.0, 8], [10.0, 100.0, 8]]",pass,https://dandiarchive.s3.amazonaws.com/blobs/584/1b8/5841b844-3102-4b4f-8f2c-e4cd23ec8f45,640887,1234203203,HPF,MB,"[1346, 1352, 32, 31, 48, 64, 54, 122, 1426, 105, 63, 1371, 1374, 1410, 115, 107, 248, 1417, 1355, 33, 93, 110, 1429, 53]","[837, 1254, 775, 755, 852, 329, 328, 723, 843, 810, 787, 800, 1274, 747, 816, 720, 814, 1260, 808, 297, 336, 874, 789, 886]","[""session_time_linear"", ""session_time_quadratic"", ""image_identity:im115_r-1.0"", ""eventual_response_in_window"", ""eventual_response_latency"", ""response_latency_missing""]"
no_reward,23,24,24,0.027232005418324823,-0.15088269404441323,-0.17811469946273806,-0.15570306479159313,-0.18293507020991795,0.004820370747179892,"[[100.0, 100.0, 1], [100.0, 1.0, 1], [100.0, 100.0, 1], [100.0, 100.0, 2]]","[[100.0, 100.0, 1], [100.0, 1.0, 1], [100.0, 100.0, 1], [100.0, 100.0, 2]]",pass,https://dandiarchive.s3.amazonaws.com/blobs/584/1b8/5841b844-3102-4b4f-8f2c-e4cd23ec8f45,640887,1234203203,HPF,MB,"[1346, 1352, 32, 31, 48, 64, 54, 122, 1426, 105, 63, 1371, 1374, 1410, 115, 107, 248, 1417, 1355, 33, 93, 110, 1429, 53]","[837, 1254, 775, 755, 852, 329, 328, 723, 843, 810, 787, 800, 1274, 747, 816, 720, 814, 1260, 808, 297, 336, 874, 789, 886]","[""session_time_linear"", ""session_time_quadratic"", ""image_identity:im115_r-1.0"", ""eventual_response_in_window"", ""eventual_response_latency"", ""response_latency_missing""]"
engaged_1,27,24,24,0.026946756846617403,0.0029872912294726106,-0.023959465617144793,0.02342686491777035,-0.003519891928847052,-0.02043957368829774,"[[100.0, 100.0, 8], [100.0, 100.0, 1], [100.0, 100.0, 8], [100.0, 100.0, 4]]","[[100.0, 100.0, 8], [100.0, 100.0, 1], [100.0, 100.0, 8], [100.0, 100.0, 4]]",pass,https://dandiarchive.s3.amazonaws.com/blobs/13d/b29/13db29ff-1454-412d-8680-ecd7a38c6f95,640890,1232430325,HPF,MB,"[1926, 1905, 1915, 654, 696, 1076, 1934, 1895, 2109, 1980, 1006, 1008, 982, 693, 1962, 1897, 2114, 983, 1931, 1948, 1977, 1972, 1960, 975]","[1279, 1289, 1331, 1315, 1335, 1278, 1330, 1257, 1263, 1308, 1267, 1313, 1261, 1368, 1323, 1286, 1337, 1282, 1285, 1344, 1567, 1277, 1364, 1669]","[""session_time_linear"", ""session_time_quadratic"", ""image_identity:im115_r-1.0"", ""eventual_response_in_window"", ""eventual_response_latency"", ""response_latency_missing""]"
engaged_2,27,24,24,0.10663737147666574,0.09229563623271808,-0.014341735243947662,0.08954847199914917,-0.017088899477516573,0.0027471642335689106,"[[100.0, 10.0, 1], [100.0, 100.0, 2], [100.0, 100.0, 4], [100.0, 100.0, 1]]","[[100.0, 10.0, 1], [100.0, 100.0, 2], [100.0, 100.0, 4], [100.0, 100.0, 1]]",pass,https://dandiarchive.s3.amazonaws.com/blobs/13d/b29/13db29ff-1454-412d-8680-ecd7a38c6f95,640890,1232430325,HPF,MB,"[1926, 1905, 1915, 654, 696, 1076, 1934, 1895, 2109, 1980, 1006, 1008, 982, 693, 1962, 1897, 2114, 983, 1931, 1948, 1977, 1972, 1960, 975]","[1279, 1289, 1331, 1315, 1335, 1278, 1330, 1257, 1263, 1308, 1267, 1313, 1261, 1368, 1323, 1286, 1337, 1282, 1285, 1344, 1567, 1277, 1364, 1669]","[""session_time_linear"", ""session_time_quadratic"", ""image_identity:im115_r-1.0"", ""eventual_response_in_window"", ""eventual_response_latency"", ""response_latency_missing""]"
no_reward,27,24,24,0.07035402755353093,0.061748802552233806,-0.008605225001297123,0.06323973522269555,-0.007114292330835381,-0.001490932670461742,"[[100.0, 100.0, 8], [100.0, 100.0, 1], [100.0, 100.0, 2], [100.0, 100.0, 4]]","[[100.0, 100.0, 8], [100.0, 100.0, 1], [100.0, 100.0, 2], [100.0, 100.0, 4]]",pass,https://dandiarchive.s3.amazonaws.com/blobs/13d/b29/13db29ff-1454-412d-8680-ecd7a38c6f95,640890,1232430325,HPF,MB,"[1926, 1905, 1915, 654, 696, 1076, 1934, 1895, 2109, 1980, 1006, 1008, 982, 693, 1962, 1897, 2114, 983, 1931, 1948, 1977, 1972, 1960, 975]","[1279, 1289, 1331, 1315, 1335, 1278, 1330, 1257, 1263, 1308, 1267, 1313, 1261, 1368, 1323, 1286, 1337, 1282, 1285, 1344, 1567, 1277, 1364, 1669]","[""session_time_linear"", ""session_time_quadratic"", ""image_identity:im115_r-1.0"", ""eventual_response_in_window"", ""eventual_response_latency"", ""response_latency_missing""]"
engaged_1,16,24,24,0.017295573224422434,0.023855782724649166,0.0065602095002267324,-0.012110314744553818,-0.029405887968976252,0.035966097469202984,"[[100.0, 100.0, 1], [100.0, 100.0, 8], [100.0, 100.0, 4], [100.0, 100.0, 8]]","[[100.0, 100.0, 1], [100.0, 100.0, 8], [100.0, 100.0, 4], [100.0, 100.0, 8]]",pass,https://dandiarchive.s3.amazonaws.com/blobs/559/41e/55941ebd-ef47-4d38-80af-0fabd499db6d,642504,1244070169,HPF,MB,"[1092, 1098, 639, 631, 286, 1094, 1110, 667, 322, 285, 1074, 1038, 1078, 441, 326, 1099, 645, 296, 1077, 628, 659, 1037, 652, 290]","[849, 1218, 1163, 855, 842, 857, 856, 840, 834, 844, 854, 1161, 1167, 1162, 862, 843, 846, 1169, 858, 850, 836, 1164, 859, 1160]","[""session_time_linear"", ""session_time_quadratic"", ""image_identity:im115_r-1.0"", ""eventual_response_in_window"", ""eventual_response_latency"", ""response_latency_missing""]"
engaged_2,16,24,24,0.026812993305159294,0.008268750863671959,-0.018544242441487335,0.02709248334878045,0.0002794900436211556,-0.01882373248510849,"[[100.0, 100.0, 1], [100.0, 100.0, 1], [100.0, 10.0, 1], [100.0, 100.0, 1]]","[[100.0, 100.0, 1], [100.0, 100.0, 1], [100.0, 10.0, 1], [100.0, 100.0, 1]]",pass,https://dandiarchive.s3.amazonaws.com/blobs/559/41e/55941ebd-ef47-4d38-80af-0fabd499db6d,642504,1244070169,HPF,MB,"[1092, 1098, 639, 631, 286, 1094, 1110, 667, 322, 285, 1074, 1038, 1078, 441, 326, 1099, 645, 296, 1077, 628, 659, 1037, 652, 290]","[849, 1218, 1163, 855, 842, 857, 856, 840, 834, 844, 854, 1161, 1167, 1162, 862, 843, 846, 1169, 858, 850, 836, 1164, 859, 1160]","[""session_time_linear"", ""session_time_quadratic"", ""image_identity:im115_r-1.0"", ""eventual_response_in_window"", ""eventual_response_latency"", ""response_latency_missing""]"
no_reward,16,24,24,-0.01829980024922606,-0.03351841671864908,-0.015218616469423019,-0.01789548652515327,0.0004043137240727912,-0.01562293019349581,"[[100.0, 100.0, 8], [100.0, 100.0, 1], [100.0, 100.0, 1], [100.0, 100.0, 1]]","[[100.0, 100.0, 8], [100.0, 100.0, 1], [100.0, 100.0, 1], [100.0, 100.0, 1]]",pass,https://dandiarchive.s3.amazonaws.com/blobs/559/41e/55941ebd-ef47-4d38-80af-0fabd499db6d,642504,1244070169,HPF,MB,"[1092, 1098, 639, 631, 286, 1094, 1110, 667, 322, 285, 1074, 1038, 1078, 441, 326, 1099, 645, 296, 1077, 628, 659, 1037, 652, 290]","[849, 1218, 1163, 855, 842, 857, 856, 840, 834, 844, 854, 1161, 1167, 1162, 862, 843, 846, 1169, 858, 850, 836, 1164, 859, 1160]","[""session_time_linear"", ""session_time_quadratic"", ""image_identity:im115_r-1.0"", ""eventual_response_in_window"", ""eventual_response_latency"", ""response_latency_missing""]"
engaged_1,18,8,8,-0.030295905971135628,-0.03714534208436504,-0.006849436113229412,-0.02426049017143761,0.0060354157996980184,-0.01288485191292743,"[[100.0, 100.0, 1], [100.0, 100.0, 1], [100.0, 10.0, 1], [100.0, 10.0, 1]]","[[100.0, 100.0, 1], [100.0, 100.0, 1], [100.0, 10.0, 1], [100.0, 10.0, 1]]",pass,https://dandiarchive.s3.amazonaws.com/blobs/88d/b29/88db2938-a9e0-491c-8056-f83cc894edf3,642504,1243523806,HPF,MB,"[803, 816, 741, 487, 492, 110, 500, 739]","[663, 1041, 668, 966, 965, 688, 969, 654]","[""session_time_linear"", ""session_time_quadratic"", ""image_identity:im115_r-1.0"", ""eventual_response_in_window"", ""eventual_response_latency"", ""response_latency_missing""]"
engaged_2,18,8,8,0.020691610517201697,0.01613625425345122,-0.004555356263750476,-0.013590733709241576,-0.03428234422644327,0.029726987962692797,"[[100.0, 100.0, 1], [100.0, 100.0, 1], [100.0, 100.0, 4], [100.0, 100.0, 1]]","[[100.0, 100.0, 1], [100.0, 100.0, 1], [100.0, 100.0, 4], [100.0, 100.0, 1]]",pass,https://dandiarchive.s3.amazonaws.com/blobs/88d/b29/88db2938-a9e0-491c-8056-f83cc894edf3,642504,1243523806,HPF,MB,"[803, 816, 741, 487, 492, 110, 500, 739]","[663, 1041, 668, 966, 965, 688, 969, 654]","[""session_time_linear"", ""session_time_quadratic"", ""image_identity:im115_r-1.0"", ""eventual_response_in_window"", ""eventual_response_latency"", ""response_latency_missing""]"
no_reward,18,8,8,0.04894157251072273,0.03994949201954856,-0.00899208049117417,0.07013967116409259,0.021198098653369857,-0.030190179144544027,"[[100.0, 100.0, 8], [100.0, 100.0, 4], [100.0, 100.0, 1], [100.0, 100.0, 8]]","[[100.0, 100.0, 8], [100.0, 100.0, 4], [100.0, 100.0, 1], [100.0, 100.0, 8]]",pass,https://dandiarchive.s3.amazonaws.com/blobs/88d/b29/88db2938-a9e0-491c-8056-f83cc894edf3,642504,1243523806,HPF,MB,"[803, 816, 741, 487, 492, 110, 500, 739]","[663, 1041, 668, 966, 965, 688, 969, 654]","[""session_time_linear"", ""session_time_quadratic"", ""image_identity:im115_r-1.0"", ""eventual_response_in_window"", ""eventual_response_latency"", ""response_latency_missing""]"
engaged_1,15,24,24,0.023324111557591176,0.02034369789572288,-0.0029804136618682975,0.01628443081172537,-0.007039680745865806,0.004059267083997509,"[[100.0, 100.0, 1], [100.0, 100.0, 1], [100.0, 100.0, 8], [100.0, 100.0, 4]]","[[100.0, 100.0, 1], [100.0, 100.0, 1], [100.0, 100.0, 8], [100.0, 100.0, 4]]",pass,https://dandiarchive.s3.amazonaws.com/blobs/c78/ef5/c78ef53f-16de-4f5e-8235-afe87a226203,614547,1181731440,HPF,STR,"[554, 582, 534, 788, 559, 1393, 562, 596, 1382, 859, 1328, 869, 884, 849, 542, 1357, 1387, 806, 874, 1298, 543, 1392, 817, 573]","[41, 25, 142, 137, 49, 357, 94, 44, 43, 22, 57, 23, 26, 85, 127, 46, 124, 27, 366, 126, 53, 108, 50, 377]","[""session_time_linear"", ""session_time_quadratic"", ""image_identity:im115_r-1.0"", ""eventual_response_in_window"", ""eventual_response_latency"", ""response_latency_missing""]"
engaged_2,15,24,24,0.013034625337282058,0.020911572775856535,0.007876947438574478,0.005461548838448849,-0.007573076498833209,0.015450023937407686,"[[100.0, 100.0, 8], [100.0, 100.0, 2], [100.0, 100.0, 8], [100.0, 100.0, 4]]","[[100.0, 100.0, 8], [100.0, 100.0, 2], [100.0, 100.0, 8], [100.0, 100.0, 4]]",pass,https://dandiarchive.s3.amazonaws.com/blobs/c78/ef5/c78ef53f-16de-4f5e-8235-afe87a226203,614547,1181731440,HPF,STR,"[554, 582, 534, 788, 559, 1393, 562, 596, 1382, 859, 1328, 869, 884, 849, 542, 1357, 1387, 806, 874, 1298, 543, 1392, 817, 573]","[41, 25, 142, 137, 49, 357, 94, 44, 43, 22, 57, 23, 26, 85, 127, 46, 124, 27, 366, 126, 53, 108, 50, 377]","[""session_time_linear"", ""session_time_quadratic"", ""image_identity:im115_r-1.0"", ""eventual_response_in_window"", ""eventual_response_latency"", ""response_latency_missing""]"
no_reward,15,24,24,0.006644069040216194,0.00018595189689696312,-0.006458117143319231,0.0037756136319857525,-0.0028684554082304414,-0.0035896617350887894,"[[100.0, 100.0, 8], [100.0, 100.0, 4], [100.0, 100.0, 1], [100.0, 100.0, 1]]","[[100.0, 100.0, 8], [100.0, 100.0, 4], [100.0, 100.0, 1], [100.0, 100.0, 1]]",pass,https://dandiarchive.s3.amazonaws.com/blobs/c78/ef5/c78ef53f-16de-4f5e-8235-afe87a226203,614547,1181731440,HPF,STR,"[554, 582, 534, 788, 559, 1393, 562, 596, 1382, 859, 1328, 869, 884, 849, 542, 1357, 1387, 806, 874, 1298, 543, 1392, 817, 573]","[41, 25, 142, 137, 49, 357, 94, 44, 43, 22, 57, 23, 26, 85, 127, 46, 124, 27, 366, 126, 53, 108, 50, 377]","[""session_time_linear"", ""session_time_quadratic"", ""image_identity:im115_r-1.0"", ""eventual_response_in_window"", ""eventual_response_latency"", ""response_latency_missing""]"
engaged_1,17,24,24,0.013144105018216945,0.017370460524837705,0.00422635550662076,0.008945615833157783,-0.004198489185059162,0.008424844691679922,"[[10.0, 10.0, 2], [100.0, 100.0, 8], [100.0, 10.0, 1], [100.0, 10.0, 1]]","[[10.0, 10.0, 2], [100.0, 100.0, 8], [100.0, 10.0, 1], [100.0, 10.0, 1]]",pass,https://dandiarchive.s3.amazonaws.com/blobs/68c/a06/68ca0674-2a8a-4931-8d5b-10a3edfb0cfa,614608,1187475832,HPF,STR,"[1061, 129, 1540, 122, 1539, 1180, 1056, 1052, 1129, 1548, 1186, 1175, 1193, 1166, 1063, 1137, 1150, 1552, 1205, 1163, 130, 1197, 1162, 1554]","[1910, 1909, 1907, 1888, 1894, 1896, 1899, 2096, 1895, 1866, 1869, 2095, 2100, 1897, 2093, 1889, 1904, 1867, 1885, 1881, 1878, 2103, 1873, 1898]","[""session_time_linear"", ""session_time_quadratic"", ""image_identity:im115_r-1.0"", ""eventual_response_in_window"", ""eventual_response_latency"", ""response_latency_missing""]"
engaged_2,17,24,24,0.011994092820195701,0.005353847400435097,-0.006640245419760604,0.0002459765703282102,-0.01174811624986749,0.0051078708301068865,"[[100.0, 100.0, 2], [100.0, 100.0, 1], [100.0, 100.0, 8], [100.0, 10.0, 1]]","[[100.0, 100.0, 2], [100.0, 100.0, 1], [100.0, 100.0, 8], [100.0, 10.0, 1]]",pass,https://dandiarchive.s3.amazonaws.com/blobs/68c/a06/68ca0674-2a8a-4931-8d5b-10a3edfb0cfa,614608,1187475832,HPF,STR,"[1061, 129, 1540, 122, 1539, 1180, 1056, 1052, 1129, 1548, 1186, 1175, 1193, 1166, 1063, 1137, 1150, 1552, 1205, 1163, 130, 1197, 1162, 1554]","[1910, 1909, 1907, 1888, 1894, 1896, 1899, 2096, 1895, 1866, 1869, 2095, 2100, 1897, 2093, 1889, 1904, 1867, 1885, 1881, 1878, 2103, 1873, 1898]","[""session_time_linear"", ""session_time_quadratic"", ""image_identity:im115_r-1.0"", ""eventual_response_in_window"", ""eventual_response_latency"", ""response_latency_missing""]"
no_reward,17,24,24,0.012246936250926765,0.02445786701007291,0.012210930759146144,0.006262114533981622,-0.005984821716945143,0.018195752476091287,"[[100.0, 100.0, 8], [100.0, 100.0, 4], [100.0, 100.0, 4], [10.0, 10.0, 1]]","[[100.0, 100.0, 8], [100.0, 100.0, 4], [100.0, 100.0, 4], [10.0, 10.0, 1]]",pass,https://dandiarchive.s3.amazonaws.com/blobs/68c/a06/68ca0674-2a8a-4931-8d5b-10a3edfb0cfa,614608,1187475832,HPF,STR,"[1061, 129, 1540, 122, 1539, 1180, 1056, 1052, 1129, 1548, 1186, 1175, 1193, 1166, 1063, 1137, 1150, 1552, 1205, 1163, 130, 1197, 1162, 1554]","[1910, 1909, 1907, 1888, 1894, 1896, 1899, 2096, 1895, 1866, 1869, 2095, 2100, 1897, 2093, 1889, 1904, 1867, 1885, 1881, 1878, 2103, 1873, 1898]","[""session_time_linear"", ""session_time_quadratic"", ""image_identity:im115_r-1.0"", ""eventual_response_in_window"", ""eventual_response_latency"", ""response_latency_missing""]"
engaged_1,24,24,24,0.07064565546904455,0.04541431324661427,-0.025231342222430286,0.06753296540150422,-0.0031126900675403357,-0.02211865215488995,"[[100.0, 100.0, 1], [100.0, 100.0, 1], [100.0, 100.0, 1], [100.0, 10.0, 1]]","[[100.0, 100.0, 1], [100.0, 100.0, 1], [100.0, 100.0, 1], [100.0, 10.0, 1]]",pass,https://dandiarchive.s3.amazonaws.com/blobs/fd4/c49/fd4c4964-f02b-456e-af4d-b9407877d0de,614608,1187940755,HPF,STR,"[670, 637, 564, 1024, 619, 1026, 610, 608, 580, 594, 1050, 669, 600, 609, 1055, 549, 581, 555, 1018, 1061, 1077, 634, 1066, 611]","[1311, 1439, 1446, 1412, 1385, 1288, 1356, 1290, 1269, 1371, 1353, 1443, 1306, 1336, 1312, 1313, 1285, 1442, 1373, 1367, 1421, 1417, 1420, 1444]","[""session_time_linear"", ""session_time_quadratic"", ""image_identity:im115_r-1.0"", ""eventual_response_in_window"", ""eventual_response_latency"", ""response_latency_missing""]"
engaged_2,24,24,24,0.02103994971154266,0.003218546232547026,-0.017821403478995634,-0.03972750136548453,-0.06076745107702719,0.042946047598031556,"[[100.0, 10.0, 1], [100.0, 100.0, 4], [100.0, 100.0, 4], [100.0, 10.0, 8]]","[[100.0, 10.0, 1], [100.0, 100.0, 4], [100.0, 100.0, 4], [100.0, 10.0, 8]]",pass,https://dandiarchive.s3.amazonaws.com/blobs/fd4/c49/fd4c4964-f02b-456e-af4d-b9407877d0de,614608,1187940755,HPF,STR,"[670, 637, 564, 1024, 619, 1026, 610, 608, 580, 594, 1050, 669, 600, 609, 1055, 549, 581, 555, 1018, 1061, 1077, 634, 1066, 611]","[1311, 1439, 1446, 1412, 1385, 1288, 1356, 1290, 1269, 1371, 1353, 1443, 1306, 1336, 1312, 1313, 1285, 1442, 1373, 1367, 1421, 1417, 1420, 1444]","[""session_time_linear"", ""session_time_quadratic"", ""image_identity:im115_r-1.0"", ""eventual_response_in_window"", ""eventual_response_latency"", ""response_latency_missing""]"
no_reward,24,24,24,0.07688049488421789,0.07281002393358893,-0.004070470950628957,0.0586940120032684,-0.018186482880949484,0.014116011930320527,"[[100.0, 100.0, 4], [100.0, 100.0, 4], [100.0, 100.0, 1], [100.0, 10.0, 1]]","[[100.0, 100.0, 4], [100.0, 100.0, 4], [100.0, 100.0, 1], [100.0, 10.0, 1]]",pass,https://dandiarchive.s3.amazonaws.com/blobs/fd4/c49/fd4c4964-f02b-456e-af4d-b9407877d0de,614608,1187940755,HPF,STR,"[670, 637, 564, 1024, 619, 1026, 610, 608, 580, 594, 1050, 669, 600, 609, 1055, 549, 581, 555, 1018, 1061, 1077, 634, 1066, 611]","[1311, 1439, 1446, 1412, 1385, 1288, 1356, 1290, 1269, 1371, 1353, 1443, 1306, 1336, 1312, 1313, 1285, 1442, 1373, 1367, 1421, 1417, 1420, 1444]","[""session_time_linear"", ""session_time_quadratic"", ""image_identity:im115_r-1.0"", ""eventual_response_in_window"", ""eventual_response_latency"", ""response_latency_missing""]"
engaged_1,17,24,24,0.014799475322884836,0.023628367910864978,0.008828892587980142,0.027186006613013958,0.012386531290129121,-0.0035576387021489797,"[[100.0, 100.0, 2], [100.0, 10.0, 1], [100.0, 100.0, 8], [100.0, 100.0, 4]]","[[100.0, 100.0, 2], [100.0, 10.0, 1], [100.0, 100.0, 8], [100.0, 100.0, 4]]",pass,https://dandiarchive.s3.amazonaws.com/blobs/75d/9d0/75d9d091-e7db-47d1-aac4-d41133e29393,615048,1197725774,HPF,STR,"[1127, 1128, 1121, 1826, 710, 678, 699, 1118, 1795, 680, 1428, 1099, 673, 674, 1429, 1483, 1453, 1048, 1485, 1077, 701, 656, 668, 647]","[79, 78, 82, 95, 151, 92, 168, 143, 88, 87, 103, 173, 108, 138, 135, 81, 129, 137, 169, 109, 84, 458, 165, 86]","[""session_time_linear"", ""session_time_quadratic"", ""image_identity:im115_r-1.0"", ""eventual_response_in_window"", ""eventual_response_latency"", ""response_latency_missing""]"
engaged_2,17,24,24,-0.0114772721930394,-0.005712974600606158,0.005764297592433243,-0.010040796189051626,0.0014364760039877744,0.0043278215884454685,"[[100.0, 100.0, 1], [100.0, 100.0, 2], [100.0, 100.0, 2], [100.0, 100.0, 4]]","[[100.0, 100.0, 1], [100.0, 100.0, 2], [100.0, 100.0, 2], [100.0, 100.0, 4]]",pass,https://dandiarchive.s3.amazonaws.com/blobs/75d/9d0/75d9d091-e7db-47d1-aac4-d41133e29393,615048,1197725774,HPF,STR,"[1127, 1128, 1121, 1826, 710, 678, 699, 1118, 1795, 680, 1428, 1099, 673, 674, 1429, 1483, 1453, 1048, 1485, 1077, 701, 656, 668, 647]","[79, 78, 82, 95, 151, 92, 168, 143, 88, 87, 103, 173, 108, 138, 135, 81, 129, 137, 169, 109, 84, 458, 165, 86]","[""session_time_linear"", ""session_time_quadratic"", ""image_identity:im115_r-1.0"", ""eventual_response_in_window"", ""eventual_response_latency"", ""response_latency_missing""]"
no_reward,17,24,24,0.012744171434950102,0.007666898647319398,-0.0050772727876307044,0.006642609209359551,-0.006101562225590551,0.0010242894379598466,"[[100.0, 100.0, 4], [100.0, 100.0, 8], [100.0, 100.0, 1], [100.0, 100.0, 1]]","[[100.0, 100.0, 4], [100.0, 100.0, 8], [100.0, 100.0, 1], [100.0, 100.0, 1]]",pass,https://dandiarchive.s3.amazonaws.com/blobs/75d/9d0/75d9d091-e7db-47d1-aac4-d41133e29393,615048,1197725774,HPF,STR,"[1127, 1128, 1121, 1826, 710, 678, 699, 1118, 1795, 680, 1428, 1099, 673, 674, 1429, 1483, 1453, 1048, 1485, 1077, 701, 656, 668, 647]","[79, 78, 82, 95, 151, 92, 168, 143, 88, 87, 103, 173, 108, 138, 135, 81, 129, 137, 169, 109, 84, 458, 165, 86]","[""session_time_linear"", ""session_time_quadratic"", ""image_identity:im115_r-1.0"", ""eventual_response_in_window"", ""eventual_response_latency"", ""response_latency_missing""]"
engaged_1,18,24,24,0.0105665154360286,-0.000032939882527838193,-0.010599455318556439,0.006880053826799903,-0.0036864616092286973,-0.006912993709327742,"[[100.0, 100.0, 1], [100.0, 100.0, 8], [100.0, 100.0, 1], [100.0, 100.0, 1]]","[[100.0, 100.0, 1], [100.0, 100.0, 8], [100.0, 100.0, 1], [100.0, 100.0, 1]]",pass,https://dandiarchive.s3.amazonaws.com/blobs/fe0/9ba/fe09ba54-89e9-4b73-bf95-5127c2ee2ad9,615048,1197514969,HPF,STR,"[1432, 576, 567, 1532, 1429, 1393, 614, 580, 554, 597, 1366, 1410, 1457, 632, 1427, 1481, 1501, 574, 774, 1426, 1434, 606, 1356, 1513]","[1788, 60, 56, 1829, 44, 1818, 52, 2076, 54, 148, 2093, 127, 2280, 2101, 2071, 2258, 2212, 63, 2086, 1800, 2092, 2055, 1774, 2090]","[""session_time_linear"", ""session_time_quadratic"", ""image_identity:im115_r-1.0"", ""eventual_response_in_window"", ""eventual_response_latency"", ""response_latency_missing""]"
engaged_2,18,24,24,-0.002778364396596844,-0.01273148252823142,-0.009953118131634575,0.007759057743863984,0.010537422140460828,-0.020490540272095403,"[[100.0, 100.0, 1], [100.0, 100.0, 1], [100.0, 100.0, 1], [100.0, 100.0, 1]]","[[100.0, 100.0, 1], [100.0, 100.0, 1], [100.0, 100.0, 1], [100.0, 100.0, 1]]",pass,https://dandiarchive.s3.amazonaws.com/blobs/fe0/9ba/fe09ba54-89e9-4b73-bf95-5127c2ee2ad9,615048,1197514969,HPF,STR,"[1432, 576, 567, 1532, 1429, 1393, 614, 580, 554, 597, 1366, 1410, 1457, 632, 1427, 1481, 1501, 574, 774, 1426, 1434, 606, 1356, 1513]","[1788, 60, 56, 1829, 44, 1818, 52, 2076, 54, 148, 2093, 127, 2280, 2101, 2071, 2258, 2212, 63, 2086, 1800, 2092, 2055, 1774, 2090]","[""session_time_linear"", ""session_time_quadratic"", ""image_identity:im115_r-1.0"", ""eventual_response_in_window"", ""eventual_response_latency"", ""response_latency_missing""]"
no_reward,18,24,24,-0.0006701297316478172,-0.00390741253315019,-0.0032372828015023725,-0.028119382768869938,-0.02744925303722212,0.02421197023571975,"[[100.0, 100.0, 8], [100.0, 10.0, 2], [100.0, 100.0, 2], [100.0, 100.0, 1]]","[[100.0, 100.0, 8], [100.0, 10.0, 2], [100.0, 100.0, 2], [100.0, 100.0, 1]]",pass,https://dandiarchive.s3.amazonaws.com/blobs/fe0/9ba/fe09ba54-89e9-4b73-bf95-5127c2ee2ad9,615048,1197514969,HPF,STR,"[1432, 576, 567, 1532, 1429, 1393, 614, 580, 554, 597, 1366, 1410, 1457, 632, 1427, 1481, 1501, 574, 774, 1426, 1434, 606, 1356, 1513]","[1788, 60, 56, 1829, 44, 1818, 52, 2076, 54, 148, 2093, 127, 2280, 2101, 2071, 2258, 2212, 63, 2086, 1800, 2092, 2055, 1774, 2090]","[""session_time_linear"", ""session_time_quadratic"", ""image_identity:im115_r-1.0"", ""eventual_response_in_window"", ""eventual_response_latency"", ""response_latency_missing""]"
engaged_1,16,24,24,0.003857897222814821,-0.007969671823224722,-0.011827569046039543,-0.06254352542329378,-0.0664014226461086,0.054573853600069056,"[[100.0, 100.0, 1], [100.0, 100.0, 2], [100.0, 1.0, 2], [100.0, 100.0, 4]]","[[100.0, 100.0, 1], [100.0, 100.0, 2], [100.0, 1.0, 2], [100.0, 100.0, 4]]",pass,https://dandiarchive.s3.amazonaws.com/blobs/3ae/b2f/3aeb2f0d-c1c1-4b50-964b-61caffa07ee9,615564,1198796984,HPF,STR,"[1157, 1154, 378, 1113, 1117, 798, 1061, 799, 316, 1184, 767, 1176, 337, 365, 377, 787, 783, 322, 1151, 1162, 1436, 1183, 373, 1178]","[1495, 1482, 1453, 1507, 1494, 1449, 1504, 1506, 1500, 1503, 1476, 1479, 1465, 1462, 1739, 1478, 1466, 9, 6, 1480, 1464, 1460, 1496, 1489]","[""session_time_linear"", ""session_time_quadratic"", ""image_identity:im115_r-1.0"", ""eventual_response_in_window"", ""eventual_response_latency"", ""response_latency_missing""]"
engaged_2,16,24,24,0.01089062966922194,0.00011191427412815536,-0.010778715395093785,0.03263004573295514,0.021739416063733197,-0.03251813145882698,"[[100.0, 10.0, 1], [100.0, 100.0, 8], [100.0, 100.0, 2], [100.0, 100.0, 2]]","[[100.0, 10.0, 1], [100.0, 100.0, 8], [100.0, 100.0, 2], [100.0, 100.0, 2]]",pass,https://dandiarchive.s3.amazonaws.com/blobs/3ae/b2f/3aeb2f0d-c1c1-4b50-964b-61caffa07ee9,615564,1198796984,HPF,STR,"[1157, 1154, 378, 1113, 1117, 798, 1061, 799, 316, 1184, 767, 1176, 337, 365, 377, 787, 783, 322, 1151, 1162, 1436, 1183, 373, 1178]","[1495, 1482, 1453, 1507, 1494, 1449, 1504, 1506, 1500, 1503, 1476, 1479, 1465, 1462, 1739, 1478, 1466, 9, 6, 1480, 1464, 1460, 1496, 1489]","[""session_time_linear"", ""session_time_quadratic"", ""image_identity:im115_r-1.0"", ""eventual_response_in_window"", ""eventual_response_latency"", ""response_latency_missing""]"
no_reward,16,24,24,0.025905488313199165,0.014309563489016575,-0.01159592482418259,0.006461259805234931,-0.019444228507964234,0.007848303683781643,"[[100.0, 100.0, 1], [100.0, 100.0, 1], [100.0, 100.0, 1], [100.0, 100.0, 2]]","[[100.0, 100.0, 1], [100.0, 100.0, 1], [100.0, 100.0, 1], [100.0, 100.0, 2]]",pass,https://dandiarchive.s3.amazonaws.com/blobs/3ae/b2f/3aeb2f0d-c1c1-4b50-964b-61caffa07ee9,615564,1198796984,HPF,STR,"[1157, 1154, 378, 1113, 1117, 798, 1061, 799, 316, 1184, 767, 1176, 337, 365, 377, 787, 783, 322, 1151, 1162, 1436, 1183, 373, 1178]","[1495, 1482, 1453, 1507, 1494, 1449, 1504, 1506, 1500, 1503, 1476, 1479, 1465, 1462, 1739, 1478, 1466, 9, 6, 1480, 1464, 1460, 1496, 1489]","[""session_time_linear"", ""session_time_quadratic"", ""image_identity:im115_r-1.0"", ""eventual_response_in_window"", ""eventual_response_latency"", ""response_latency_missing""]"
engaged_1,17,24,24,0.05014628876747884,0.05222191299885204,0.0020756242313731965,0.012196161710847142,-0.0379501270566317,0.040025751288004896,"[[100.0, 100.0, 4], [100.0, 10.0, 2], [100.0, 100.0, 8], [100.0, 100.0, 8]]","[[100.0, 100.0, 4], [100.0, 10.0, 2], [100.0, 100.0, 8], [100.0, 100.0, 8]]",pass,https://dandiarchive.s3.amazonaws.com/blobs/635/68b/63568b8b-5957-4045-b90d-d75108909249,615564,1198995158,HPF,STR,"[611, 551, 1682, 1598, 1697, 609, 1659, 1744, 1736, 1720, 555, 544, 1651, 1644, 1649, 605, 597, 1641, 1657, 1660, 607, 547, 1375, 1645]","[2225, 2147, 2242, 2241, 2161, 2255, 2208, 2155, 2123, 2125, 2143, 2113, 2215, 2163, 2156, 2555, 2146, 2206, 2131, 2232, 2598, 2137, 2198, 2127]","[""session_time_linear"", ""session_time_quadratic"", ""image_identity:im115_r-1.0"", ""eventual_response_in_window"", ""eventual_response_latency"", ""response_latency_missing""]"
engaged_2,17,24,24,0.07208477094071608,0.10012915385065424,0.02804438290993816,0.06394359521810056,-0.008141175722615523,0.03618555863255368,"[[100.0, 100.0, 1], [100.0, 100.0, 1], [10.0, 10.0, 8], [10.0, 10.0, 8]]","[[100.0, 100.0, 1], [100.0, 100.0, 1], [10.0, 10.0, 8], [10.0, 10.0, 8]]",pass,https://dandiarchive.s3.amazonaws.com/blobs/635/68b/63568b8b-5957-4045-b90d-d75108909249,615564,1198995158,HPF,STR,"[611, 551, 1682, 1598, 1697, 609, 1659, 1744, 1736, 1720, 555, 544, 1651, 1644, 1649, 605, 597, 1641, 1657, 1660, 607, 547, 1375, 1645]","[2225, 2147, 2242, 2241, 2161, 2255, 2208, 2155, 2123, 2125, 2143, 2113, 2215, 2163, 2156, 2555, 2146, 2206, 2131, 2232, 2598, 2137, 2198, 2127]","[""session_time_linear"", ""session_time_quadratic"", ""image_identity:im115_r-1.0"", ""eventual_response_in_window"", ""eventual_response_latency"", ""response_latency_missing""]"
no_reward,17,24,24,0.012447829387169262,0.004112844488052825,-0.008334984899116438,0.02347464963924062,0.011026820252071357,-0.019361805151187794,"[[100.0, 100.0, 1], [100.0, 100.0, 4], [100.0, 100.0, 2], [100.0, 100.0, 8]]","[[100.0, 100.0, 1], [100.0, 100.0, 4], [100.0, 100.0, 2], [100.0, 100.0, 8]]",pass,https://dandiarchive.s3.amazonaws.com/blobs/635/68b/63568b8b-5957-4045-b90d-d75108909249,615564,1198995158,HPF,STR,"[611, 551, 1682, 1598, 1697, 609, 1659, 1744, 1736, 1720, 555, 544, 1651, 1644, 1649, 605, 597, 1641, 1657, 1660, 607, 547, 1375, 1645]","[2225, 2147, 2242, 2241, 2161, 2255, 2208, 2155, 2123, 2125, 2143, 2113, 2215, 2163, 2156, 2555, 2146, 2206, 2131, 2232, 2598, 2137, 2198, 2127]","[""session_time_linear"", ""session_time_quadratic"", ""image_identity:im115_r-1.0"", ""eventual_response_in_window"", ""eventual_response_latency"", ""response_latency_missing""]"
engaged_1,12,24,24,0.05056841713921367,0.04839651059757488,-0.0021719065416387906,0.03623270669910339,-0.014335710440110283,0.012163803898471492,"[[100.0, 100.0, 1], [100.0, 100.0, 8], [100.0, 100.0, 8], [100.0, 100.0, 1]]","[[100.0, 100.0, 1], [100.0, 100.0, 8], [100.0, 100.0, 8], [100.0, 100.0, 1]]",pass,https://dandiarchive.s3.amazonaws.com/blobs/9ae/cb7/9aecb778-a5a0-4554-8b06-3af01005fea5,623319,1209073822,HPF,STR,"[328, 1373, 325, 1361, 322, 1420, 362, 356, 388, 1410, 1346, 1376, 1411, 1369, 372, 376, 1343, 1395, 338, 354, 308, 307, 303, 1393]","[1657, 1783, 1740, 1737, 1743, 1738, 1734, 1648, 1655, 1771, 1730, 1663, 1837, 1839, 2386, 1835, 1736, 2263, 1820, 1816, 1721, 1652, 1662, 1749]","[""session_time_linear"", ""session_time_quadratic"", ""image_identity:im115_r-1.0"", ""eventual_response_in_window"", ""eventual_response_latency"", ""response_latency_missing""]"
engaged_2,12,24,24,0.03401592245167262,0.017682393169910493,-0.016333529281762127,0.030238224051415075,-0.0037776984002575453,-0.012555830881504582,"[[100.0, 10.0, 2], [100.0, 100.0, 1], [100.0, 100.0, 1], [100.0, 100.0, 1]]","[[100.0, 10.0, 2], [100.0, 100.0, 1], [100.0, 100.0, 1], [100.0, 100.0, 1]]",pass,https://dandiarchive.s3.amazonaws.com/blobs/9ae/cb7/9aecb778-a5a0-4554-8b06-3af01005fea5,623319,1209073822,HPF,STR,"[328, 1373, 325, 1361, 322, 1420, 362, 356, 388, 1410, 1346, 1376, 1411, 1369, 372, 376, 1343, 1395, 338, 354, 308, 307, 303, 1393]","[1657, 1783, 1740, 1737, 1743, 1738, 1734, 1648, 1655, 1771, 1730, 1663, 1837, 1839, 2386, 1835, 1736, 2263, 1820, 1816, 1721, 1652, 1662, 1749]","[""session_time_linear"", ""session_time_quadratic"", ""image_identity:im115_r-1.0"", ""eventual_response_in_window"", ""eventual_response_latency"", ""response_latency_missing""]"
no_reward,12,24,24,0.018819204271661616,-0.08441819553985153,-0.10323739981151314,-0.008091519012557002,-0.02691072328421862,-0.07632667652729452,"[[100.0, 100.0, 1], [100.0, 100.0, 1], [100.0, 0.1, 1], [100.0, 100.0, 1]]","[[100.0, 100.0, 1], [100.0, 100.0, 1], [100.0, 0.1, 1], [100.0, 100.0, 1]]",pass,https://dandiarchive.s3.amazonaws.com/blobs/9ae/cb7/9aecb778-a5a0-4554-8b06-3af01005fea5,623319,1209073822,HPF,STR,"[328, 1373, 325, 1361, 322, 1420, 362, 356, 388, 1410, 1346, 1376, 1411, 1369, 372, 376, 1343, 1395, 338, 354, 308, 307, 303, 1393]","[1657, 1783, 1740, 1737, 1743, 1738, 1734, 1648, 1655, 1771, 1730, 1663, 1837, 1839, 2386, 1835, 1736, 2263, 1820, 1816, 1721, 1652, 1662, 1749]","[""session_time_linear"", ""session_time_quadratic"", ""image_identity:im115_r-1.0"", ""eventual_response_in_window"", ""eventual_response_latency"", ""response_latency_missing""]"
engaged_1,22,24,24,0.027786403144568594,0.027945908093084282,0.00015950494851568742,0.018123461966503385,-0.00966294117806521,0.009822446126580897,"[[100.0, 100.0, 1], [100.0, 100.0, 8], [100.0, 100.0, 4], [100.0, 100.0, 2]]","[[100.0, 100.0, 1], [100.0, 100.0, 8], [100.0, 100.0, 4], [100.0, 100.0, 2]]",pass,https://dandiarchive.s3.amazonaws.com/blobs/5d9/4f7/5d94f7f7-daa2-4d2d-93a5-1bd2bc02e141,623322,1200471383,HPF,STR,"[1122, 260, 1119, 666, 252, 1117, 1085, 278, 1045, 1203, 1176, 734, 253, 673, 1078, 674, 1118, 648, 947, 1092, 1112, 1061, 637, 1157]","[1602, 1567, 1571, 1576, 1592, 1599, 1583, 1566, 1587, 1568, 1600, 1596, 1589, 1584, 1594, 1579, 1870, 1593, 141, 1572, 1617, 1595, 1869, 1578]","[""session_time_linear"", ""session_time_quadratic"", ""image_identity:im115_r-1.0"", ""eventual_response_in_window"", ""eventual_response_latency"", ""response_latency_missing""]"
engaged_2,22,24,24,0.038362755224262135,0.044801424710668725,0.00643866948640659,0.03344907584794299,-0.004913679376319147,0.011352348862725736,"[[100.0, 100.0, 1], [100.0, 100.0, 4], [100.0, 100.0, 8], [100.0, 100.0, 2]]","[[100.0, 100.0, 1], [100.0, 100.0, 4], [100.0, 100.0, 8], [100.0, 100.0, 2]]",pass,https://dandiarchive.s3.amazonaws.com/blobs/5d9/4f7/5d94f7f7-daa2-4d2d-93a5-1bd2bc02e141,623322,1200471383,HPF,STR,"[1122, 260, 1119, 666, 252, 1117, 1085, 278, 1045, 1203, 1176, 734, 253, 673, 1078, 674, 1118, 648, 947, 1092, 1112, 1061, 637, 1157]","[1602, 1567, 1571, 1576, 1592, 1599, 1583, 1566, 1587, 1568, 1600, 1596, 1589, 1584, 1594, 1579, 1870, 1593, 141, 1572, 1617, 1595, 1869, 1578]","[""session_time_linear"", ""session_time_quadratic"", ""image_identity:im115_r-1.0"", ""eventual_response_in_window"", ""eventual_response_latency"", ""response_latency_missing""]"
no_reward,22,24,24,0.02491882296367809,0.024353770687130072,-0.000565052276548017,0.01655913502590034,-0.008359687937777749,0.007794635661229732,"[[100.0, 100.0, 1], [100.0, 100.0, 8], [100.0, 100.0, 1], [100.0, 100.0, 1]]","[[100.0, 100.0, 1], [100.0, 100.0, 8], [100.0, 100.0, 1], [100.0, 100.0, 1]]",pass,https://dandiarchive.s3.amazonaws.com/blobs/5d9/4f7/5d94f7f7-daa2-4d2d-93a5-1bd2bc02e141,623322,1200471383,HPF,STR,"[1122, 260, 1119, 666, 252, 1117, 1085, 278, 1045, 1203, 1176, 734, 253, 673, 1078, 674, 1118, 648, 947, 1092, 1112, 1061, 637, 1157]","[1602, 1567, 1571, 1576, 1592, 1599, 1583, 1566, 1587, 1568, 1600, 1596, 1589, 1584, 1594, 1579, 1870, 1593, 141, 1572, 1617, 1595, 1869, 1578]","[""session_time_linear"", ""session_time_quadratic"", ""image_identity:im115_r-1.0"", ""eventual_response_in_window"", ""eventual_response_latency"", ""response_latency_missing""]"
engaged_1,14,24,24,-0.060691095616452584,-0.053292848971912,0.007398246644540585,-0.06790496378283617,-0.007213868166383586,0.01461211481092417,"[[10.0, 10.0, 2], [100.0, 100.0, 8], [100.0, 100.0, 8], [100.0, 100.0, 1]]","[[10.0, 10.0, 2], [100.0, 100.0, 8], [100.0, 100.0, 8], [100.0, 100.0, 1]]",pass,https://dandiarchive.s3.amazonaws.com/blobs/8bb/124/8bb12481-57e1-4f9d-95f0-c2ec49f2e338,632295,1218795542,HPF,STR,"[1564, 1536, 1057, 1025, 1509, 1468, 980, 1457, 954, 975, 996, 1485, 1437, 955, 1438, 1029, 1016, 1043, 1034, 1549, 952, 1557, 1535, 1030]","[1832, 1958, 1847, 1893, 1976, 1895, 1837, 1933, 1890, 1962, 2313, 1924, 1949, 2326, 1922, 1867, 1823, 1839, 1908, 1853, 1909, 1873, 1901, 1868]","[""session_time_linear"", ""session_time_quadratic"", ""image_identity:im115_r-1.0"", ""eventual_response_in_window"", ""eventual_response_latency"", ""response_latency_missing""]"
engaged_2,14,24,24,0.00871482638636889,-0.009418456326166558,-0.018133282712535448,0.004550433707375401,-0.004164392678993489,-0.013968890033541959,"[[100.0, 100.0, 1], [100.0, 10.0, 1], [100.0, 100.0, 4], [100.0, 100.0, 1]]","[[100.0, 100.0, 1], [100.0, 10.0, 1], [100.0, 100.0, 4], [100.0, 100.0, 1]]",pass,https://dandiarchive.s3.amazonaws.com/blobs/8bb/124/8bb12481-57e1-4f9d-95f0-c2ec49f2e338,632295,1218795542,HPF,STR,"[1564, 1536, 1057, 1025, 1509, 1468, 980, 1457, 954, 975, 996, 1485, 1437, 955, 1438, 1029, 1016, 1043, 1034, 1549, 952, 1557, 1535, 1030]","[1832, 1958, 1847, 1893, 1976, 1895, 1837, 1933, 1890, 1962, 2313, 1924, 1949, 2326, 1922, 1867, 1823, 1839, 1908, 1853, 1909, 1873, 1901, 1868]","[""session_time_linear"", ""session_time_quadratic"", ""image_identity:im115_r-1.0"", ""eventual_response_in_window"", ""eventual_response_latency"", ""response_latency_missing""]"
no_reward,14,24,24,-0.004546260304658434,-0.0014021850158305593,0.0031440752888278745,-0.034002186194797446,-0.029455925890139012,0.032600001178966886,"[[100.0, 100.0, 1], [100.0, 100.0, 1], [100.0, 100.0, 1], [100.0, 100.0, 1]]","[[100.0, 100.0, 1], [100.0, 100.0, 1], [100.0, 100.0, 1], [100.0, 100.0, 1]]",pass,https://dandiarchive.s3.amazonaws.com/blobs/8bb/124/8bb12481-57e1-4f9d-95f0-c2ec49f2e338,632295,1218795542,HPF,STR,"[1564, 1536, 1057, 1025, 1509, 1468, 980, 1457, 954, 975, 996, 1485, 1437, 955, 1438, 1029, 1016, 1043, 1034, 1549, 952, 1557, 1535, 1030]","[1832, 1958, 1847, 1893, 1976, 1895, 1837, 1933, 1890, 1962, 2313, 1924, 1949, 2326, 1922, 1867, 1823, 1839, 1908, 1853, 1909, 1873, 1901, 1868]","[""session_time_linear"", ""session_time_quadratic"", ""image_identity:im115_r-1.0"", ""eventual_response_in_window"", ""eventual_response_latency"", ""response_latency_missing""]"
engaged_1,12,24,24,0.013220632394830067,0.01592952989031826,0.002708897495488194,0.008968601935214648,-0.004252030459615419,0.006960927955103613,"[[100.0, 100.0, 2], [100.0, 100.0, 4], [100.0, 10.0, 2], [100.0, 100.0, 1]]","[[100.0, 100.0, 2], [100.0, 100.0, 4], [100.0, 10.0, 2], [100.0, 100.0, 1]]",pass,https://dandiarchive.s3.amazonaws.com/blobs/db1/7c5/db17c503-6c6e-44c4-921f-4b0ddfa6dbdb,632295,1219127153,HPF,STR,"[316, 47, 58, 49, 772, 63, 722, 78, 728, 771, 50, 812, 721, 45, 801, 770, 744, 805, 72, 719, 283, 67, 83, 798]","[1408, 1466, 1409, 1431, 1461, 1403, 1446, 1662, 1487, 1415, 1711, 1476, 1429, 1485, 1430, 1463, 1678, 1441, 1449, 1462, 1407, 1668, 1679, 1468]","[""session_time_linear"", ""session_time_quadratic"", ""image_identity:im115_r-1.0"", ""eventual_response_in_window"", ""eventual_response_latency"", ""response_latency_missing""]"
engaged_2,12,24,24,0.01637334133863433,-0.0024017843896628754,-0.018775125728297204,0.013711839660617842,-0.002661501678016487,-0.016113624050280717,"[[100.0, 100.0, 8], [100.0, 1.0, 1], [100.0, 100.0, 1], [100.0, 100.0, 2]]","[[100.0, 100.0, 8], [100.0, 1.0, 1], [100.0, 100.0, 1], [100.0, 100.0, 2]]",pass,https://dandiarchive.s3.amazonaws.com/blobs/db1/7c5/db17c503-6c6e-44c4-921f-4b0ddfa6dbdb,632295,1219127153,HPF,STR,"[316, 47, 58, 49, 772, 63, 722, 78, 728, 771, 50, 812, 721, 45, 801, 770, 744, 805, 72, 719, 283, 67, 83, 798]","[1408, 1466, 1409, 1431, 1461, 1403, 1446, 1662, 1487, 1415, 1711, 1476, 1429, 1485, 1430, 1463, 1678, 1441, 1449, 1462, 1407, 1668, 1679, 1468]","[""session_time_linear"", ""session_time_quadratic"", ""image_identity:im115_r-1.0"", ""eventual_response_in_window"", ""eventual_response_latency"", ""response_latency_missing""]"
no_reward,12,24,24,0.02810387404454462,-0.015548771055692301,-0.04365264510023692,-0.025522801803548267,-0.053626675848092886,0.009974030747855966,"[[10.0, 100.0, 8], [100.0, 10.0, 2], [10.0, 10.0, 8], [100.0, 10.0, 8]]","[[10.0, 100.0, 8], [100.0, 10.0, 2], [10.0, 10.0, 8], [100.0, 10.0, 8]]",pass,https://dandiarchive.s3.amazonaws.com/blobs/db1/7c5/db17c503-6c6e-44c4-921f-4b0ddfa6dbdb,632295,1219127153,HPF,STR,"[316, 47, 58, 49, 772, 63, 722, 78, 728, 771, 50, 812, 721, 45, 801, 770, 744, 805, 72, 719, 283, 67, 83, 798]","[1408, 1466, 1409, 1431, 1461, 1403, 1446, 1662, 1487, 1415, 1711, 1476, 1429, 1485, 1430, 1463, 1678, 1441, 1449, 1462, 1407, 1668, 1679, 1468]","[""session_time_linear"", ""session_time_quadratic"", ""image_identity:im115_r-1.0"", ""eventual_response_in_window"", ""eventual_response_latency"", ""response_latency_missing""]"
engaged_1,21,24,24,0.04286049251755453,0.021649616036237274,-0.021210876481317253,0.05107065058556237,0.008210158068007845,-0.029421034549325098,"[[100.0, 100.0, 1], [100.0, 100.0, 1], [100.0, 100.0, 4], [100.0, 100.0, 1]]","[[100.0, 100.0, 1], [100.0, 100.0, 1], [100.0, 100.0, 4], [100.0, 100.0, 1]]",pass,https://dandiarchive.s3.amazonaws.com/blobs/d8b/8a9/d8b8a9fb-eda0-459f-a722-60a69961c992,638387,1229654875,HPF,STR,"[1097, 1228, 1042, 1055, 1078, 1058, 1098, 1046, 1101, 1045, 1047, 1090, 1073, 1092, 1227, 1091, 1095, 1233, 1039, 1074, 1225, 1076, 1223, 1079]","[6, 3, 67, 35, 12, 0, 109, 18, 11, 1634, 14, 1621, 16, 40, 78, 1637, 584, 46, 575, 25, 50, 10, 570, 9]","[""session_time_linear"", ""session_time_quadratic"", ""image_identity:im115_r-1.0"", ""eventual_response_in_window"", ""eventual_response_latency"", ""response_latency_missing""]"
engaged_2,21,24,24,0.05421647588825507,0.027955612418857356,-0.02626086346939771,0.04391462771214416,-0.010301848176110906,-0.015959015293286805,"[[100.0, 100.0, 2], [100.0, 100.0, 1], [100.0, 10.0, 1], [100.0, 100.0, 1]]","[[100.0, 100.0, 2], [100.0, 100.0, 1], [100.0, 10.0, 1], [100.0, 100.0, 1]]",pass,https://dandiarchive.s3.amazonaws.com/blobs/d8b/8a9/d8b8a9fb-eda0-459f-a722-60a69961c992,638387,1229654875,HPF,STR,"[1097, 1228, 1042, 1055, 1078, 1058, 1098, 1046, 1101, 1045, 1047, 1090, 1073, 1092, 1227, 1091, 1095, 1233, 1039, 1074, 1225, 1076, 1223, 1079]","[6, 3, 67, 35, 12, 0, 109, 18, 11, 1634, 14, 1621, 16, 40, 78, 1637, 584, 46, 575, 25, 50, 10, 570, 9]","[""session_time_linear"", ""session_time_quadratic"", ""image_identity:im115_r-1.0"", ""eventual_response_in_window"", ""eventual_response_latency"", ""response_latency_missing""]"
no_reward,21,24,24,-0.03194762749021729,-0.028193030938177266,0.0037545965520400237,-0.0332500255058632,-0.0013023980156459114,0.005056994567685935,"[[100.0, 100.0, 8], [100.0, 100.0, 4], [100.0, 100.0, 8], [100.0, 100.0, 8]]","[[100.0, 100.0, 8], [100.0, 100.0, 4], [100.0, 100.0, 8], [100.0, 100.0, 8]]",pass,https://dandiarchive.s3.amazonaws.com/blobs/d8b/8a9/d8b8a9fb-eda0-459f-a722-60a69961c992,638387,1229654875,HPF,STR,"[1097, 1228, 1042, 1055, 1078, 1058, 1098, 1046, 1101, 1045, 1047, 1090, 1073, 1092, 1227, 1091, 1095, 1233, 1039, 1074, 1225, 1076, 1223, 1079]","[6, 3, 67, 35, 12, 0, 109, 18, 11, 1634, 14, 1621, 16, 40, 78, 1637, 584, 46, 575, 25, 50, 10, 570, 9]","[""session_time_linear"", ""session_time_quadratic"", ""image_identity:im115_r-1.0"", ""eventual_response_in_window"", ""eventual_response_latency"", ""response_latency_missing""]"
engaged_1,23,24,24,0.06578080334653935,0.05787794807427771,-0.007902855272261644,0.06602118109790345,0.0002403777513640959,-0.00814323302362574,"[[10.0, 100.0, 1], [100.0, 100.0, 4], [100.0, 100.0, 4], [100.0, 100.0, 2]]","[[10.0, 100.0, 1], [100.0, 100.0, 4], [100.0, 100.0, 4], [100.0, 100.0, 2]]",pass,https://dandiarchive.s3.amazonaws.com/blobs/584/1b8/5841b844-3102-4b4f-8f2c-e4cd23ec8f45,640887,1234203203,HPF,STR,"[1346, 1352, 32, 31, 48, 64, 54, 122, 1426, 105, 63, 1371, 1374, 1410, 115, 107, 248, 1417, 1355, 33, 93, 110, 1429, 53]","[1588, 1569, 1656, 1605, 1770, 1755, 1695, 1709, 1674, 1735, 1785, 1597, 2073, 1734, 1663, 1756, 1732, 1694, 1662, 1728, 1737, 1671, 1608, 1635]","[""session_time_linear"", ""session_time_quadratic"", ""image_identity:im115_r-1.0"", ""eventual_response_in_window"", ""eventual_response_latency"", ""response_latency_missing""]"
engaged_2,23,24,24,0.058351540549076875,0.04487209262712266,-0.013479447921954213,0.05505795148160275,-0.003293589067474123,-0.01018585885448009,"[[100.0, 100.0, 1], [100.0, 100.0, 4], [100.0, 100.0, 2], [100.0, 100.0, 1]]","[[100.0, 100.0, 1], [100.0, 100.0, 4], [100.0, 100.0, 2], [100.0, 100.0, 1]]",pass,https://dandiarchive.s3.amazonaws.com/blobs/584/1b8/5841b844-3102-4b4f-8f2c-e4cd23ec8f45,640887,1234203203,HPF,STR,"[1346, 1352, 32, 31, 48, 64, 54, 122, 1426, 105, 63, 1371, 1374, 1410, 115, 107, 248, 1417, 1355, 33, 93, 110, 1429, 53]","[1588, 1569, 1656, 1605, 1770, 1755, 1695, 1709, 1674, 1735, 1785, 1597, 2073, 1734, 1663, 1756, 1732, 1694, 1662, 1728, 1737, 1671, 1608, 1635]","[""session_time_linear"", ""session_time_quadratic"", ""image_identity:im115_r-1.0"", ""eventual_response_in_window"", ""eventual_response_latency"", ""response_latency_missing""]"
no_reward,23,24,24,-0.004317145738151229,-0.026595307869395457,-0.022278162131244228,-0.05372969443199982,-0.04941254869384859,0.027134386562604362,"[[100.0, 100.0, 8], [100.0, 100.0, 8], [100.0, 100.0, 1], [100.0, 100.0, 1]]","[[100.0, 100.0, 8], [100.0, 100.0, 8], [100.0, 100.0, 1], [100.0, 100.0, 1]]",pass,https://dandiarchive.s3.amazonaws.com/blobs/584/1b8/5841b844-3102-4b4f-8f2c-e4cd23ec8f45,640887,1234203203,HPF,STR,"[1346, 1352, 32, 31, 48, 64, 54, 122, 1426, 105, 63, 1371, 1374, 1410, 115, 107, 248, 1417, 1355, 33, 93, 110, 1429, 53]","[1588, 1569, 1656, 1605, 1770, 1755, 1695, 1709, 1674, 1735, 1785, 1597, 2073, 1734, 1663, 1756, 1732, 1694, 1662, 1728, 1737, 1671, 1608, 1635]","[""session_time_linear"", ""session_time_quadratic"", ""image_identity:im115_r-1.0"", ""eventual_response_in_window"", ""eventual_response_latency"", ""response_latency_missing""]"
engaged_1,25,24,24,0.038939004993809756,0.037033635508968654,-0.0019053694848411018,0.026882794765834883,-0.012056210227974873,0.010150840743133771,"[[100.0, 100.0, 1], [100.0, 100.0, 2], [100.0, 100.0, 2], [10.0, 100.0, 4]]","[[100.0, 100.0, 1], [100.0, 100.0, 2], [100.0, 100.0, 2], [10.0, 100.0, 4]]",pass,https://dandiarchive.s3.amazonaws.com/blobs/cfc/bf1/cfcbf155-cb15-455d-8450-0ef256540990,640887,1234410451,HPF,STR,"[1002, 537, 542, 589, 583, 566, 977, 973, 538, 930, 889, 876, 525, 532, 514, 582, 515, 914, 968, 1127, 982, 678, 1112, 546]","[1343, 1319, 1405, 1344, 1647, 1443, 1305, 1396, 1340, 1297, 1342, 1774, 1496, 1301, 1606, 1718, 1388, 1316, 1304, 1302, 1435, 1475, 1298, 1294]","[""session_time_linear"", ""session_time_quadratic"", ""image_identity:im115_r-1.0"", ""eventual_response_in_window"", ""eventual_response_latency"", ""response_latency_missing""]"
engaged_2,25,24,24,0.03115621807212665,0.03184803398013458,0.0006918159080079311,0.027821961682098273,-0.0033342563900283784,0.0040260722980363095,"[[100.0, 100.0, 1], [100.0, 100.0, 2], [100.0, 100.0, 1], [100.0, 100.0, 8]]","[[100.0, 100.0, 1], [100.0, 100.0, 2], [100.0, 100.0, 1], [100.0, 100.0, 8]]",pass,https://dandiarchive.s3.amazonaws.com/blobs/cfc/bf1/cfcbf155-cb15-455d-8450-0ef256540990,640887,1234410451,HPF,STR,"[1002, 537, 542, 589, 583, 566, 977, 973, 538, 930, 889, 876, 525, 532, 514, 582, 515, 914, 968, 1127, 982, 678, 1112, 546]","[1343, 1319, 1405, 1344, 1647, 1443, 1305, 1396, 1340, 1297, 1342, 1774, 1496, 1301, 1606, 1718, 1388, 1316, 1304, 1302, 1435, 1475, 1298, 1294]","[""session_time_linear"", ""session_time_quadratic"", ""image_identity:im115_r-1.0"", ""eventual_response_in_window"", ""eventual_response_latency"", ""response_latency_missing""]"
no_reward,25,24,24,0.06188770855017611,0.0320413706680881,-0.029846337882088014,0.04018459528854257,-0.021703113261633544,-0.00814322462045447,"[[100.0, 100.0, 4], [100.0, 100.0, 2], [100.0, 100.0, 1], [100.0, 10.0, 1]]","[[100.0, 100.0, 4], [100.0, 100.0, 2], [100.0, 100.0, 1], [100.0, 10.0, 1]]",pass,https://dandiarchive.s3.amazonaws.com/blobs/cfc/bf1/cfcbf155-cb15-455d-8450-0ef256540990,640887,1234410451,HPF,STR,"[1002, 537, 542, 589, 583, 566, 977, 973, 538, 930, 889, 876, 525, 532, 514, 582, 515, 914, 968, 1127, 982, 678, 1112, 546]","[1343, 1319, 1405, 1344, 1647, 1443, 1305, 1396, 1340, 1297, 1342, 1774, 1496, 1301, 1606, 1718, 1388, 1316, 1304, 1302, 1435, 1475, 1298, 1294]","[""session_time_linear"", ""session_time_quadratic"", ""image_identity:im115_r-1.0"", ""eventual_response_in_window"", ""eventual_response_latency"", ""response_latency_missing""]"
engaged_1,27,24,24,0.0803971181318186,0.07032179460541066,-0.010075323526407942,0.08211360460298334,0.0017164864711647354,-0.011791809997572678,"[[100.0, 100.0, 8], [100.0, 100.0, 8], [100.0, 100.0, 8], [100.0, 100.0, 8]]","[[100.0, 100.0, 8], [100.0, 100.0, 8], [100.0, 100.0, 8], [100.0, 100.0, 8]]",pass,https://dandiarchive.s3.amazonaws.com/blobs/13d/b29/13db29ff-1454-412d-8680-ecd7a38c6f95,640890,1232430325,HPF,STR,"[1926, 1905, 1915, 654, 696, 1076, 1934, 1895, 2109, 1980, 1006, 1008, 982, 693, 1962, 1897, 2114, 983, 1931, 1948, 1977, 1972, 1960, 975]","[3, 2314, 49, 35, 376, 45, 42, 126, 38, 34, 97, 84, 89, 117, 104, 44, 162, 387, 23, 142, 2195, 39, 69, 2269]","[""session_time_linear"", ""session_time_quadratic"", ""image_identity:im115_r-1.0"", ""eventual_response_in_window"", ""eventual_response_latency"", ""response_latency_missing""]"
engaged_2,27,24,24,0.05695772676582378,0.05517230941287099,-0.0017854173529527895,0.04445364905592153,-0.01250407770990225,0.010718660356949461,"[[100.0, 100.0, 2], [100.0, 100.0, 2], [100.0, 100.0, 1], [100.0, 100.0, 1]]","[[100.0, 100.0, 2], [100.0, 100.0, 2], [100.0, 100.0, 1], [100.0, 100.0, 1]]",pass,https://dandiarchive.s3.amazonaws.com/blobs/13d/b29/13db29ff-1454-412d-8680-ecd7a38c6f95,640890,1232430325,HPF,STR,"[1926, 1905, 1915, 654, 696, 1076, 1934, 1895, 2109, 1980, 1006, 1008, 982, 693, 1962, 1897, 2114, 983, 1931, 1948, 1977, 1972, 1960, 975]","[3, 2314, 49, 35, 376, 45, 42, 126, 38, 34, 97, 84, 89, 117, 104, 44, 162, 387, 23, 142, 2195, 39, 69, 2269]","[""session_time_linear"", ""session_time_quadratic"", ""image_identity:im115_r-1.0"", ""eventual_response_in_window"", ""eventual_response_latency"", ""response_latency_missing""]"
no_reward,27,24,24,0.003942436755238199,-0.00787739754567296,-0.011819834300911158,0.00406936636990074,0.00012692961466254093,-0.0119467639155737,"[[100.0, 100.0, 1], [100.0, 100.0, 2], [100.0, 100.0, 1], [100.0, 100.0, 1]]","[[100.0, 100.0, 1], [100.0, 100.0, 2], [100.0, 100.0, 1], [100.0, 100.0, 1]]",pass,https://dandiarchive.s3.amazonaws.com/blobs/13d/b29/13db29ff-1454-412d-8680-ecd7a38c6f95,640890,1232430325,HPF,STR,"[1926, 1905, 1915, 654, 696, 1076, 1934, 1895, 2109, 1980, 1006, 1008, 982, 693, 1962, 1897, 2114, 983, 1931, 1948, 1977, 1972, 1960, 975]","[3, 2314, 49, 35, 376, 45, 42, 126, 38, 34, 97, 84, 89, 117, 104, 44, 162, 387, 23, 142, 2195, 39, 69, 2269]","[""session_time_linear"", ""session_time_quadratic"", ""image_identity:im115_r-1.0"", ""eventual_response_in_window"", ""eventual_response_latency"", ""response_latency_missing""]"
engaged_1,22,24,24,-0.009780680909493356,-0.009086891991761048,0.0006937889177323076,0.003147714945767155,0.01292839585526051,-0.012234606937528203,"[[100.0, 100.0, 1], [100.0, 100.0, 2], [100.0, 100.0, 1], [100.0, 100.0, 8]]","[[100.0, 100.0, 1], [100.0, 100.0, 2], [100.0, 100.0, 1], [100.0, 100.0, 8]]",pass,https://dandiarchive.s3.amazonaws.com/blobs/e3b/977/e3b97777-89fa-4730-8d0e-fae22e471f07,640890,1232725697,HPF,STR,"[980, 527, 581, 919, 546, 71, 873, 981, 1208, 918, 83, 81, 547, 1210, 913, 862, 1183, 893, 920, 49, 52, 1176, 912, 872]","[1531, 1530, 1504, 1480, 1499, 1527, 1593, 1561, 1516, 1534, 1508, 1521, 1465, 1587, 1486, 1592, 1559, 1582, 1542, 1518, 1951, 1502, 1528, 1584]","[""session_time_linear"", ""session_time_quadratic"", ""image_identity:im115_r-1.0"", ""eventual_response_in_window"", ""eventual_response_latency"", ""response_latency_missing""]"
engaged_2,22,24,24,-0.021361082751525817,-0.09439961529239271,-0.0730385325408669,-0.06812391006384777,-0.04676282731232195,-0.026275705228544943,"[[100.0, 100.0, 1], [100.0, 0.1, 1], [100.0, 100.0, 1], [100.0, 100.0, 4]]","[[100.0, 100.0, 1], [100.0, 0.1, 1], [100.0, 100.0, 1], [100.0, 100.0, 4]]",pass,https://dandiarchive.s3.amazonaws.com/blobs/e3b/977/e3b97777-89fa-4730-8d0e-fae22e471f07,640890,1232725697,HPF,STR,"[980, 527, 581, 919, 546, 71, 873, 981, 1208, 918, 83, 81, 547, 1210, 913, 862, 1183, 893, 920, 49, 52, 1176, 912, 872]","[1531, 1530, 1504, 1480, 1499, 1527, 1593, 1561, 1516, 1534, 1508, 1521, 1465, 1587, 1486, 1592, 1559, 1582, 1542, 1518, 1951, 1502, 1528, 1584]","[""session_time_linear"", ""session_time_quadratic"", ""image_identity:im115_r-1.0"", ""eventual_response_in_window"", ""eventual_response_latency"", ""response_latency_missing""]"
no_reward,22,24,24,0.02329932605565277,0.005623298474784044,-0.017676027580868725,0.006923307875463247,-0.016376018180189522,-0.001300009400679203,"[[100.0, 100.0, 4], [100.0, 100.0, 2], [100.0, 100.0, 1], [100.0, 100.0, 1]]","[[100.0, 100.0, 4], [100.0, 100.0, 2], [100.0, 100.0, 1], [100.0, 100.0, 1]]",pass,https://dandiarchive.s3.amazonaws.com/blobs/e3b/977/e3b97777-89fa-4730-8d0e-fae22e471f07,640890,1232725697,HPF,STR,"[980, 527, 581, 919, 546, 71, 873, 981, 1208, 918, 83, 81, 547, 1210, 913, 862, 1183, 893, 920, 49, 52, 1176, 912, 872]","[1531, 1530, 1504, 1480, 1499, 1527, 1593, 1561, 1516, 1534, 1508, 1521, 1465, 1587, 1486, 1592, 1559, 1582, 1542, 1518, 1951, 1502, 1528, 1584]","[""session_time_linear"", ""session_time_quadratic"", ""image_identity:im115_r-1.0"", ""eventual_response_in_window"", ""eventual_response_latency"", ""response_latency_missing""]"
engaged_1,16,24,24,0.0483927943176774,0.037120896852378626,-0.011271897465298775,0.036648029161277185,-0.011744765156400216,0.0004728676911014418,"[[100.0, 100.0, 2], [100.0, 100.0, 2], [100.0, 100.0, 1], [100.0, 100.0, 1]]","[[100.0, 100.0, 2], [100.0, 100.0, 2], [100.0, 100.0, 1], [100.0, 100.0, 1]]",pass,https://dandiarchive.s3.amazonaws.com/blobs/559/41e/55941ebd-ef47-4d38-80af-0fabd499db6d,642504,1244070169,HPF,STR,"[1092, 1098, 639, 631, 286, 1094, 1110, 667, 322, 285, 1074, 1038, 1078, 441, 326, 1099, 645, 296, 1077, 628, 659, 1037, 652, 290]","[1287, 1450, 1385, 1365, 1380, 1367, 1393, 1263, 1425, 1285, 1411, 1317, 1413, 1289, 1422, 1388, 1399, 1237, 1636, 1378, 1329, 1410, 1363, 1244]","[""session_time_linear"", ""session_time_quadratic"", ""image_identity:im115_r-1.0"", ""eventual_response_in_window"", ""eventual_response_latency"", ""response_latency_missing""]"
engaged_2,16,24,24,0.07729758570277867,0.05717562923511943,-0.02012195646765924,0.07950727125632773,0.0022096855535490567,-0.022331642021208298,"[[100.0, 100.0, 8], [100.0, 100.0, 1], [100.0, 100.0, 4], [100.0, 100.0, 2]]","[[100.0, 100.0, 8], [100.0, 100.0, 1], [100.0, 100.0, 4], [100.0, 100.0, 2]]",pass,https://dandiarchive.s3.amazonaws.com/blobs/559/41e/55941ebd-ef47-4d38-80af-0fabd499db6d,642504,1244070169,HPF,STR,"[1092, 1098, 639, 631, 286, 1094, 1110, 667, 322, 285, 1074, 1038, 1078, 441, 326, 1099, 645, 296, 1077, 628, 659, 1037, 652, 290]","[1287, 1450, 1385, 1365, 1380, 1367, 1393, 1263, 1425, 1285, 1411, 1317, 1413, 1289, 1422, 1388, 1399, 1237, 1636, 1378, 1329, 1410, 1363, 1244]","[""session_time_linear"", ""session_time_quadratic"", ""image_identity:im115_r-1.0"", ""eventual_response_in_window"", ""eventual_response_latency"", ""response_latency_missing""]"
no_reward,16,24,24,0.05357872244918316,0.05556640422747938,0.001987681778296224,0.0417612906521968,-0.011817431796986355,0.01380511357528258,"[[100.0, 100.0, 8], [100.0, 100.0, 8], [100.0, 100.0, 2], [100.0, 100.0, 2]]","[[100.0, 100.0, 8], [100.0, 100.0, 8], [100.0, 100.0, 2], [100.0, 100.0, 2]]",pass,https://dandiarchive.s3.amazonaws.com/blobs/559/41e/55941ebd-ef47-4d38-80af-0fabd499db6d,642504,1244070169,HPF,STR,"[1092, 1098, 639, 631, 286, 1094, 1110, 667, 322, 285, 1074, 1038, 1078, 441, 326, 1099, 645, 296, 1077, 628, 659, 1037, 652, 290]","[1287, 1450, 1385, 1365, 1380, 1367, 1393, 1263, 1425, 1285, 1411, 1317, 1413, 1289, 1422, 1388, 1399, 1237, 1636, 1378, 1329, 1410, 1363, 1244]","[""session_time_linear"", ""session_time_quadratic"", ""image_identity:im115_r-1.0"", ""eventual_response_in_window"", ""eventual_response_latency"", ""response_latency_missing""]"
engaged_1,18,24,24,0.04582302659108484,0.02882942643116182,-0.016993600159923017,0.03445434932339142,-0.011368677267693417,-0.0056249228922296,"[[100.0, 10.0, 1], [100.0, 100.0, 1], [100.0, 100.0, 4], [100.0, 100.0, 1]]","[[100.0, 10.0, 1], [100.0, 100.0, 1], [100.0, 100.0, 4], [100.0, 100.0, 1]]",pass,https://dandiarchive.s3.amazonaws.com/blobs/88d/b29/88db2938-a9e0-491c-8056-f83cc894edf3,642504,1243523806,HPF,STR,"[803, 816, 741, 487, 492, 110, 500, 739, 482, 812, 186, 453, 467, 498, 447, 440, 505, 786, 199, 830, 445, 192, 856, 847]","[1070, 1109, 1062, 1093, 1116, 1130, 1349, 1140, 1051, 1088, 1087, 1135, 1114, 1107, 1101, 1155, 1052, 1145, 1110, 1132, 1098, 1133, 1352, 1336]","[""session_time_linear"", ""session_time_quadratic"", ""image_identity:im115_r-1.0"", ""eventual_response_in_window"", ""eventual_response_latency"", ""response_latency_missing""]"
engaged_2,18,24,24,0.013792579210765155,0.002186073323940385,-0.01160650588682477,-0.004844248779785509,-0.018636827990550664,0.0070303221037258945,"[[100.0, 100.0, 2], [100.0, 100.0, 8], [100.0, 100.0, 1], [100.0, 100.0, 1]]","[[100.0, 100.0, 2], [100.0, 100.0, 8], [100.0, 100.0, 1], [100.0, 100.0, 1]]",pass,https://dandiarchive.s3.amazonaws.com/blobs/88d/b29/88db2938-a9e0-491c-8056-f83cc894edf3,642504,1243523806,HPF,STR,"[803, 816, 741, 487, 492, 110, 500, 739, 482, 812, 186, 453, 467, 498, 447, 440, 505, 786, 199, 830, 445, 192, 856, 847]","[1070, 1109, 1062, 1093, 1116, 1130, 1349, 1140, 1051, 1088, 1087, 1135, 1114, 1107, 1101, 1155, 1052, 1145, 1110, 1132, 1098, 1133, 1352, 1336]","[""session_time_linear"", ""session_time_quadratic"", ""image_identity:im115_r-1.0"", ""eventual_response_in_window"", ""eventual_response_latency"", ""response_latency_missing""]"
no_reward,18,24,24,0.019945157191607166,0.01882416606058912,-0.0011209911310180454,0.019297371070076896,-0.0006477861215302694,-0.000473205009487776,"[[100.0, 100.0, 1], [100.0, 100.0, 1], [100.0, 100.0, 4], [100.0, 100.0, 1]]","[[100.0, 100.0, 1], [100.0, 100.0, 1], [100.0, 100.0, 4], [100.0, 100.0, 1]]",pass,https://dandiarchive.s3.amazonaws.com/blobs/88d/b29/88db2938-a9e0-491c-8056-f83cc894edf3,642504,1243523806,HPF,STR,"[803, 816, 741, 487, 492, 110, 500, 739, 482, 812, 186, 453, 467, 498, 447, 440, 505, 786, 199, 830, 445, 192, 856, 847]","[1070, 1109, 1062, 1093, 1116, 1130, 1349, 1140, 1051, 1088, 1087, 1135, 1114, 1107, 1101, 1155, 1052, 1145, 1110, 1132, 1098, 1133, 1352, 1336]","[""session_time_linear"", ""session_time_quadratic"", ""image_identity:im115_r-1.0"", ""eventual_response_in_window"", ""eventual_response_latency"", ""response_latency_missing""]"
engaged_1,15,24,24,0.04240011759302509,0.02279809538813704,-0.019602022204888048,0.02777660458510256,-0.014623513007922528,-0.004978509196965519,"[[100.0, 10.0, 1], [100.0, 100.0, 1], [100.0, 0.1, 1], [100.0, 10.0, 1]]","[[100.0, 10.0, 1], [100.0, 100.0, 1], [100.0, 0.1, 1], [100.0, 10.0, 1]]",pass,https://dandiarchive.s3.amazonaws.com/blobs/c78/ef5/c78ef53f-16de-4f5e-8235-afe87a226203,614547,1181731440,HPF,TH,"[554, 582, 534, 788, 559, 1393, 562, 596, 1382, 859, 1328, 869, 884, 849, 542, 1357, 1387, 806, 874, 1298, 543, 1392, 817, 573]","[1240, 438, 454, 1231, 1243, 1254, 459, 1265, 1184, 1246, 1268, 479, 477, 1270, 1258, 1239, 453, 1242, 445, 1249, 1217, 1244, 1151, 1155]","[""session_time_linear"", ""session_time_quadratic"", ""image_identity:im115_r-1.0"", ""eventual_response_in_window"", ""eventual_response_latency"", ""response_latency_missing""]"
engaged_2,15,24,24,-0.04565567957029004,-0.058033388159704824,-0.012377708589414782,-0.07261711380219693,-0.02696143423190689,0.014583725642492107,"[[100.0, 100.0, 2], [100.0, 100.0, 4], [100.0, 100.0, 8], [100.0, 100.0, 2]]","[[100.0, 100.0, 2], [100.0, 100.0, 4], [100.0, 100.0, 8], [100.0, 100.0, 2]]",pass,https://dandiarchive.s3.amazonaws.com/blobs/c78/ef5/c78ef53f-16de-4f5e-8235-afe87a226203,614547,1181731440,HPF,TH,"[554, 582, 534, 788, 559, 1393, 562, 596, 1382, 859, 1328, 869, 884, 849, 542, 1357, 1387, 806, 874, 1298, 543, 1392, 817, 573]","[1240, 438, 454, 1231, 1243, 1254, 459, 1265, 1184, 1246, 1268, 479, 477, 1270, 1258, 1239, 453, 1242, 445, 1249, 1217, 1244, 1151, 1155]","[""session_time_linear"", ""session_time_quadratic"", ""image_identity:im115_r-1.0"", ""eventual_response_in_window"", ""eventual_response_latency"", ""response_latency_missing""]"
no_reward,15,24,24,0.017283394508175065,0.008587775609939508,-0.008695618898235558,0.01490413139028779,-0.002379263117887276,-0.006316355780348282,"[[100.0, 100.0, 1], [100.0, 100.0, 1], [100.0, 100.0, 1], [100.0, 100.0, 1]]","[[100.0, 100.0, 1], [100.0, 100.0, 1], [100.0, 100.0, 1], [100.0, 100.0, 1]]",pass,https://dandiarchive.s3.amazonaws.com/blobs/c78/ef5/c78ef53f-16de-4f5e-8235-afe87a226203,614547,1181731440,HPF,TH,"[554, 582, 534, 788, 559, 1393, 562, 596, 1382, 859, 1328, 869, 884, 849, 542, 1357, 1387, 806, 874, 1298, 543, 1392, 817, 573]","[1240, 438, 454, 1231, 1243, 1254, 459, 1265, 1184, 1246, 1268, 479, 477, 1270, 1258, 1239, 453, 1242, 445, 1249, 1217, 1244, 1151, 1155]","[""session_time_linear"", ""session_time_quadratic"", ""image_identity:im115_r-1.0"", ""eventual_response_in_window"", ""eventual_response_latency"", ""response_latency_missing""]"
engaged_1,17,24,24,0.06077443422882112,0.06075230555792077,-0.000022128670900345426,0.05348349815301423,-0.007290936075806886,0.007268807404906541,"[[100.0, 100.0, 4], [100.0, 100.0, 4], [100.0, 100.0, 1], [100.0, 100.0, 1]]","[[100.0, 100.0, 4], [100.0, 100.0, 4], [100.0, 100.0, 1], [100.0, 100.0, 1]]",pass,https://dandiarchive.s3.amazonaws.com/blobs/68c/a06/68ca0674-2a8a-4931-8d5b-10a3edfb0cfa,614608,1187475832,HPF,TH,"[1061, 129, 1540, 122, 1539, 1180, 1056, 1052, 1129, 1548, 1186, 1175, 1193, 1166, 1063, 1137, 1150, 1552, 1205, 1163, 130, 1197, 1162, 1554]","[1430, 946, 1447, 1432, 1431, 1420, 1450, 1453, 915, 861, 948, 880, 1009, 930, 925, 893, 900, 883, 1394, 877, 919, 889, 954, 931]","[""session_time_linear"", ""session_time_quadratic"", ""image_identity:im115_r-1.0"", ""eventual_response_in_window"", ""eventual_response_latency"", ""response_latency_missing""]"
engaged_2,17,24,24,0.04997385632412976,0.03155693317020836,-0.018416923153921405,0.03585225725374963,-0.01412159907038013,-0.004295324083541274,"[[100.0, 100.0, 4], [100.0, 100.0, 2], [100.0, 10.0, 1], [100.0, 100.0, 8]]","[[100.0, 100.0, 4], [100.0, 100.0, 2], [100.0, 10.0, 1], [100.0, 100.0, 8]]",pass,https://dandiarchive.s3.amazonaws.com/blobs/68c/a06/68ca0674-2a8a-4931-8d5b-10a3edfb0cfa,614608,1187475832,HPF,TH,"[1061, 129, 1540, 122, 1539, 1180, 1056, 1052, 1129, 1548, 1186, 1175, 1193, 1166, 1063, 1137, 1150, 1552, 1205, 1163, 130, 1197, 1162, 1554]","[1430, 946, 1447, 1432, 1431, 1420, 1450, 1453, 915, 861, 948, 880, 1009, 930, 925, 893, 900, 883, 1394, 877, 919, 889, 954, 931]","[""session_time_linear"", ""session_time_quadratic"", ""image_identity:im115_r-1.0"", ""eventual_response_in_window"", ""eventual_response_latency"", ""response_latency_missing""]"
no_reward,17,24,24,0.02756362233454257,0.01416425639069907,-0.0133993659438435,0.027690283933855753,0.00012666159931318255,-0.013526027543156682,"[[100.0, 100.0, 2], [100.0, 100.0, 4], [100.0, 100.0, 8], [100.0, 100.0, 2]]","[[100.0, 100.0, 2], [100.0, 100.0, 4], [100.0, 100.0, 8], [100.0, 100.0, 2]]",pass,https://dandiarchive.s3.amazonaws.com/blobs/68c/a06/68ca0674-2a8a-4931-8d5b-10a3edfb0cfa,614608,1187475832,HPF,TH,"[1061, 129, 1540, 122, 1539, 1180, 1056, 1052, 1129, 1548, 1186, 1175, 1193, 1166, 1063, 1137, 1150, 1552, 1205, 1163, 130, 1197, 1162, 1554]","[1430, 946, 1447, 1432, 1431, 1420, 1450, 1453, 915, 861, 948, 880, 1009, 930, 925, 893, 900, 883, 1394, 877, 919, 889, 954, 931]","[""session_time_linear"", ""session_time_quadratic"", ""image_identity:im115_r-1.0"", ""eventual_response_in_window"", ""eventual_response_latency"", ""response_latency_missing""]"
engaged_1,24,24,24,0.07639988982644019,0.07314105011312977,-0.003258839713310424,0.06807115188722235,-0.008328737939217845,0.005069898225907421,"[[100.0, 100.0, 1], [100.0, 100.0, 1], [100.0, 100.0, 8], [100.0, 100.0, 1]]","[[100.0, 100.0, 1], [100.0, 100.0, 1], [100.0, 100.0, 8], [100.0, 100.0, 1]]",pass,https://dandiarchive.s3.amazonaws.com/blobs/fd4/c49/fd4c4964-f02b-456e-af4d-b9407877d0de,614608,1187940755,HPF,TH,"[670, 637, 564, 1024, 619, 1026, 610, 608, 580, 594, 1050, 669, 600, 609, 1055, 549, 581, 555, 1018, 1061, 1077, 634, 1066, 611]","[983, 978, 964, 425, 918, 460, 872, 927, 474, 449, 524, 489, 472, 423, 450, 436, 515, 466, 514, 476, 452, 457, 519, 463]","[""session_time_linear"", ""session_time_quadratic"", ""image_identity:im115_r-1.0"", ""eventual_response_in_window"", ""eventual_response_latency"", ""response_latency_missing""]"
engaged_2,24,24,24,0.04807340035933749,0.034155355985431735,-0.013918044373905758,0.04288528858303586,-0.005188111776301629,-0.008729932597604129,"[[100.0, 100.0, 4], [100.0, 100.0, 1], [100.0, 100.0, 1], [100.0, 100.0, 8]]","[[100.0, 100.0, 4], [100.0, 100.0, 1], [100.0, 100.0, 1], [100.0, 100.0, 8]]",pass,https://dandiarchive.s3.amazonaws.com/blobs/fd4/c49/fd4c4964-f02b-456e-af4d-b9407877d0de,614608,1187940755,HPF,TH,"[670, 637, 564, 1024, 619, 1026, 610, 608, 580, 594, 1050, 669, 600, 609, 1055, 549, 581, 555, 1018, 1061, 1077, 634, 1066, 611]","[983, 978, 964, 425, 918, 460, 872, 927, 474, 449, 524, 489, 472, 423, 450, 436, 515, 466, 514, 476, 452, 457, 519, 463]","[""session_time_linear"", ""session_time_quadratic"", ""image_identity:im115_r-1.0"", ""eventual_response_in_window"", ""eventual_response_latency"", ""response_latency_missing""]"
no_reward,24,24,24,0.018881217120588323,0.007995099167290243,-0.01088611795329808,0.01706047487861495,-0.001820742241973372,-0.009065375711324708,"[[100.0, 100.0, 1], [100.0, 100.0, 1], [100.0, 100.0, 1], [100.0, 100.0, 1]]","[[100.0, 100.0, 1], [100.0, 100.0, 1], [100.0, 100.0, 1], [100.0, 100.0, 1]]",pass,https://dandiarchive.s3.amazonaws.com/blobs/fd4/c49/fd4c4964-f02b-456e-af4d-b9407877d0de,614608,1187940755,HPF,TH,"[670, 637, 564, 1024, 619, 1026, 610, 608, 580, 594, 1050, 669, 600, 609, 1055, 549, 581, 555, 1018, 1061, 1077, 634, 1066, 611]","[983, 978, 964, 425, 918, 460, 872, 927, 474, 449, 524, 489, 472, 423, 450, 436, 515, 466, 514, 476, 452, 457, 519, 463]","[""session_time_linear"", ""session_time_quadratic"", ""image_identity:im115_r-1.0"", ""eventual_response_in_window"", ""eventual_response_latency"", ""response_latency_missing""]"
engaged_1,17,24,24,0.03544859521676147,0.032405537746687973,-0.003043057470073496,0.03399472543917936,-0.0014538697775821063,-0.0015891876924913895,"[[100.0, 100.0, 2], [100.0, 100.0, 1], [100.0, 100.0, 1], [100.0, 100.0, 1]]","[[100.0, 100.0, 2], [100.0, 100.0, 1], [100.0, 100.0, 1], [100.0, 100.0, 1]]",pass,https://dandiarchive.s3.amazonaws.com/blobs/75d/9d0/75d9d091-e7db-47d1-aac4-d41133e29393,615048,1197725774,HPF,TH,"[1127, 1128, 1121, 1826, 710, 678, 699, 1118, 1795, 680, 1428, 1099, 673, 674, 1429, 1483, 1453, 1048, 1485, 1077, 701, 656, 668, 647]","[1330, 907, 1344, 903, 926, 879, 908, 898, 928, 997, 883, 1274, 884, 1325, 902, 886, 892, 976, 954, 877, 882, 887, 1271, 1329]","[""session_time_linear"", ""session_time_quadratic"", ""image_identity:im115_r-1.0"", ""eventual_response_in_window"", ""eventual_response_latency"", ""response_latency_missing""]"
engaged_2,17,24,24,-0.0022875806526139186,8.141405530071033e-6,0.0022957220581439897,0.002453685535979244,0.004741266188593163,-0.002445544130449173,"[[100.0, 100.0, 4], [100.0, 100.0, 8], [100.0, 100.0, 2], [100.0, 100.0, 2]]","[[100.0, 100.0, 4], [100.0, 100.0, 8], [100.0, 100.0, 2], [100.0, 100.0, 2]]",pass,https://dandiarchive.s3.amazonaws.com/blobs/75d/9d0/75d9d091-e7db-47d1-aac4-d41133e29393,615048,1197725774,HPF,TH,"[1127, 1128, 1121, 1826, 710, 678, 699, 1118, 1795, 680, 1428, 1099, 673, 674, 1429, 1483, 1453, 1048, 1485, 1077, 701, 656, 668, 647]","[1330, 907, 1344, 903, 926, 879, 908, 898, 928, 997, 883, 1274, 884, 1325, 902, 886, 892, 976, 954, 877, 882, 887, 1271, 1329]","[""session_time_linear"", ""session_time_quadratic"", ""image_identity:im115_r-1.0"", ""eventual_response_in_window"", ""eventual_response_latency"", ""response_latency_missing""]"
no_reward,17,24,24,0.06344076069317928,0.06440663187002227,0.0009658711768429917,0.05901853008918323,-0.004422230603996047,0.005388101780839039,"[[100.0, 100.0, 1], [100.0, 100.0, 2], [100.0, 100.0, 1], [100.0, 100.0, 2]]","[[100.0, 100.0, 1], [100.0, 100.0, 2], [100.0, 100.0, 1], [100.0, 100.0, 2]]",pass,https://dandiarchive.s3.amazonaws.com/blobs/75d/9d0/75d9d091-e7db-47d1-aac4-d41133e29393,615048,1197725774,HPF,TH,"[1127, 1128, 1121, 1826, 710, 678, 699, 1118, 1795, 680, 1428, 1099, 673, 674, 1429, 1483, 1453, 1048, 1485, 1077, 701, 656, 668, 647]","[1330, 907, 1344, 903, 926, 879, 908, 898, 928, 997, 883, 1274, 884, 1325, 902, 886, 892, 976, 954, 877, 882, 887, 1271, 1329]","[""session_time_linear"", ""session_time_quadratic"", ""image_identity:im115_r-1.0"", ""eventual_response_in_window"", ""eventual_response_latency"", ""response_latency_missing""]"
engaged_1,18,24,24,0.00245032675250334,-0.028142376668576885,-0.030592703421080225,-0.006925094962077383,-0.009375421714580723,-0.021217281706499502,"[[100.0, 100.0, 2], [100.0, 100.0, 1], [100.0, 100.0, 1], [100.0, 10.0, 1]]","[[100.0, 100.0, 2], [100.0, 100.0, 1], [100.0, 100.0, 1], [100.0, 10.0, 1]]",pass,https://dandiarchive.s3.amazonaws.com/blobs/fe0/9ba/fe09ba54-89e9-4b73-bf95-5127c2ee2ad9,615048,1197514969,HPF,TH,"[1432, 576, 567, 1532, 1429, 1393, 614, 580, 554, 597, 1366, 1410, 1457, 632, 1427, 1481, 1501, 574, 774, 1426, 1434, 606, 1356, 1513]","[1314, 1237, 1274, 1225, 1259, 1254, 1272, 1265, 1227, 1238, 1221, 1266, 1304, 1336, 1342, 1327, 1268, 1285, 1317, 1322, 1312, 1283, 1279, 1255]","[""session_time_linear"", ""session_time_quadratic"", ""image_identity:im115_r-1.0"", ""eventual_response_in_window"", ""eventual_response_latency"", ""response_latency_missing""]"
engaged_2,18,24,24,0.014374565495227531,0.0023860517459497466,-0.011988513749277785,0.004575217824460132,-0.0097993476707674,-0.002189166078510385,"[[100.0, 100.0, 1], [100.0, 100.0, 4], [100.0, 100.0, 1], [100.0, 100.0, 2]]","[[100.0, 100.0, 1], [100.0, 100.0, 4], [100.0, 100.0, 1], [100.0, 100.0, 2]]",pass,https://dandiarchive.s3.amazonaws.com/blobs/fe0/9ba/fe09ba54-89e9-4b73-bf95-5127c2ee2ad9,615048,1197514969,HPF,TH,"[1432, 576, 567, 1532, 1429, 1393, 614, 580, 554, 597, 1366, 1410, 1457, 632, 1427, 1481, 1501, 574, 774, 1426, 1434, 606, 1356, 1513]","[1314, 1237, 1274, 1225, 1259, 1254, 1272, 1265, 1227, 1238, 1221, 1266, 1304, 1336, 1342, 1327, 1268, 1285, 1317, 1322, 1312, 1283, 1279, 1255]","[""session_time_linear"", ""session_time_quadratic"", ""image_identity:im115_r-1.0"", ""eventual_response_in_window"", ""eventual_response_latency"", ""response_latency_missing""]"
no_reward,18,24,24,0.025056621703109405,0.027998492519133777,0.0029418708160243723,0.022894458786527183,-0.002162162916582222,0.005104033732606594,"[[100.0, 100.0, 1], [100.0, 100.0, 1], [100.0, 100.0, 4], [100.0, 100.0, 1]]","[[100.0, 100.0, 1], [100.0, 100.0, 1], [100.0, 100.0, 4], [100.0, 100.0, 1]]",pass,https://dandiarchive.s3.amazonaws.com/blobs/fe0/9ba/fe09ba54-89e9-4b73-bf95-5127c2ee2ad9,615048,1197514969,HPF,TH,"[1432, 576, 567, 1532, 1429, 1393, 614, 580, 554, 597, 1366, 1410, 1457, 632, 1427, 1481, 1501, 574, 774, 1426, 1434, 606, 1356, 1513]","[1314, 1237, 1274, 1225, 1259, 1254, 1272, 1265, 1227, 1238, 1221, 1266, 1304, 1336, 1342, 1327, 1268, 1285, 1317, 1322, 1312, 1283, 1279, 1255]","[""session_time_linear"", ""session_time_quadratic"", ""image_identity:im115_r-1.0"", ""eventual_response_in_window"", ""eventual_response_latency"", ""response_latency_missing""]"
engaged_1,16,24,24,0.056528968124895274,0.046495670076380224,-0.01003329804851505,0.05516266495430511,-0.0013663031705901663,-0.008666994877924883,"[[100.0, 100.0, 4], [100.0, 100.0, 2], [100.0, 100.0, 1], [100.0, 100.0, 1]]","[[100.0, 100.0, 4], [100.0, 100.0, 2], [100.0, 100.0, 1], [100.0, 100.0, 1]]",pass,https://dandiarchive.s3.amazonaws.com/blobs/3ae/b2f/3aeb2f0d-c1c1-4b50-964b-61caffa07ee9,615564,1198796984,HPF,TH,"[1157, 1154, 378, 1113, 1117, 798, 1061, 799, 316, 1184, 767, 1176, 337, 365, 377, 787, 783, 322, 1151, 1162, 1436, 1183, 373, 1178]","[650, 623, 277, 215, 227, 239, 213, 238, 607, 211, 210, 245, 583, 655, 242, 207, 603, 202, 735, 214, 646, 644, 711, 978]","[""session_time_linear"", ""session_time_quadratic"", ""image_identity:im115_r-1.0"", ""eventual_response_in_window"", ""eventual_response_latency"", ""response_latency_missing""]"
engaged_2,16,24,24,0.022182460703511264,0.009361826126405903,-0.012820634577105361,0.018443452667484816,-0.0037390080360264477,-0.009081626541078913,"[[100.0, 100.0, 1], [100.0, 100.0, 1], [100.0, 100.0, 1], [100.0, 100.0, 1]]","[[100.0, 100.0, 1], [100.0, 100.0, 1], [100.0, 100.0, 1], [100.0, 100.0, 1]]",pass,https://dandiarchive.s3.amazonaws.com/blobs/3ae/b2f/3aeb2f0d-c1c1-4b50-964b-61caffa07ee9,615564,1198796984,HPF,TH,"[1157, 1154, 378, 1113, 1117, 798, 1061, 799, 316, 1184, 767, 1176, 337, 365, 377, 787, 783, 322, 1151, 1162, 1436, 1183, 373, 1178]","[650, 623, 277, 215, 227, 239, 213, 238, 607, 211, 210, 245, 583, 655, 242, 207, 603, 202, 735, 214, 646, 644, 711, 978]","[""session_time_linear"", ""session_time_quadratic"", ""image_identity:im115_r-1.0"", ""eventual_response_in_window"", ""eventual_response_latency"", ""response_latency_missing""]"
no_reward,16,24,24,0.0157319731980613,-0.04405130188222928,-0.05978327508029058,-0.009025605338222498,-0.024757578536283797,-0.03502569654400678,"[[100.0, 100.0, 2], [100.0, 100.0, 1], [100.0, 100.0, 1], [100.0, 1.0, 2]]","[[100.0, 100.0, 2], [100.0, 100.0, 1], [100.0, 100.0, 1], [100.0, 1.0, 2]]",pass,https://dandiarchive.s3.amazonaws.com/blobs/3ae/b2f/3aeb2f0d-c1c1-4b50-964b-61caffa07ee9,615564,1198796984,HPF,TH,"[1157, 1154, 378, 1113, 1117, 798, 1061, 799, 316, 1184, 767, 1176, 337, 365, 377, 787, 783, 322, 1151, 1162, 1436, 1183, 373, 1178]","[650, 623, 277, 215, 227, 239, 213, 238, 607, 211, 210, 245, 583, 655, 242, 207, 603, 202, 735, 214, 646, 644, 711, 978]","[""session_time_linear"", ""session_time_quadratic"", ""image_identity:im115_r-1.0"", ""eventual_response_in_window"", ""eventual_response_latency"", ""response_latency_missing""]"
engaged_1,17,24,24,0.037793688942212245,0.03735641154901137,-0.00043727739320087444,0.03749322955338785,-0.00030045938882439227,-0.00013681800437648217,"[[100.0, 100.0, 2], [100.0, 100.0, 1], [100.0, 100.0, 1], [100.0, 100.0, 1]]","[[100.0, 100.0, 2], [100.0, 100.0, 1], [100.0, 100.0, 1], [100.0, 100.0, 1]]",pass,https://dandiarchive.s3.amazonaws.com/blobs/635/68b/63568b8b-5957-4045-b90d-d75108909249,615564,1198995158,HPF,TH,"[611, 551, 1682, 1598, 1697, 609, 1659, 1744, 1736, 1720, 555, 544, 1651, 1644, 1649, 605, 597, 1641, 1657, 1660, 607, 547, 1375, 1645]","[66, 1527, 1180, 1183, 15, 2099, 1220, 1237, 22, 1238, 2, 1213, 7, 1282, 1247, 1267, 1271, 1279, 1229, 16, 40, 14, 1273, 1307]","[""session_time_linear"", ""session_time_quadratic"", ""image_identity:im115_r-1.0"", ""eventual_response_in_window"", ""eventual_response_latency"", ""response_latency_missing""]"
engaged_2,17,24,24,0.02776453912363186,0.01849411049574823,-0.009270428627883631,0.017334309440548146,-0.010430229683083714,0.0011598010552000826,"[[100.0, 100.0, 8], [100.0, 100.0, 4], [100.0, 100.0, 1], [100.0, 100.0, 8]]","[[100.0, 100.0, 8], [100.0, 100.0, 4], [100.0, 100.0, 1], [100.0, 100.0, 8]]",pass,https://dandiarchive.s3.amazonaws.com/blobs/635/68b/63568b8b-5957-4045-b90d-d75108909249,615564,1198995158,HPF,TH,"[611, 551, 1682, 1598, 1697, 609, 1659, 1744, 1736, 1720, 555, 544, 1651, 1644, 1649, 605, 597, 1641, 1657, 1660, 607, 547, 1375, 1645]","[66, 1527, 1180, 1183, 15, 2099, 1220, 1237, 22, 1238, 2, 1213, 7, 1282, 1247, 1267, 1271, 1279, 1229, 16, 40, 14, 1273, 1307]","[""session_time_linear"", ""session_time_quadratic"", ""image_identity:im115_r-1.0"", ""eventual_response_in_window"", ""eventual_response_latency"", ""response_latency_missing""]"
no_reward,17,24,24,0.05919296257003814,0.04615927557847366,-0.013033686991564486,0.06788039438378612,0.008687431813747981,-0.021721118805312467,"[[100.0, 100.0, 1], [100.0, 10.0, 1], [100.0, 100.0, 2], [100.0, 100.0, 8]]","[[100.0, 100.0, 1], [100.0, 10.0, 1], [100.0, 100.0, 2], [100.0, 100.0, 8]]",pass,https://dandiarchive.s3.amazonaws.com/blobs/635/68b/63568b8b-5957-4045-b90d-d75108909249,615564,1198995158,HPF,TH,"[611, 551, 1682, 1598, 1697, 609, 1659, 1744, 1736, 1720, 555, 544, 1651, 1644, 1649, 605, 597, 1641, 1657, 1660, 607, 547, 1375, 1645]","[66, 1527, 1180, 1183, 15, 2099, 1220, 1237, 22, 1238, 2, 1213, 7, 1282, 1247, 1267, 1271, 1279, 1229, 16, 40, 14, 1273, 1307]","[""session_time_linear"", ""session_time_quadratic"", ""image_identity:im115_r-1.0"", ""eventual_response_in_window"", ""eventual_response_latency"", ""response_latency_missing""]"
engaged_1,12,24,24,0.04031396894343153,0.03042225092236095,-0.009891718021070584,0.038715044017254785,-0.001598924926176748,-0.008292793094893836,"[[100.0, 100.0, 4], [100.0, 100.0, 1], [100.0, 100.0, 1], [100.0, 100.0, 1]]","[[100.0, 100.0, 4], [100.0, 100.0, 1], [100.0, 100.0, 1], [100.0, 100.0, 1]]",pass,https://dandiarchive.s3.amazonaws.com/blobs/9ae/cb7/9aecb778-a5a0-4554-8b06-3af01005fea5,623319,1209073822,HPF,TH,"[328, 1373, 325, 1361, 322, 1420, 362, 356, 388, 1410, 1346, 1376, 1411, 1369, 372, 376, 1343, 1395, 338, 354, 308, 307, 303, 1393]","[266, 239, 1314, 236, 235, 1174, 1187, 1330, 1304, 238, 1317, 285, 1229, 556, 1248, 1213, 1035, 1327, 293, 1116, 1221, 289, 1606, 286]","[""session_time_linear"", ""session_time_quadratic"", ""image_identity:im115_r-1.0"", ""eventual_response_in_window"", ""eventual_response_latency"", ""response_latency_missing""]"
engaged_2,12,24,24,0.037747744625130863,0.026977837996634668,-0.010769906628496195,0.04344971096265926,0.005701966337528397,-0.016471872966024592,"[[100.0, 100.0, 1], [100.0, 100.0, 4], [100.0, 10.0, 2], [100.0, 100.0, 8]]","[[100.0, 100.0, 1], [100.0, 100.0, 4], [100.0, 10.0, 2], [100.0, 100.0, 8]]",pass,https://dandiarchive.s3.amazonaws.com/blobs/9ae/cb7/9aecb778-a5a0-4554-8b06-3af01005fea5,623319,1209073822,HPF,TH,"[328, 1373, 325, 1361, 322, 1420, 362, 356, 388, 1410, 1346, 1376, 1411, 1369, 372, 376, 1343, 1395, 338, 354, 308, 307, 303, 1393]","[266, 239, 1314, 236, 235, 1174, 1187, 1330, 1304, 238, 1317, 285, 1229, 556, 1248, 1213, 1035, 1327, 293, 1116, 1221, 289, 1606, 286]","[""session_time_linear"", ""session_time_quadratic"", ""image_identity:im115_r-1.0"", ""eventual_response_in_window"", ""eventual_response_latency"", ""response_latency_missing""]"
no_reward,12,24,24,0.01879353419476404,-0.026337565270875274,-0.04513109946563931,0.009628150611666997,-0.009165383583097042,-0.03596571588254227,"[[100.0, 100.0, 1], [100.0, 100.0, 1], [100.0, 10.0, 8], [100.0, 100.0, 8]]","[[100.0, 100.0, 1], [100.0, 100.0, 1], [100.0, 10.0, 8], [100.0, 100.0, 8]]",pass,https://dandiarchive.s3.amazonaws.com/blobs/9ae/cb7/9aecb778-a5a0-4554-8b06-3af01005fea5,623319,1209073822,HPF,TH,"[328, 1373, 325, 1361, 322, 1420, 362, 356, 388, 1410, 1346, 1376, 1411, 1369, 372, 376, 1343, 1395, 338, 354, 308, 307, 303, 1393]","[266, 239, 1314, 236, 235, 1174, 1187, 1330, 1304, 238, 1317, 285, 1229, 556, 1248, 1213, 1035, 1327, 293, 1116, 1221, 289, 1606, 286]","[""session_time_linear"", ""session_time_quadratic"", ""image_identity:im115_r-1.0"", ""eventual_response_in_window"", ""eventual_response_latency"", ""response_latency_missing""]"
engaged_1,21,24,24,0.09201834560099809,0.05024865262000122,-0.041769692980996864,0.07392205113288497,-0.018096294468113117,-0.023673398512883748,"[[100.0, 100.0, 1], [100.0, 10.0, 1], [100.0, 100.0, 2], [100.0, 100.0, 8]]","[[100.0, 100.0, 1], [100.0, 10.0, 1], [100.0, 100.0, 2], [100.0, 100.0, 8]]",pass,https://dandiarchive.s3.amazonaws.com/blobs/3d6/dc4/3d6dc44c-8001-467b-be23-96ba4b22da97,623322,1200659846,HPF,TH,"[1190, 900, 910, 318, 905, 889, 943, 955, 1188, 989, 1212, 1367, 921, 888, 1195, 368, 421, 1006, 877, 349, 1382, 1010, 319, 911]","[861, 798, 786, 866, 780, 803, 781, 867, 692, 784, 850, 810, 1126, 77, 783, 751, 802, 812, 791, 782, 859, 1128, 860, 732]","[""session_time_linear"", ""session_time_quadratic"", ""image_identity:im115_r-1.0"", ""eventual_response_in_window"", ""eventual_response_latency"", ""response_latency_missing""]"
engaged_2,21,24,24,0.07720552803987935,0.06910802970410224,-0.008097498335777109,0.07203275237895435,-0.005172775660925,-0.0029247226748521093,"[[100.0, 100.0, 1], [100.0, 100.0, 1], [100.0, 100.0, 2], [100.0, 100.0, 2]]","[[100.0, 100.0, 1], [100.0, 100.0, 1], [100.0, 100.0, 2], [100.0, 100.0, 2]]",pass,https://dandiarchive.s3.amazonaws.com/blobs/3d6/dc4/3d6dc44c-8001-467b-be23-96ba4b22da97,623322,1200659846,HPF,TH,"[1190, 900, 910, 318, 905, 889, 943, 955, 1188, 989, 1212, 1367, 921, 888, 1195, 368, 421, 1006, 877, 349, 1382, 1010, 319, 911]","[861, 798, 786, 866, 780, 803, 781, 867, 692, 784, 850, 810, 1126, 77, 783, 751, 802, 812, 791, 782, 859, 1128, 860, 732]","[""session_time_linear"", ""session_time_quadratic"", ""image_identity:im115_r-1.0"", ""eventual_response_in_window"", ""eventual_response_latency"", ""response_latency_missing""]"
no_reward,21,24,24,0.05727610180949427,0.035563278377765184,-0.02171282343172909,0.05137873790998759,-0.00589736389950668,-0.01581545953222241,"[[100.0, 100.0, 2], [100.0, 100.0, 1], [100.0, 10.0, 1], [100.0, 100.0, 4]]","[[100.0, 100.0, 2], [100.0, 100.0, 1], [100.0, 10.0, 1], [100.0, 100.0, 4]]",pass,https://dandiarchive.s3.amazonaws.com/blobs/3d6/dc4/3d6dc44c-8001-467b-be23-96ba4b22da97,623322,1200659846,HPF,TH,"[1190, 900, 910, 318, 905, 889, 943, 955, 1188, 989, 1212, 1367, 921, 888, 1195, 368, 421, 1006, 877, 349, 1382, 1010, 319, 911]","[861, 798, 786, 866, 780, 803, 781, 867, 692, 784, 850, 810, 1126, 77, 783, 751, 802, 812, 791, 782, 859, 1128, 860, 732]","[""session_time_linear"", ""session_time_quadratic"", ""image_identity:im115_r-1.0"", ""eventual_response_in_window"", ""eventual_response_latency"", ""response_latency_missing""]"
engaged_1,22,24,24,0.03030941461255887,0.02808571320755071,-0.0022237014050081605,0.03946336582899923,0.00915395121644036,-0.01137765262144852,"[[100.0, 100.0, 8], [100.0, 100.0, 8], [100.0, 100.0, 1], [100.0, 100.0, 1]]","[[100.0, 100.0, 8], [100.0, 100.0, 8], [100.0, 100.0, 1], [100.0, 100.0, 1]]",pass,https://dandiarchive.s3.amazonaws.com/blobs/5d9/4f7/5d94f7f7-daa2-4d2d-93a5-1bd2bc02e141,623322,1200471383,HPF,TH,"[1122, 260, 1119, 666, 252, 1117, 1085, 278, 1045, 1203, 1176, 734, 253, 673, 1078, 674, 1118, 648, 947, 1092, 1112, 1061, 637, 1157]","[192, 1031, 206, 199, 233, 219, 1026, 194, 187, 201, 1021, 531, 588, 216, 203, 503, 1020, 458, 579, 191, 453, 466, 465, 221]","[""session_time_linear"", ""session_time_quadratic"", ""image_identity:im115_r-1.0"", ""eventual_response_in_window"", ""eventual_response_latency"", ""response_latency_missing""]"
engaged_2,22,24,24,0.07808801821077682,0.06496970453658513,-0.013118313674191695,0.07411496351639502,-0.003973054694381806,-0.00914525897980989,"[[100.0, 100.0, 2], [100.0, 100.0, 4], [100.0, 100.0, 8], [100.0, 100.0, 1]]","[[100.0, 100.0, 2], [100.0, 100.0, 4], [100.0, 100.0, 8], [100.0, 100.0, 1]]",pass,https://dandiarchive.s3.amazonaws.com/blobs/5d9/4f7/5d94f7f7-daa2-4d2d-93a5-1bd2bc02e141,623322,1200471383,HPF,TH,"[1122, 260, 1119, 666, 252, 1117, 1085, 278, 1045, 1203, 1176, 734, 253, 673, 1078, 674, 1118, 648, 947, 1092, 1112, 1061, 637, 1157]","[192, 1031, 206, 199, 233, 219, 1026, 194, 187, 201, 1021, 531, 588, 216, 203, 503, 1020, 458, 579, 191, 453, 466, 465, 221]","[""session_time_linear"", ""session_time_quadratic"", ""image_identity:im115_r-1.0"", ""eventual_response_in_window"", ""eventual_response_latency"", ""response_latency_missing""]"
no_reward,22,24,24,0.05319279366986651,0.043067004533038133,-0.010125789136828378,0.04867791259839083,-0.004514881071475685,-0.005610908065352693,"[[100.0, 100.0, 4], [100.0, 100.0, 2], [100.0, 100.0, 1], [100.0, 100.0, 1]]","[[100.0, 100.0, 4], [100.0, 100.0, 2], [100.0, 100.0, 1], [100.0, 100.0, 1]]",pass,https://dandiarchive.s3.amazonaws.com/blobs/5d9/4f7/5d94f7f7-daa2-4d2d-93a5-1bd2bc02e141,623322,1200471383,HPF,TH,"[1122, 260, 1119, 666, 252, 1117, 1085, 278, 1045, 1203, 1176, 734, 253, 673, 1078, 674, 1118, 648, 947, 1092, 1112, 1061, 637, 1157]","[192, 1031, 206, 199, 233, 219, 1026, 194, 187, 201, 1021, 531, 588, 216, 203, 503, 1020, 458, 579, 191, 453, 466, 465, 221]","[""session_time_linear"", ""session_time_quadratic"", ""image_identity:im115_r-1.0"", ""eventual_response_in_window"", ""eventual_response_latency"", ""response_latency_missing""]"
engaged_1,24,24,24,0.05812046174449481,0.04309217306381019,-0.01502828868068462,0.053829547372914455,-0.004290914371580357,-0.010737374309104264,"[[100.0, 100.0, 1], [100.0, 100.0, 1], [100.0, 100.0, 1], [100.0, 100.0, 1]]","[[100.0, 100.0, 1], [100.0, 100.0, 1], [100.0, 100.0, 1], [100.0, 100.0, 1]]",pass,https://dandiarchive.s3.amazonaws.com/blobs/d0e/7e5/d0e7e549-f015-47fe-baa5-db8170c52771,623322,1200878248,HPF,TH,"[534, 981, 933, 212, 514, 961, 241, 1063, 1036, 557, 235, 968, 598, 950, 1005, 1067, 247, 477, 585, 1208, 1044, 533, 487, 770]","[921, 360, 267, 176, 899, 147, 152, 321, 312, 162, 898, 427, 345, 344, 317, 326, 418, 335, 398, 153, 875, 430, 310, 396]","[""session_time_linear"", ""session_time_quadratic"", ""image_identity:im115_r-1.0"", ""eventual_response_in_window"", ""eventual_response_latency"", ""response_latency_missing""]"
engaged_2,24,24,24,0.029704780095569094,0.030221420556168166,0.0005166404605990715,0.029391487923350113,-0.00031329217221898187,0.0008299326328180534,"[[0.1, 0.1, 2], [0.1, 0.1, 8], [100.0, 100.0, 1], [100.0, 100.0, 1]]","[[0.1, 0.1, 2], [0.1, 0.1, 8], [100.0, 100.0, 1], [100.0, 100.0, 1]]",pass,https://dandiarchive.s3.amazonaws.com/blobs/d0e/7e5/d0e7e549-f015-47fe-baa5-db8170c52771,623322,1200878248,HPF,TH,"[534, 981, 933, 212, 514, 961, 241, 1063, 1036, 557, 235, 968, 598, 950, 1005, 1067, 247, 477, 585, 1208, 1044, 533, 487, 770]","[921, 360, 267, 176, 899, 147, 152, 321, 312, 162, 898, 427, 345, 344, 317, 326, 418, 335, 398, 153, 875, 430, 310, 396]","[""session_time_linear"", ""session_time_quadratic"", ""image_identity:im115_r-1.0"", ""eventual_response_in_window"", ""eventual_response_latency"", ""response_latency_missing""]"
no_reward,24,24,24,0.006147352192032329,-0.0045466774353559725,-0.010694029627388302,-0.004344120526420969,-0.010491472718453299,-0.00020255690893500322,"[[100.0, 100.0, 4], [100.0, 100.0, 1], [100.0, 100.0, 8], [100.0, 100.0, 8]]","[[100.0, 100.0, 4], [100.0, 100.0, 1], [100.0, 100.0, 8], [100.0, 100.0, 8]]",pass,https://dandiarchive.s3.amazonaws.com/blobs/d0e/7e5/d0e7e549-f015-47fe-baa5-db8170c52771,623322,1200878248,HPF,TH,"[534, 981, 933, 212, 514, 961, 241, 1063, 1036, 557, 235, 968, 598, 950, 1005, 1067, 247, 477, 585, 1208, 1044, 533, 487, 770]","[921, 360, 267, 176, 899, 147, 152, 321, 312, 162, 898, 427, 345, 344, 317, 326, 418, 335, 398, 153, 875, 430, 310, 396]","[""session_time_linear"", ""session_time_quadratic"", ""image_identity:im115_r-1.0"", ""eventual_response_in_window"", ""eventual_response_latency"", ""response_latency_missing""]"
engaged_1,21,24,24,0.06887727732899673,0.07384026857804915,0.0049629912490524175,0.06093630097189162,-0.007940976357105112,0.01290396760615753,"[[100.0, 100.0, 8], [100.0, 100.0, 1], [100.0, 100.0, 8], [100.0, 100.0, 4]]","[[100.0, 100.0, 8], [100.0, 100.0, 1], [100.0, 100.0, 8], [100.0, 100.0, 4]]",pass,https://dandiarchive.s3.amazonaws.com/blobs/4bd/cd2/4bdcd217-633c-4841-a9b1-208c117f5ea3,626279,1214217748,HPF,TH,"[1278, 1316, 899, 1297, 897, 790, 903, 1287, 913, 870, 871, 860, 849, 1289, 904, 894, 55, 794, 921, 912, 1382, 52, 789, 867]","[2007, 2001, 1995, 1943, 1958, 1991, 1982, 1947, 1933, 1978, 1961, 1935, 1996, 1226, 1979, 1168, 1202, 645, 1949, 1, 0, 1192, 2158, 2005]","[""session_time_linear"", ""session_time_quadratic"", ""image_identity:im115_r-1.0"", ""eventual_response_in_window"", ""eventual_response_latency"", ""response_latency_missing""]"
engaged_2,21,24,24,0.04215670937438376,0.042598356327526954,0.00044164695314319324,0.027991489842210227,-0.014165219532173534,0.014606866485316727,"[[100.0, 100.0, 8], [100.0, 100.0, 8], [100.0, 100.0, 1], [100.0, 100.0, 8]]","[[100.0, 100.0, 8], [100.0, 100.0, 8], [100.0, 100.0, 1], [100.0, 100.0, 8]]",pass,https://dandiarchive.s3.amazonaws.com/blobs/4bd/cd2/4bdcd217-633c-4841-a9b1-208c117f5ea3,626279,1214217748,HPF,TH,"[1278, 1316, 899, 1297, 897, 790, 903, 1287, 913, 870, 871, 860, 849, 1289, 904, 894, 55, 794, 921, 912, 1382, 52, 789, 867]","[2007, 2001, 1995, 1943, 1958, 1991, 1982, 1947, 1933, 1978, 1961, 1935, 1996, 1226, 1979, 1168, 1202, 645, 1949, 1, 0, 1192, 2158, 2005]","[""session_time_linear"", ""session_time_quadratic"", ""image_identity:im115_r-1.0"", ""eventual_response_in_window"", ""eventual_response_latency"", ""response_latency_missing""]"
no_reward,21,24,24,-0.024265706170976342,-0.0232123163841651,0.001053389786811243,-0.0013181828759358805,0.02294752329504046,-0.02189413350822922,"[[100.0, 100.0, 2], [100.0, 100.0, 8], [100.0, 100.0, 8], [100.0, 100.0, 1]]","[[100.0, 100.0, 2], [100.0, 100.0, 8], [100.0, 100.0, 8], [100.0, 100.0, 1]]",pass,https://dandiarchive.s3.amazonaws.com/blobs/4bd/cd2/4bdcd217-633c-4841-a9b1-208c117f5ea3,626279,1214217748,HPF,TH,"[1278, 1316, 899, 1297, 897, 790, 903, 1287, 913, 870, 871, 860, 849, 1289, 904, 894, 55, 794, 921, 912, 1382, 52, 789, 867]","[2007, 2001, 1995, 1943, 1958, 1991, 1982, 1947, 1933, 1978, 1961, 1935, 1996, 1226, 1979, 1168, 1202, 645, 1949, 1, 0, 1192, 2158, 2005]","[""session_time_linear"", ""session_time_quadratic"", ""image_identity:im115_r-1.0"", ""eventual_response_in_window"", ""eventual_response_latency"", ""response_latency_missing""]"
engaged_1,14,24,24,0.020095492078299748,0.0019653921064314295,-0.01813009997186832,0.026281170434265255,0.006185678355965507,-0.024315778327833826,"[[100.0, 100.0, 1], [100.0, 100.0, 2], [100.0, 100.0, 8], [100.0, 100.0, 1]]","[[100.0, 100.0, 1], [100.0, 100.0, 2], [100.0, 100.0, 8], [100.0, 100.0, 1]]",pass,https://dandiarchive.s3.amazonaws.com/blobs/8bb/124/8bb12481-57e1-4f9d-95f0-c2ec49f2e338,632295,1218795542,HPF,TH,"[1564, 1536, 1057, 1025, 1509, 1468, 980, 1457, 954, 975, 996, 1485, 1437, 955, 1438, 1029, 1016, 1043, 1034, 1549, 952, 1557, 1535, 1030]","[1264, 1344, 1304, 1332, 1319, 1368, 1302, 1751, 1262, 1373, 874, 1350, 1294, 1289, 1274, 1307, 1297, 1366, 1410, 1286, 1293, 1295, 1787, 1280]","[""session_time_linear"", ""session_time_quadratic"", ""image_identity:im115_r-1.0"", ""eventual_response_in_window"", ""eventual_response_latency"", ""response_latency_missing""]"
engaged_2,14,24,24,0.010768641573008497,0.0060860103209504635,-0.004682631252058034,0.00028178211987961443,-0.010486859453128883,0.005804228201070849,"[[100.0, 100.0, 8], [100.0, 100.0, 8], [100.0, 10.0, 8], [100.0, 10.0, 8]]","[[100.0, 100.0, 8], [100.0, 100.0, 8], [100.0, 10.0, 8], [100.0, 10.0, 8]]",pass,https://dandiarchive.s3.amazonaws.com/blobs/8bb/124/8bb12481-57e1-4f9d-95f0-c2ec49f2e338,632295,1218795542,HPF,TH,"[1564, 1536, 1057, 1025, 1509, 1468, 980, 1457, 954, 975, 996, 1485, 1437, 955, 1438, 1029, 1016, 1043, 1034, 1549, 952, 1557, 1535, 1030]","[1264, 1344, 1304, 1332, 1319, 1368, 1302, 1751, 1262, 1373, 874, 1350, 1294, 1289, 1274, 1307, 1297, 1366, 1410, 1286, 1293, 1295, 1787, 1280]","[""session_time_linear"", ""session_time_quadratic"", ""image_identity:im115_r-1.0"", ""eventual_response_in_window"", ""eventual_response_latency"", ""response_latency_missing""]"
no_reward,14,24,24,0.008786125622380347,-0.0036488955097764286,-0.012435021132156776,-0.0140759415223346,-0.022862067144714948,0.010427046012558172,"[[100.0, 0.1, 1], [100.0, 100.0, 1], [100.0, 100.0, 4], [100.0, 100.0, 1]]","[[100.0, 0.1, 1], [100.0, 100.0, 1], [100.0, 100.0, 4], [100.0, 100.0, 1]]",pass,https://dandiarchive.s3.amazonaws.com/blobs/8bb/124/8bb12481-57e1-4f9d-95f0-c2ec49f2e338,632295,1218795542,HPF,TH,"[1564, 1536, 1057, 1025, 1509, 1468, 980, 1457, 954, 975, 996, 1485, 1437, 955, 1438, 1029, 1016, 1043, 1034, 1549, 952, 1557, 1535, 1030]","[1264, 1344, 1304, 1332, 1319, 1368, 1302, 1751, 1262, 1373, 874, 1350, 1294, 1289, 1274, 1307, 1297, 1366, 1410, 1286, 1293, 1295, 1787, 1280]","[""session_time_linear"", ""session_time_quadratic"", ""image_identity:im115_r-1.0"", ""eventual_response_in_window"", ""eventual_response_latency"", ""response_latency_missing""]"
engaged_1,12,24,24,0.011647071563476219,0.014974121189118894,0.003327049625642675,-0.001933734727848968,-0.013580806291325187,0.016907855916967862,"[[100.0, 100.0, 8], [100.0, 100.0, 1], [100.0, 100.0, 2], [100.0, 100.0, 8]]","[[100.0, 100.0, 8], [100.0, 100.0, 1], [100.0, 100.0, 2], [100.0, 100.0, 8]]",pass,https://dandiarchive.s3.amazonaws.com/blobs/db1/7c5/db17c503-6c6e-44c4-921f-4b0ddfa6dbdb,632295,1219127153,HPF,TH,"[316, 47, 58, 49, 772, 63, 722, 78, 728, 771, 50, 812, 721, 45, 801, 770, 744, 805, 72, 719, 283, 67, 83, 798]","[1312, 1306, 36, 1051, 1307, 1115, 530, 1710, 1066, 1054, 1107, 1094, 1063, 1324, 1080, 581, 1305, 1303, 1379, 1048, 1044, 1329, 1266, 1331]","[""session_time_linear"", ""session_time_quadratic"", ""image_identity:im115_r-1.0"", ""eventual_response_in_window"", ""eventual_response_latency"", ""response_latency_missing""]"
engaged_2,12,24,24,0.012588139513687313,0.0002950745511370867,-0.012293064962550226,-0.02515195734647424,-0.037740096860161554,0.025447031897611327,"[[100.0, 10.0, 1], [100.0, 1.0, 2], [100.0, 10.0, 8], [100.0, 100.0, 1]]","[[100.0, 10.0, 1], [100.0, 1.0, 2], [100.0, 10.0, 8], [100.0, 100.0, 1]]",pass,https://dandiarchive.s3.amazonaws.com/blobs/db1/7c5/db17c503-6c6e-44c4-921f-4b0ddfa6dbdb,632295,1219127153,HPF,TH,"[316, 47, 58, 49, 772, 63, 722, 78, 728, 771, 50, 812, 721, 45, 801, 770, 744, 805, 72, 719, 283, 67, 83, 798]","[1312, 1306, 36, 1051, 1307, 1115, 530, 1710, 1066, 1054, 1107, 1094, 1063, 1324, 1080, 581, 1305, 1303, 1379, 1048, 1044, 1329, 1266, 1331]","[""session_time_linear"", ""session_time_quadratic"", ""image_identity:im115_r-1.0"", ""eventual_response_in_window"", ""eventual_response_latency"", ""response_latency_missing""]"
no_reward,12,24,24,0.003976417619473205,0.015509272254092044,0.011532854634618839,-0.005340669304144452,-0.009317086923617657,0.020849941558236496,"[[10.0, 0.1, 1], [100.0, 1.0, 2], [100.0, 100.0, 8], [100.0, 100.0, 4]]","[[10.0, 0.1, 1], [100.0, 1.0, 2], [100.0, 100.0, 8], [100.0, 100.0, 4]]",pass,https://dandiarchive.s3.amazonaws.com/blobs/db1/7c5/db17c503-6c6e-44c4-921f-4b0ddfa6dbdb,632295,1219127153,HPF,TH,"[316, 47, 58, 49, 772, 63, 722, 78, 728, 771, 50, 812, 721, 45, 801, 770, 744, 805, 72, 719, 283, 67, 83, 798]","[1312, 1306, 36, 1051, 1307, 1115, 530, 1710, 1066, 1054, 1107, 1094, 1063, 1324, 1080, 581, 1305, 1303, 1379, 1048, 1044, 1329, 1266, 1331]","[""session_time_linear"", ""session_time_quadratic"", ""image_identity:im115_r-1.0"", ""eventual_response_in_window"", ""eventual_response_latency"", ""response_latency_missing""]"
engaged_1,21,24,24,-0.00898896821871431,-0.022635257149001164,-0.013646288930286854,-0.02961526083824273,-0.02062629261952842,0.006980003689241565,"[[100.0, 100.0, 1], [100.0, 100.0, 1], [100.0, 100.0, 4], [100.0, 100.0, 4]]","[[100.0, 100.0, 1], [100.0, 100.0, 1], [100.0, 100.0, 4], [100.0, 100.0, 4]]",pass,https://dandiarchive.s3.amazonaws.com/blobs/d8b/8a9/d8b8a9fb-eda0-459f-a722-60a69961c992,638387,1229654875,HPF,TH,"[1097, 1228, 1042, 1055, 1078, 1058, 1098, 1046, 1101, 1045, 1047, 1090, 1073, 1092, 1227, 1091, 1095, 1233, 1039, 1074, 1225, 1076, 1223, 1079]","[1466, 1008, 1004, 983, 1010, 1328, 1445, 1260, 1486, 1284, 1352, 1327, 1398, 1330, 1285, 1387, 1300, 1349, 1277, 717, 1374, 685, 1316, 1470]","[""session_time_linear"", ""session_time_quadratic"", ""image_identity:im115_r-1.0"", ""eventual_response_in_window"", ""eventual_response_latency"", ""response_latency_missing""]"
engaged_2,21,24,24,0.01634486988303241,0.0069730482327369225,-0.009371821650295487,0.008335713672729783,-0.008009156210302626,-0.0013626654399928606,"[[100.0, 100.0, 8], [100.0, 100.0, 1], [100.0, 100.0, 8], [100.0, 100.0, 4]]","[[100.0, 100.0, 8], [100.0, 100.0, 1], [100.0, 100.0, 8], [100.0, 100.0, 4]]",pass,https://dandiarchive.s3.amazonaws.com/blobs/d8b/8a9/d8b8a9fb-eda0-459f-a722-60a69961c992,638387,1229654875,HPF,TH,"[1097, 1228, 1042, 1055, 1078, 1058, 1098, 1046, 1101, 1045, 1047, 1090, 1073, 1092, 1227, 1091, 1095, 1233, 1039, 1074, 1225, 1076, 1223, 1079]","[1466, 1008, 1004, 983, 1010, 1328, 1445, 1260, 1486, 1284, 1352, 1327, 1398, 1330, 1285, 1387, 1300, 1349, 1277, 717, 1374, 685, 1316, 1470]","[""session_time_linear"", ""session_time_quadratic"", ""image_identity:im115_r-1.0"", ""eventual_response_in_window"", ""eventual_response_latency"", ""response_latency_missing""]"
no_reward,21,24,24,0.06679146374324607,0.06777037402747388,0.0009789102842278075,0.05877707069789728,-0.008014393045348789,0.008993303329576596,"[[100.0, 100.0, 4], [100.0, 100.0, 4], [100.0, 100.0, 4], [100.0, 100.0, 4]]","[[100.0, 100.0, 4], [100.0, 100.0, 4], [100.0, 100.0, 4], [100.0, 100.0, 4]]",pass,https://dandiarchive.s3.amazonaws.com/blobs/d8b/8a9/d8b8a9fb-eda0-459f-a722-60a69961c992,638387,1229654875,HPF,TH,"[1097, 1228, 1042, 1055, 1078, 1058, 1098, 1046, 1101, 1045, 1047, 1090, 1073, 1092, 1227, 1091, 1095, 1233, 1039, 1074, 1225, 1076, 1223, 1079]","[1466, 1008, 1004, 983, 1010, 1328, 1445, 1260, 1486, 1284, 1352, 1327, 1398, 1330, 1285, 1387, 1300, 1349, 1277, 717, 1374, 685, 1316, 1470]","[""session_time_linear"", ""session_time_quadratic"", ""image_identity:im115_r-1.0"", ""eventual_response_in_window"", ""eventual_response_latency"", ""response_latency_missing""]"
engaged_1,23,24,24,0.04065113449594915,0.031009525214211853,-0.009641609281737296,0.03255930398152285,-0.008091830514426301,-0.0015497787673109942,"[[100.0, 100.0, 4], [100.0, 100.0, 8], [100.0, 100.0, 1], [100.0, 100.0, 1]]","[[100.0, 100.0, 4], [100.0, 100.0, 8], [100.0, 100.0, 1], [100.0, 100.0, 1]]",pass,https://dandiarchive.s3.amazonaws.com/blobs/584/1b8/5841b844-3102-4b4f-8f2c-e4cd23ec8f45,640887,1234203203,HPF,TH,"[1346, 1352, 32, 31, 48, 64, 54, 122, 1426, 105, 63, 1371, 1374, 1410, 115, 107, 248, 1417, 1355, 33, 93, 110, 1429, 53]","[1297, 7, 1279, 2, 5, 1314, 1321, 1298, 1308, 1310, 1323, 1550, 1332, 1317, 1307, 1303, 1324, 1549, 1319, 4, 1328, 1333, 1545, 1313]","[""session_time_linear"", ""session_time_quadratic"", ""image_identity:im115_r-1.0"", ""eventual_response_in_window"", ""eventual_response_latency"", ""response_latency_missing""]"
engaged_2,23,24,24,0.03900866977735706,0.03979698043589952,0.0007883106585424571,0.04554869062929168,0.006540020851934614,-0.005751710193392157,"[[100.0, 100.0, 1], [100.0, 100.0, 1], [100.0, 100.0, 2], [100.0, 100.0, 1]]","[[100.0, 100.0, 1], [100.0, 100.0, 1], [100.0, 100.0, 2], [100.0, 100.0, 1]]",pass,https://dandiarchive.s3.amazonaws.com/blobs/584/1b8/5841b844-3102-4b4f-8f2c-e4cd23ec8f45,640887,1234203203,HPF,TH,"[1346, 1352, 32, 31, 48, 64, 54, 122, 1426, 105, 63, 1371, 1374, 1410, 115, 107, 248, 1417, 1355, 33, 93, 110, 1429, 53]","[1297, 7, 1279, 2, 5, 1314, 1321, 1298, 1308, 1310, 1323, 1550, 1332, 1317, 1307, 1303, 1324, 1549, 1319, 4, 1328, 1333, 1545, 1313]","[""session_time_linear"", ""session_time_quadratic"", ""image_identity:im115_r-1.0"", ""eventual_response_in_window"", ""eventual_response_latency"", ""response_latency_missing""]"
no_reward,23,24,24,0.02094424615856294,0.013043318560030492,-0.007900927598532448,-0.0033469122470055623,-0.024291158405568503,0.016390230807036055,"[[100.0, 100.0, 4], [100.0, 100.0, 4], [100.0, 100.0, 1], [100.0, 100.0, 8]]","[[100.0, 100.0, 4], [100.0, 100.0, 4], [100.0, 100.0, 1], [100.0, 100.0, 8]]",pass,https://dandiarchive.s3.amazonaws.com/blobs/584/1b8/5841b844-3102-4b4f-8f2c-e4cd23ec8f45,640887,1234203203,HPF,TH,"[1346, 1352, 32, 31, 48, 64, 54, 122, 1426, 105, 63, 1371, 1374, 1410, 115, 107, 248, 1417, 1355, 33, 93, 110, 1429, 53]","[1297, 7, 1279, 2, 5, 1314, 1321, 1298, 1308, 1310, 1323, 1550, 1332, 1317, 1307, 1303, 1324, 1549, 1319, 4, 1328, 1333, 1545, 1313]","[""session_time_linear"", ""session_time_quadratic"", ""image_identity:im115_r-1.0"", ""eventual_response_in_window"", ""eventual_response_latency"", ""response_latency_missing""]"
engaged_1,25,24,24,0.08781823074789397,0.08585891612389074,-0.0019593146240032278,0.08286084158734897,-0.0049573891605450005,0.0029980745365417727,"[[100.0, 100.0, 1], [100.0, 100.0, 1], [100.0, 100.0, 1], [100.0, 100.0, 1]]","[[100.0, 100.0, 1], [100.0, 100.0, 1], [100.0, 100.0, 1], [100.0, 100.0, 1]]",pass,https://dandiarchive.s3.amazonaws.com/blobs/cfc/bf1/cfcbf155-cb15-455d-8450-0ef256540990,640887,1234410451,HPF,TH,"[1002, 537, 542, 589, 583, 566, 977, 973, 538, 930, 889, 876, 525, 532, 514, 582, 515, 914, 968, 1127, 982, 678, 1112, 546]","[485, 1261, 733, 811, 278, 737, 1644, 294, 1582, 1208, 1246, 407, 1228, 848, 1257, 853, 730, 671, 402, 1227, 740, 385, 712, 282]","[""session_time_linear"", ""session_time_quadratic"", ""image_identity:im115_r-1.0"", ""eventual_response_in_window"", ""eventual_response_latency"", ""response_latency_missing""]"
engaged_2,25,24,24,0.047213029913348414,0.0517556407152705,0.004542610801922087,0.058561611040007344,0.01134858112665893,-0.006805970324736843,"[[100.0, 100.0, 1], [100.0, 100.0, 4], [100.0, 100.0, 4], [10.0, 100.0, 8]]","[[100.0, 100.0, 1], [100.0, 100.0, 4], [100.0, 100.0, 4], [10.0, 100.0, 8]]",pass,https://dandiarchive.s3.amazonaws.com/blobs/cfc/bf1/cfcbf155-cb15-455d-8450-0ef256540990,640887,1234410451,HPF,TH,"[1002, 537, 542, 589, 583, 566, 977, 973, 538, 930, 889, 876, 525, 532, 514, 582, 515, 914, 968, 1127, 982, 678, 1112, 546]","[485, 1261, 733, 811, 278, 737, 1644, 294, 1582, 1208, 1246, 407, 1228, 848, 1257, 853, 730, 671, 402, 1227, 740, 385, 712, 282]","[""session_time_linear"", ""session_time_quadratic"", ""image_identity:im115_r-1.0"", ""eventual_response_in_window"", ""eventual_response_latency"", ""response_latency_missing""]"
no_reward,25,24,24,-0.00007935626990041023,-0.01399854469430517,-0.01391918842440476,-0.0034669235331201698,-0.0033875672632197595,-0.010531621161185,"[[100.0, 100.0, 2], [100.0, 100.0, 8], [100.0, 100.0, 1], [100.0, 100.0, 1]]","[[100.0, 100.0, 2], [100.0, 100.0, 8], [100.0, 100.0, 1], [100.0, 100.0, 1]]",pass,https://dandiarchive.s3.amazonaws.com/blobs/cfc/bf1/cfcbf155-cb15-455d-8450-0ef256540990,640887,1234410451,HPF,TH,"[1002, 537, 542, 589, 583, 566, 977, 973, 538, 930, 889, 876, 525, 532, 514, 582, 515, 914, 968, 1127, 982, 678, 1112, 546]","[485, 1261, 733, 811, 278, 737, 1644, 294, 1582, 1208, 1246, 407, 1228, 848, 1257, 853, 730, 671, 402, 1227, 740, 385, 712, 282]","[""session_time_linear"", ""session_time_quadratic"", ""image_identity:im115_r-1.0"", ""eventual_response_in_window"", ""eventual_response_latency"", ""response_latency_missing""]"
engaged_1,27,24,24,-0.013444639212222276,-0.006468275266179102,0.006976363946043174,-0.028680988824953957,-0.015236349612731681,0.022212713558774855,"[[100.0, 100.0, 2], [100.0, 100.0, 8], [100.0, 100.0, 1], [100.0, 100.0, 8]]","[[100.0, 100.0, 2], [100.0, 100.0, 8], [100.0, 100.0, 1], [100.0, 100.0, 8]]",pass,https://dandiarchive.s3.amazonaws.com/blobs/13d/b29/13db29ff-1454-412d-8680-ecd7a38c6f95,640890,1232430325,HPF,TH,"[1926, 1905, 1915, 654, 696, 1076, 1934, 1895, 2109, 1980, 1006, 1008, 982, 693, 1962, 1897, 2114, 983, 1931, 1948, 1977, 1972, 1960, 975]","[1670, 498, 478, 493, 592, 1715, 1718, 806, 812, 918, 491, 522, 492, 1772, 545, 470, 466, 538, 523, 882, 531, 1880, 590, 464]","[""session_time_linear"", ""session_time_quadratic"", ""image_identity:im115_r-1.0"", ""eventual_response_in_window"", ""eventual_response_latency"", ""response_latency_missing""]"
engaged_2,27,24,24,0.038219850774040554,0.04542960557669973,0.007209754802659174,0.02803989560839859,-0.010179955165641963,0.017389709968301137,"[[100.0, 100.0, 1], [100.0, 100.0, 1], [100.0, 100.0, 1], [100.0, 100.0, 1]]","[[100.0, 100.0, 1], [100.0, 100.0, 1], [100.0, 100.0, 1], [100.0, 100.0, 1]]",pass,https://dandiarchive.s3.amazonaws.com/blobs/13d/b29/13db29ff-1454-412d-8680-ecd7a38c6f95,640890,1232430325,HPF,TH,"[1926, 1905, 1915, 654, 696, 1076, 1934, 1895, 2109, 1980, 1006, 1008, 982, 693, 1962, 1897, 2114, 983, 1931, 1948, 1977, 1972, 1960, 975]","[1670, 498, 478, 493, 592, 1715, 1718, 806, 812, 918, 491, 522, 492, 1772, 545, 470, 466, 538, 523, 882, 531, 1880, 590, 464]","[""session_time_linear"", ""session_time_quadratic"", ""image_identity:im115_r-1.0"", ""eventual_response_in_window"", ""eventual_response_latency"", ""response_latency_missing""]"
no_reward,27,24,24,0.06199399275424411,0.05298954524188115,-0.009004447512362956,0.05264276062900397,-0.009351232125240139,0.0003467846128771823,"[[100.0, 100.0, 1], [100.0, 100.0, 1], [100.0, 100.0, 2], [100.0, 100.0, 1]]","[[100.0, 100.0, 1], [100.0, 100.0, 1], [100.0, 100.0, 2], [100.0, 100.0, 1]]",pass,https://dandiarchive.s3.amazonaws.com/blobs/13d/b29/13db29ff-1454-412d-8680-ecd7a38c6f95,640890,1232430325,HPF,TH,"[1926, 1905, 1915, 654, 696, 1076, 1934, 1895, 2109, 1980, 1006, 1008, 982, 693, 1962, 1897, 2114, 983, 1931, 1948, 1977, 1972, 1960, 975]","[1670, 498, 478, 493, 592, 1715, 1718, 806, 812, 918, 491, 522, 492, 1772, 545, 470, 466, 538, 523, 882, 531, 1880, 590, 464]","[""session_time_linear"", ""session_time_quadratic"", ""image_identity:im115_r-1.0"", ""eventual_response_in_window"", ""eventual_response_latency"", ""response_latency_missing""]"
engaged_1,22,24,24,0.03397513790663764,0.005040196656913576,-0.028934941249724067,0.0514790923372187,0.01750395443058106,-0.046438895680305126,"[[100.0, 100.0, 8], [100.0, 100.0, 1], [100.0, 100.0, 1], [100.0, 10.0, 1]]","[[100.0, 100.0, 8], [100.0, 100.0, 1], [100.0, 100.0, 1], [100.0, 10.0, 1]]",pass,https://dandiarchive.s3.amazonaws.com/blobs/e3b/977/e3b97777-89fa-4730-8d0e-fae22e471f07,640890,1232725697,HPF,TH,"[980, 527, 581, 919, 546, 71, 873, 981, 1208, 918, 83, 81, 547, 1210, 913, 862, 1183, 893, 920, 49, 52, 1176, 912, 872]","[794, 418, 800, 837, 775, 454, 763, 476, 475, 465, 470, 779, 835, 467, 828, 427, 805, 490, 811, 769, 485, 827, 449, 478]","[""session_time_linear"", ""session_time_quadratic"", ""image_identity:im115_r-1.0"", ""eventual_response_in_window"", ""eventual_response_latency"", ""response_latency_missing""]"
engaged_2,22,24,24,0.0552476239181815,0.05254160149912135,-0.00270602241906015,0.04116184030202086,-0.014085783616160641,0.01137976119710049,"[[100.0, 100.0, 4], [100.0, 100.0, 4], [100.0, 100.0, 8], [100.0, 100.0, 1]]","[[100.0, 100.0, 4], [100.0, 100.0, 4], [100.0, 100.0, 8], [100.0, 100.0, 1]]",pass,https://dandiarchive.s3.amazonaws.com/blobs/e3b/977/e3b97777-89fa-4730-8d0e-fae22e471f07,640890,1232725697,HPF,TH,"[980, 527, 581, 919, 546, 71, 873, 981, 1208, 918, 83, 81, 547, 1210, 913, 862, 1183, 893, 920, 49, 52, 1176, 912, 872]","[794, 418, 800, 837, 775, 454, 763, 476, 475, 465, 470, 779, 835, 467, 828, 427, 805, 490, 811, 769, 485, 827, 449, 478]","[""session_time_linear"", ""session_time_quadratic"", ""image_identity:im115_r-1.0"", ""eventual_response_in_window"", ""eventual_response_latency"", ""response_latency_missing""]"
no_reward,22,24,24,0.05232886851213858,0.025792268647929273,-0.02653659986420931,0.03783956860592397,-0.014489299906214614,-0.012047299957994695,"[[100.0, 100.0, 1], [100.0, 100.0, 2], [100.0, 100.0, 1], [100.0, 100.0, 1]]","[[100.0, 100.0, 1], [100.0, 100.0, 2], [100.0, 100.0, 1], [100.0, 100.0, 1]]",pass,https://dandiarchive.s3.amazonaws.com/blobs/e3b/977/e3b97777-89fa-4730-8d0e-fae22e471f07,640890,1232725697,HPF,TH,"[980, 527, 581, 919, 546, 71, 873, 981, 1208, 918, 83, 81, 547, 1210, 913, 862, 1183, 893, 920, 49, 52, 1176, 912, 872]","[794, 418, 800, 837, 775, 454, 763, 476, 475, 465, 470, 779, 835, 467, 828, 427, 805, 490, 811, 769, 485, 827, 449, 478]","[""session_time_linear"", ""session_time_quadratic"", ""image_identity:im115_r-1.0"", ""eventual_response_in_window"", ""eventual_response_latency"", ""response_latency_missing""]"
engaged_1,16,24,24,0.012973615040639652,0.007002975372391251,-0.005970639668248401,0.008495492131397553,-0.004478122909242099,-0.0014925167590063015,"[[100.0, 10.0, 1], [100.0, 100.0, 1], [100.0, 100.0, 1], [100.0, 100.0, 1]]","[[100.0, 10.0, 1], [100.0, 100.0, 1], [100.0, 100.0, 1], [100.0, 100.0, 1]]",pass,https://dandiarchive.s3.amazonaws.com/blobs/559/41e/55941ebd-ef47-4d38-80af-0fabd499db6d,642504,1244070169,HPF,TH,"[1092, 1098, 639, 631, 286, 1094, 1110, 667, 322, 285, 1074, 1038, 1078, 441, 326, 1099, 645, 296, 1077, 628, 659, 1037, 652, 290]","[1034, 921, 901, 1003, 954, 961, 891, 947, 1177, 955, 931, 887, 477, 980, 599, 520, 1188, 506, 527, 979, 1029, 989, 485, 973]","[""session_time_linear"", ""session_time_quadratic"", ""image_identity:im115_r-1.0"", ""eventual_response_in_window"", ""eventual_response_latency"", ""response_latency_missing""]"
engaged_2,16,24,24,0.03507836992846369,0.03298351558372259,-0.002094854344741104,0.04198891767370816,0.006910547745244466,-0.00900540208998557,"[[100.0, 100.0, 1], [100.0, 100.0, 1], [100.0, 100.0, 4], [100.0, 100.0, 4]]","[[100.0, 100.0, 1], [100.0, 100.0, 1], [100.0, 100.0, 4], [100.0, 100.0, 4]]",pass,https://dandiarchive.s3.amazonaws.com/blobs/559/41e/55941ebd-ef47-4d38-80af-0fabd499db6d,642504,1244070169,HPF,TH,"[1092, 1098, 639, 631, 286, 1094, 1110, 667, 322, 285, 1074, 1038, 1078, 441, 326, 1099, 645, 296, 1077, 628, 659, 1037, 652, 290]","[1034, 921, 901, 1003, 954, 961, 891, 947, 1177, 955, 931, 887, 477, 980, 599, 520, 1188, 506, 527, 979, 1029, 989, 485, 973]","[""session_time_linear"", ""session_time_quadratic"", ""image_identity:im115_r-1.0"", ""eventual_response_in_window"", ""eventual_response_latency"", ""response_latency_missing""]"
no_reward,16,24,24,0.08736865754699619,0.07119086746931447,-0.01617779007768172,0.0788867515832058,-0.008481905963790393,-0.007695884113891327,"[[100.0, 100.0, 8], [100.0, 10.0, 1], [10.0, 10.0, 1], [10.0, 100.0, 1]]","[[100.0, 100.0, 8], [100.0, 10.0, 1], [10.0, 10.0, 1], [10.0, 100.0, 1]]",pass,https://dandiarchive.s3.amazonaws.com/blobs/559/41e/55941ebd-ef47-4d38-80af-0fabd499db6d,642504,1244070169,HPF,TH,"[1092, 1098, 639, 631, 286, 1094, 1110, 667, 322, 285, 1074, 1038, 1078, 441, 326, 1099, 645, 296, 1077, 628, 659, 1037, 652, 290]","[1034, 921, 901, 1003, 954, 961, 891, 947, 1177, 955, 931, 887, 477, 980, 599, 520, 1188, 506, 527, 979, 1029, 989, 485, 973]","[""session_time_linear"", ""session_time_quadratic"", ""image_identity:im115_r-1.0"", ""eventual_response_in_window"", ""eventual_response_latency"", ""response_latency_missing""]"
engaged_1,18,24,24,0.0605082094508782,0.056100301982969114,-0.004407907467909089,0.05110705210365951,-0.009401157347218692,0.0049932498793096025,"[[100.0, 100.0, 8], [100.0, 100.0, 4], [100.0, 100.0, 1], [100.0, 100.0, 8]]","[[100.0, 100.0, 8], [100.0, 100.0, 4], [100.0, 100.0, 1], [100.0, 100.0, 8]]",pass,https://dandiarchive.s3.amazonaws.com/blobs/88d/b29/88db2938-a9e0-491c-8056-f83cc894edf3,642504,1243523806,HPF,TH,"[803, 816, 741, 487, 492, 110, 500, 739, 482, 812, 186, 453, 467, 498, 447, 440, 505, 786, 199, 830, 445, 192, 856, 847]","[707, 713, 681, 354, 394, 708, 373, 355, 357, 382, 389, 378, 680, 369, 413, 385, 352, 409, 363, 572, 361, 415, 395, 564]","[""session_time_linear"", ""session_time_quadratic"", ""image_identity:im115_r-1.0"", ""eventual_response_in_window"", ""eventual_response_latency"", ""response_latency_missing""]"
engaged_2,18,24,24,0.011479236369984602,0.007032024780844526,-0.0044472115891400765,0.029930805298283625,0.018451568928299023,-0.0228987805174391,"[[100.0, 100.0, 2], [100.0, 100.0, 8], [100.0, 100.0, 2], [100.0, 10.0, 1]]","[[100.0, 100.0, 2], [100.0, 100.0, 8], [100.0, 100.0, 2], [100.0, 10.0, 1]]",pass,https://dandiarchive.s3.amazonaws.com/blobs/88d/b29/88db2938-a9e0-491c-8056-f83cc894edf3,642504,1243523806,HPF,TH,"[803, 816, 741, 487, 492, 110, 500, 739, 482, 812, 186, 453, 467, 498, 447, 440, 505, 786, 199, 830, 445, 192, 856, 847]","[707, 713, 681, 354, 394, 708, 373, 355, 357, 382, 389, 378, 680, 369, 413, 385, 352, 409, 363, 572, 361, 415, 395, 564]","[""session_time_linear"", ""session_time_quadratic"", ""image_identity:im115_r-1.0"", ""eventual_response_in_window"", ""eventual_response_latency"", ""response_latency_missing""]"
no_reward,18,24,24,0.06358494730111819,0.029100751531203617,-0.03448419576991457,0.06315658426326143,-0.00042836303785676044,-0.03405583273205781,"[[100.0, 100.0, 1], [100.0, 100.0, 1], [100.0, 100.0, 1], [100.0, 100.0, 1]]","[[100.0, 100.0, 1], [100.0, 100.0, 1], [100.0, 100.0, 1], [100.0, 100.0, 1]]",pass,https://dandiarchive.s3.amazonaws.com/blobs/88d/b29/88db2938-a9e0-491c-8056-f83cc894edf3,642504,1243523806,HPF,TH,"[803, 816, 741, 487, 492, 110, 500, 739, 482, 812, 186, 453, 467, 498, 447, 440, 505, 786, 199, 830, 445, 192, 856, 847]","[707, 713, 681, 354, 394, 708, 373, 355, 357, 382, 389, 378, 680, 369, 413, 385, 352, 409, 363, 572, 361, 415, 395, 564]","[""session_time_linear"", ""session_time_quadratic"", ""image_identity:im115_r-1.0"", ""eventual_response_in_window"", ""eventual_response_latency"", ""response_latency_missing""]"
engaged_1,15,24,24,0.006026686206742071,-0.022125910507122093,-0.028152596713864164,-0.08097507269293058,-0.08700175889967265,0.05884916218580849,"[[100.0, 100.0, 1], [100.0, 0.1, 1], [100.0, 10.0, 2], [100.0, 100.0, 4]]","[[100.0, 100.0, 1], [100.0, 0.1, 1], [100.0, 10.0, 2], [100.0, 100.0, 4]]",pass,https://dandiarchive.s3.amazonaws.com/blobs/c78/ef5/c78ef53f-16de-4f5e-8235-afe87a226203,614547,1181731440,Isocortex,HPF,"[629, 1503, 1455, 1603, 1584, 668, 677, 1495, 635, 332, 166, 1648, 938, 953, 1469, 1492, 1449, 1483, 226, 959, 1622, 174, 224, 703]","[554, 582, 534, 788, 559, 1393, 562, 596, 1382, 859, 1328, 869, 884, 849, 542, 1357, 1387, 806, 874, 1298, 543, 1392, 817, 573]","[""session_time_linear"", ""session_time_quadratic"", ""image_identity:im115_r-1.0"", ""eventual_response_in_window"", ""eventual_response_latency"", ""response_latency_missing""]"
engaged_2,15,24,24,0.09405156924043223,0.08608983093045341,-0.007961738309978816,0.0935912093073934,-0.00046035993303883416,-0.007501378376939982,"[[100.0, 100.0, 1], [100.0, 100.0, 4], [100.0, 100.0, 1], [100.0, 100.0, 2]]","[[100.0, 100.0, 1], [100.0, 100.0, 4], [100.0, 100.0, 1], [100.0, 100.0, 2]]",pass,https://dandiarchive.s3.amazonaws.com/blobs/c78/ef5/c78ef53f-16de-4f5e-8235-afe87a226203,614547,1181731440,Isocortex,HPF,"[629, 1503, 1455, 1603, 1584, 668, 677, 1495, 635, 332, 166, 1648, 938, 953, 1469, 1492, 1449, 1483, 226, 959, 1622, 174, 224, 703]","[554, 582, 534, 788, 559, 1393, 562, 596, 1382, 859, 1328, 869, 884, 849, 542, 1357, 1387, 806, 874, 1298, 543, 1392, 817, 573]","[""session_time_linear"", ""session_time_quadratic"", ""image_identity:im115_r-1.0"", ""eventual_response_in_window"", ""eventual_response_latency"", ""response_latency_missing""]"
no_reward,15,24,24,-0.000668582754325131,-0.00018153636536499818,0.00048704638896013286,-0.004577782542884545,-0.003909199788559414,0.004396246177519547,"[[100.0, 100.0, 2], [100.0, 100.0, 1], [100.0, 100.0, 1], [100.0, 100.0, 1]]","[[100.0, 100.0, 2], [100.0, 100.0, 1], [100.0, 100.0, 1], [100.0, 100.0, 1]]",pass,https://dandiarchive.s3.amazonaws.com/blobs/c78/ef5/c78ef53f-16de-4f5e-8235-afe87a226203,614547,1181731440,Isocortex,HPF,"[629, 1503, 1455, 1603, 1584, 668, 677, 1495, 635, 332, 166, 1648, 938, 953, 1469, 1492, 1449, 1483, 226, 959, 1622, 174, 224, 703]","[554, 582, 534, 788, 559, 1393, 562, 596, 1382, 859, 1328, 869, 884, 849, 542, 1357, 1387, 806, 874, 1298, 543, 1392, 817, 573]","[""session_time_linear"", ""session_time_quadratic"", ""image_identity:im115_r-1.0"", ""eventual_response_in_window"", ""eventual_response_latency"", ""response_latency_missing""]"
engaged_1,17,24,24,-0.004517238240618893,-0.024835616764550927,-0.020318378523932035,-0.015374743598307372,-0.01085750535768848,-0.009460873166243555,"[[100.0, 100.0, 2], [100.0, 10.0, 2], [100.0, 100.0, 1], [100.0, 100.0, 2]]","[[100.0, 100.0, 2], [100.0, 10.0, 2], [100.0, 100.0, 1], [100.0, 100.0, 2]]",pass,https://dandiarchive.s3.amazonaws.com/blobs/68c/a06/68ca0674-2a8a-4931-8d5b-10a3edfb0cfa,614608,1187475832,Isocortex,HPF,"[593, 1709, 2652, 2235, 2013, 2587, 2471, 1666, 1966, 2375, 2315, 2009, 1668, 2396, 620, 2522, 2488, 2034, 1677, 669, 2292, 646, 1239, 2004]","[1061, 129, 1540, 122, 1539, 1180, 1056, 1052, 1129, 1548, 1186, 1175, 1193, 1166, 1063, 1137, 1150, 1552, 1205, 1163, 130, 1197, 1162, 1554]","[""session_time_linear"", ""session_time_quadratic"", ""image_identity:im115_r-1.0"", ""eventual_response_in_window"", ""eventual_response_latency"", ""response_latency_missing""]"
engaged_2,17,24,24,0.025553104333199794,0.02454767801492974,-0.001005426318270053,0.0259598342149725,0.00040672988177270497,-0.0014121562000427579,"[[100.0, 100.0, 1], [100.0, 100.0, 1], [100.0, 100.0, 4], [100.0, 100.0, 4]]","[[100.0, 100.0, 1], [100.0, 100.0, 1], [100.0, 100.0, 4], [100.0, 100.0, 4]]",pass,https://dandiarchive.s3.amazonaws.com/blobs/68c/a06/68ca0674-2a8a-4931-8d5b-10a3edfb0cfa,614608,1187475832,Isocortex,HPF,"[593, 1709, 2652, 2235, 2013, 2587, 2471, 1666, 1966, 2375, 2315, 2009, 1668, 2396, 620, 2522, 2488, 2034, 1677, 669, 2292, 646, 1239, 2004]","[1061, 129, 1540, 122, 1539, 1180, 1056, 1052, 1129, 1548, 1186, 1175, 1193, 1166, 1063, 1137, 1150, 1552, 1205, 1163, 130, 1197, 1162, 1554]","[""session_time_linear"", ""session_time_quadratic"", ""image_identity:im115_r-1.0"", ""eventual_response_in_window"", ""eventual_response_latency"", ""response_latency_missing""]"
no_reward,17,24,24,-0.01317917896212717,-0.03470091368922823,-0.02152173472710106,-0.021853272906515064,-0.008674093944387895,-0.012847640782713166,"[[100.0, 10.0, 1], [100.0, 100.0, 4], [100.0, 100.0, 1], [100.0, 100.0, 1]]","[[100.0, 10.0, 1], [100.0, 100.0, 4], [100.0, 100.0, 1], [100.0, 100.0, 1]]",pass,https://dandiarchive.s3.amazonaws.com/blobs/68c/a06/68ca0674-2a8a-4931-8d5b-10a3edfb0cfa,614608,1187475832,Isocortex,HPF,"[593, 1709, 2652, 2235, 2013, 2587, 2471, 1666, 1966, 2375, 2315, 2009, 1668, 2396, 620, 2522, 2488, 2034, 1677, 669, 2292, 646, 1239, 2004]","[1061, 129, 1540, 122, 1539, 1180, 1056, 1052, 1129, 1548, 1186, 1175, 1193, 1166, 1063, 1137, 1150, 1552, 1205, 1163, 130, 1197, 1162, 1554]","[""session_time_linear"", ""session_time_quadratic"", ""image_identity:im115_r-1.0"", ""eventual_response_in_window"", ""eventual_response_latency"", ""response_latency_missing""]"
engaged_1,24,24,24,0.0029231172129084992,0.009854588962323718,0.006931471749415219,0.008815303112992279,0.0058921859000837795,0.0010392858493314394,"[[100.0, 100.0, 4], [100.0, 100.0, 2], [100.0, 100.0, 8], [100.0, 100.0, 8]]","[[100.0, 100.0, 4], [100.0, 100.0, 2], [100.0, 100.0, 8], [100.0, 100.0, 8]]",pass,https://dandiarchive.s3.amazonaws.com/blobs/fd4/c49/fd4c4964-f02b-456e-af4d-b9407877d0de,614608,1187940755,Isocortex,HPF,"[714, 1988, 2155, 1480, 215, 1777, 1496, 173, 289, 1567, 1939, 1497, 154, 1118, 2225, 210, 1523, 195, 1519, 803, 412, 235, 1615, 342]","[670, 637, 564, 1024, 619, 1026, 610, 608, 580, 594, 1050, 669, 600, 609, 1055, 549, 581, 555, 1018, 1061, 1077, 634, 1066, 611]","[""session_time_linear"", ""session_time_quadratic"", ""image_identity:im115_r-1.0"", ""eventual_response_in_window"", ""eventual_response_latency"", ""response_latency_missing""]"
engaged_2,24,24,24,0.018230889942262074,0.015595817036119453,-0.0026350729061426215,0.018844703628195347,0.0006138136859332732,-0.0032488865920758947,"[[100.0, 100.0, 1], [100.0, 100.0, 4], [100.0, 100.0, 1], [100.0, 100.0, 1]]","[[100.0, 100.0, 1], [100.0, 100.0, 4], [100.0, 100.0, 1], [100.0, 100.0, 1]]",pass,https://dandiarchive.s3.amazonaws.com/blobs/fd4/c49/fd4c4964-f02b-456e-af4d-b9407877d0de,614608,1187940755,Isocortex,HPF,"[714, 1988, 2155, 1480, 215, 1777, 1496, 173, 289, 1567, 1939, 1497, 154, 1118, 2225, 210, 1523, 195, 1519, 803, 412, 235, 1615, 342]","[670, 637, 564, 1024, 619, 1026, 610, 608, 580, 594, 1050, 669, 600, 609, 1055, 549, 581, 555, 1018, 1061, 1077, 634, 1066, 611]","[""session_time_linear"", ""session_time_quadratic"", ""image_identity:im115_r-1.0"", ""eventual_response_in_window"", ""eventual_response_latency"", ""response_latency_missing""]"
no_reward,24,24,24,0.04452941051213566,0.03706500540259605,-0.007464405109539607,0.04175717894790243,-0.0027722315642332296,-0.004692173545306377,"[[100.0, 100.0, 8], [100.0, 100.0, 2], [100.0, 100.0, 1], [100.0, 100.0, 8]]","[[100.0, 100.0, 8], [100.0, 100.0, 2], [100.0, 100.0, 1], [100.0, 100.0, 8]]",pass,https://dandiarchive.s3.amazonaws.com/blobs/fd4/c49/fd4c4964-f02b-456e-af4d-b9407877d0de,614608,1187940755,Isocortex,HPF,"[714, 1988, 2155, 1480, 215, 1777, 1496, 173, 289, 1567, 1939, 1497, 154, 1118, 2225, 210, 1523, 195, 1519, 803, 412, 235, 1615, 342]","[670, 637, 564, 1024, 619, 1026, 610, 608, 580, 594, 1050, 669, 600, 609, 1055, 549, 581, 555, 1018, 1061, 1077, 634, 1066, 611]","[""session_time_linear"", ""session_time_quadratic"", ""image_identity:im115_r-1.0"", ""eventual_response_in_window"", ""eventual_response_latency"", ""response_latency_missing""]"
engaged_1,17,24,24,-0.004095791384859826,-0.017665572761637938,-0.013569781376778112,-0.0024210563540596475,0.0016747350308001785,-0.01524451640757829,"[[100.0, 100.0, 1], [100.0, 10.0, 1], [100.0, 100.0, 4], [100.0, 100.0, 2]]","[[100.0, 100.0, 1], [100.0, 10.0, 1], [100.0, 100.0, 4], [100.0, 100.0, 2]]",pass,https://dandiarchive.s3.amazonaws.com/blobs/75d/9d0/75d9d091-e7db-47d1-aac4-d41133e29393,615048,1197725774,Isocortex,HPF,"[741, 1187, 778, 1574, 1920, 743, 1913, 465, 1933, 1951, 228, 722, 1936, 1579, 1984, 2210, 1985, 824, 1912, 1900, 289, 1174, 1642, 1600]","[1127, 1128, 1121, 1826, 710, 678, 699, 1118, 1795, 680, 1428, 1099, 673, 674, 1429, 1483, 1453, 1048, 1485, 1077, 701, 656, 668, 647]","[""session_time_linear"", ""session_time_quadratic"", ""image_identity:im115_r-1.0"", ""eventual_response_in_window"", ""eventual_response_latency"", ""response_latency_missing""]"
engaged_2,17,24,24,0.026169686404028725,0.02086558741091893,-0.005304098993109796,0.003578463132419829,-0.022591223271608896,0.0172871242784991,"[[100.0, 100.0, 1], [100.0, 100.0, 2], [100.0, 10.0, 1], [100.0, 10.0, 1]]","[[100.0, 100.0, 1], [100.0, 100.0, 2], [100.0, 10.0, 1], [100.0, 10.0, 1]]",pass,https://dandiarchive.s3.amazonaws.com/blobs/75d/9d0/75d9d091-e7db-47d1-aac4-d41133e29393,615048,1197725774,Isocortex,HPF,"[741, 1187, 778, 1574, 1920, 743, 1913, 465, 1933, 1951, 228, 722, 1936, 1579, 1984, 2210, 1985, 824, 1912, 1900, 289, 1174, 1642, 1600]","[1127, 1128, 1121, 1826, 710, 678, 699, 1118, 1795, 680, 1428, 1099, 673, 674, 1429, 1483, 1453, 1048, 1485, 1077, 701, 656, 668, 647]","[""session_time_linear"", ""session_time_quadratic"", ""image_identity:im115_r-1.0"", ""eventual_response_in_window"", ""eventual_response_latency"", ""response_latency_missing""]"
no_reward,17,24,24,-0.004315315407433129,-0.005969696152073878,-0.0016543807446407488,-0.023545729210154853,-0.019230413802721724,0.017576033058080975,"[[100.0, 10.0, 2], [100.0, 100.0, 8], [100.0, 100.0, 1], [100.0, 100.0, 4]]","[[100.0, 10.0, 2], [100.0, 100.0, 8], [100.0, 100.0, 1], [100.0, 100.0, 4]]",pass,https://dandiarchive.s3.amazonaws.com/blobs/75d/9d0/75d9d091-e7db-47d1-aac4-d41133e29393,615048,1197725774,Isocortex,HPF,"[741, 1187, 778, 1574, 1920, 743, 1913, 465, 1933, 1951, 228, 722, 1936, 1579, 1984, 2210, 1985, 824, 1912, 1900, 289, 1174, 1642, 1600]","[1127, 1128, 1121, 1826, 710, 678, 699, 1118, 1795, 680, 1428, 1099, 673, 674, 1429, 1483, 1453, 1048, 1485, 1077, 701, 656, 668, 647]","[""session_time_linear"", ""session_time_quadratic"", ""image_identity:im115_r-1.0"", ""eventual_response_in_window"", ""eventual_response_latency"", ""response_latency_missing""]"
engaged_1,18,24,24,-0.0007060277769106449,-0.01446131531692152,-0.013755287540010874,0.00017343930051560985,0.0008794670774262547,-0.014634754617437129,"[[100.0, 100.0, 1], [100.0, 100.0, 8], [100.0, 100.0, 8], [100.0, 100.0, 4]]","[[100.0, 100.0, 1], [100.0, 100.0, 8], [100.0, 100.0, 8], [100.0, 100.0, 4]]",pass,https://dandiarchive.s3.amazonaws.com/blobs/fe0/9ba/fe09ba54-89e9-4b73-bf95-5127c2ee2ad9,615048,1197514969,Isocortex,HPF,"[1892, 637, 1897, 326, 1889, 1890, 640, 1594, 1065, 2310, 1032, 1084, 242, 231, 647, 646, 739, 732, 1086, 322, 1900, 2431, 1951, 318]","[1432, 576, 567, 1532, 1429, 1393, 614, 580, 554, 597, 1366, 1410, 1457, 632, 1427, 1481, 1501, 574, 774, 1426, 1434, 606, 1356, 1513]","[""session_time_linear"", ""session_time_quadratic"", ""image_identity:im115_r-1.0"", ""eventual_response_in_window"", ""eventual_response_latency"", ""response_latency_missing""]"
engaged_2,18,24,24,0.06275015841535259,0.04454674236979761,-0.018203416045554976,0.041273862888002166,-0.02147629552735042,0.003272879481795443,"[[100.0, 100.0, 8], [100.0, 100.0, 8], [100.0, 100.0, 1], [100.0, 100.0, 1]]","[[100.0, 100.0, 8], [100.0, 100.0, 8], [100.0, 100.0, 1], [100.0, 100.0, 1]]",pass,https://dandiarchive.s3.amazonaws.com/blobs/fe0/9ba/fe09ba54-89e9-4b73-bf95-5127c2ee2ad9,615048,1197514969,Isocortex,HPF,"[1892, 637, 1897, 326, 1889, 1890, 640, 1594, 1065, 2310, 1032, 1084, 242, 231, 647, 646, 739, 732, 1086, 322, 1900, 2431, 1951, 318]","[1432, 576, 567, 1532, 1429, 1393, 614, 580, 554, 597, 1366, 1410, 1457, 632, 1427, 1481, 1501, 574, 774, 1426, 1434, 606, 1356, 1513]","[""session_time_linear"", ""session_time_quadratic"", ""image_identity:im115_r-1.0"", ""eventual_response_in_window"", ""eventual_response_latency"", ""response_latency_missing""]"
no_reward,18,24,24,0.09688357696862071,0.07719683064715033,-0.019686746321470383,0.07912196841836372,-0.01776160855025699,-0.0019251377712133921,"[[100.0, 100.0, 4], [100.0, 100.0, 2], [100.0, 100.0, 1], [100.0, 100.0, 1]]","[[100.0, 100.0, 4], [100.0, 100.0, 2], [100.0, 100.0, 1], [100.0, 100.0, 1]]",pass,https://dandiarchive.s3.amazonaws.com/blobs/fe0/9ba/fe09ba54-89e9-4b73-bf95-5127c2ee2ad9,615048,1197514969,Isocortex,HPF,"[1892, 637, 1897, 326, 1889, 1890, 640, 1594, 1065, 2310, 1032, 1084, 242, 231, 647, 646, 739, 732, 1086, 322, 1900, 2431, 1951, 318]","[1432, 576, 567, 1532, 1429, 1393, 614, 580, 554, 597, 1366, 1410, 1457, 632, 1427, 1481, 1501, 574, 774, 1426, 1434, 606, 1356, 1513]","[""session_time_linear"", ""session_time_quadratic"", ""image_identity:im115_r-1.0"", ""eventual_response_in_window"", ""eventual_response_latency"", ""response_latency_missing""]"
engaged_1,16,24,24,0.030524570939346796,0.007992167121510185,-0.02253240381783661,0.023151009698314295,-0.0073735612410325,-0.01515884257680411,"[[100.0, 100.0, 1], [100.0, 100.0, 1], [100.0, 100.0, 8], [100.0, 100.0, 1]]","[[100.0, 100.0, 1], [100.0, 100.0, 1], [100.0, 100.0, 8], [100.0, 100.0, 1]]",pass,https://dandiarchive.s3.amazonaws.com/blobs/3ae/b2f/3aeb2f0d-c1c1-4b50-964b-61caffa07ee9,615564,1198796984,Isocortex,HPF,"[129, 1589, 1577, 1586, 1580, 1581, 99, 1247, 1540, 1198, 1527, 806, 1598, 66, 128, 1575, 844, 49, 1544, 849, 1348, 828, 422, 101]","[1157, 1154, 378, 1113, 1117, 798, 1061, 799, 316, 1184, 767, 1176, 337, 365, 377, 787, 783, 322, 1151, 1162, 1436, 1183, 373, 1178]","[""session_time_linear"", ""session_time_quadratic"", ""image_identity:im115_r-1.0"", ""eventual_response_in_window"", ""eventual_response_latency"", ""response_latency_missing""]"
engaged_2,16,24,24,0.019167970937557843,0.015927772370898707,-0.003240198566659136,0.021718399635357155,0.002550428697799312,-0.005790627264458448,"[[100.0, 100.0, 1], [100.0, 100.0, 8], [100.0, 100.0, 2], [100.0, 100.0, 1]]","[[100.0, 100.0, 1], [100.0, 100.0, 8], [100.0, 100.0, 2], [100.0, 100.0, 1]]",pass,https://dandiarchive.s3.amazonaws.com/blobs/3ae/b2f/3aeb2f0d-c1c1-4b50-964b-61caffa07ee9,615564,1198796984,Isocortex,HPF,"[129, 1589, 1577, 1586, 1580, 1581, 99, 1247, 1540, 1198, 1527, 806, 1598, 66, 128, 1575, 844, 49, 1544, 849, 1348, 828, 422, 101]","[1157, 1154, 378, 1113, 1117, 798, 1061, 799, 316, 1184, 767, 1176, 337, 365, 377, 787, 783, 322, 1151, 1162, 1436, 1183, 373, 1178]","[""session_time_linear"", ""session_time_quadratic"", ""image_identity:im115_r-1.0"", ""eventual_response_in_window"", ""eventual_response_latency"", ""response_latency_missing""]"
no_reward,16,24,24,-0.017223523073641056,-0.18223763125170667,-0.1650141081780656,-0.3295139449847728,-0.31229042191113177,0.14727631373306616,"[[100.0, 100.0, 1], [100.0, 100.0, 8], [100.0, 100.0, 2], [100.0, 0.1, 2]]","[[100.0, 100.0, 1], [100.0, 100.0, 8], [100.0, 100.0, 2], [100.0, 0.1, 2]]",pass,https://dandiarchive.s3.amazonaws.com/blobs/3ae/b2f/3aeb2f0d-c1c1-4b50-964b-61caffa07ee9,615564,1198796984,Isocortex,HPF,"[129, 1589, 1577, 1586, 1580, 1581, 99, 1247, 1540, 1198, 1527, 806, 1598, 66, 128, 1575, 844, 49, 1544, 849, 1348, 828, 422, 101]","[1157, 1154, 378, 1113, 1117, 798, 1061, 799, 316, 1184, 767, 1176, 337, 365, 377, 787, 783, 322, 1151, 1162, 1436, 1183, 373, 1178]","[""session_time_linear"", ""session_time_quadratic"", ""image_identity:im115_r-1.0"", ""eventual_response_in_window"", ""eventual_response_latency"", ""response_latency_missing""]"
engaged_1,17,24,24,-0.006229366013332127,-0.0377766622621607,-0.03154729624882857,-0.020809862608681673,-0.014580496595349546,-0.016966799653479026,"[[100.0, 1.0, 1], [100.0, 100.0, 8], [100.0, 100.0, 8], [100.0, 10.0, 1]]","[[100.0, 1.0, 1], [100.0, 100.0, 8], [100.0, 100.0, 8], [100.0, 10.0, 1]]",pass,https://dandiarchive.s3.amazonaws.com/blobs/635/68b/63568b8b-5957-4045-b90d-d75108909249,615564,1198995158,Isocortex,HPF,"[1843, 2375, 1790, 698, 2274, 2403, 1877, 2382, 1847, 683, 1844, 2469, 2342, 112, 1450, 2476, 1836, 696, 1806, 674, 1446, 2432, 1441, 2453]","[611, 551, 1682, 1598, 1697, 609, 1659, 1744, 1736, 1720, 555, 544, 1651, 1644, 1649, 605, 597, 1641, 1657, 1660, 607, 547, 1375, 1645]","[""session_time_linear"", ""session_time_quadratic"", ""image_identity:im115_r-1.0"", ""eventual_response_in_window"", ""eventual_response_latency"", ""response_latency_missing""]"
engaged_2,17,24,24,0.03834057312659689,0.014117255098624937,-0.024223318027971952,0.020747739420277855,-0.017592833706319033,-0.006630484321652919,"[[100.0, 10.0, 2], [100.0, 10.0, 2], [100.0, 100.0, 1], [100.0, 100.0, 1]]","[[100.0, 10.0, 2], [100.0, 10.0, 2], [100.0, 100.0, 1], [100.0, 100.0, 1]]",pass,https://dandiarchive.s3.amazonaws.com/blobs/635/68b/63568b8b-5957-4045-b90d-d75108909249,615564,1198995158,Isocortex,HPF,"[1843, 2375, 1790, 698, 2274, 2403, 1877, 2382, 1847, 683, 1844, 2469, 2342, 112, 1450, 2476, 1836, 696, 1806, 674, 1446, 2432, 1441, 2453]","[611, 551, 1682, 1598, 1697, 609, 1659, 1744, 1736, 1720, 555, 544, 1651, 1644, 1649, 605, 597, 1641, 1657, 1660, 607, 547, 1375, 1645]","[""session_time_linear"", ""session_time_quadratic"", ""image_identity:im115_r-1.0"", ""eventual_response_in_window"", ""eventual_response_latency"", ""response_latency_missing""]"
no_reward,17,24,24,0.03046515219434409,0.03036624012807021,-0.00009891206627388183,0.025670531776562644,-0.004794620417781448,0.004695708351507566,"[[100.0, 100.0, 1], [100.0, 100.0, 2], [100.0, 100.0, 8], [100.0, 100.0, 4]]","[[100.0, 100.0, 1], [100.0, 100.0, 2], [100.0, 100.0, 8], [100.0, 100.0, 4]]",pass,https://dandiarchive.s3.amazonaws.com/blobs/635/68b/63568b8b-5957-4045-b90d-d75108909249,615564,1198995158,Isocortex,HPF,"[1843, 2375, 1790, 698, 2274, 2403, 1877, 2382, 1847, 683, 1844, 2469, 2342, 112, 1450, 2476, 1836, 696, 1806, 674, 1446, 2432, 1441, 2453]","[611, 551, 1682, 1598, 1697, 609, 1659, 1744, 1736, 1720, 555, 544, 1651, 1644, 1649, 605, 597, 1641, 1657, 1660, 607, 547, 1375, 1645]","[""session_time_linear"", ""session_time_quadratic"", ""image_identity:im115_r-1.0"", ""eventual_response_in_window"", ""eventual_response_latency"", ""response_latency_missing""]"
engaged_1,12,24,24,0.06508148259266366,0.0528181694587051,-0.012263313133958564,0.04825460648004698,-0.016826876112616684,0.00456356297865812,"[[100.0, 100.0, 1], [100.0, 100.0, 1], [100.0, 100.0, 2], [100.0, 100.0, 2]]","[[100.0, 100.0, 1], [100.0, 100.0, 1], [100.0, 100.0, 2], [100.0, 100.0, 2]]",pass,https://dandiarchive.s3.amazonaws.com/blobs/9ae/cb7/9aecb778-a5a0-4554-8b06-3af01005fea5,623319,1209073822,Isocortex,HPF,"[883, 1467, 2028, 2079, 1472, 455, 1463, 2092, 2201, 1955, 425, 2034, 1433, 437, 1456, 457, 451, 1461, 2158, 450, 2125, 2084, 1475, 2193]","[328, 1373, 325, 1361, 322, 1420, 362, 356, 388, 1410, 1346, 1376, 1411, 1369, 372, 376, 1343, 1395, 338, 354, 308, 307, 303, 1393]","[""session_time_linear"", ""session_time_quadratic"", ""image_identity:im115_r-1.0"", ""eventual_response_in_window"", ""eventual_response_latency"", ""response_latency_missing""]"
engaged_2,12,24,24,-0.019994329089299434,-0.014718581915702966,0.005275747173596468,-0.04799795058373513,-0.028003621494435693,0.03327936866803216,"[[100.0, 100.0, 1], [100.0, 100.0, 4], [100.0, 100.0, 8], [100.0, 1.0, 1]]","[[100.0, 100.0, 1], [100.0, 100.0, 4], [100.0, 100.0, 8], [100.0, 1.0, 1]]",pass,https://dandiarchive.s3.amazonaws.com/blobs/9ae/cb7/9aecb778-a5a0-4554-8b06-3af01005fea5,623319,1209073822,Isocortex,HPF,"[883, 1467, 2028, 2079, 1472, 455, 1463, 2092, 2201, 1955, 425, 2034, 1433, 437, 1456, 457, 451, 1461, 2158, 450, 2125, 2084, 1475, 2193]","[328, 1373, 325, 1361, 322, 1420, 362, 356, 388, 1410, 1346, 1376, 1411, 1369, 372, 376, 1343, 1395, 338, 354, 308, 307, 303, 1393]","[""session_time_linear"", ""session_time_quadratic"", ""image_identity:im115_r-1.0"", ""eventual_response_in_window"", ""eventual_response_latency"", ""response_latency_missing""]"
no_reward,12,24,24,-0.021018813061545183,-0.011209237310494835,0.009809575751050348,-0.06628518880342615,-0.04526637574188097,0.05507595149293132,"[[100.0, 10.0, 4], [100.0, 100.0, 8], [100.0, 10.0, 8], [100.0, 1.0, 1]]","[[100.0, 10.0, 4], [100.0, 100.0, 8], [100.0, 10.0, 8], [100.0, 1.0, 1]]",pass,https://dandiarchive.s3.amazonaws.com/blobs/9ae/cb7/9aecb778-a5a0-4554-8b06-3af01005fea5,623319,1209073822,Isocortex,HPF,"[883, 1467, 2028, 2079, 1472, 455, 1463, 2092, 2201, 1955, 425, 2034, 1433, 437, 1456, 457, 451, 1461, 2158, 450, 2125, 2084, 1475, 2193]","[328, 1373, 325, 1361, 322, 1420, 362, 356, 388, 1410, 1346, 1376, 1411, 1369, 372, 376, 1343, 1395, 338, 354, 308, 307, 303, 1393]","[""session_time_linear"", ""session_time_quadratic"", ""image_identity:im115_r-1.0"", ""eventual_response_in_window"", ""eventual_response_latency"", ""response_latency_missing""]"
engaged_1,21,24,24,0.027549389922874035,0.019317262510262112,-0.008232127412611923,0.03351957245619486,0.0059701825333208225,-0.014202309945932745,"[[100.0, 100.0, 1], [100.0, 100.0, 1], [100.0, 100.0, 1], [100.0, 100.0, 8]]","[[100.0, 100.0, 1], [100.0, 100.0, 1], [100.0, 100.0, 1], [100.0, 100.0, 8]]",pass,https://dandiarchive.s3.amazonaws.com/blobs/3d6/dc4/3d6dc44c-8001-467b-be23-96ba4b22da97,623322,1200659846,Isocortex,HPF,"[1443, 1426, 514, 543, 1946, 500, 1439, 179, 154, 588, 1457, 1452, 1883, 1878, 168, 182, 134, 1074, 1480, 150, 1447, 151, 1484, 1893]","[1190, 900, 910, 318, 905, 889, 943, 955, 1188, 989, 1212, 1367, 921, 888, 1195, 368, 421, 1006, 877, 349, 1382, 1010, 319, 911]","[""session_time_linear"", ""session_time_quadratic"", ""image_identity:im115_r-1.0"", ""eventual_response_in_window"", ""eventual_response_latency"", ""response_latency_missing""]"
engaged_2,21,24,24,0.03483257838049114,0.04329012392441567,0.008457545543924527,0.017090022935508653,-0.01774255544498249,0.026200100988907016,"[[100.0, 100.0, 2], [100.0, 100.0, 4], [100.0, 10.0, 1], [100.0, 100.0, 2]]","[[100.0, 100.0, 2], [100.0, 100.0, 4], [100.0, 10.0, 1], [100.0, 100.0, 2]]",pass,https://dandiarchive.s3.amazonaws.com/blobs/3d6/dc4/3d6dc44c-8001-467b-be23-96ba4b22da97,623322,1200659846,Isocortex,HPF,"[1443, 1426, 514, 543, 1946, 500, 1439, 179, 154, 588, 1457, 1452, 1883, 1878, 168, 182, 134, 1074, 1480, 150, 1447, 151, 1484, 1893]","[1190, 900, 910, 318, 905, 889, 943, 955, 1188, 989, 1212, 1367, 921, 888, 1195, 368, 421, 1006, 877, 349, 1382, 1010, 319, 911]","[""session_time_linear"", ""session_time_quadratic"", ""image_identity:im115_r-1.0"", ""eventual_response_in_window"", ""eventual_response_latency"", ""response_latency_missing""]"
no_reward,21,24,24,0.0912094031866344,0.07796764736078832,-0.01324175582584608,0.06636647422705777,-0.024842928959576627,0.011601173133730547,"[[100.0, 100.0, 4], [100.0, 100.0, 2], [100.0, 100.0, 1], [100.0, 100.0, 8]]","[[100.0, 100.0, 4], [100.0, 100.0, 2], [100.0, 100.0, 1], [100.0, 100.0, 8]]",pass,https://dandiarchive.s3.amazonaws.com/blobs/3d6/dc4/3d6dc44c-8001-467b-be23-96ba4b22da97,623322,1200659846,Isocortex,HPF,"[1443, 1426, 514, 543, 1946, 500, 1439, 179, 154, 588, 1457, 1452, 1883, 1878, 168, 182, 134, 1074, 1480, 150, 1447, 151, 1484, 1893]","[1190, 900, 910, 318, 905, 889, 943, 955, 1188, 989, 1212, 1367, 921, 888, 1195, 368, 421, 1006, 877, 349, 1382, 1010, 319, 911]","[""session_time_linear"", ""session_time_quadratic"", ""image_identity:im115_r-1.0"", ""eventual_response_in_window"", ""eventual_response_latency"", ""response_latency_missing""]"
engaged_1,22,24,24,0.02093416073626675,0.01571745412651948,-0.005216706609747268,0.014520036454064522,-0.006414124282202227,0.001197417672454959,"[[100.0, 100.0, 1], [100.0, 100.0, 1], [100.0, 100.0, 1], [100.0, 100.0, 1]]","[[100.0, 100.0, 1], [100.0, 100.0, 1], [100.0, 100.0, 1], [100.0, 100.0, 1]]",pass,https://dandiarchive.s3.amazonaws.com/blobs/5d9/4f7/5d94f7f7-daa2-4d2d-93a5-1bd2bc02e141,623322,1200471383,Isocortex,HPF,"[293, 1737, 1269, 1785, 1461, 759, 1295, 1444, 48, 394, 1726, 54, 13, 1497, 330, 1733, 74, 1433, 103, 386, 784, 80, 756, 1793]","[1122, 260, 1119, 666, 252, 1117, 1085, 278, 1045, 1203, 1176, 734, 253, 673, 1078, 674, 1118, 648, 947, 1092, 1112, 1061, 637, 1157]","[""session_time_linear"", ""session_time_quadratic"", ""image_identity:im115_r-1.0"", ""eventual_response_in_window"", ""eventual_response_latency"", ""response_latency_missing""]"
engaged_2,22,24,24,0.04855095894831529,0.020622780997545664,-0.027928177950769628,0.056086405268386486,0.007535446320071193,-0.03546362427084082,"[[100.0, 100.0, 1], [100.0, 100.0, 1], [100.0, 100.0, 4], [100.0, 10.0, 1]]","[[100.0, 100.0, 1], [100.0, 100.0, 1], [100.0, 100.0, 4], [100.0, 10.0, 1]]",pass,https://dandiarchive.s3.amazonaws.com/blobs/5d9/4f7/5d94f7f7-daa2-4d2d-93a5-1bd2bc02e141,623322,1200471383,Isocortex,HPF,"[293, 1737, 1269, 1785, 1461, 759, 1295, 1444, 48, 394, 1726, 54, 13, 1497, 330, 1733, 74, 1433, 103, 386, 784, 80, 756, 1793]","[1122, 260, 1119, 666, 252, 1117, 1085, 278, 1045, 1203, 1176, 734, 253, 673, 1078, 674, 1118, 648, 947, 1092, 1112, 1061, 637, 1157]","[""session_time_linear"", ""session_time_quadratic"", ""image_identity:im115_r-1.0"", ""eventual_response_in_window"", ""eventual_response_latency"", ""response_latency_missing""]"
no_reward,22,24,24,0.0331876258094157,0.04089965089612346,0.007712025086707763,0.025531041650652786,-0.0076565841587629135,0.015368609245470677,"[[100.0, 100.0, 2], [100.0, 100.0, 1], [100.0, 100.0, 4], [100.0, 100.0, 4]]","[[100.0, 100.0, 2], [100.0, 100.0, 1], [100.0, 100.0, 4], [100.0, 100.0, 4]]",pass,https://dandiarchive.s3.amazonaws.com/blobs/5d9/4f7/5d94f7f7-daa2-4d2d-93a5-1bd2bc02e141,623322,1200471383,Isocortex,HPF,"[293, 1737, 1269, 1785, 1461, 759, 1295, 1444, 48, 394, 1726, 54, 13, 1497, 330, 1733, 74, 1433, 103, 386, 784, 80, 756, 1793]","[1122, 260, 1119, 666, 252, 1117, 1085, 278, 1045, 1203, 1176, 734, 253, 673, 1078, 674, 1118, 648, 947, 1092, 1112, 1061, 637, 1157]","[""session_time_linear"", ""session_time_quadratic"", ""image_identity:im115_r-1.0"", ""eventual_response_in_window"", ""eventual_response_latency"", ""response_latency_missing""]"
engaged_1,24,24,24,0.02110814665956462,0.003653655388055954,-0.017454491271508665,0.019486867349756576,-0.0016212793098080436,-0.01583321196170062,"[[100.0, 100.0, 1], [100.0, 100.0, 2], [100.0, 100.0, 8], [100.0, 100.0, 8]]","[[100.0, 100.0, 1], [100.0, 100.0, 2], [100.0, 100.0, 8], [100.0, 100.0, 8]]",pass,https://dandiarchive.s3.amazonaws.com/blobs/d0e/7e5/d0e7e549-f015-47fe-baa5-db8170c52771,623322,1200878248,Isocortex,HPF,"[1287, 1314, 1298, 1689, 1398, 1610, 1130, 1661, 1664, 1415, 1305, 1374, 82, 650, 1364, 1097, 1537, 1367, 1356, 1292, 1695, 1377, 1584, 77]","[534, 981, 933, 212, 514, 961, 241, 1063, 1036, 557, 235, 968, 598, 950, 1005, 1067, 247, 477, 585, 1208, 1044, 533, 487, 770]","[""session_time_linear"", ""session_time_quadratic"", ""image_identity:im115_r-1.0"", ""eventual_response_in_window"", ""eventual_response_latency"", ""response_latency_missing""]"
engaged_2,24,24,24,-0.0855480719809516,-0.08488052044593264,0.000667551535018962,-0.08674907011028732,-0.0012009981293357175,0.0018685496643546795,"[[0.1, 0.1, 2], [0.1, 0.1, 8], [100.0, 10.0, 4], [100.0, 10.0, 4]]","[[0.1, 0.1, 2], [0.1, 0.1, 8], [100.0, 10.0, 4], [100.0, 10.0, 4]]",pass,https://dandiarchive.s3.amazonaws.com/blobs/d0e/7e5/d0e7e549-f015-47fe-baa5-db8170c52771,623322,1200878248,Isocortex,HPF,"[1287, 1314, 1298, 1689, 1398, 1610, 1130, 1661, 1664, 1415, 1305, 1374, 82, 650, 1364, 1097, 1537, 1367, 1356, 1292, 1695, 1377, 1584, 77]","[534, 981, 933, 212, 514, 961, 241, 1063, 1036, 557, 235, 968, 598, 950, 1005, 1067, 247, 477, 585, 1208, 1044, 533, 487, 770]","[""session_time_linear"", ""session_time_quadratic"", ""image_identity:im115_r-1.0"", ""eventual_response_in_window"", ""eventual_response_latency"", ""response_latency_missing""]"
no_reward,24,24,24,0.03860628786182352,0.04048849499114826,0.0018822071293247422,0.02785268512094119,-0.010753602740882329,0.012635809870207071,"[[100.0, 100.0, 4], [100.0, 10.0, 1], [100.0, 100.0, 1], [100.0, 100.0, 1]]","[[100.0, 100.0, 4], [100.0, 10.0, 1], [100.0, 100.0, 1], [100.0, 100.0, 1]]",pass,https://dandiarchive.s3.amazonaws.com/blobs/d0e/7e5/d0e7e549-f015-47fe-baa5-db8170c52771,623322,1200878248,Isocortex,HPF,"[1287, 1314, 1298, 1689, 1398, 1610, 1130, 1661, 1664, 1415, 1305, 1374, 82, 650, 1364, 1097, 1537, 1367, 1356, 1292, 1695, 1377, 1584, 77]","[534, 981, 933, 212, 514, 961, 241, 1063, 1036, 557, 235, 968, 598, 950, 1005, 1067, 247, 477, 585, 1208, 1044, 533, 487, 770]","[""session_time_linear"", ""session_time_quadratic"", ""image_identity:im115_r-1.0"", ""eventual_response_in_window"", ""eventual_response_latency"", ""response_latency_missing""]"
engaged_1,21,24,24,0.03328886501021344,0.024826480434223197,-0.008462384575990245,0.02396201944814358,-0.009326845562069863,0.0008644609860796182,"[[100.0, 100.0, 1], [100.0, 100.0, 1], [100.0, 100.0, 8], [100.0, 100.0, 1]]","[[100.0, 100.0, 1], [100.0, 100.0, 1], [100.0, 100.0, 8], [100.0, 100.0, 1]]",pass,https://dandiarchive.s3.amazonaws.com/blobs/4bd/cd2/4bdcd217-633c-4841-a9b1-208c117f5ea3,626279,1214217748,Isocortex,HPF,"[1402, 144, 947, 547, 1739, 441, 93, 1723, 460, 2100, 1803, 944, 955, 1636, 497, 1706, 1665, 1045, 1014, 1752, 2063, 1412, 156, 163]","[1278, 1316, 899, 1297, 897, 790, 903, 1287, 913, 870, 871, 860, 849, 1289, 904, 894, 55, 794, 921, 912, 1382, 52, 789, 867]","[""session_time_linear"", ""session_time_quadratic"", ""image_identity:im115_r-1.0"", ""eventual_response_in_window"", ""eventual_response_latency"", ""response_latency_missing""]"
engaged_2,21,24,24,0.0319703565611682,0.026215727891394702,-0.005754628669773498,0.022600428676673,-0.0093699278844952,0.003615299214721701,"[[100.0, 100.0, 1], [100.0, 100.0, 2], [100.0, 100.0, 8], [100.0, 100.0, 1]]","[[100.0, 100.0, 1], [100.0, 100.0, 2], [100.0, 100.0, 8], [100.0, 100.0, 1]]",pass,https://dandiarchive.s3.amazonaws.com/blobs/4bd/cd2/4bdcd217-633c-4841-a9b1-208c117f5ea3,626279,1214217748,Isocortex,HPF,"[1402, 144, 947, 547, 1739, 441, 93, 1723, 460, 2100, 1803, 944, 955, 1636, 497, 1706, 1665, 1045, 1014, 1752, 2063, 1412, 156, 163]","[1278, 1316, 899, 1297, 897, 790, 903, 1287, 913, 870, 871, 860, 849, 1289, 904, 894, 55, 794, 921, 912, 1382, 52, 789, 867]","[""session_time_linear"", ""session_time_quadratic"", ""image_identity:im115_r-1.0"", ""eventual_response_in_window"", ""eventual_response_latency"", ""response_latency_missing""]"
no_reward,21,24,24,-0.05924229969668349,-0.017286173615420175,0.04195612608126331,-0.05580471767093398,0.0034375820257495082,0.038518544055513804,"[[100.0, 100.0, 8], [100.0, 100.0, 8], [100.0, 100.0, 8], [100.0, 100.0, 8]]","[[100.0, 100.0, 8], [100.0, 100.0, 8], [100.0, 100.0, 8], [100.0, 100.0, 8]]",pass,https://dandiarchive.s3.amazonaws.com/blobs/4bd/cd2/4bdcd217-633c-4841-a9b1-208c117f5ea3,626279,1214217748,Isocortex,HPF,"[1402, 144, 947, 547, 1739, 441, 93, 1723, 460, 2100, 1803, 944, 955, 1636, 497, 1706, 1665, 1045, 1014, 1752, 2063, 1412, 156, 163]","[1278, 1316, 899, 1297, 897, 790, 903, 1287, 913, 870, 871, 860, 849, 1289, 904, 894, 55, 794, 921, 912, 1382, 52, 789, 867]","[""session_time_linear"", ""session_time_quadratic"", ""image_identity:im115_r-1.0"", ""eventual_response_in_window"", ""eventual_response_latency"", ""response_latency_missing""]"
engaged_1,14,24,24,0.005678359878535932,-0.0015806657147043879,-0.00725902559324032,-0.023526939221862886,-0.02920529910039882,0.021946273507158498,"[[100.0, 100.0, 8], [100.0, 100.0, 8], [100.0, 10.0, 4], [100.0, 100.0, 8]]","[[100.0, 100.0, 8], [100.0, 100.0, 8], [100.0, 10.0, 4], [100.0, 100.0, 8]]",pass,https://dandiarchive.s3.amazonaws.com/blobs/8bb/124/8bb12481-57e1-4f9d-95f0-c2ec49f2e338,632295,1218795542,Isocortex,HPF,"[1631, 1088, 773, 480, 710, 717, 2045, 483, 2192, 454, 1127, 69, 2122, 731, 1100, 1098, 1109, 1157, 1158, 1102, 2161, 736, 1699, 492]","[1564, 1536, 1057, 1025, 1509, 1468, 980, 1457, 954, 975, 996, 1485, 1437, 955, 1438, 1029, 1016, 1043, 1034, 1549, 952, 1557, 1535, 1030]","[""session_time_linear"", ""session_time_quadratic"", ""image_identity:im115_r-1.0"", ""eventual_response_in_window"", ""eventual_response_latency"", ""response_latency_missing""]"
engaged_2,14,24,24,0.0013187868267405811,-0.0022620673663216184,-0.0035808541930621995,-0.015674181281598365,-0.016992968108338946,0.013412113915276747,"[[100.0, 10.0, 1], [100.0, 100.0, 1], [100.0, 100.0, 2], [100.0, 100.0, 1]]","[[100.0, 10.0, 1], [100.0, 100.0, 1], [100.0, 100.0, 2], [100.0, 100.0, 1]]",pass,https://dandiarchive.s3.amazonaws.com/blobs/8bb/124/8bb12481-57e1-4f9d-95f0-c2ec49f2e338,632295,1218795542,Isocortex,HPF,"[1631, 1088, 773, 480, 710, 717, 2045, 483, 2192, 454, 1127, 69, 2122, 731, 1100, 1098, 1109, 1157, 1158, 1102, 2161, 736, 1699, 492]","[1564, 1536, 1057, 1025, 1509, 1468, 980, 1457, 954, 975, 996, 1485, 1437, 955, 1438, 1029, 1016, 1043, 1034, 1549, 952, 1557, 1535, 1030]","[""session_time_linear"", ""session_time_quadratic"", ""image_identity:im115_r-1.0"", ""eventual_response_in_window"", ""eventual_response_latency"", ""response_latency_missing""]"
no_reward,14,24,24,-0.0090152827026313,-0.04097832605180041,-0.03196304334916911,-0.04075419520636325,-0.03173891250373195,-0.00022413084543715378,"[[100.0, 10.0, 1], [100.0, 10.0, 1], [100.0, 100.0, 1], [100.0, 100.0, 1]]","[[100.0, 10.0, 1], [100.0, 10.0, 1], [100.0, 100.0, 1], [100.0, 100.0, 1]]",pass,https://dandiarchive.s3.amazonaws.com/blobs/8bb/124/8bb12481-57e1-4f9d-95f0-c2ec49f2e338,632295,1218795542,Isocortex,HPF,"[1631, 1088, 773, 480, 710, 717, 2045, 483, 2192, 454, 1127, 69, 2122, 731, 1100, 1098, 1109, 1157, 1158, 1102, 2161, 736, 1699, 492]","[1564, 1536, 1057, 1025, 1509, 1468, 980, 1457, 954, 975, 996, 1485, 1437, 955, 1438, 1029, 1016, 1043, 1034, 1549, 952, 1557, 1535, 1030]","[""session_time_linear"", ""session_time_quadratic"", ""image_identity:im115_r-1.0"", ""eventual_response_in_window"", ""eventual_response_latency"", ""response_latency_missing""]"
engaged_1,12,24,24,0.04643203242255389,0.031027552589686258,-0.015404479832867635,0.04737750802231633,0.0009454755997624353,-0.01634995543263007,"[[100.0, 100.0, 8], [100.0, 100.0, 2], [100.0, 100.0, 8], [100.0, 100.0, 1]]","[[100.0, 100.0, 8], [100.0, 100.0, 2], [100.0, 100.0, 8], [100.0, 100.0, 1]]",pass,https://dandiarchive.s3.amazonaws.com/blobs/db1/7c5/db17c503-6c6e-44c4-921f-4b0ddfa6dbdb,632295,1219127153,Isocortex,HPF,"[1552, 130, 352, 1152, 888, 98, 866, 386, 1182, 877, 864, 852, 1190, 1196, 337, 1551, 117, 1508, 907, 1238, 906, 1183, 922, 149]","[316, 47, 58, 49, 772, 63, 722, 78, 728, 771, 50, 812, 721, 45, 801, 770, 744, 805, 72, 719, 283, 67, 83, 798]","[""session_time_linear"", ""session_time_quadratic"", ""image_identity:im115_r-1.0"", ""eventual_response_in_window"", ""eventual_response_latency"", ""response_latency_missing""]"
engaged_2,12,24,24,0.03602072595784778,0.03434989221942175,-0.0016708337384260252,0.03610880556056317,0.00008807960271539628,-0.0017589133411414215,"[[100.0, 100.0, 8], [100.0, 100.0, 1], [100.0, 100.0, 1], [100.0, 100.0, 1]]","[[100.0, 100.0, 8], [100.0, 100.0, 1], [100.0, 100.0, 1], [100.0, 100.0, 1]]",pass,https://dandiarchive.s3.amazonaws.com/blobs/db1/7c5/db17c503-6c6e-44c4-921f-4b0ddfa6dbdb,632295,1219127153,Isocortex,HPF,"[1552, 130, 352, 1152, 888, 98, 866, 386, 1182, 877, 864, 852, 1190, 1196, 337, 1551, 117, 1508, 907, 1238, 906, 1183, 922, 149]","[316, 47, 58, 49, 772, 63, 722, 78, 728, 771, 50, 812, 721, 45, 801, 770, 744, 805, 72, 719, 283, 67, 83, 798]","[""session_time_linear"", ""session_time_quadratic"", ""image_identity:im115_r-1.0"", ""eventual_response_in_window"", ""eventual_response_latency"", ""response_latency_missing""]"
no_reward,12,24,24,0.07544276532480876,0.0767492359733366,0.0013064706485278466,0.07329494251520885,-0.0021478228095999086,0.003454293458127755,"[[100.0, 100.0, 4], [100.0, 100.0, 1], [100.0, 10.0, 2], [100.0, 100.0, 1]]","[[100.0, 100.0, 4], [100.0, 100.0, 1], [100.0, 10.0, 2], [100.0, 100.0, 1]]",pass,https://dandiarchive.s3.amazonaws.com/blobs/db1/7c5/db17c503-6c6e-44c4-921f-4b0ddfa6dbdb,632295,1219127153,Isocortex,HPF,"[1552, 130, 352, 1152, 888, 98, 866, 386, 1182, 877, 864, 852, 1190, 1196, 337, 1551, 117, 1508, 907, 1238, 906, 1183, 922, 149]","[316, 47, 58, 49, 772, 63, 722, 78, 728, 771, 50, 812, 721, 45, 801, 770, 744, 805, 72, 719, 283, 67, 83, 798]","[""session_time_linear"", ""session_time_quadratic"", ""image_identity:im115_r-1.0"", ""eventual_response_in_window"", ""eventual_response_latency"", ""response_latency_missing""]"
engaged_1,21,24,24,0.00548187732992933,0.0005127196082841401,-0.00496915772164519,0.009691501451557838,0.004209624121628508,-0.009178781843273698,"[[100.0, 100.0, 8], [100.0, 100.0, 1], [100.0, 100.0, 8], [100.0, 100.0, 1]]","[[100.0, 100.0, 8], [100.0, 100.0, 1], [100.0, 100.0, 8], [100.0, 100.0, 1]]",pass,https://dandiarchive.s3.amazonaws.com/blobs/d8b/8a9/d8b8a9fb-eda0-459f-a722-60a69961c992,638387,1229654875,Isocortex,HPF,"[153, 1559, 425, 848, 333, 147, 820, 1542, 1144, 271, 340, 1146, 811, 765, 159, 1561, 1745, 1126, 381, 1138, 393, 808, 800, 1736]","[1097, 1228, 1042, 1055, 1078, 1058, 1098, 1046, 1101, 1045, 1047, 1090, 1073, 1092, 1227, 1091, 1095, 1233, 1039, 1074, 1225, 1076, 1223, 1079]","[""session_time_linear"", ""session_time_quadratic"", ""image_identity:im115_r-1.0"", ""eventual_response_in_window"", ""eventual_response_latency"", ""response_latency_missing""]"
engaged_2,21,24,24,0.0084276382832843,-0.014449250718127526,-0.022876889001411826,0.004745770898675783,-0.003681867384608517,-0.01919502161680331,"[[100.0, 10.0, 2], [100.0, 100.0, 1], [100.0, 100.0, 8], [100.0, 100.0, 2]]","[[100.0, 10.0, 2], [100.0, 100.0, 1], [100.0, 100.0, 8], [100.0, 100.0, 2]]",pass,https://dandiarchive.s3.amazonaws.com/blobs/d8b/8a9/d8b8a9fb-eda0-459f-a722-60a69961c992,638387,1229654875,Isocortex,HPF,"[153, 1559, 425, 848, 333, 147, 820, 1542, 1144, 271, 340, 1146, 811, 765, 159, 1561, 1745, 1126, 381, 1138, 393, 808, 800, 1736]","[1097, 1228, 1042, 1055, 1078, 1058, 1098, 1046, 1101, 1045, 1047, 1090, 1073, 1092, 1227, 1091, 1095, 1233, 1039, 1074, 1225, 1076, 1223, 1079]","[""session_time_linear"", ""session_time_quadratic"", ""image_identity:im115_r-1.0"", ""eventual_response_in_window"", ""eventual_response_latency"", ""response_latency_missing""]"
no_reward,21,24,24,0.04630107125414362,0.041432383221596814,-0.0048686880325468085,0.03462823887118771,-0.011672832382955911,0.006804144350409103,"[[100.0, 100.0, 1], [100.0, 1.0, 1], [100.0, 100.0, 4], [100.0, 100.0, 1]]","[[100.0, 100.0, 1], [100.0, 1.0, 1], [100.0, 100.0, 4], [100.0, 100.0, 1]]",pass,https://dandiarchive.s3.amazonaws.com/blobs/d8b/8a9/d8b8a9fb-eda0-459f-a722-60a69961c992,638387,1229654875,Isocortex,HPF,"[153, 1559, 425, 848, 333, 147, 820, 1542, 1144, 271, 340, 1146, 811, 765, 159, 1561, 1745, 1126, 381, 1138, 393, 808, 800, 1736]","[1097, 1228, 1042, 1055, 1078, 1058, 1098, 1046, 1101, 1045, 1047, 1090, 1073, 1092, 1227, 1091, 1095, 1233, 1039, 1074, 1225, 1076, 1223, 1079]","[""session_time_linear"", ""session_time_quadratic"", ""image_identity:im115_r-1.0"", ""eventual_response_in_window"", ""eventual_response_latency"", ""response_latency_missing""]"
engaged_1,23,24,24,0.05489840837241189,0.0713389281940422,0.016440519821630306,0.04002102728101031,-0.014877381091401576,0.03131790091303188,"[[100.0, 100.0, 1], [100.0, 100.0, 2], [100.0, 10.0, 1], [100.0, 100.0, 1]]","[[100.0, 100.0, 1], [100.0, 100.0, 2], [100.0, 10.0, 1], [100.0, 100.0, 1]]",pass,https://dandiarchive.s3.amazonaws.com/blobs/584/1b8/5841b844-3102-4b4f-8f2c-e4cd23ec8f45,640887,1234203203,Isocortex,HPF,"[1829, 1822, 932, 1878, 1036, 1874, 1490, 1012, 1891, 1480, 209, 1078, 1052, 492, 1834, 582, 218, 1807, 1893, 503, 580, 1056, 1028, 965]","[1346, 1352, 32, 31, 48, 64, 54, 122, 1426, 105, 63, 1371, 1374, 1410, 115, 107, 248, 1417, 1355, 33, 93, 110, 1429, 53]","[""session_time_linear"", ""session_time_quadratic"", ""image_identity:im115_r-1.0"", ""eventual_response_in_window"", ""eventual_response_latency"", ""response_latency_missing""]"
engaged_2,23,24,24,0.04869520232188185,0.037084690441714474,-0.011610511880167373,0.05372037159032772,0.005025169268445873,-0.016635681148613246,"[[100.0, 100.0, 4], [100.0, 100.0, 1], [100.0, 100.0, 2], [100.0, 100.0, 2]]","[[100.0, 100.0, 4], [100.0, 100.0, 1], [100.0, 100.0, 2], [100.0, 100.0, 2]]",pass,https://dandiarchive.s3.amazonaws.com/blobs/584/1b8/5841b844-3102-4b4f-8f2c-e4cd23ec8f45,640887,1234203203,Isocortex,HPF,"[1829, 1822, 932, 1878, 1036, 1874, 1490, 1012, 1891, 1480, 209, 1078, 1052, 492, 1834, 582, 218, 1807, 1893, 503, 580, 1056, 1028, 965]","[1346, 1352, 32, 31, 48, 64, 54, 122, 1426, 105, 63, 1371, 1374, 1410, 115, 107, 248, 1417, 1355, 33, 93, 110, 1429, 53]","[""session_time_linear"", ""session_time_quadratic"", ""image_identity:im115_r-1.0"", ""eventual_response_in_window"", ""eventual_response_latency"", ""response_latency_missing""]"
no_reward,23,24,24,0.03992125683028647,0.040235599676041844,0.00031434284575537763,0.03797305049810107,-0.0019482063321853982,0.002262549177940776,"[[100.0, 100.0, 2], [100.0, 100.0, 1], [100.0, 100.0, 1], [100.0, 100.0, 1]]","[[100.0, 100.0, 2], [100.0, 100.0, 1], [100.0, 100.0, 1], [100.0, 100.0, 1]]",pass,https://dandiarchive.s3.amazonaws.com/blobs/584/1b8/5841b844-3102-4b4f-8f2c-e4cd23ec8f45,640887,1234203203,Isocortex,HPF,"[1829, 1822, 932, 1878, 1036, 1874, 1490, 1012, 1891, 1480, 209, 1078, 1052, 492, 1834, 582, 218, 1807, 1893, 503, 580, 1056, 1028, 965]","[1346, 1352, 32, 31, 48, 64, 54, 122, 1426, 105, 63, 1371, 1374, 1410, 115, 107, 248, 1417, 1355, 33, 93, 110, 1429, 53]","[""session_time_linear"", ""session_time_quadratic"", ""image_identity:im115_r-1.0"", ""eventual_response_in_window"", ""eventual_response_latency"", ""response_latency_missing""]"
engaged_1,25,24,24,0.027031161848325547,0.0033821888462651772,-0.02364897300206037,0.014440120872578066,-0.01259104097574748,-0.011057932026312889,"[[100.0, 100.0, 1], [100.0, 100.0, 4], [100.0, 100.0, 2], [100.0, 100.0, 1]]","[[100.0, 100.0, 1], [100.0, 100.0, 4], [100.0, 100.0, 2], [100.0, 100.0, 1]]",pass,https://dandiarchive.s3.amazonaws.com/blobs/cfc/bf1/cfcbf155-cb15-455d-8450-0ef256540990,640887,1234410451,Isocortex,HPF,"[85, 112, 1812, 1504, 1878, 1072, 1536, 1013, 1497, 1899, 193, 1926, 1919, 1528, 216, 1555, 169, 1905, 1987, 86, 1073, 1967, 1963, 100]","[1002, 537, 542, 589, 583, 566, 977, 973, 538, 930, 889, 876, 525, 532, 514, 582, 515, 914, 968, 1127, 982, 678, 1112, 546]","[""session_time_linear"", ""session_time_quadratic"", ""image_identity:im115_r-1.0"", ""eventual_response_in_window"", ""eventual_response_latency"", ""response_latency_missing""]"
engaged_2,25,24,24,0.050651252449593676,0.030956000001680195,-0.01969525244791348,0.05821669011070074,0.007565437661107066,-0.027260690109020547,"[[100.0, 100.0, 1], [100.0, 100.0, 1], [100.0, 100.0, 1], [100.0, 100.0, 4]]","[[100.0, 100.0, 1], [100.0, 100.0, 1], [100.0, 100.0, 1], [100.0, 100.0, 4]]",pass,https://dandiarchive.s3.amazonaws.com/blobs/cfc/bf1/cfcbf155-cb15-455d-8450-0ef256540990,640887,1234410451,Isocortex,HPF,"[85, 112, 1812, 1504, 1878, 1072, 1536, 1013, 1497, 1899, 193, 1926, 1919, 1528, 216, 1555, 169, 1905, 1987, 86, 1073, 1967, 1963, 100]","[1002, 537, 542, 589, 583, 566, 977, 973, 538, 930, 889, 876, 525, 532, 514, 582, 515, 914, 968, 1127, 982, 678, 1112, 546]","[""session_time_linear"", ""session_time_quadratic"", ""image_identity:im115_r-1.0"", ""eventual_response_in_window"", ""eventual_response_latency"", ""response_latency_missing""]"
no_reward,25,24,24,0.0511701165370787,0.06119752458602634,0.01002740804894764,0.045281040955229446,-0.005889075581849257,0.015916483630796896,"[[100.0, 100.0, 8], [100.0, 100.0, 8], [100.0, 100.0, 8], [100.0, 100.0, 8]]","[[100.0, 100.0, 8], [100.0, 100.0, 8], [100.0, 100.0, 8], [100.0, 100.0, 8]]",pass,https://dandiarchive.s3.amazonaws.com/blobs/cfc/bf1/cfcbf155-cb15-455d-8450-0ef256540990,640887,1234410451,Isocortex,HPF,"[85, 112, 1812, 1504, 1878, 1072, 1536, 1013, 1497, 1899, 193, 1926, 1919, 1528, 216, 1555, 169, 1905, 1987, 86, 1073, 1967, 1963, 100]","[1002, 537, 542, 589, 583, 566, 977, 973, 538, 930, 889, 876, 525, 532, 514, 582, 515, 914, 968, 1127, 982, 678, 1112, 546]","[""session_time_linear"", ""session_time_quadratic"", ""image_identity:im115_r-1.0"", ""eventual_response_in_window"", ""eventual_response_latency"", ""response_latency_missing""]"
engaged_1,27,24,24,0.04399220587996178,0.03508327038145409,-0.008908935498507686,0.04427444428221272,0.000282238402250945,-0.009191173900758631,"[[100.0, 100.0, 1], [100.0, 100.0, 2], [100.0, 100.0, 4], [100.0, 100.0, 2]]","[[100.0, 100.0, 1], [100.0, 100.0, 2], [100.0, 100.0, 4], [100.0, 100.0, 2]]",pass,https://dandiarchive.s3.amazonaws.com/blobs/13d/b29/13db29ff-1454-412d-8680-ecd7a38c6f95,640890,1232430325,Isocortex,HPF,"[1416, 1481, 2410, 2446, 1411, 2357, 1524, 366, 702, 1396, 1123, 1382, 2369, 1391, 735, 2333, 1385, 1483, 1387, 1469, 1500, 2425, 2025, 2359]","[1926, 1905, 1915, 654, 696, 1076, 1934, 1895, 2109, 1980, 1006, 1008, 982, 693, 1962, 1897, 2114, 983, 1931, 1948, 1977, 1972, 1960, 975]","[""session_time_linear"", ""session_time_quadratic"", ""image_identity:im115_r-1.0"", ""eventual_response_in_window"", ""eventual_response_latency"", ""response_latency_missing""]"
engaged_2,27,24,24,-0.008545895663103042,-0.010677933471122447,-0.0021320378080194047,-0.014623259583981474,-0.006077363920878431,0.003945326112859027,"[[100.0, 100.0, 1], [100.0, 100.0, 4], [100.0, 100.0, 8], [100.0, 100.0, 1]]","[[100.0, 100.0, 1], [100.0, 100.0, 4], [100.0, 100.0, 8], [100.0, 100.0, 1]]",pass,https://dandiarchive.s3.amazonaws.com/blobs/13d/b29/13db29ff-1454-412d-8680-ecd7a38c6f95,640890,1232430325,Isocortex,HPF,"[1416, 1481, 2410, 2446, 1411, 2357, 1524, 366, 702, 1396, 1123, 1382, 2369, 1391, 735, 2333, 1385, 1483, 1387, 1469, 1500, 2425, 2025, 2359]","[1926, 1905, 1915, 654, 696, 1076, 1934, 1895, 2109, 1980, 1006, 1008, 982, 693, 1962, 1897, 2114, 983, 1931, 1948, 1977, 1972, 1960, 975]","[""session_time_linear"", ""session_time_quadratic"", ""image_identity:im115_r-1.0"", ""eventual_response_in_window"", ""eventual_response_latency"", ""response_latency_missing""]"
no_reward,27,24,24,0.028511457160491305,0.030401739104263248,0.0018902819437719431,0.027465462829381226,-0.0010459943311100783,0.0029362762748820215,"[[100.0, 100.0, 1], [100.0, 100.0, 4], [100.0, 100.0, 1], [100.0, 100.0, 1]]","[[100.0, 100.0, 1], [100.0, 100.0, 4], [100.0, 100.0, 1], [100.0, 100.0, 1]]",pass,https://dandiarchive.s3.amazonaws.com/blobs/13d/b29/13db29ff-1454-412d-8680-ecd7a38c6f95,640890,1232430325,Isocortex,HPF,"[1416, 1481, 2410, 2446, 1411, 2357, 1524, 366, 702, 1396, 1123, 1382, 2369, 1391, 735, 2333, 1385, 1483, 1387, 1469, 1500, 2425, 2025, 2359]","[1926, 1905, 1915, 654, 696, 1076, 1934, 1895, 2109, 1980, 1006, 1008, 982, 693, 1962, 1897, 2114, 983, 1931, 1948, 1977, 1972, 1960, 975]","[""session_time_linear"", ""session_time_quadratic"", ""image_identity:im115_r-1.0"", ""eventual_response_in_window"", ""eventual_response_latency"", ""response_latency_missing""]"
engaged_1,22,24,24,0.0673935164705115,0.05907876525563027,-0.008314751214881233,0.05468381526531074,-0.012709701205200763,0.00439494999031953,"[[100.0, 100.0, 1], [100.0, 100.0, 8], [100.0, 100.0, 1], [100.0, 100.0, 2]]","[[100.0, 100.0, 1], [100.0, 100.0, 8], [100.0, 100.0, 1], [100.0, 100.0, 2]]",pass,https://dandiarchive.s3.amazonaws.com/blobs/e3b/977/e3b97777-89fa-4730-8d0e-fae22e471f07,640890,1232725697,Isocortex,HPF,"[1287, 1831, 176, 116, 103, 148, 1766, 255, 1353, 984, 120, 1307, 170, 221, 1789, 1305, 1780, 251, 142, 147, 159, 1801, 1640, 100]","[980, 527, 581, 919, 546, 71, 873, 981, 1208, 918, 83, 81, 547, 1210, 913, 862, 1183, 893, 920, 49, 52, 1176, 912, 872]","[""session_time_linear"", ""session_time_quadratic"", ""image_identity:im115_r-1.0"", ""eventual_response_in_window"", ""eventual_response_latency"", ""response_latency_missing""]"
engaged_2,22,24,24,0.05008281432329387,0.05230884728689811,0.002226032963604241,0.048225592030149644,-0.0018572222931442228,0.004083255256748464,"[[100.0, 100.0, 2], [100.0, 100.0, 1], [100.0, 100.0, 1], [100.0, 100.0, 1]]","[[100.0, 100.0, 2], [100.0, 100.0, 1], [100.0, 100.0, 1], [100.0, 100.0, 1]]",pass,https://dandiarchive.s3.amazonaws.com/blobs/e3b/977/e3b97777-89fa-4730-8d0e-fae22e471f07,640890,1232725697,Isocortex,HPF,"[1287, 1831, 176, 116, 103, 148, 1766, 255, 1353, 984, 120, 1307, 170, 221, 1789, 1305, 1780, 251, 142, 147, 159, 1801, 1640, 100]","[980, 527, 581, 919, 546, 71, 873, 981, 1208, 918, 83, 81, 547, 1210, 913, 862, 1183, 893, 920, 49, 52, 1176, 912, 872]","[""session_time_linear"", ""session_time_quadratic"", ""image_identity:im115_r-1.0"", ""eventual_response_in_window"", ""eventual_response_latency"", ""response_latency_missing""]"
no_reward,22,24,24,0.05000267977690931,0.040622876111826245,-0.009379803665083064,0.03818263450981607,-0.011820045267093238,0.0024402416020101736,"[[100.0, 100.0, 1], [100.0, 100.0, 1], [100.0, 100.0, 4], [100.0, 100.0, 1]]","[[100.0, 100.0, 1], [100.0, 100.0, 1], [100.0, 100.0, 4], [100.0, 100.0, 1]]",pass,https://dandiarchive.s3.amazonaws.com/blobs/e3b/977/e3b97777-89fa-4730-8d0e-fae22e471f07,640890,1232725697,Isocortex,HPF,"[1287, 1831, 176, 116, 103, 148, 1766, 255, 1353, 984, 120, 1307, 170, 221, 1789, 1305, 1780, 251, 142, 147, 159, 1801, 1640, 100]","[980, 527, 581, 919, 546, 71, 873, 981, 1208, 918, 83, 81, 547, 1210, 913, 862, 1183, 893, 920, 49, 52, 1176, 912, 872]","[""session_time_linear"", ""session_time_quadratic"", ""image_identity:im115_r-1.0"", ""eventual_response_in_window"", ""eventual_response_latency"", ""response_latency_missing""]"
engaged_1,16,24,24,0.014342851960690295,0.010897688198847288,-0.0034451637618430064,0.002473634929158197,-0.011869217031532098,0.008424053269689091,"[[100.0, 100.0, 2], [100.0, 10.0, 1], [100.0, 100.0, 1], [100.0, 100.0, 4]]","[[100.0, 100.0, 2], [100.0, 10.0, 1], [100.0, 100.0, 1], [100.0, 100.0, 4]]",pass,https://dandiarchive.s3.amazonaws.com/blobs/559/41e/55941ebd-ef47-4d38-80af-0fabd499db6d,642504,1244070169,Isocortex,HPF,"[1589, 1206, 344, 1470, 1466, 1534, 65, 424, 391, 340, 1545, 1140, 1505, 1153, 1207, 351, 1462, 368, 1502, 1120, 1475, 1486, 182, 1483]","[1092, 1098, 639, 631, 286, 1094, 1110, 667, 322, 285, 1074, 1038, 1078, 441, 326, 1099, 645, 296, 1077, 628, 659, 1037, 652, 290]","[""session_time_linear"", ""session_time_quadratic"", ""image_identity:im115_r-1.0"", ""eventual_response_in_window"", ""eventual_response_latency"", ""response_latency_missing""]"
engaged_2,16,24,24,0.02683843749506487,0.01585300568976511,-0.010985431805299761,0.015213304624822288,-0.011625132870242583,0.0006397010649428214,"[[100.0, 100.0, 1], [100.0, 100.0, 8], [100.0, 100.0, 1], [100.0, 100.0, 1]]","[[100.0, 100.0, 1], [100.0, 100.0, 8], [100.0, 100.0, 1], [100.0, 100.0, 1]]",pass,https://dandiarchive.s3.amazonaws.com/blobs/559/41e/55941ebd-ef47-4d38-80af-0fabd499db6d,642504,1244070169,Isocortex,HPF,"[1589, 1206, 344, 1470, 1466, 1534, 65, 424, 391, 340, 1545, 1140, 1505, 1153, 1207, 351, 1462, 368, 1502, 1120, 1475, 1486, 182, 1483]","[1092, 1098, 639, 631, 286, 1094, 1110, 667, 322, 285, 1074, 1038, 1078, 441, 326, 1099, 645, 296, 1077, 628, 659, 1037, 652, 290]","[""session_time_linear"", ""session_time_quadratic"", ""image_identity:im115_r-1.0"", ""eventual_response_in_window"", ""eventual_response_latency"", ""response_latency_missing""]"
no_reward,16,24,24,-0.030492896409522574,-0.06206874991559208,-0.03157585350606951,-0.050190683375758605,-0.01969778696623603,-0.011878066539833476,"[[100.0, 0.1, 1], [100.0, 10.0, 1], [100.0, 100.0, 2], [100.0, 100.0, 4]]","[[100.0, 0.1, 1], [100.0, 10.0, 1], [100.0, 100.0, 2], [100.0, 100.0, 4]]",pass,https://dandiarchive.s3.amazonaws.com/blobs/559/41e/55941ebd-ef47-4d38-80af-0fabd499db6d,642504,1244070169,Isocortex,HPF,"[1589, 1206, 344, 1470, 1466, 1534, 65, 424, 391, 340, 1545, 1140, 1505, 1153, 1207, 351, 1462, 368, 1502, 1120, 1475, 1486, 182, 1483]","[1092, 1098, 639, 631, 286, 1094, 1110, 667, 322, 285, 1074, 1038, 1078, 441, 326, 1099, 645, 296, 1077, 628, 659, 1037, 652, 290]","[""session_time_linear"", ""session_time_quadratic"", ""image_identity:im115_r-1.0"", ""eventual_response_in_window"", ""eventual_response_latency"", ""response_latency_missing""]"
engaged_1,18,24,24,0.007668662689074179,0.004565326384662671,-0.003103336304411508,0.01948202720735215,0.011813364518277969,-0.014916700822689477,"[[100.0, 100.0, 1], [100.0, 100.0, 2], [100.0, 100.0, 4], [100.0, 100.0, 1]]","[[100.0, 100.0, 1], [100.0, 100.0, 2], [100.0, 100.0, 4], [100.0, 100.0, 1]]",pass,https://dandiarchive.s3.amazonaws.com/blobs/88d/b29/88db2938-a9e0-491c-8056-f83cc894edf3,642504,1243523806,Isocortex,HPF,"[1204, 892, 918, 901, 253, 1226, 891, 924, 248, 889, 53, 255, 1299, 66, 886, 938, 1211, 67, 201, 871, 259, 251, 904, 219]","[803, 816, 741, 487, 492, 110, 500, 739, 482, 812, 186, 453, 467, 498, 447, 440, 505, 786, 199, 830, 445, 192, 856, 847]","[""session_time_linear"", ""session_time_quadratic"", ""image_identity:im115_r-1.0"", ""eventual_response_in_window"", ""eventual_response_latency"", ""response_latency_missing""]"
engaged_2,18,24,24,0.05830019157570843,0.05225463897502869,-0.006045552600679738,0.0449482447224373,-0.013351946853271124,0.007306394252591386,"[[100.0, 100.0, 1], [100.0, 100.0, 1], [100.0, 100.0, 4], [100.0, 100.0, 1]]","[[100.0, 100.0, 1], [100.0, 100.0, 1], [100.0, 100.0, 4], [100.0, 100.0, 1]]",pass,https://dandiarchive.s3.amazonaws.com/blobs/88d/b29/88db2938-a9e0-491c-8056-f83cc894edf3,642504,1243523806,Isocortex,HPF,"[1204, 892, 918, 901, 253, 1226, 891, 924, 248, 889, 53, 255, 1299, 66, 886, 938, 1211, 67, 201, 871, 259, 251, 904, 219]","[803, 816, 741, 487, 492, 110, 500, 739, 482, 812, 186, 453, 467, 498, 447, 440, 505, 786, 199, 830, 445, 192, 856, 847]","[""session_time_linear"", ""session_time_quadratic"", ""image_identity:im115_r-1.0"", ""eventual_response_in_window"", ""eventual_response_latency"", ""response_latency_missing""]"
no_reward,18,24,24,0.02258669507043487,0.016992396750831307,-0.005594298319603563,-0.005037923108736964,-0.027624618179171834,0.02203031985956827,"[[100.0, 100.0, 1], [100.0, 10.0, 1], [100.0, 100.0, 4], [100.0, 100.0, 4]]","[[100.0, 100.0, 1], [100.0, 10.0, 1], [100.0, 100.0, 4], [100.0, 100.0, 4]]",pass,https://dandiarchive.s3.amazonaws.com/blobs/88d/b29/88db2938-a9e0-491c-8056-f83cc894edf3,642504,1243523806,Isocortex,HPF,"[1204, 892, 918, 901, 253, 1226, 891, 924, 248, 889, 53, 255, 1299, 66, 886, 938, 1211, 67, 201, 871, 259, 251, 904, 219]","[803, 816, 741, 487, 492, 110, 500, 739, 482, 812, 186, 453, 467, 498, 447, 440, 505, 786, 199, 830, 445, 192, 856, 847]","[""session_time_linear"", ""session_time_quadratic"", ""image_identity:im115_r-1.0"", ""eventual_response_in_window"", ""eventual_response_latency"", ""response_latency_missing""]"
engaged_1,17,24,24,0.03498454850186772,0.023750932563063487,-0.011233615938804231,0.011826567609687588,-0.02315798089218013,0.011924364953375899,"[[100.0, 100.0, 2], [100.0, 100.0, 1], [100.0, 100.0, 1], [100.0, 100.0, 8]]","[[100.0, 100.0, 2], [100.0, 100.0, 1], [100.0, 100.0, 1], [100.0, 100.0, 8]]",pass,https://dandiarchive.s3.amazonaws.com/blobs/68c/a06/68ca0674-2a8a-4931-8d5b-10a3edfb0cfa,614608,1187475832,Isocortex,MB,"[593, 1709, 2652, 2235, 2013, 2587, 2471, 1666, 1966, 2375, 2315, 2009, 1668, 2396, 620, 2522, 2488, 2034, 1677, 669, 2292, 646, 1239, 2004]","[403, 439, 435, 3, 429, 437, 833, 431, 2, 464, 34, 465, 432, 408, 832, 463, 1, 458, 533, 412, 410, 415, 514, 528]","[""session_time_linear"", ""session_time_quadratic"", ""image_identity:im115_r-1.0"", ""eventual_response_in_window"", ""eventual_response_latency"", ""response_latency_missing""]"
engaged_2,17,24,24,0.11865280142864176,0.11723206379293483,-0.0014207376357069368,0.11069438378299679,-0.007958417645644977,0.0065376800099380405,"[[100.0, 100.0, 1], [10.0, 10.0, 1], [100.0, 100.0, 1], [10.0, 1.0, 1]]","[[100.0, 100.0, 1], [10.0, 10.0, 1], [100.0, 100.0, 1], [10.0, 1.0, 1]]",pass,https://dandiarchive.s3.amazonaws.com/blobs/68c/a06/68ca0674-2a8a-4931-8d5b-10a3edfb0cfa,614608,1187475832,Isocortex,MB,"[593, 1709, 2652, 2235, 2013, 2587, 2471, 1666, 1966, 2375, 2315, 2009, 1668, 2396, 620, 2522, 2488, 2034, 1677, 669, 2292, 646, 1239, 2004]","[403, 439, 435, 3, 429, 437, 833, 431, 2, 464, 34, 465, 432, 408, 832, 463, 1, 458, 533, 412, 410, 415, 514, 528]","[""session_time_linear"", ""session_time_quadratic"", ""image_identity:im115_r-1.0"", ""eventual_response_in_window"", ""eventual_response_latency"", ""response_latency_missing""]"
no_reward,17,24,24,0.05116830987155774,0.04971151320333267,-0.0014567966682250688,0.05366921463105223,0.0025009047594944933,-0.003957701427719562,"[[100.0, 100.0, 1], [100.0, 100.0, 1], [10.0, 100.0, 1], [100.0, 100.0, 1]]","[[100.0, 100.0, 1], [100.0, 100.0, 1], [10.0, 100.0, 1], [100.0, 100.0, 1]]",pass,https://dandiarchive.s3.amazonaws.com/blobs/68c/a06/68ca0674-2a8a-4931-8d5b-10a3edfb0cfa,614608,1187475832,Isocortex,MB,"[593, 1709, 2652, 2235, 2013, 2587, 2471, 1666, 1966, 2375, 2315, 2009, 1668, 2396, 620, 2522, 2488, 2034, 1677, 669, 2292, 646, 1239, 2004]","[403, 439, 435, 3, 429, 437, 833, 431, 2, 464, 34, 465, 432, 408, 832, 463, 1, 458, 533, 412, 410, 415, 514, 528]","[""session_time_linear"", ""session_time_quadratic"", ""image_identity:im115_r-1.0"", ""eventual_response_in_window"", ""eventual_response_latency"", ""response_latency_missing""]"
engaged_1,24,24,24,0.06883229074238628,0.060426810891337945,-0.008405479851048336,0.04783733463706208,-0.020994956105324203,0.012589476254275866,"[[100.0, 100.0, 2], [100.0, 100.0, 2], [100.0, 100.0, 1], [100.0, 100.0, 1]]","[[100.0, 100.0, 2], [100.0, 100.0, 2], [100.0, 100.0, 1], [100.0, 100.0, 1]]",pass,https://dandiarchive.s3.amazonaws.com/blobs/fd4/c49/fd4c4964-f02b-456e-af4d-b9407877d0de,614608,1187940755,Isocortex,MB,"[714, 1988, 2155, 1480, 215, 1777, 1496, 173, 289, 1567, 1939, 1497, 154, 1118, 2225, 210, 1523, 195, 1519, 803, 412, 235, 1615, 342]","[112, 8, 62, 22, 401, 100, 18, 24, 14, 9, 25, 31, 59, 54, 26, 65, 57, 63, 7, 64, 55, 10, 34, 76]","[""session_time_linear"", ""session_time_quadratic"", ""image_identity:im115_r-1.0"", ""eventual_response_in_window"", ""eventual_response_latency"", ""response_latency_missing""]"
engaged_2,24,24,24,0.09050805703907272,0.07870322896377147,-0.011804828075301255,0.07234387679359944,-0.018164180245473283,0.006359352170172028,"[[100.0, 100.0, 1], [100.0, 100.0, 2], [100.0, 100.0, 1], [100.0, 100.0, 1]]","[[100.0, 100.0, 1], [100.0, 100.0, 2], [100.0, 100.0, 1], [100.0, 100.0, 1]]",pass,https://dandiarchive.s3.amazonaws.com/blobs/fd4/c49/fd4c4964-f02b-456e-af4d-b9407877d0de,614608,1187940755,Isocortex,MB,"[714, 1988, 2155, 1480, 215, 1777, 1496, 173, 289, 1567, 1939, 1497, 154, 1118, 2225, 210, 1523, 195, 1519, 803, 412, 235, 1615, 342]","[112, 8, 62, 22, 401, 100, 18, 24, 14, 9, 25, 31, 59, 54, 26, 65, 57, 63, 7, 64, 55, 10, 34, 76]","[""session_time_linear"", ""session_time_quadratic"", ""image_identity:im115_r-1.0"", ""eventual_response_in_window"", ""eventual_response_latency"", ""response_latency_missing""]"
no_reward,24,24,24,0.11020550251031469,0.0888590404128573,-0.021346462097457386,0.11869099566670438,0.00848549315638969,-0.029831955253847076,"[[100.0, 100.0, 8], [100.0, 100.0, 8], [100.0, 100.0, 1], [100.0, 100.0, 1]]","[[100.0, 100.0, 8], [100.0, 100.0, 8], [100.0, 100.0, 1], [100.0, 100.0, 1]]",pass,https://dandiarchive.s3.amazonaws.com/blobs/fd4/c49/fd4c4964-f02b-456e-af4d-b9407877d0de,614608,1187940755,Isocortex,MB,"[714, 1988, 2155, 1480, 215, 1777, 1496, 173, 289, 1567, 1939, 1497, 154, 1118, 2225, 210, 1523, 195, 1519, 803, 412, 235, 1615, 342]","[112, 8, 62, 22, 401, 100, 18, 24, 14, 9, 25, 31, 59, 54, 26, 65, 57, 63, 7, 64, 55, 10, 34, 76]","[""session_time_linear"", ""session_time_quadratic"", ""image_identity:im115_r-1.0"", ""eventual_response_in_window"", ""eventual_response_latency"", ""response_latency_missing""]"
engaged_1,17,24,24,0.015687094495831944,0.018400219718606503,0.0027131252227745595,0.03168771309224849,0.01600061859641655,-0.01328749337364199,"[[100.0, 100.0, 1], [100.0, 100.0, 8], [100.0, 100.0, 2], [100.0, 100.0, 1]]","[[100.0, 100.0, 1], [100.0, 100.0, 8], [100.0, 100.0, 2], [100.0, 100.0, 1]]",pass,https://dandiarchive.s3.amazonaws.com/blobs/75d/9d0/75d9d091-e7db-47d1-aac4-d41133e29393,615048,1197725774,Isocortex,MB,"[741, 1187, 778, 1574, 1920, 743, 1913, 465, 1933, 1951, 228, 722, 1936, 1579, 1984, 2210, 1985, 824, 1912, 1900, 289, 1174, 1642, 1600]","[575, 601, 571, 609, 605, 846, 545, 610, 625, 543, 600, 578, 577, 550, 518, 597, 586, 535, 528, 611, 511, 599, 582, 603]","[""session_time_linear"", ""session_time_quadratic"", ""image_identity:im115_r-1.0"", ""eventual_response_in_window"", ""eventual_response_latency"", ""response_latency_missing""]"
engaged_2,17,24,24,0.03965691056340004,0.03624012899093043,-0.003416781572469607,0.036505282424512675,-0.0031516281388873635,-0.00026515343358224364,"[[100.0, 100.0, 1], [100.0, 100.0, 1], [100.0, 100.0, 8], [100.0, 100.0, 8]]","[[100.0, 100.0, 1], [100.0, 100.0, 1], [100.0, 100.0, 8], [100.0, 100.0, 8]]",pass,https://dandiarchive.s3.amazonaws.com/blobs/75d/9d0/75d9d091-e7db-47d1-aac4-d41133e29393,615048,1197725774,Isocortex,MB,"[741, 1187, 778, 1574, 1920, 743, 1913, 465, 1933, 1951, 228, 722, 1936, 1579, 1984, 2210, 1985, 824, 1912, 1900, 289, 1174, 1642, 1600]","[575, 601, 571, 609, 605, 846, 545, 610, 625, 543, 600, 578, 577, 550, 518, 597, 586, 535, 528, 611, 511, 599, 582, 603]","[""session_time_linear"", ""session_time_quadratic"", ""image_identity:im115_r-1.0"", ""eventual_response_in_window"", ""eventual_response_latency"", ""response_latency_missing""]"
no_reward,17,24,24,0.049559254241870576,0.0348652389115629,-0.014694015330307675,0.03834339197425529,-0.011215862267615284,-0.0034781530626923907,"[[100.0, 100.0, 4], [100.0, 100.0, 1], [100.0, 100.0, 4], [100.0, 100.0, 1]]","[[100.0, 100.0, 4], [100.0, 100.0, 1], [100.0, 100.0, 4], [100.0, 100.0, 1]]",pass,https://dandiarchive.s3.amazonaws.com/blobs/75d/9d0/75d9d091-e7db-47d1-aac4-d41133e29393,615048,1197725774,Isocortex,MB,"[741, 1187, 778, 1574, 1920, 743, 1913, 465, 1933, 1951, 228, 722, 1936, 1579, 1984, 2210, 1985, 824, 1912, 1900, 289, 1174, 1642, 1600]","[575, 601, 571, 609, 605, 846, 545, 610, 625, 543, 600, 578, 577, 550, 518, 597, 586, 535, 528, 611, 511, 599, 582, 603]","[""session_time_linear"", ""session_time_quadratic"", ""image_identity:im115_r-1.0"", ""eventual_response_in_window"", ""eventual_response_latency"", ""response_latency_missing""]"
engaged_1,18,24,24,0.06720362133146052,0.05876923342955098,-0.008434387901909535,0.06236954005905171,-0.004834081272408808,-0.003600306629500727,"[[100.0, 100.0, 1], [100.0, 100.0, 1], [100.0, 100.0, 1], [100.0, 100.0, 2]]","[[100.0, 100.0, 1], [100.0, 100.0, 1], [100.0, 100.0, 1], [100.0, 100.0, 2]]",pass,https://dandiarchive.s3.amazonaws.com/blobs/fe0/9ba/fe09ba54-89e9-4b73-bf95-5127c2ee2ad9,615048,1197514969,Isocortex,MB,"[1892, 637, 1897, 326, 1889, 1890, 640, 1594, 1065, 2310, 1032, 1084, 242, 231, 647, 646, 739, 732, 1086, 322, 1900, 2431, 1951, 318]","[896, 887, 862, 959, 1168, 871, 856, 904, 927, 892, 830, 934, 906, 881, 805, 945, 931, 851, 910, 963, 888, 923, 849, 848]","[""session_time_linear"", ""session_time_quadratic"", ""image_identity:im115_r-1.0"", ""eventual_response_in_window"", ""eventual_response_latency"", ""response_latency_missing""]"
engaged_2,18,24,24,0.017528588793908617,-0.004414536060882712,-0.02194312485479133,-0.003010606733464538,-0.020539195527373155,-0.0014039293274181741,"[[10.0, 10.0, 2], [100.0, 100.0, 8], [100.0, 100.0, 8], [100.0, 100.0, 2]]","[[10.0, 10.0, 2], [100.0, 100.0, 8], [100.0, 100.0, 8], [100.0, 100.0, 2]]",pass,https://dandiarchive.s3.amazonaws.com/blobs/fe0/9ba/fe09ba54-89e9-4b73-bf95-5127c2ee2ad9,615048,1197514969,Isocortex,MB,"[1892, 637, 1897, 326, 1889, 1890, 640, 1594, 1065, 2310, 1032, 1084, 242, 231, 647, 646, 739, 732, 1086, 322, 1900, 2431, 1951, 318]","[896, 887, 862, 959, 1168, 871, 856, 904, 927, 892, 830, 934, 906, 881, 805, 945, 931, 851, 910, 963, 888, 923, 849, 848]","[""session_time_linear"", ""session_time_quadratic"", ""image_identity:im115_r-1.0"", ""eventual_response_in_window"", ""eventual_response_latency"", ""response_latency_missing""]"
no_reward,18,24,24,0.014085450509721764,0.0050346566330102815,-0.009050793876711483,0.01801607133738059,0.003930620827658826,-0.012981414704370309,"[[100.0, 100.0, 1], [100.0, 100.0, 8], [100.0, 100.0, 8], [10.0, 0.1, 1]]","[[100.0, 100.0, 1], [100.0, 100.0, 8], [100.0, 100.0, 8], [10.0, 0.1, 1]]",pass,https://dandiarchive.s3.amazonaws.com/blobs/fe0/9ba/fe09ba54-89e9-4b73-bf95-5127c2ee2ad9,615048,1197514969,Isocortex,MB,"[1892, 637, 1897, 326, 1889, 1890, 640, 1594, 1065, 2310, 1032, 1084, 242, 231, 647, 646, 739, 732, 1086, 322, 1900, 2431, 1951, 318]","[896, 887, 862, 959, 1168, 871, 856, 904, 927, 892, 830, 934, 906, 881, 805, 945, 931, 851, 910, 963, 888, 923, 849, 848]","[""session_time_linear"", ""session_time_quadratic"", ""image_identity:im115_r-1.0"", ""eventual_response_in_window"", ""eventual_response_latency"", ""response_latency_missing""]"
engaged_1,17,24,24,0.08138443346606083,0.07673680479302425,-0.004647628673036586,0.07458953545199232,-0.006794898014068518,0.002147269341031932,"[[100.0, 100.0, 4], [100.0, 100.0, 1], [10.0, 10.0, 4], [100.0, 100.0, 8]]","[[100.0, 100.0, 4], [100.0, 100.0, 1], [10.0, 10.0, 4], [100.0, 100.0, 8]]",pass,https://dandiarchive.s3.amazonaws.com/blobs/635/68b/63568b8b-5957-4045-b90d-d75108909249,615564,1198995158,Isocortex,MB,"[1843, 2375, 1790, 698, 2274, 2403, 1877, 2382, 1847, 683, 1844, 2469, 2342, 112, 1450, 2476, 1836, 696, 1806, 674, 1446, 2432, 1441, 2453]","[496, 333, 308, 369, 508, 350, 500, 296, 450, 459, 476, 387, 462, 313, 335, 323, 301, 319, 331, 460, 397, 429, 724, 484]","[""session_time_linear"", ""session_time_quadratic"", ""image_identity:im115_r-1.0"", ""eventual_response_in_window"", ""eventual_response_latency"", ""response_latency_missing""]"
engaged_2,17,24,24,0.017541660343164733,-0.03553049325046498,-0.05307215359362971,-0.10048989649205331,-0.11803155683521804,0.06495940324158833,"[[100.0, 10.0, 4], [100.0, 100.0, 1], [100.0, 100.0, 1], [100.0, 10.0, 2]]","[[100.0, 10.0, 4], [100.0, 100.0, 1], [100.0, 100.0, 1], [100.0, 10.0, 2]]",pass,https://dandiarchive.s3.amazonaws.com/blobs/635/68b/63568b8b-5957-4045-b90d-d75108909249,615564,1198995158,Isocortex,MB,"[1843, 2375, 1790, 698, 2274, 2403, 1877, 2382, 1847, 683, 1844, 2469, 2342, 112, 1450, 2476, 1836, 696, 1806, 674, 1446, 2432, 1441, 2453]","[496, 333, 308, 369, 508, 350, 500, 296, 450, 459, 476, 387, 462, 313, 335, 323, 301, 319, 331, 460, 397, 429, 724, 484]","[""session_time_linear"", ""session_time_quadratic"", ""image_identity:im115_r-1.0"", ""eventual_response_in_window"", ""eventual_response_latency"", ""response_latency_missing""]"
no_reward,17,24,24,0.05602154556060146,0.030661742829083627,-0.025359802731517833,-0.0017506648556924187,-0.05777221041629388,0.032412407684776046,"[[100.0, 100.0, 2], [100.0, 10.0, 8], [100.0, 100.0, 1], [100.0, 100.0, 4]]","[[100.0, 100.0, 2], [100.0, 10.0, 8], [100.0, 100.0, 1], [100.0, 100.0, 4]]",pass,https://dandiarchive.s3.amazonaws.com/blobs/635/68b/63568b8b-5957-4045-b90d-d75108909249,615564,1198995158,Isocortex,MB,"[1843, 2375, 1790, 698, 2274, 2403, 1877, 2382, 1847, 683, 1844, 2469, 2342, 112, 1450, 2476, 1836, 696, 1806, 674, 1446, 2432, 1441, 2453]","[496, 333, 308, 369, 508, 350, 500, 296, 450, 459, 476, 387, 462, 313, 335, 323, 301, 319, 331, 460, 397, 429, 724, 484]","[""session_time_linear"", ""session_time_quadratic"", ""image_identity:im115_r-1.0"", ""eventual_response_in_window"", ""eventual_response_latency"", ""response_latency_missing""]"
engaged_1,12,24,24,0.0018272687716578417,-0.08120157363111113,-0.08302884240276898,-0.06074797150304101,-0.06257524027469885,-0.020453602128070125,"[[100.0, 100.0, 8], [100.0, 100.0, 4], [100.0, 1.0, 2], [100.0, 100.0, 1]]","[[100.0, 100.0, 8], [100.0, 100.0, 4], [100.0, 1.0, 2], [100.0, 100.0, 1]]",pass,https://dandiarchive.s3.amazonaws.com/blobs/9ae/cb7/9aecb778-a5a0-4554-8b06-3af01005fea5,623319,1209073822,Isocortex,MB,"[883, 1467, 2028, 2079, 1472, 455, 1463, 2092, 2201, 1955, 425, 2034, 1433, 437, 1456, 457, 451, 1461, 2158, 450, 2125, 2084, 1475, 2193]","[712, 639, 833, 684, 647, 628, 681, 661, 624, 665, 611, 693, 619, 797, 616, 642, 677, 644, 781, 673, 718, 705, 840, 606]","[""session_time_linear"", ""session_time_quadratic"", ""image_identity:im115_r-1.0"", ""eventual_response_in_window"", ""eventual_response_latency"", ""response_latency_missing""]"
engaged_2,12,24,24,0.025361831076656682,0.019000034768485996,-0.006361796308170686,0.028866194710642556,0.003504363633985874,-0.00986615994215656,"[[100.0, 100.0, 1], [100.0, 100.0, 4], [100.0, 100.0, 1], [100.0, 100.0, 8]]","[[100.0, 100.0, 1], [100.0, 100.0, 4], [100.0, 100.0, 1], [100.0, 100.0, 8]]",pass,https://dandiarchive.s3.amazonaws.com/blobs/9ae/cb7/9aecb778-a5a0-4554-8b06-3af01005fea5,623319,1209073822,Isocortex,MB,"[883, 1467, 2028, 2079, 1472, 455, 1463, 2092, 2201, 1955, 425, 2034, 1433, 437, 1456, 457, 451, 1461, 2158, 450, 2125, 2084, 1475, 2193]","[712, 639, 833, 684, 647, 628, 681, 661, 624, 665, 611, 693, 619, 797, 616, 642, 677, 644, 781, 673, 718, 705, 840, 606]","[""session_time_linear"", ""session_time_quadratic"", ""image_identity:im115_r-1.0"", ""eventual_response_in_window"", ""eventual_response_latency"", ""response_latency_missing""]"
no_reward,12,24,24,0.03383840879540145,0.021762349069508802,-0.012076059725892652,0.023269117543866513,-0.01056929125153494,-0.0015067684743577114,"[[100.0, 100.0, 1], [100.0, 100.0, 1], [100.0, 100.0, 4], [100.0, 100.0, 1]]","[[100.0, 100.0, 1], [100.0, 100.0, 1], [100.0, 100.0, 4], [100.0, 100.0, 1]]",pass,https://dandiarchive.s3.amazonaws.com/blobs/9ae/cb7/9aecb778-a5a0-4554-8b06-3af01005fea5,623319,1209073822,Isocortex,MB,"[883, 1467, 2028, 2079, 1472, 455, 1463, 2092, 2201, 1955, 425, 2034, 1433, 437, 1456, 457, 451, 1461, 2158, 450, 2125, 2084, 1475, 2193]","[712, 639, 833, 684, 647, 628, 681, 661, 624, 665, 611, 693, 619, 797, 616, 642, 677, 644, 781, 673, 718, 705, 840, 606]","[""session_time_linear"", ""session_time_quadratic"", ""image_identity:im115_r-1.0"", ""eventual_response_in_window"", ""eventual_response_latency"", ""response_latency_missing""]"
engaged_1,22,18,18,0.0018680346049049223,0.0011540246902330686,-0.0007140099146718537,-0.023569063191884787,-0.02543709779678971,0.024723087882117856,"[[100.0, 100.0, 1], [100.0, 100.0, 8], [100.0, 100.0, 8], [100.0, 100.0, 4]]","[[100.0, 100.0, 1], [100.0, 100.0, 8], [100.0, 100.0, 8], [100.0, 100.0, 4]]",pass,https://dandiarchive.s3.amazonaws.com/blobs/5d9/4f7/5d94f7f7-daa2-4d2d-93a5-1bd2bc02e141,623322,1200471383,Isocortex,MB,"[293, 1737, 1269, 1785, 1461, 759, 1295, 1444, 48, 394, 1726, 54, 13, 1497, 330, 1733, 74, 1433]","[997, 1009, 1003, 1011, 1010, 990, 989, 987, 984, 1004, 994, 1001, 991, 988, 1018, 986, 1013, 1012]","[""session_time_linear"", ""session_time_quadratic"", ""image_identity:im115_r-1.0"", ""eventual_response_in_window"", ""eventual_response_latency"", ""response_latency_missing""]"
engaged_2,22,18,18,0.061087355889278494,0.050407159896891485,-0.01068019599238701,0.05726840766811214,-0.0038189482211663517,-0.006861247771220658,"[[100.0, 100.0, 1], [100.0, 100.0, 2], [100.0, 100.0, 2], [100.0, 100.0, 2]]","[[100.0, 100.0, 1], [100.0, 100.0, 2], [100.0, 100.0, 2], [100.0, 100.0, 2]]",pass,https://dandiarchive.s3.amazonaws.com/blobs/5d9/4f7/5d94f7f7-daa2-4d2d-93a5-1bd2bc02e141,623322,1200471383,Isocortex,MB,"[293, 1737, 1269, 1785, 1461, 759, 1295, 1444, 48, 394, 1726, 54, 13, 1497, 330, 1733, 74, 1433]","[997, 1009, 1003, 1011, 1010, 990, 989, 987, 984, 1004, 994, 1001, 991, 988, 1018, 986, 1013, 1012]","[""session_time_linear"", ""session_time_quadratic"", ""image_identity:im115_r-1.0"", ""eventual_response_in_window"", ""eventual_response_latency"", ""response_latency_missing""]"
no_reward,22,18,18,0.06512841037950279,0.05321298366367899,-0.011915426715823796,0.04415494214338478,-0.02097346823611801,0.009058041520294213,"[[100.0, 10.0, 2], [100.0, 100.0, 4], [100.0, 100.0, 8], [100.0, 100.0, 1]]","[[100.0, 10.0, 2], [100.0, 100.0, 4], [100.0, 100.0, 8], [100.0, 100.0, 1]]",pass,https://dandiarchive.s3.amazonaws.com/blobs/5d9/4f7/5d94f7f7-daa2-4d2d-93a5-1bd2bc02e141,623322,1200471383,Isocortex,MB,"[293, 1737, 1269, 1785, 1461, 759, 1295, 1444, 48, 394, 1726, 54, 13, 1497, 330, 1733, 74, 1433]","[997, 1009, 1003, 1011, 1010, 990, 989, 987, 984, 1004, 994, 1001, 991, 988, 1018, 986, 1013, 1012]","[""session_time_linear"", ""session_time_quadratic"", ""image_identity:im115_r-1.0"", ""eventual_response_in_window"", ""eventual_response_latency"", ""response_latency_missing""]"
engaged_1,21,24,24,-0.016569294239393795,0.0016292263379745764,0.01819852057736837,-0.04258902806687015,-0.026019733827476355,0.044218254404844726,"[[100.0, 100.0, 4], [100.0, 100.0, 4], [100.0, 100.0, 4], [100.0, 100.0, 4]]","[[100.0, 100.0, 4], [100.0, 100.0, 4], [100.0, 100.0, 4], [100.0, 100.0, 4]]",pass,https://dandiarchive.s3.amazonaws.com/blobs/4bd/cd2/4bdcd217-633c-4841-a9b1-208c117f5ea3,626279,1214217748,Isocortex,MB,"[1402, 144, 947, 547, 1739, 441, 93, 1723, 460, 2100, 1803, 944, 955, 1636, 497, 1706, 1665, 1045, 1014, 1752, 2063, 1412, 156, 163]","[254, 285, 270, 401, 281, 260, 314, 393, 278, 411, 297, 280, 330, 301, 403, 226, 372, 407, 566, 568, 287, 380, 328, 352]","[""session_time_linear"", ""session_time_quadratic"", ""image_identity:im115_r-1.0"", ""eventual_response_in_window"", ""eventual_response_latency"", ""response_latency_missing""]"
engaged_2,21,24,24,0.07138568254302158,0.05674457752324924,-0.014641105019772338,0.07024398631654882,-0.0011416962264727548,-0.013499408793299583,"[[100.0, 100.0, 1], [100.0, 100.0, 1], [100.0, 100.0, 1], [100.0, 100.0, 2]]","[[100.0, 100.0, 1], [100.0, 100.0, 1], [100.0, 100.0, 1], [100.0, 100.0, 2]]",pass,https://dandiarchive.s3.amazonaws.com/blobs/4bd/cd2/4bdcd217-633c-4841-a9b1-208c117f5ea3,626279,1214217748,Isocortex,MB,"[1402, 144, 947, 547, 1739, 441, 93, 1723, 460, 2100, 1803, 944, 955, 1636, 497, 1706, 1665, 1045, 1014, 1752, 2063, 1412, 156, 163]","[254, 285, 270, 401, 281, 260, 314, 393, 278, 411, 297, 280, 330, 301, 403, 226, 372, 407, 566, 568, 287, 380, 328, 352]","[""session_time_linear"", ""session_time_quadratic"", ""image_identity:im115_r-1.0"", ""eventual_response_in_window"", ""eventual_response_latency"", ""response_latency_missing""]"
no_reward,21,24,24,0.11334375376852879,0.10814236688207723,-0.005201386886451553,0.1142736311491046,0.0009298773805758165,-0.00613126426702737,"[[100.0, 100.0, 2], [100.0, 100.0, 2], [100.0, 100.0, 1], [100.0, 100.0, 4]]","[[100.0, 100.0, 2], [100.0, 100.0, 2], [100.0, 100.0, 1], [100.0, 100.0, 4]]",pass,https://dandiarchive.s3.amazonaws.com/blobs/4bd/cd2/4bdcd217-633c-4841-a9b1-208c117f5ea3,626279,1214217748,Isocortex,MB,"[1402, 144, 947, 547, 1739, 441, 93, 1723, 460, 2100, 1803, 944, 955, 1636, 497, 1706, 1665, 1045, 1014, 1752, 2063, 1412, 156, 163]","[254, 285, 270, 401, 281, 260, 314, 393, 278, 411, 297, 280, 330, 301, 403, 226, 372, 407, 566, 568, 287, 380, 328, 352]","[""session_time_linear"", ""session_time_quadratic"", ""image_identity:im115_r-1.0"", ""eventual_response_in_window"", ""eventual_response_latency"", ""response_latency_missing""]"
engaged_1,14,24,24,0.016491474152025565,0.008102228951548551,-0.008389245200477013,-0.010583170719083324,-0.02707464487110889,0.018685399670631875,"[[100.0, 100.0, 4], [100.0, 100.0, 2], [100.0, 100.0, 8], [10.0, 10.0, 1]]","[[100.0, 100.0, 4], [100.0, 100.0, 2], [100.0, 100.0, 8], [10.0, 10.0, 1]]",pass,https://dandiarchive.s3.amazonaws.com/blobs/8bb/124/8bb12481-57e1-4f9d-95f0-c2ec49f2e338,632295,1218795542,Isocortex,MB,"[1631, 1088, 773, 480, 710, 717, 2045, 483, 2192, 454, 1127, 69, 2122, 731, 1100, 1098, 1109, 1157, 1158, 1102, 2161, 736, 1699, 492]","[281, 363, 382, 245, 286, 298, 331, 294, 304, 244, 344, 384, 375, 254, 380, 357, 295, 657, 284, 238, 279, 329, 589, 372]","[""session_time_linear"", ""session_time_quadratic"", ""image_identity:im115_r-1.0"", ""eventual_response_in_window"", ""eventual_response_latency"", ""response_latency_missing""]"
engaged_2,14,24,24,0.0479689607525664,0.010075834130576666,-0.03789312662198974,0.0021206791886154708,-0.04584828156395093,0.007955154941961196,"[[100.0, 10.0, 1], [100.0, 10.0, 1], [100.0, 100.0, 1], [100.0, 100.0, 1]]","[[100.0, 10.0, 1], [100.0, 10.0, 1], [100.0, 100.0, 1], [100.0, 100.0, 1]]",pass,https://dandiarchive.s3.amazonaws.com/blobs/8bb/124/8bb12481-57e1-4f9d-95f0-c2ec49f2e338,632295,1218795542,Isocortex,MB,"[1631, 1088, 773, 480, 710, 717, 2045, 483, 2192, 454, 1127, 69, 2122, 731, 1100, 1098, 1109, 1157, 1158, 1102, 2161, 736, 1699, 492]","[281, 363, 382, 245, 286, 298, 331, 294, 304, 244, 344, 384, 375, 254, 380, 357, 295, 657, 284, 238, 279, 329, 589, 372]","[""session_time_linear"", ""session_time_quadratic"", ""image_identity:im115_r-1.0"", ""eventual_response_in_window"", ""eventual_response_latency"", ""response_latency_missing""]"
no_reward,14,24,24,-0.08152551541606323,-0.09448060922623092,-0.012955093810167684,-0.0834656001412244,-0.001940084725161162,-0.011015009085006522,"[[10.0, 10.0, 1], [100.0, 100.0, 2], [100.0, 100.0, 2], [100.0, 100.0, 1]]","[[10.0, 10.0, 1], [100.0, 100.0, 2], [100.0, 100.0, 2], [100.0, 100.0, 1]]",pass,https://dandiarchive.s3.amazonaws.com/blobs/8bb/124/8bb12481-57e1-4f9d-95f0-c2ec49f2e338,632295,1218795542,Isocortex,MB,"[1631, 1088, 773, 480, 710, 717, 2045, 483, 2192, 454, 1127, 69, 2122, 731, 1100, 1098, 1109, 1157, 1158, 1102, 2161, 736, 1699, 492]","[281, 363, 382, 245, 286, 298, 331, 294, 304, 244, 344, 384, 375, 254, 380, 357, 295, 657, 284, 238, 279, 329, 589, 372]","[""session_time_linear"", ""session_time_quadratic"", ""image_identity:im115_r-1.0"", ""eventual_response_in_window"", ""eventual_response_latency"", ""response_latency_missing""]"
engaged_1,23,24,24,0.024818028322357577,0.017295209599792916,-0.0075228187225646614,0.021960281727422815,-0.0028577465949347625,-0.004665072127629899,"[[100.0, 100.0, 1], [100.0, 100.0, 1], [100.0, 100.0, 1], [100.0, 100.0, 1]]","[[100.0, 100.0, 1], [100.0, 100.0, 1], [100.0, 100.0, 1], [100.0, 100.0, 1]]",pass,https://dandiarchive.s3.amazonaws.com/blobs/584/1b8/5841b844-3102-4b4f-8f2c-e4cd23ec8f45,640887,1234203203,Isocortex,MB,"[1829, 1822, 932, 1878, 1036, 1874, 1490, 1012, 1891, 1480, 209, 1078, 1052, 492, 1834, 582, 218, 1807, 1893, 503, 580, 1056, 1028, 965]","[837, 1254, 775, 755, 852, 329, 328, 723, 843, 810, 787, 800, 1274, 747, 816, 720, 814, 1260, 808, 297, 336, 874, 789, 886]","[""session_time_linear"", ""session_time_quadratic"", ""image_identity:im115_r-1.0"", ""eventual_response_in_window"", ""eventual_response_latency"", ""response_latency_missing""]"
engaged_2,23,24,24,0.10914780217831976,0.10453680521650466,-0.004610996961815106,0.11028832373549025,0.0011405215571704819,-0.005751518518985588,"[[100.0, 100.0, 8], [100.0, 100.0, 4], [100.0, 100.0, 1], [10.0, 100.0, 8]]","[[100.0, 100.0, 8], [100.0, 100.0, 4], [100.0, 100.0, 1], [10.0, 100.0, 8]]",pass,https://dandiarchive.s3.amazonaws.com/blobs/584/1b8/5841b844-3102-4b4f-8f2c-e4cd23ec8f45,640887,1234203203,Isocortex,MB,"[1829, 1822, 932, 1878, 1036, 1874, 1490, 1012, 1891, 1480, 209, 1078, 1052, 492, 1834, 582, 218, 1807, 1893, 503, 580, 1056, 1028, 965]","[837, 1254, 775, 755, 852, 329, 328, 723, 843, 810, 787, 800, 1274, 747, 816, 720, 814, 1260, 808, 297, 336, 874, 789, 886]","[""session_time_linear"", ""session_time_quadratic"", ""image_identity:im115_r-1.0"", ""eventual_response_in_window"", ""eventual_response_latency"", ""response_latency_missing""]"
no_reward,23,24,24,0.027232005418324823,-0.04162769306675207,-0.06885969848507689,-0.11192562544486684,-0.13915763086319166,0.07029793237811477,"[[100.0, 1.0, 1], [100.0, 100.0, 2], [100.0, 100.0, 4], [100.0, 100.0, 2]]","[[100.0, 1.0, 1], [100.0, 100.0, 2], [100.0, 100.0, 4], [100.0, 100.0, 2]]",pass,https://dandiarchive.s3.amazonaws.com/blobs/584/1b8/5841b844-3102-4b4f-8f2c-e4cd23ec8f45,640887,1234203203,Isocortex,MB,"[1829, 1822, 932, 1878, 1036, 1874, 1490, 1012, 1891, 1480, 209, 1078, 1052, 492, 1834, 582, 218, 1807, 1893, 503, 580, 1056, 1028, 965]","[837, 1254, 775, 755, 852, 329, 328, 723, 843, 810, 787, 800, 1274, 747, 816, 720, 814, 1260, 808, 297, 336, 874, 789, 886]","[""session_time_linear"", ""session_time_quadratic"", ""image_identity:im115_r-1.0"", ""eventual_response_in_window"", ""eventual_response_latency"", ""response_latency_missing""]"
engaged_1,27,24,24,0.026946756846617403,0.020700586042602942,-0.0062461708040144615,0.023571593964029414,-0.00337516288258799,-0.0028710079214264717,"[[100.0, 100.0, 2], [100.0, 100.0, 8], [100.0, 100.0, 1], [100.0, 100.0, 2]]","[[100.0, 100.0, 2], [100.0, 100.0, 8], [100.0, 100.0, 1], [100.0, 100.0, 2]]",pass,https://dandiarchive.s3.amazonaws.com/blobs/13d/b29/13db29ff-1454-412d-8680-ecd7a38c6f95,640890,1232430325,Isocortex,MB,"[1416, 1481, 2410, 2446, 1411, 2357, 1524, 366, 702, 1396, 1123, 1382, 2369, 1391, 735, 2333, 1385, 1483, 1387, 1469, 1500, 2425, 2025, 2359]","[1279, 1289, 1331, 1315, 1335, 1278, 1330, 1257, 1263, 1308, 1267, 1313, 1261, 1368, 1323, 1286, 1337, 1282, 1285, 1344, 1567, 1277, 1364, 1669]","[""session_time_linear"", ""session_time_quadratic"", ""image_identity:im115_r-1.0"", ""eventual_response_in_window"", ""eventual_response_latency"", ""response_latency_missing""]"
engaged_2,27,24,24,0.10663737147666574,0.09717116243233193,-0.009466209044333818,0.09485101747373081,-0.011786354002934929,0.0023201449586011114,"[[100.0, 100.0, 4], [100.0, 100.0, 1], [100.0, 100.0, 1], [100.0, 100.0, 4]]","[[100.0, 100.0, 4], [100.0, 100.0, 1], [100.0, 100.0, 1], [100.0, 100.0, 4]]",pass,https://dandiarchive.s3.amazonaws.com/blobs/13d/b29/13db29ff-1454-412d-8680-ecd7a38c6f95,640890,1232430325,Isocortex,MB,"[1416, 1481, 2410, 2446, 1411, 2357, 1524, 366, 702, 1396, 1123, 1382, 2369, 1391, 735, 2333, 1385, 1483, 1387, 1469, 1500, 2425, 2025, 2359]","[1279, 1289, 1331, 1315, 1335, 1278, 1330, 1257, 1263, 1308, 1267, 1313, 1261, 1368, 1323, 1286, 1337, 1282, 1285, 1344, 1567, 1277, 1364, 1669]","[""session_time_linear"", ""session_time_quadratic"", ""image_identity:im115_r-1.0"", ""eventual_response_in_window"", ""eventual_response_latency"", ""response_latency_missing""]"
no_reward,27,24,24,0.07035402755353093,0.05714087289809633,-0.0132131546554346,0.04037051590095664,-0.02998351165257429,0.01677035699713969,"[[100.0, 100.0, 1], [100.0, 100.0, 8], [100.0, 100.0, 1], [100.0, 100.0, 1]]","[[100.0, 100.0, 1], [100.0, 100.0, 8], [100.0, 100.0, 1], [100.0, 100.0, 1]]",pass,https://dandiarchive.s3.amazonaws.com/blobs/13d/b29/13db29ff-1454-412d-8680-ecd7a38c6f95,640890,1232430325,Isocortex,MB,"[1416, 1481, 2410, 2446, 1411, 2357, 1524, 366, 702, 1396, 1123, 1382, 2369, 1391, 735, 2333, 1385, 1483, 1387, 1469, 1500, 2425, 2025, 2359]","[1279, 1289, 1331, 1315, 1335, 1278, 1330, 1257, 1263, 1308, 1267, 1313, 1261, 1368, 1323, 1286, 1337, 1282, 1285, 1344, 1567, 1277, 1364, 1669]","[""session_time_linear"", ""session_time_quadratic"", ""image_identity:im115_r-1.0"", ""eventual_response_in_window"", ""eventual_response_latency"", ""response_latency_missing""]"
engaged_1,16,24,24,0.017295573224422434,0.02741154532586798,0.010115972101445547,-0.002254289194678405,-0.01954986241910084,0.029665834520546386,"[[100.0, 100.0, 8], [100.0, 100.0, 8], [100.0, 100.0, 8], [100.0, 100.0, 4]]","[[100.0, 100.0, 8], [100.0, 100.0, 8], [100.0, 100.0, 8], [100.0, 100.0, 4]]",pass,https://dandiarchive.s3.amazonaws.com/blobs/559/41e/55941ebd-ef47-4d38-80af-0fabd499db6d,642504,1244070169,Isocortex,MB,"[1589, 1206, 344, 1470, 1466, 1534, 65, 424, 391, 340, 1545, 1140, 1505, 1153, 1207, 351, 1462, 368, 1502, 1120, 1475, 1486, 182, 1483]","[849, 1218, 1163, 855, 842, 857, 856, 840, 834, 844, 854, 1161, 1167, 1162, 862, 843, 846, 1169, 858, 850, 836, 1164, 859, 1160]","[""session_time_linear"", ""session_time_quadratic"", ""image_identity:im115_r-1.0"", ""eventual_response_in_window"", ""eventual_response_latency"", ""response_latency_missing""]"
engaged_2,16,24,24,0.026812993305159294,0.03187555058564395,0.005062557280484659,0.033381302404514424,0.00656830909935513,-0.001505751818870471,"[[100.0, 100.0, 1], [100.0, 100.0, 2], [100.0, 100.0, 2], [100.0, 100.0, 1]]","[[100.0, 100.0, 1], [100.0, 100.0, 2], [100.0, 100.0, 2], [100.0, 100.0, 1]]",pass,https://dandiarchive.s3.amazonaws.com/blobs/559/41e/55941ebd-ef47-4d38-80af-0fabd499db6d,642504,1244070169,Isocortex,MB,"[1589, 1206, 344, 1470, 1466, 1534, 65, 424, 391, 340, 1545, 1140, 1505, 1153, 1207, 351, 1462, 368, 1502, 1120, 1475, 1486, 182, 1483]","[849, 1218, 1163, 855, 842, 857, 856, 840, 834, 844, 854, 1161, 1167, 1162, 862, 843, 846, 1169, 858, 850, 836, 1164, 859, 1160]","[""session_time_linear"", ""session_time_quadratic"", ""image_identity:im115_r-1.0"", ""eventual_response_in_window"", ""eventual_response_latency"", ""response_latency_missing""]"
no_reward,16,24,24,-0.01829980024922606,-0.02429082323553544,-0.00599102298630938,-0.03661038067142952,-0.01831058042220346,0.01231955743589408,"[[100.0, 100.0, 8], [100.0, 100.0, 8], [100.0, 100.0, 8], [100.0, 100.0, 2]]","[[100.0, 100.0, 8], [100.0, 100.0, 8], [100.0, 100.0, 8], [100.0, 100.0, 2]]",pass,https://dandiarchive.s3.amazonaws.com/blobs/559/41e/55941ebd-ef47-4d38-80af-0fabd499db6d,642504,1244070169,Isocortex,MB,"[1589, 1206, 344, 1470, 1466, 1534, 65, 424, 391, 340, 1545, 1140, 1505, 1153, 1207, 351, 1462, 368, 1502, 1120, 1475, 1486, 182, 1483]","[849, 1218, 1163, 855, 842, 857, 856, 840, 834, 844, 854, 1161, 1167, 1162, 862, 843, 846, 1169, 858, 850, 836, 1164, 859, 1160]","[""session_time_linear"", ""session_time_quadratic"", ""image_identity:im115_r-1.0"", ""eventual_response_in_window"", ""eventual_response_latency"", ""response_latency_missing""]"
engaged_1,18,8,8,-0.030295905971135628,-0.03583913213131584,-0.005543226160180215,-0.03571601024736082,-0.0054201042762251905,-0.0001231218839550241,"[[100.0, 100.0, 2], [100.0, 100.0, 1], [100.0, 100.0, 1], [100.0, 100.0, 1]]","[[100.0, 100.0, 2], [100.0, 100.0, 1], [100.0, 100.0, 1], [100.0, 100.0, 1]]",pass,https://dandiarchive.s3.amazonaws.com/blobs/88d/b29/88db2938-a9e0-491c-8056-f83cc894edf3,642504,1243523806,Isocortex,MB,"[1204, 892, 918, 901, 253, 1226, 891, 924]","[663, 1041, 668, 966, 965, 688, 969, 654]","[""session_time_linear"", ""session_time_quadratic"", ""image_identity:im115_r-1.0"", ""eventual_response_in_window"", ""eventual_response_latency"", ""response_latency_missing""]"
engaged_2,18,8,8,0.020691610517201697,0.0058557486264531056,-0.014835861890748592,0.017322180732517567,-0.0033694297846841303,-0.011466432106064461,"[[100.0, 100.0, 1], [100.0, 100.0, 1], [100.0, 100.0, 8], [100.0, 100.0, 4]]","[[100.0, 100.0, 1], [100.0, 100.0, 1], [100.0, 100.0, 8], [100.0, 100.0, 4]]",pass,https://dandiarchive.s3.amazonaws.com/blobs/88d/b29/88db2938-a9e0-491c-8056-f83cc894edf3,642504,1243523806,Isocortex,MB,"[1204, 892, 918, 901, 253, 1226, 891, 924]","[663, 1041, 668, 966, 965, 688, 969, 654]","[""session_time_linear"", ""session_time_quadratic"", ""image_identity:im115_r-1.0"", ""eventual_response_in_window"", ""eventual_response_latency"", ""response_latency_missing""]"
no_reward,18,8,8,0.04894157251072273,0.08961171715692617,0.04067014464620344,0.009170369281680912,-0.03977120322904182,0.08044134787524526,"[[100.0, 100.0, 8], [100.0, 10.0, 2], [100.0, 10.0, 2], [100.0, 10.0, 1]]","[[100.0, 100.0, 8], [100.0, 10.0, 2], [100.0, 10.0, 2], [100.0, 10.0, 1]]",pass,https://dandiarchive.s3.amazonaws.com/blobs/88d/b29/88db2938-a9e0-491c-8056-f83cc894edf3,642504,1243523806,Isocortex,MB,"[1204, 892, 918, 901, 253, 1226, 891, 924]","[663, 1041, 668, 966, 965, 688, 969, 654]","[""session_time_linear"", ""session_time_quadratic"", ""image_identity:im115_r-1.0"", ""eventual_response_in_window"", ""eventual_response_latency"", ""response_latency_missing""]"
engaged_1,15,24,24,0.023324111557591176,0.028341252846470932,0.005017141288879756,0.03889558357791445,0.015571472020323274,-0.010554330731443518,"[[100.0, 100.0, 2], [100.0, 100.0, 1], [100.0, 100.0, 2], [100.0, 100.0, 2]]","[[100.0, 100.0, 2], [100.0, 100.0, 1], [100.0, 100.0, 2], [100.0, 100.0, 2]]",pass,https://dandiarchive.s3.amazonaws.com/blobs/c78/ef5/c78ef53f-16de-4f5e-8235-afe87a226203,614547,1181731440,Isocortex,STR,"[629, 1503, 1455, 1603, 1584, 668, 677, 1495, 635, 332, 166, 1648, 938, 953, 1469, 1492, 1449, 1483, 226, 959, 1622, 174, 224, 703]","[41, 25, 142, 137, 49, 357, 94, 44, 43, 22, 57, 23, 26, 85, 127, 46, 124, 27, 366, 126, 53, 108, 50, 377]","[""session_time_linear"", ""session_time_quadratic"", ""image_identity:im115_r-1.0"", ""eventual_response_in_window"", ""eventual_response_latency"", ""response_latency_missing""]"
engaged_2,15,24,24,0.013034625337282058,0.003125373056966252,-0.009909252280315806,0.01845739321584461,0.005422767878562551,-0.015332020158878357,"[[100.0, 100.0, 1], [100.0, 10.0, 2], [100.0, 100.0, 2], [100.0, 100.0, 2]]","[[100.0, 100.0, 1], [100.0, 10.0, 2], [100.0, 100.0, 2], [100.0, 100.0, 2]]",pass,https://dandiarchive.s3.amazonaws.com/blobs/c78/ef5/c78ef53f-16de-4f5e-8235-afe87a226203,614547,1181731440,Isocortex,STR,"[629, 1503, 1455, 1603, 1584, 668, 677, 1495, 635, 332, 166, 1648, 938, 953, 1469, 1492, 1449, 1483, 226, 959, 1622, 174, 224, 703]","[41, 25, 142, 137, 49, 357, 94, 44, 43, 22, 57, 23, 26, 85, 127, 46, 124, 27, 366, 126, 53, 108, 50, 377]","[""session_time_linear"", ""session_time_quadratic"", ""image_identity:im115_r-1.0"", ""eventual_response_in_window"", ""eventual_response_latency"", ""response_latency_missing""]"
no_reward,15,24,24,0.006644069040216194,0.005053816766427688,-0.001590252273788506,0.0008103066739377773,-0.005833762366278417,0.0042435100924899105,"[[100.0, 100.0, 1], [100.0, 100.0, 1], [100.0, 100.0, 1], [100.0, 100.0, 4]]","[[100.0, 100.0, 1], [100.0, 100.0, 1], [100.0, 100.0, 1], [100.0, 100.0, 4]]",pass,https://dandiarchive.s3.amazonaws.com/blobs/c78/ef5/c78ef53f-16de-4f5e-8235-afe87a226203,614547,1181731440,Isocortex,STR,"[629, 1503, 1455, 1603, 1584, 668, 677, 1495, 635, 332, 166, 1648, 938, 953, 1469, 1492, 1449, 1483, 226, 959, 1622, 174, 224, 703]","[41, 25, 142, 137, 49, 357, 94, 44, 43, 22, 57, 23, 26, 85, 127, 46, 124, 27, 366, 126, 53, 108, 50, 377]","[""session_time_linear"", ""session_time_quadratic"", ""image_identity:im115_r-1.0"", ""eventual_response_in_window"", ""eventual_response_latency"", ""response_latency_missing""]"
engaged_1,17,24,24,0.013144105018216945,-0.025888822700068648,-0.03903292771828559,-0.018820597949291695,-0.03196470296750864,-0.0070682247507769524,"[[10.0, 100.0, 8], [100.0, 100.0, 8], [100.0, 10.0, 8], [100.0, 100.0, 1]]","[[10.0, 100.0, 8], [100.0, 100.0, 8], [100.0, 10.0, 8], [100.0, 100.0, 1]]",pass,https://dandiarchive.s3.amazonaws.com/blobs/68c/a06/68ca0674-2a8a-4931-8d5b-10a3edfb0cfa,614608,1187475832,Isocortex,STR,"[593, 1709, 2652, 2235, 2013, 2587, 2471, 1666, 1966, 2375, 2315, 2009, 1668, 2396, 620, 2522, 2488, 2034, 1677, 669, 2292, 646, 1239, 2004]","[1910, 1909, 1907, 1888, 1894, 1896, 1899, 2096, 1895, 1866, 1869, 2095, 2100, 1897, 2093, 1889, 1904, 1867, 1885, 1881, 1878, 2103, 1873, 1898]","[""session_time_linear"", ""session_time_quadratic"", ""image_identity:im115_r-1.0"", ""eventual_response_in_window"", ""eventual_response_latency"", ""response_latency_missing""]"
engaged_2,17,24,24,0.011994092820195701,-0.008449664079210217,-0.020443756899405918,-0.011378748363070956,-0.023372841183266657,0.002929084283860739,"[[100.0, 100.0, 1], [100.0, 100.0, 8], [100.0, 100.0, 1], [100.0, 10.0, 2]]","[[100.0, 100.0, 1], [100.0, 100.0, 8], [100.0, 100.0, 1], [100.0, 10.0, 2]]",pass,https://dandiarchive.s3.amazonaws.com/blobs/68c/a06/68ca0674-2a8a-4931-8d5b-10a3edfb0cfa,614608,1187475832,Isocortex,STR,"[593, 1709, 2652, 2235, 2013, 2587, 2471, 1666, 1966, 2375, 2315, 2009, 1668, 2396, 620, 2522, 2488, 2034, 1677, 669, 2292, 646, 1239, 2004]","[1910, 1909, 1907, 1888, 1894, 1896, 1899, 2096, 1895, 1866, 1869, 2095, 2100, 1897, 2093, 1889, 1904, 1867, 1885, 1881, 1878, 2103, 1873, 1898]","[""session_time_linear"", ""session_time_quadratic"", ""image_identity:im115_r-1.0"", ""eventual_response_in_window"", ""eventual_response_latency"", ""response_latency_missing""]"
no_reward,17,24,24,0.012246936250926765,-0.0023443675416165988,-0.014591303792543364,-0.0014082449477235137,-0.013655181198650279,-0.000936122593893085,"[[100.0, 10.0, 1], [100.0, 100.0, 2], [100.0, 100.0, 1], [10.0, 100.0, 4]]","[[100.0, 10.0, 1], [100.0, 100.0, 2], [100.0, 100.0, 1], [10.0, 100.0, 4]]",pass,https://dandiarchive.s3.amazonaws.com/blobs/68c/a06/68ca0674-2a8a-4931-8d5b-10a3edfb0cfa,614608,1187475832,Isocortex,STR,"[593, 1709, 2652, 2235, 2013, 2587, 2471, 1666, 1966, 2375, 2315, 2009, 1668, 2396, 620, 2522, 2488, 2034, 1677, 669, 2292, 646, 1239, 2004]","[1910, 1909, 1907, 1888, 1894, 1896, 1899, 2096, 1895, 1866, 1869, 2095, 2100, 1897, 2093, 1889, 1904, 1867, 1885, 1881, 1878, 2103, 1873, 1898]","[""session_time_linear"", ""session_time_quadratic"", ""image_identity:im115_r-1.0"", ""eventual_response_in_window"", ""eventual_response_latency"", ""response_latency_missing""]"
engaged_1,24,24,24,0.07064565546904455,0.05296367119398104,-0.01768198427506351,0.07843897610643324,0.00779332063738869,-0.0254753049124522,"[[100.0, 10.0, 1], [100.0, 100.0, 2], [100.0, 100.0, 2], [100.0, 100.0, 1]]","[[100.0, 10.0, 1], [100.0, 100.0, 2], [100.0, 100.0, 2], [100.0, 100.0, 1]]",pass,https://dandiarchive.s3.amazonaws.com/blobs/fd4/c49/fd4c4964-f02b-456e-af4d-b9407877d0de,614608,1187940755,Isocortex,STR,"[714, 1988, 2155, 1480, 215, 1777, 1496, 173, 289, 1567, 1939, 1497, 154, 1118, 2225, 210, 1523, 195, 1519, 803, 412, 235, 1615, 342]","[1311, 1439, 1446, 1412, 1385, 1288, 1356, 1290, 1269, 1371, 1353, 1443, 1306, 1336, 1312, 1313, 1285, 1442, 1373, 1367, 1421, 1417, 1420, 1444]","[""session_time_linear"", ""session_time_quadratic"", ""image_identity:im115_r-1.0"", ""eventual_response_in_window"", ""eventual_response_latency"", ""response_latency_missing""]"
engaged_2,24,24,24,0.02103994971154266,0.017625907177596045,-0.003414042533946615,0.03460608694854905,0.013566137237006393,-0.016980179770953008,"[[100.0, 100.0, 1], [100.0, 100.0, 2], [100.0, 100.0, 2], [100.0, 100.0, 8]]","[[100.0, 100.0, 1], [100.0, 100.0, 2], [100.0, 100.0, 2], [100.0, 100.0, 8]]",pass,https://dandiarchive.s3.amazonaws.com/blobs/fd4/c49/fd4c4964-f02b-456e-af4d-b9407877d0de,614608,1187940755,Isocortex,STR,"[714, 1988, 2155, 1480, 215, 1777, 1496, 173, 289, 1567, 1939, 1497, 154, 1118, 2225, 210, 1523, 195, 1519, 803, 412, 235, 1615, 342]","[1311, 1439, 1446, 1412, 1385, 1288, 1356, 1290, 1269, 1371, 1353, 1443, 1306, 1336, 1312, 1313, 1285, 1442, 1373, 1367, 1421, 1417, 1420, 1444]","[""session_time_linear"", ""session_time_quadratic"", ""image_identity:im115_r-1.0"", ""eventual_response_in_window"", ""eventual_response_latency"", ""response_latency_missing""]"
no_reward,24,24,24,0.07688049488421789,0.07619743954683789,-0.0006830553373800008,0.04101827078768727,-0.035862224096530615,0.035179168759150614,"[[100.0, 100.0, 8], [100.0, 10.0, 1], [100.0, 100.0, 8], [100.0, 100.0, 4]]","[[100.0, 100.0, 8], [100.0, 10.0, 1], [100.0, 100.0, 8], [100.0, 100.0, 4]]",pass,https://dandiarchive.s3.amazonaws.com/blobs/fd4/c49/fd4c4964-f02b-456e-af4d-b9407877d0de,614608,1187940755,Isocortex,STR,"[714, 1988, 2155, 1480, 215, 1777, 1496, 173, 289, 1567, 1939, 1497, 154, 1118, 2225, 210, 1523, 195, 1519, 803, 412, 235, 1615, 342]","[1311, 1439, 1446, 1412, 1385, 1288, 1356, 1290, 1269, 1371, 1353, 1443, 1306, 1336, 1312, 1313, 1285, 1442, 1373, 1367, 1421, 1417, 1420, 1444]","[""session_time_linear"", ""session_time_quadratic"", ""image_identity:im115_r-1.0"", ""eventual_response_in_window"", ""eventual_response_latency"", ""response_latency_missing""]"
engaged_1,17,24,24,0.014799475322884836,0.0035638212278117365,-0.0112356540950731,0.008279631605216053,-0.006519843717668783,-0.004715810377404317,"[[100.0, 100.0, 2], [100.0, 100.0, 2], [100.0, 100.0, 1], [100.0, 100.0, 1]]","[[100.0, 100.0, 2], [100.0, 100.0, 2], [100.0, 100.0, 1], [100.0, 100.0, 1]]",pass,https://dandiarchive.s3.amazonaws.com/blobs/75d/9d0/75d9d091-e7db-47d1-aac4-d41133e29393,615048,1197725774,Isocortex,STR,"[741, 1187, 778, 1574, 1920, 743, 1913, 465, 1933, 1951, 228, 722, 1936, 1579, 1984, 2210, 1985, 824, 1912, 1900, 289, 1174, 1642, 1600]","[79, 78, 82, 95, 151, 92, 168, 143, 88, 87, 103, 173, 108, 138, 135, 81, 129, 137, 169, 109, 84, 458, 165, 86]","[""session_time_linear"", ""session_time_quadratic"", ""image_identity:im115_r-1.0"", ""eventual_response_in_window"", ""eventual_response_latency"", ""response_latency_missing""]"
engaged_2,17,24,24,-0.0114772721930394,-0.006086417509232778,0.005390854683806623,-0.014223045289952774,-0.002745773096913373,0.008136627780719996,"[[100.0, 100.0, 8], [100.0, 100.0, 8], [100.0, 100.0, 2], [100.0, 100.0, 4]]","[[100.0, 100.0, 8], [100.0, 100.0, 8], [100.0, 100.0, 2], [100.0, 100.0, 4]]",pass,https://dandiarchive.s3.amazonaws.com/blobs/75d/9d0/75d9d091-e7db-47d1-aac4-d41133e29393,615048,1197725774,Isocortex,STR,"[741, 1187, 778, 1574, 1920, 743, 1913, 465, 1933, 1951, 228, 722, 1936, 1579, 1984, 2210, 1985, 824, 1912, 1900, 289, 1174, 1642, 1600]","[79, 78, 82, 95, 151, 92, 168, 143, 88, 87, 103, 173, 108, 138, 135, 81, 129, 137, 169, 109, 84, 458, 165, 86]","[""session_time_linear"", ""session_time_quadratic"", ""image_identity:im115_r-1.0"", ""eventual_response_in_window"", ""eventual_response_latency"", ""response_latency_missing""]"
no_reward,17,24,24,0.012744171434950102,-0.001884416258300936,-0.014628587693251038,0.0013287001244309815,-0.01141547131051912,-0.0032131163827319176,"[[100.0, 100.0, 1], [100.0, 100.0, 8], [100.0, 100.0, 1], [100.0, 100.0, 1]]","[[100.0, 100.0, 1], [100.0, 100.0, 8], [100.0, 100.0, 1], [100.0, 100.0, 1]]",pass,https://dandiarchive.s3.amazonaws.com/blobs/75d/9d0/75d9d091-e7db-47d1-aac4-d41133e29393,615048,1197725774,Isocortex,STR,"[741, 1187, 778, 1574, 1920, 743, 1913, 465, 1933, 1951, 228, 722, 1936, 1579, 1984, 2210, 1985, 824, 1912, 1900, 289, 1174, 1642, 1600]","[79, 78, 82, 95, 151, 92, 168, 143, 88, 87, 103, 173, 108, 138, 135, 81, 129, 137, 169, 109, 84, 458, 165, 86]","[""session_time_linear"", ""session_time_quadratic"", ""image_identity:im115_r-1.0"", ""eventual_response_in_window"", ""eventual_response_latency"", ""response_latency_missing""]"
engaged_1,18,24,24,0.0105665154360286,0.002628007831088519,-0.007938507604940082,-0.0018528109416355854,-0.012419326377664186,0.0044808187727241044,"[[100.0, 100.0, 1], [100.0, 100.0, 1], [100.0, 100.0, 1], [100.0, 100.0, 1]]","[[100.0, 100.0, 1], [100.0, 100.0, 1], [100.0, 100.0, 1], [100.0, 100.0, 1]]",pass,https://dandiarchive.s3.amazonaws.com/blobs/fe0/9ba/fe09ba54-89e9-4b73-bf95-5127c2ee2ad9,615048,1197514969,Isocortex,STR,"[1892, 637, 1897, 326, 1889, 1890, 640, 1594, 1065, 2310, 1032, 1084, 242, 231, 647, 646, 739, 732, 1086, 322, 1900, 2431, 1951, 318]","[1788, 60, 56, 1829, 44, 1818, 52, 2076, 54, 148, 2093, 127, 2280, 2101, 2071, 2258, 2212, 63, 2086, 1800, 2092, 2055, 1774, 2090]","[""session_time_linear"", ""session_time_quadratic"", ""image_identity:im115_r-1.0"", ""eventual_response_in_window"", ""eventual_response_latency"", ""response_latency_missing""]"
engaged_2,18,24,24,-0.002778364396596844,0.0030322259234982774,0.0058105903200951214,-0.0076538020893412995,-0.004875437692744455,0.010686028012839577,"[[100.0, 100.0, 1], [100.0, 100.0, 2], [100.0, 100.0, 1], [100.0, 100.0, 4]]","[[100.0, 100.0, 1], [100.0, 100.0, 2], [100.0, 100.0, 1], [100.0, 100.0, 4]]",pass,https://dandiarchive.s3.amazonaws.com/blobs/fe0/9ba/fe09ba54-89e9-4b73-bf95-5127c2ee2ad9,615048,1197514969,Isocortex,STR,"[1892, 637, 1897, 326, 1889, 1890, 640, 1594, 1065, 2310, 1032, 1084, 242, 231, 647, 646, 739, 732, 1086, 322, 1900, 2431, 1951, 318]","[1788, 60, 56, 1829, 44, 1818, 52, 2076, 54, 148, 2093, 127, 2280, 2101, 2071, 2258, 2212, 63, 2086, 1800, 2092, 2055, 1774, 2090]","[""session_time_linear"", ""session_time_quadratic"", ""image_identity:im115_r-1.0"", ""eventual_response_in_window"", ""eventual_response_latency"", ""response_latency_missing""]"
no_reward,18,24,24,-0.0006701297316478172,-0.014330304214903666,-0.01366017448325585,-0.01599712123684327,-0.015326991505195453,0.001666817021939604,"[[100.0, 100.0, 1], [100.0, 100.0, 2], [100.0, 100.0, 1], [100.0, 100.0, 1]]","[[100.0, 100.0, 1], [100.0, 100.0, 2], [100.0, 100.0, 1], [100.0, 100.0, 1]]",pass,https://dandiarchive.s3.amazonaws.com/blobs/fe0/9ba/fe09ba54-89e9-4b73-bf95-5127c2ee2ad9,615048,1197514969,Isocortex,STR,"[1892, 637, 1897, 326, 1889, 1890, 640, 1594, 1065, 2310, 1032, 1084, 242, 231, 647, 646, 739, 732, 1086, 322, 1900, 2431, 1951, 318]","[1788, 60, 56, 1829, 44, 1818, 52, 2076, 54, 148, 2093, 127, 2280, 2101, 2071, 2258, 2212, 63, 2086, 1800, 2092, 2055, 1774, 2090]","[""session_time_linear"", ""session_time_quadratic"", ""image_identity:im115_r-1.0"", ""eventual_response_in_window"", ""eventual_response_latency"", ""response_latency_missing""]"
engaged_1,16,24,24,0.003857897222814821,-0.028861011387643964,-0.032718908610458786,-0.0005460298667234742,-0.004403927089538295,-0.02831498152092049,"[[100.0, 10.0, 2], [100.0, 100.0, 1], [100.0, 100.0, 8], [100.0, 100.0, 1]]","[[100.0, 10.0, 2], [100.0, 100.0, 1], [100.0, 100.0, 8], [100.0, 100.0, 1]]",pass,https://dandiarchive.s3.amazonaws.com/blobs/3ae/b2f/3aeb2f0d-c1c1-4b50-964b-61caffa07ee9,615564,1198796984,Isocortex,STR,"[129, 1589, 1577, 1586, 1580, 1581, 99, 1247, 1540, 1198, 1527, 806, 1598, 66, 128, 1575, 844, 49, 1544, 849, 1348, 828, 422, 101]","[1495, 1482, 1453, 1507, 1494, 1449, 1504, 1506, 1500, 1503, 1476, 1479, 1465, 1462, 1739, 1478, 1466, 9, 6, 1480, 1464, 1460, 1496, 1489]","[""session_time_linear"", ""session_time_quadratic"", ""image_identity:im115_r-1.0"", ""eventual_response_in_window"", ""eventual_response_latency"", ""response_latency_missing""]"
engaged_2,16,24,24,0.01089062966922194,-0.0021534346512341873,-0.013044064320456128,0.02487450642436284,0.0139838767551409,-0.02702794107559703,"[[100.0, 100.0, 1], [100.0, 100.0, 1], [100.0, 100.0, 2], [100.0, 100.0, 1]]","[[100.0, 100.0, 1], [100.0, 100.0, 1], [100.0, 100.0, 2], [100.0, 100.0, 1]]",pass,https://dandiarchive.s3.amazonaws.com/blobs/3ae/b2f/3aeb2f0d-c1c1-4b50-964b-61caffa07ee9,615564,1198796984,Isocortex,STR,"[129, 1589, 1577, 1586, 1580, 1581, 99, 1247, 1540, 1198, 1527, 806, 1598, 66, 128, 1575, 844, 49, 1544, 849, 1348, 828, 422, 101]","[1495, 1482, 1453, 1507, 1494, 1449, 1504, 1506, 1500, 1503, 1476, 1479, 1465, 1462, 1739, 1478, 1466, 9, 6, 1480, 1464, 1460, 1496, 1489]","[""session_time_linear"", ""session_time_quadratic"", ""image_identity:im115_r-1.0"", ""eventual_response_in_window"", ""eventual_response_latency"", ""response_latency_missing""]"
no_reward,16,24,24,0.025905488313199165,0.007710770696250702,-0.018194717616948464,-0.011712064456675275,-0.03761755276987444,0.019422835152925977,"[[100.0, 100.0, 4], [100.0, 100.0, 8], [100.0, 100.0, 2], [100.0, 100.0, 4]]","[[100.0, 100.0, 4], [100.0, 100.0, 8], [100.0, 100.0, 2], [100.0, 100.0, 4]]",pass,https://dandiarchive.s3.amazonaws.com/blobs/3ae/b2f/3aeb2f0d-c1c1-4b50-964b-61caffa07ee9,615564,1198796984,Isocortex,STR,"[129, 1589, 1577, 1586, 1580, 1581, 99, 1247, 1540, 1198, 1527, 806, 1598, 66, 128, 1575, 844, 49, 1544, 849, 1348, 828, 422, 101]","[1495, 1482, 1453, 1507, 1494, 1449, 1504, 1506, 1500, 1503, 1476, 1479, 1465, 1462, 1739, 1478, 1466, 9, 6, 1480, 1464, 1460, 1496, 1489]","[""session_time_linear"", ""session_time_quadratic"", ""image_identity:im115_r-1.0"", ""eventual_response_in_window"", ""eventual_response_latency"", ""response_latency_missing""]"
engaged_1,17,24,24,0.05014628876747884,0.04477275123183255,-0.005373537535646289,0.04297143975898954,-0.0071748490084893035,0.0018013114728430146,"[[100.0, 100.0, 1], [100.0, 100.0, 1], [100.0, 100.0, 2], [100.0, 100.0, 2]]","[[100.0, 100.0, 1], [100.0, 100.0, 1], [100.0, 100.0, 2], [100.0, 100.0, 2]]",pass,https://dandiarchive.s3.amazonaws.com/blobs/635/68b/63568b8b-5957-4045-b90d-d75108909249,615564,1198995158,Isocortex,STR,"[1843, 2375, 1790, 698, 2274, 2403, 1877, 2382, 1847, 683, 1844, 2469, 2342, 112, 1450, 2476, 1836, 696, 1806, 674, 1446, 2432, 1441, 2453]","[2225, 2147, 2242, 2241, 2161, 2255, 2208, 2155, 2123, 2125, 2143, 2113, 2215, 2163, 2156, 2555, 2146, 2206, 2131, 2232, 2598, 2137, 2198, 2127]","[""session_time_linear"", ""session_time_quadratic"", ""image_identity:im115_r-1.0"", ""eventual_response_in_window"", ""eventual_response_latency"", ""response_latency_missing""]"
engaged_2,17,24,24,0.07208477094071608,0.09082350117025328,0.018738730229537204,0.055846576809650994,-0.016238194131065087,0.03497692436060229,"[[100.0, 100.0, 4], [100.0, 10.0, 1], [10.0, 100.0, 8], [10.0, 10.0, 8]]","[[100.0, 100.0, 4], [100.0, 10.0, 1], [10.0, 100.0, 8], [10.0, 10.0, 8]]",pass,https://dandiarchive.s3.amazonaws.com/blobs/635/68b/63568b8b-5957-4045-b90d-d75108909249,615564,1198995158,Isocortex,STR,"[1843, 2375, 1790, 698, 2274, 2403, 1877, 2382, 1847, 683, 1844, 2469, 2342, 112, 1450, 2476, 1836, 696, 1806, 674, 1446, 2432, 1441, 2453]","[2225, 2147, 2242, 2241, 2161, 2255, 2208, 2155, 2123, 2125, 2143, 2113, 2215, 2163, 2156, 2555, 2146, 2206, 2131, 2232, 2598, 2137, 2198, 2127]","[""session_time_linear"", ""session_time_quadratic"", ""image_identity:im115_r-1.0"", ""eventual_response_in_window"", ""eventual_response_latency"", ""response_latency_missing""]"
no_reward,17,24,24,0.012447829387169262,0.024112357943779972,0.01166452855661071,0.005786324211907612,-0.0066615051752616505,0.01832603373187236,"[[100.0, 100.0, 8], [100.0, 100.0, 8], [100.0, 10.0, 1], [100.0, 100.0, 8]]","[[100.0, 100.0, 8], [100.0, 100.0, 8], [100.0, 10.0, 1], [100.0, 100.0, 8]]",pass,https://dandiarchive.s3.amazonaws.com/blobs/635/68b/63568b8b-5957-4045-b90d-d75108909249,615564,1198995158,Isocortex,STR,"[1843, 2375, 1790, 698, 2274, 2403, 1877, 2382, 1847, 683, 1844, 2469, 2342, 112, 1450, 2476, 1836, 696, 1806, 674, 1446, 2432, 1441, 2453]","[2225, 2147, 2242, 2241, 2161, 2255, 2208, 2155, 2123, 2125, 2143, 2113, 2215, 2163, 2156, 2555, 2146, 2206, 2131, 2232, 2598, 2137, 2198, 2127]","[""session_time_linear"", ""session_time_quadratic"", ""image_identity:im115_r-1.0"", ""eventual_response_in_window"", ""eventual_response_latency"", ""response_latency_missing""]"
engaged_1,12,24,24,0.05056841713921367,0.04442663605388497,-0.006141781085328701,0.041056526331841314,-0.009511890807372358,0.003370109722043657,"[[100.0, 100.0, 4], [100.0, 100.0, 8], [100.0, 100.0, 1], [100.0, 100.0, 8]]","[[100.0, 100.0, 4], [100.0, 100.0, 8], [100.0, 100.0, 1], [100.0, 100.0, 8]]",pass,https://dandiarchive.s3.amazonaws.com/blobs/9ae/cb7/9aecb778-a5a0-4554-8b06-3af01005fea5,623319,1209073822,Isocortex,STR,"[883, 1467, 2028, 2079, 1472, 455, 1463, 2092, 2201, 1955, 425, 2034, 1433, 437, 1456, 457, 451, 1461, 2158, 450, 2125, 2084, 1475, 2193]","[1657, 1783, 1740, 1737, 1743, 1738, 1734, 1648, 1655, 1771, 1730, 1663, 1837, 1839, 2386, 1835, 1736, 2263, 1820, 1816, 1721, 1652, 1662, 1749]","[""session_time_linear"", ""session_time_quadratic"", ""image_identity:im115_r-1.0"", ""eventual_response_in_window"", ""eventual_response_latency"", ""response_latency_missing""]"
engaged_2,12,24,24,0.03401592245167262,0.030364754742033817,-0.003651167709638803,0.03440471310334092,0.0003887906516683026,-0.0040399583613071055,"[[100.0, 100.0, 1], [100.0, 100.0, 1], [100.0, 100.0, 1], [100.0, 100.0, 4]]","[[100.0, 100.0, 1], [100.0, 100.0, 1], [100.0, 100.0, 1], [100.0, 100.0, 4]]",pass,https://dandiarchive.s3.amazonaws.com/blobs/9ae/cb7/9aecb778-a5a0-4554-8b06-3af01005fea5,623319,1209073822,Isocortex,STR,"[883, 1467, 2028, 2079, 1472, 455, 1463, 2092, 2201, 1955, 425, 2034, 1433, 437, 1456, 457, 451, 1461, 2158, 450, 2125, 2084, 1475, 2193]","[1657, 1783, 1740, 1737, 1743, 1738, 1734, 1648, 1655, 1771, 1730, 1663, 1837, 1839, 2386, 1835, 1736, 2263, 1820, 1816, 1721, 1652, 1662, 1749]","[""session_time_linear"", ""session_time_quadratic"", ""image_identity:im115_r-1.0"", ""eventual_response_in_window"", ""eventual_response_latency"", ""response_latency_missing""]"
no_reward,12,24,24,0.018819204271661616,-0.0016464956221020621,-0.020465699893763678,-0.014049514184583778,-0.032868718456245394,0.012403018562481716,"[[100.0, 1.0, 1], [100.0, 10.0, 1], [100.0, 100.0, 1], [100.0, 100.0, 4]]","[[100.0, 1.0, 1], [100.0, 10.0, 1], [100.0, 100.0, 1], [100.0, 100.0, 4]]",pass,https://dandiarchive.s3.amazonaws.com/blobs/9ae/cb7/9aecb778-a5a0-4554-8b06-3af01005fea5,623319,1209073822,Isocortex,STR,"[883, 1467, 2028, 2079, 1472, 455, 1463, 2092, 2201, 1955, 425, 2034, 1433, 437, 1456, 457, 451, 1461, 2158, 450, 2125, 2084, 1475, 2193]","[1657, 1783, 1740, 1737, 1743, 1738, 1734, 1648, 1655, 1771, 1730, 1663, 1837, 1839, 2386, 1835, 1736, 2263, 1820, 1816, 1721, 1652, 1662, 1749]","[""session_time_linear"", ""session_time_quadratic"", ""image_identity:im115_r-1.0"", ""eventual_response_in_window"", ""eventual_response_latency"", ""response_latency_missing""]"
engaged_1,22,24,24,0.027786403144568594,0.020227369006094342,-0.007559034138474252,0.022778902741954044,-0.005007500402614551,-0.0025515337358597012,"[[100.0, 100.0, 1], [100.0, 100.0, 8], [100.0, 100.0, 1], [100.0, 100.0, 8]]","[[100.0, 100.0, 1], [100.0, 100.0, 8], [100.0, 100.0, 1], [100.0, 100.0, 8]]",pass,https://dandiarchive.s3.amazonaws.com/blobs/5d9/4f7/5d94f7f7-daa2-4d2d-93a5-1bd2bc02e141,623322,1200471383,Isocortex,STR,"[293, 1737, 1269, 1785, 1461, 759, 1295, 1444, 48, 394, 1726, 54, 13, 1497, 330, 1733, 74, 1433, 103, 386, 784, 80, 756, 1793]","[1602, 1567, 1571, 1576, 1592, 1599, 1583, 1566, 1587, 1568, 1600, 1596, 1589, 1584, 1594, 1579, 1870, 1593, 141, 1572, 1617, 1595, 1869, 1578]","[""session_time_linear"", ""session_time_quadratic"", ""image_identity:im115_r-1.0"", ""eventual_response_in_window"", ""eventual_response_latency"", ""response_latency_missing""]"
engaged_2,22,24,24,0.038362755224262135,0.0345204466203608,-0.0038423086039013343,0.03546176041539306,-0.002900994808869073,-0.0009413137950322614,"[[100.0, 100.0, 4], [100.0, 100.0, 2], [100.0, 100.0, 1], [100.0, 100.0, 1]]","[[100.0, 100.0, 4], [100.0, 100.0, 2], [100.0, 100.0, 1], [100.0, 100.0, 1]]",pass,https://dandiarchive.s3.amazonaws.com/blobs/5d9/4f7/5d94f7f7-daa2-4d2d-93a5-1bd2bc02e141,623322,1200471383,Isocortex,STR,"[293, 1737, 1269, 1785, 1461, 759, 1295, 1444, 48, 394, 1726, 54, 13, 1497, 330, 1733, 74, 1433, 103, 386, 784, 80, 756, 1793]","[1602, 1567, 1571, 1576, 1592, 1599, 1583, 1566, 1587, 1568, 1600, 1596, 1589, 1584, 1594, 1579, 1870, 1593, 141, 1572, 1617, 1595, 1869, 1578]","[""session_time_linear"", ""session_time_quadratic"", ""image_identity:im115_r-1.0"", ""eventual_response_in_window"", ""eventual_response_latency"", ""response_latency_missing""]"
no_reward,22,24,24,0.02491882296367809,0.022242454377501608,-0.0026763685861764808,0.02262453484573046,-0.0022942881179476293,-0.00038208046822885144,"[[100.0, 100.0, 8], [100.0, 100.0, 8], [100.0, 100.0, 1], [100.0, 100.0, 1]]","[[100.0, 100.0, 8], [100.0, 100.0, 8], [100.0, 100.0, 1], [100.0, 100.0, 1]]",pass,https://dandiarchive.s3.amazonaws.com/blobs/5d9/4f7/5d94f7f7-daa2-4d2d-93a5-1bd2bc02e141,623322,1200471383,Isocortex,STR,"[293, 1737, 1269, 1785, 1461, 759, 1295, 1444, 48, 394, 1726, 54, 13, 1497, 330, 1733, 74, 1433, 103, 386, 784, 80, 756, 1793]","[1602, 1567, 1571, 1576, 1592, 1599, 1583, 1566, 1587, 1568, 1600, 1596, 1589, 1584, 1594, 1579, 1870, 1593, 141, 1572, 1617, 1595, 1869, 1578]","[""session_time_linear"", ""session_time_quadratic"", ""image_identity:im115_r-1.0"", ""eventual_response_in_window"", ""eventual_response_latency"", ""response_latency_missing""]"
engaged_1,14,24,24,-0.060691095616452584,-0.10671937113375707,-0.046028275517304484,-0.04683632594495024,0.013854769671502343,-0.05988304518880683,"[[10.0, 1.0, 2], [100.0, 100.0, 4], [100.0, 10.0, 1], [100.0, 100.0, 8]]","[[10.0, 1.0, 2], [100.0, 100.0, 4], [100.0, 10.0, 1], [100.0, 100.0, 8]]",pass,https://dandiarchive.s3.amazonaws.com/blobs/8bb/124/8bb12481-57e1-4f9d-95f0-c2ec49f2e338,632295,1218795542,Isocortex,STR,"[1631, 1088, 773, 480, 710, 717, 2045, 483, 2192, 454, 1127, 69, 2122, 731, 1100, 1098, 1109, 1157, 1158, 1102, 2161, 736, 1699, 492]","[1832, 1958, 1847, 1893, 1976, 1895, 1837, 1933, 1890, 1962, 2313, 1924, 1949, 2326, 1922, 1867, 1823, 1839, 1908, 1853, 1909, 1873, 1901, 1868]","[""session_time_linear"", ""session_time_quadratic"", ""image_identity:im115_r-1.0"", ""eventual_response_in_window"", ""eventual_response_latency"", ""response_latency_missing""]"
engaged_2,14,24,24,0.00871482638636889,-0.018175001368063715,-0.026889827754432605,-0.003164738262618094,-0.011879564648986984,-0.01501026310544562,"[[100.0, 100.0, 2], [100.0, 10.0, 2], [100.0, 100.0, 1], [100.0, 100.0, 2]]","[[100.0, 100.0, 2], [100.0, 10.0, 2], [100.0, 100.0, 1], [100.0, 100.0, 2]]",pass,https://dandiarchive.s3.amazonaws.com/blobs/8bb/124/8bb12481-57e1-4f9d-95f0-c2ec49f2e338,632295,1218795542,Isocortex,STR,"[1631, 1088, 773, 480, 710, 717, 2045, 483, 2192, 454, 1127, 69, 2122, 731, 1100, 1098, 1109, 1157, 1158, 1102, 2161, 736, 1699, 492]","[1832, 1958, 1847, 1893, 1976, 1895, 1837, 1933, 1890, 1962, 2313, 1924, 1949, 2326, 1922, 1867, 1823, 1839, 1908, 1853, 1909, 1873, 1901, 1868]","[""session_time_linear"", ""session_time_quadratic"", ""image_identity:im115_r-1.0"", ""eventual_response_in_window"", ""eventual_response_latency"", ""response_latency_missing""]"
no_reward,14,24,24,-0.004546260304658434,-0.07801927185410085,-0.07347301154944241,-0.0017891512475760596,0.002757109057082374,-0.07623012060652479,"[[100.0, 100.0, 1], [100.0, 100.0, 1], [100.0, 1.0, 1], [100.0, 100.0, 2]]","[[100.0, 100.0, 1], [100.0, 100.0, 1], [100.0, 1.0, 1], [100.0, 100.0, 2]]",pass,https://dandiarchive.s3.amazonaws.com/blobs/8bb/124/8bb12481-57e1-4f9d-95f0-c2ec49f2e338,632295,1218795542,Isocortex,STR,"[1631, 1088, 773, 480, 710, 717, 2045, 483, 2192, 454, 1127, 69, 2122, 731, 1100, 1098, 1109, 1157, 1158, 1102, 2161, 736, 1699, 492]","[1832, 1958, 1847, 1893, 1976, 1895, 1837, 1933, 1890, 1962, 2313, 1924, 1949, 2326, 1922, 1867, 1823, 1839, 1908, 1853, 1909, 1873, 1901, 1868]","[""session_time_linear"", ""session_time_quadratic"", ""image_identity:im115_r-1.0"", ""eventual_response_in_window"", ""eventual_response_latency"", ""response_latency_missing""]"
engaged_1,12,24,24,0.013220632394830067,0.023327793294506627,0.01010716089967656,0.007585643344286019,-0.005634989050544048,0.015742149950220607,"[[100.0, 100.0, 8], [100.0, 100.0, 2], [100.0, 100.0, 8], [100.0, 100.0, 2]]","[[100.0, 100.0, 8], [100.0, 100.0, 2], [100.0, 100.0, 8], [100.0, 100.0, 2]]",pass,https://dandiarchive.s3.amazonaws.com/blobs/db1/7c5/db17c503-6c6e-44c4-921f-4b0ddfa6dbdb,632295,1219127153,Isocortex,STR,"[1552, 130, 352, 1152, 888, 98, 866, 386, 1182, 877, 864, 852, 1190, 1196, 337, 1551, 117, 1508, 907, 1238, 906, 1183, 922, 149]","[1408, 1466, 1409, 1431, 1461, 1403, 1446, 1662, 1487, 1415, 1711, 1476, 1429, 1485, 1430, 1463, 1678, 1441, 1449, 1462, 1407, 1668, 1679, 1468]","[""session_time_linear"", ""session_time_quadratic"", ""image_identity:im115_r-1.0"", ""eventual_response_in_window"", ""eventual_response_latency"", ""response_latency_missing""]"
engaged_2,12,24,24,0.01637334133863433,0.009302393147979093,-0.007070948190655235,0.012838222094385676,-0.0035351192442486523,-0.003535828946406583,"[[100.0, 100.0, 1], [100.0, 100.0, 2], [100.0, 100.0, 1], [100.0, 100.0, 4]]","[[100.0, 100.0, 1], [100.0, 100.0, 2], [100.0, 100.0, 1], [100.0, 100.0, 4]]",pass,https://dandiarchive.s3.amazonaws.com/blobs/db1/7c5/db17c503-6c6e-44c4-921f-4b0ddfa6dbdb,632295,1219127153,Isocortex,STR,"[1552, 130, 352, 1152, 888, 98, 866, 386, 1182, 877, 864, 852, 1190, 1196, 337, 1551, 117, 1508, 907, 1238, 906, 1183, 922, 149]","[1408, 1466, 1409, 1431, 1461, 1403, 1446, 1662, 1487, 1415, 1711, 1476, 1429, 1485, 1430, 1463, 1678, 1441, 1449, 1462, 1407, 1668, 1679, 1468]","[""session_time_linear"", ""session_time_quadratic"", ""image_identity:im115_r-1.0"", ""eventual_response_in_window"", ""eventual_response_latency"", ""response_latency_missing""]"
no_reward,12,24,24,0.02810387404454462,0.016537198801707453,-0.011566675242837166,0.005266322217052477,-0.022837551827492142,0.011270876584654976,"[[10.0, 100.0, 1], [100.0, 100.0, 1], [10.0, 100.0, 8], [100.0, 100.0, 8]]","[[10.0, 100.0, 1], [100.0, 100.0, 1], [10.0, 100.0, 8], [100.0, 100.0, 8]]",pass,https://dandiarchive.s3.amazonaws.com/blobs/db1/7c5/db17c503-6c6e-44c4-921f-4b0ddfa6dbdb,632295,1219127153,Isocortex,STR,"[1552, 130, 352, 1152, 888, 98, 866, 386, 1182, 877, 864, 852, 1190, 1196, 337, 1551, 117, 1508, 907, 1238, 906, 1183, 922, 149]","[1408, 1466, 1409, 1431, 1461, 1403, 1446, 1662, 1487, 1415, 1711, 1476, 1429, 1485, 1430, 1463, 1678, 1441, 1449, 1462, 1407, 1668, 1679, 1468]","[""session_time_linear"", ""session_time_quadratic"", ""image_identity:im115_r-1.0"", ""eventual_response_in_window"", ""eventual_response_latency"", ""response_latency_missing""]"
engaged_1,21,24,24,0.04286049251755453,0.04457519032667112,0.0017146978091165943,0.038511760862298905,-0.004348731655255622,0.006063429464372216,"[[100.0, 100.0, 1], [100.0, 100.0, 1], [100.0, 100.0, 1], [100.0, 100.0, 4]]","[[100.0, 100.0, 1], [100.0, 100.0, 1], [100.0, 100.0, 1], [100.0, 100.0, 4]]",pass,https://dandiarchive.s3.amazonaws.com/blobs/d8b/8a9/d8b8a9fb-eda0-459f-a722-60a69961c992,638387,1229654875,Isocortex,STR,"[153, 1559, 425, 848, 333, 147, 820, 1542, 1144, 271, 340, 1146, 811, 765, 159, 1561, 1745, 1126, 381, 1138, 393, 808, 800, 1736]","[6, 3, 67, 35, 12, 0, 109, 18, 11, 1634, 14, 1621, 16, 40, 78, 1637, 584, 46, 575, 25, 50, 10, 570, 9]","[""session_time_linear"", ""session_time_quadratic"", ""image_identity:im115_r-1.0"", ""eventual_response_in_window"", ""eventual_response_latency"", ""response_latency_missing""]"
engaged_2,21,24,24,0.05421647588825507,0.04932926089051459,-0.004887214997740474,0.04785496525654365,-0.00636151063171142,0.0014742956339709457,"[[100.0, 100.0, 2], [100.0, 100.0, 1], [100.0, 100.0, 2], [100.0, 100.0, 2]]","[[100.0, 100.0, 2], [100.0, 100.0, 1], [100.0, 100.0, 2], [100.0, 100.0, 2]]",pass,https://dandiarchive.s3.amazonaws.com/blobs/d8b/8a9/d8b8a9fb-eda0-459f-a722-60a69961c992,638387,1229654875,Isocortex,STR,"[153, 1559, 425, 848, 333, 147, 820, 1542, 1144, 271, 340, 1146, 811, 765, 159, 1561, 1745, 1126, 381, 1138, 393, 808, 800, 1736]","[6, 3, 67, 35, 12, 0, 109, 18, 11, 1634, 14, 1621, 16, 40, 78, 1637, 584, 46, 575, 25, 50, 10, 570, 9]","[""session_time_linear"", ""session_time_quadratic"", ""image_identity:im115_r-1.0"", ""eventual_response_in_window"", ""eventual_response_latency"", ""response_latency_missing""]"
no_reward,21,24,24,-0.03194762749021729,-0.028551419735477257,0.0033962077547400327,-0.029743680320698518,0.002203947169518772,0.0011922605852212609,"[[100.0, 100.0, 2], [100.0, 10.0, 4], [100.0, 100.0, 8], [100.0, 100.0, 4]]","[[100.0, 100.0, 2], [100.0, 10.0, 4], [100.0, 100.0, 8], [100.0, 100.0, 4]]",pass,https://dandiarchive.s3.amazonaws.com/blobs/d8b/8a9/d8b8a9fb-eda0-459f-a722-60a69961c992,638387,1229654875,Isocortex,STR,"[153, 1559, 425, 848, 333, 147, 820, 1542, 1144, 271, 340, 1146, 811, 765, 159, 1561, 1745, 1126, 381, 1138, 393, 808, 800, 1736]","[6, 3, 67, 35, 12, 0, 109, 18, 11, 1634, 14, 1621, 16, 40, 78, 1637, 584, 46, 575, 25, 50, 10, 570, 9]","[""session_time_linear"", ""session_time_quadratic"", ""image_identity:im115_r-1.0"", ""eventual_response_in_window"", ""eventual_response_latency"", ""response_latency_missing""]"
engaged_1,23,24,24,0.06578080334653935,0.0678860269700059,0.0021052236234665456,0.060908005529335396,-0.0048727978172039554,0.006978021440670501,"[[10.0, 100.0, 8], [100.0, 100.0, 1], [100.0, 100.0, 2], [100.0, 100.0, 1]]","[[10.0, 100.0, 8], [100.0, 100.0, 1], [100.0, 100.0, 2], [100.0, 100.0, 1]]",pass,https://dandiarchive.s3.amazonaws.com/blobs/584/1b8/5841b844-3102-4b4f-8f2c-e4cd23ec8f45,640887,1234203203,Isocortex,STR,"[1829, 1822, 932, 1878, 1036, 1874, 1490, 1012, 1891, 1480, 209, 1078, 1052, 492, 1834, 582, 218, 1807, 1893, 503, 580, 1056, 1028, 965]","[1588, 1569, 1656, 1605, 1770, 1755, 1695, 1709, 1674, 1735, 1785, 1597, 2073, 1734, 1663, 1756, 1732, 1694, 1662, 1728, 1737, 1671, 1608, 1635]","[""session_time_linear"", ""session_time_quadratic"", ""image_identity:im115_r-1.0"", ""eventual_response_in_window"", ""eventual_response_latency"", ""response_latency_missing""]"
engaged_2,23,24,24,0.058351540549076875,0.055958924616558714,-0.0023926159325181606,0.06056686805973943,0.002215327510662557,-0.004607943443180718,"[[100.0, 100.0, 1], [100.0, 100.0, 2], [100.0, 100.0, 1], [100.0, 100.0, 8]]","[[100.0, 100.0, 1], [100.0, 100.0, 2], [100.0, 100.0, 1], [100.0, 100.0, 8]]",pass,https://dandiarchive.s3.amazonaws.com/blobs/584/1b8/5841b844-3102-4b4f-8f2c-e4cd23ec8f45,640887,1234203203,Isocortex,STR,"[1829, 1822, 932, 1878, 1036, 1874, 1490, 1012, 1891, 1480, 209, 1078, 1052, 492, 1834, 582, 218, 1807, 1893, 503, 580, 1056, 1028, 965]","[1588, 1569, 1656, 1605, 1770, 1755, 1695, 1709, 1674, 1735, 1785, 1597, 2073, 1734, 1663, 1756, 1732, 1694, 1662, 1728, 1737, 1671, 1608, 1635]","[""session_time_linear"", ""session_time_quadratic"", ""image_identity:im115_r-1.0"", ""eventual_response_in_window"", ""eventual_response_latency"", ""response_latency_missing""]"
no_reward,23,24,24,-0.004317145738151229,-0.0029016615098120813,0.0014154842283391478,0.008604176601527569,0.012921322339678798,-0.01150583811133965,"[[100.0, 100.0, 4], [100.0, 100.0, 1], [100.0, 100.0, 8], [100.0, 10.0, 2]]","[[100.0, 100.0, 4], [100.0, 100.0, 1], [100.0, 100.0, 8], [100.0, 10.0, 2]]",pass,https://dandiarchive.s3.amazonaws.com/blobs/584/1b8/5841b844-3102-4b4f-8f2c-e4cd23ec8f45,640887,1234203203,Isocortex,STR,"[1829, 1822, 932, 1878, 1036, 1874, 1490, 1012, 1891, 1480, 209, 1078, 1052, 492, 1834, 582, 218, 1807, 1893, 503, 580, 1056, 1028, 965]","[1588, 1569, 1656, 1605, 1770, 1755, 1695, 1709, 1674, 1735, 1785, 1597, 2073, 1734, 1663, 1756, 1732, 1694, 1662, 1728, 1737, 1671, 1608, 1635]","[""session_time_linear"", ""session_time_quadratic"", ""image_identity:im115_r-1.0"", ""eventual_response_in_window"", ""eventual_response_latency"", ""response_latency_missing""]"
engaged_1,25,24,24,0.038939004993809756,0.0445526195206466,0.005613614526836841,0.023345013461766984,-0.015593991532042772,0.021207606058879613,"[[100.0, 100.0, 8], [100.0, 100.0, 2], [100.0, 100.0, 1], [10.0, 10.0, 8]]","[[100.0, 100.0, 8], [100.0, 100.0, 2], [100.0, 100.0, 1], [10.0, 10.0, 8]]",pass,https://dandiarchive.s3.amazonaws.com/blobs/cfc/bf1/cfcbf155-cb15-455d-8450-0ef256540990,640887,1234410451,Isocortex,STR,"[85, 112, 1812, 1504, 1878, 1072, 1536, 1013, 1497, 1899, 193, 1926, 1919, 1528, 216, 1555, 169, 1905, 1987, 86, 1073, 1967, 1963, 100]","[1343, 1319, 1405, 1344, 1647, 1443, 1305, 1396, 1340, 1297, 1342, 1774, 1496, 1301, 1606, 1718, 1388, 1316, 1304, 1302, 1435, 1475, 1298, 1294]","[""session_time_linear"", ""session_time_quadratic"", ""image_identity:im115_r-1.0"", ""eventual_response_in_window"", ""eventual_response_latency"", ""response_latency_missing""]"
engaged_2,25,24,24,0.03115621807212665,0.004968657056417247,-0.026187561015709404,-0.07273971700623982,-0.10389593507836647,0.07770837406265707,"[[100.0, 100.0, 1], [100.0, 1.0, 1], [100.0, 100.0, 1], [100.0, 100.0, 1]]","[[100.0, 100.0, 1], [100.0, 1.0, 1], [100.0, 100.0, 1], [100.0, 100.0, 1]]",pass,https://dandiarchive.s3.amazonaws.com/blobs/cfc/bf1/cfcbf155-cb15-455d-8450-0ef256540990,640887,1234410451,Isocortex,STR,"[85, 112, 1812, 1504, 1878, 1072, 1536, 1013, 1497, 1899, 193, 1926, 1919, 1528, 216, 1555, 169, 1905, 1987, 86, 1073, 1967, 1963, 100]","[1343, 1319, 1405, 1344, 1647, 1443, 1305, 1396, 1340, 1297, 1342, 1774, 1496, 1301, 1606, 1718, 1388, 1316, 1304, 1302, 1435, 1475, 1298, 1294]","[""session_time_linear"", ""session_time_quadratic"", ""image_identity:im115_r-1.0"", ""eventual_response_in_window"", ""eventual_response_latency"", ""response_latency_missing""]"
no_reward,25,24,24,0.06188770855017611,0.059977651989753245,-0.001910056560422868,0.07191544023453611,0.010027731684359997,-0.011937788244782865,"[[100.0, 10.0, 1], [100.0, 100.0, 8], [100.0, 100.0, 8], [100.0, 100.0, 2]]","[[100.0, 10.0, 1], [100.0, 100.0, 8], [100.0, 100.0, 8], [100.0, 100.0, 2]]",pass,https://dandiarchive.s3.amazonaws.com/blobs/cfc/bf1/cfcbf155-cb15-455d-8450-0ef256540990,640887,1234410451,Isocortex,STR,"[85, 112, 1812, 1504, 1878, 1072, 1536, 1013, 1497, 1899, 193, 1926, 1919, 1528, 216, 1555, 169, 1905, 1987, 86, 1073, 1967, 1963, 100]","[1343, 1319, 1405, 1344, 1647, 1443, 1305, 1396, 1340, 1297, 1342, 1774, 1496, 1301, 1606, 1718, 1388, 1316, 1304, 1302, 1435, 1475, 1298, 1294]","[""session_time_linear"", ""session_time_quadratic"", ""image_identity:im115_r-1.0"", ""eventual_response_in_window"", ""eventual_response_latency"", ""response_latency_missing""]"
engaged_1,27,24,24,0.0803971181318186,0.07020857095365374,-0.010188547178164864,0.06534107403750133,-0.015056044094317267,0.004867496916152403,"[[100.0, 100.0, 8], [100.0, 100.0, 1], [100.0, 100.0, 2], [100.0, 100.0, 8]]","[[100.0, 100.0, 8], [100.0, 100.0, 1], [100.0, 100.0, 2], [100.0, 100.0, 8]]",pass,https://dandiarchive.s3.amazonaws.com/blobs/13d/b29/13db29ff-1454-412d-8680-ecd7a38c6f95,640890,1232430325,Isocortex,STR,"[1416, 1481, 2410, 2446, 1411, 2357, 1524, 366, 702, 1396, 1123, 1382, 2369, 1391, 735, 2333, 1385, 1483, 1387, 1469, 1500, 2425, 2025, 2359]","[3, 2314, 49, 35, 376, 45, 42, 126, 38, 34, 97, 84, 89, 117, 104, 44, 162, 387, 23, 142, 2195, 39, 69, 2269]","[""session_time_linear"", ""session_time_quadratic"", ""image_identity:im115_r-1.0"", ""eventual_response_in_window"", ""eventual_response_latency"", ""response_latency_missing""]"
engaged_2,27,24,24,0.05695772676582378,0.04840551529193249,-0.008552211473891291,0.031156525916117173,-0.025801200849706607,0.017248989375815316,"[[100.0, 100.0, 8], [100.0, 100.0, 4], [100.0, 100.0, 1], [100.0, 100.0, 2]]","[[100.0, 100.0, 8], [100.0, 100.0, 4], [100.0, 100.0, 1], [100.0, 100.0, 2]]",pass,https://dandiarchive.s3.amazonaws.com/blobs/13d/b29/13db29ff-1454-412d-8680-ecd7a38c6f95,640890,1232430325,Isocortex,STR,"[1416, 1481, 2410, 2446, 1411, 2357, 1524, 366, 702, 1396, 1123, 1382, 2369, 1391, 735, 2333, 1385, 1483, 1387, 1469, 1500, 2425, 2025, 2359]","[3, 2314, 49, 35, 376, 45, 42, 126, 38, 34, 97, 84, 89, 117, 104, 44, 162, 387, 23, 142, 2195, 39, 69, 2269]","[""session_time_linear"", ""session_time_quadratic"", ""image_identity:im115_r-1.0"", ""eventual_response_in_window"", ""eventual_response_latency"", ""response_latency_missing""]"
no_reward,27,24,24,0.003942436755238199,0.019807836828883096,0.015865400073644897,-0.006192704078310074,-0.010135140833548273,0.02600054090719317,"[[100.0, 100.0, 8], [100.0, 100.0, 8], [100.0, 100.0, 4], [100.0, 100.0, 4]]","[[100.0, 100.0, 8], [100.0, 100.0, 8], [100.0, 100.0, 4], [100.0, 100.0, 4]]",pass,https://dandiarchive.s3.amazonaws.com/blobs/13d/b29/13db29ff-1454-412d-8680-ecd7a38c6f95,640890,1232430325,Isocortex,STR,"[1416, 1481, 2410, 2446, 1411, 2357, 1524, 366, 702, 1396, 1123, 1382, 2369, 1391, 735, 2333, 1385, 1483, 1387, 1469, 1500, 2425, 2025, 2359]","[3, 2314, 49, 35, 376, 45, 42, 126, 38, 34, 97, 84, 89, 117, 104, 44, 162, 387, 23, 142, 2195, 39, 69, 2269]","[""session_time_linear"", ""session_time_quadratic"", ""image_identity:im115_r-1.0"", ""eventual_response_in_window"", ""eventual_response_latency"", ""response_latency_missing""]"
engaged_1,22,24,24,-0.009780680909493356,-0.022252231181155047,-0.012471550271661691,-0.035069465094656804,-0.02528878418516345,0.012817233913501758,"[[100.0, 100.0, 8], [100.0, 100.0, 8], [100.0, 100.0, 2], [100.0, 100.0, 2]]","[[100.0, 100.0, 8], [100.0, 100.0, 8], [100.0, 100.0, 2], [100.0, 100.0, 2]]",pass,https://dandiarchive.s3.amazonaws.com/blobs/e3b/977/e3b97777-89fa-4730-8d0e-fae22e471f07,640890,1232725697,Isocortex,STR,"[1287, 1831, 176, 116, 103, 148, 1766, 255, 1353, 984, 120, 1307, 170, 221, 1789, 1305, 1780, 251, 142, 147, 159, 1801, 1640, 100]","[1531, 1530, 1504, 1480, 1499, 1527, 1593, 1561, 1516, 1534, 1508, 1521, 1465, 1587, 1486, 1592, 1559, 1582, 1542, 1518, 1951, 1502, 1528, 1584]","[""session_time_linear"", ""session_time_quadratic"", ""image_identity:im115_r-1.0"", ""eventual_response_in_window"", ""eventual_response_latency"", ""response_latency_missing""]"
engaged_2,22,24,24,-0.021361082751525817,-0.036215211490160604,-0.014854128738634786,-0.031303599605464916,-0.009942516853939098,-0.004911611884695688,"[[100.0, 100.0, 1], [100.0, 100.0, 1], [100.0, 100.0, 1], [100.0, 100.0, 2]]","[[100.0, 100.0, 1], [100.0, 100.0, 1], [100.0, 100.0, 1], [100.0, 100.0, 2]]",pass,https://dandiarchive.s3.amazonaws.com/blobs/e3b/977/e3b97777-89fa-4730-8d0e-fae22e471f07,640890,1232725697,Isocortex,STR,"[1287, 1831, 176, 116, 103, 148, 1766, 255, 1353, 984, 120, 1307, 170, 221, 1789, 1305, 1780, 251, 142, 147, 159, 1801, 1640, 100]","[1531, 1530, 1504, 1480, 1499, 1527, 1593, 1561, 1516, 1534, 1508, 1521, 1465, 1587, 1486, 1592, 1559, 1582, 1542, 1518, 1951, 1502, 1528, 1584]","[""session_time_linear"", ""session_time_quadratic"", ""image_identity:im115_r-1.0"", ""eventual_response_in_window"", ""eventual_response_latency"", ""response_latency_missing""]"
no_reward,22,24,24,0.02329932605565277,0.005726818885000262,-0.017572507170652507,0.02228467556172231,-0.001014650493930458,-0.01655785667672205,"[[100.0, 100.0, 2], [100.0, 100.0, 1], [100.0, 100.0, 1], [100.0, 100.0, 2]]","[[100.0, 100.0, 2], [100.0, 100.0, 1], [100.0, 100.0, 1], [100.0, 100.0, 2]]",pass,https://dandiarchive.s3.amazonaws.com/blobs/e3b/977/e3b97777-89fa-4730-8d0e-fae22e471f07,640890,1232725697,Isocortex,STR,"[1287, 1831, 176, 116, 103, 148, 1766, 255, 1353, 984, 120, 1307, 170, 221, 1789, 1305, 1780, 251, 142, 147, 159, 1801, 1640, 100]","[1531, 1530, 1504, 1480, 1499, 1527, 1593, 1561, 1516, 1534, 1508, 1521, 1465, 1587, 1486, 1592, 1559, 1582, 1542, 1518, 1951, 1502, 1528, 1584]","[""session_time_linear"", ""session_time_quadratic"", ""image_identity:im115_r-1.0"", ""eventual_response_in_window"", ""eventual_response_latency"", ""response_latency_missing""]"
engaged_1,16,24,24,0.0483927943176774,0.04942701153938145,0.001034217221704048,0.04432240227312734,-0.004070392044550064,0.005104609266254112,"[[100.0, 100.0, 8], [100.0, 100.0, 4], [100.0, 100.0, 2], [100.0, 100.0, 1]]","[[100.0, 100.0, 8], [100.0, 100.0, 4], [100.0, 100.0, 2], [100.0, 100.0, 1]]",pass,https://dandiarchive.s3.amazonaws.com/blobs/559/41e/55941ebd-ef47-4d38-80af-0fabd499db6d,642504,1244070169,Isocortex,STR,"[1589, 1206, 344, 1470, 1466, 1534, 65, 424, 391, 340, 1545, 1140, 1505, 1153, 1207, 351, 1462, 368, 1502, 1120, 1475, 1486, 182, 1483]","[1287, 1450, 1385, 1365, 1380, 1367, 1393, 1263, 1425, 1285, 1411, 1317, 1413, 1289, 1422, 1388, 1399, 1237, 1636, 1378, 1329, 1410, 1363, 1244]","[""session_time_linear"", ""session_time_quadratic"", ""image_identity:im115_r-1.0"", ""eventual_response_in_window"", ""eventual_response_latency"", ""response_latency_missing""]"
engaged_2,16,24,24,0.07729758570277867,0.07325860398494566,-0.004038981717833012,0.04541236517553904,-0.03188522052723963,0.02784623880940662,"[[100.0, 10.0, 1], [100.0, 100.0, 1], [100.0, 100.0, 8], [100.0, 10.0, 2]]","[[100.0, 10.0, 1], [100.0, 100.0, 1], [100.0, 100.0, 8], [100.0, 10.0, 2]]",pass,https://dandiarchive.s3.amazonaws.com/blobs/559/41e/55941ebd-ef47-4d38-80af-0fabd499db6d,642504,1244070169,Isocortex,STR,"[1589, 1206, 344, 1470, 1466, 1534, 65, 424, 391, 340, 1545, 1140, 1505, 1153, 1207, 351, 1462, 368, 1502, 1120, 1475, 1486, 182, 1483]","[1287, 1450, 1385, 1365, 1380, 1367, 1393, 1263, 1425, 1285, 1411, 1317, 1413, 1289, 1422, 1388, 1399, 1237, 1636, 1378, 1329, 1410, 1363, 1244]","[""session_time_linear"", ""session_time_quadratic"", ""image_identity:im115_r-1.0"", ""eventual_response_in_window"", ""eventual_response_latency"", ""response_latency_missing""]"
no_reward,16,24,24,0.05357872244918316,0.04851581976907471,-0.00506290268010845,0.04033897205314374,-0.013239750396039418,0.008176847715930968,"[[100.0, 100.0, 8], [100.0, 100.0, 8], [100.0, 100.0, 8], [100.0, 100.0, 2]]","[[100.0, 100.0, 8], [100.0, 100.0, 8], [100.0, 100.0, 8], [100.0, 100.0, 2]]",pass,https://dandiarchive.s3.amazonaws.com/blobs/559/41e/55941ebd-ef47-4d38-80af-0fabd499db6d,642504,1244070169,Isocortex,STR,"[1589, 1206, 344, 1470, 1466, 1534, 65, 424, 391, 340, 1545, 1140, 1505, 1153, 1207, 351, 1462, 368, 1502, 1120, 1475, 1486, 182, 1483]","[1287, 1450, 1385, 1365, 1380, 1367, 1393, 1263, 1425, 1285, 1411, 1317, 1413, 1289, 1422, 1388, 1399, 1237, 1636, 1378, 1329, 1410, 1363, 1244]","[""session_time_linear"", ""session_time_quadratic"", ""image_identity:im115_r-1.0"", ""eventual_response_in_window"", ""eventual_response_latency"", ""response_latency_missing""]"
engaged_1,18,24,24,0.04582302659108484,0.0658111701707298,0.019988143579644957,-0.02328481612340494,-0.06910784271448978,0.08909598629413473,"[[100.0, 100.0, 4], [100.0, 1.0, 1], [100.0, 10.0, 2], [100.0, 10.0, 2]]","[[100.0, 100.0, 4], [100.0, 1.0, 1], [100.0, 10.0, 2], [100.0, 10.0, 2]]",pass,https://dandiarchive.s3.amazonaws.com/blobs/88d/b29/88db2938-a9e0-491c-8056-f83cc894edf3,642504,1243523806,Isocortex,STR,"[1204, 892, 918, 901, 253, 1226, 891, 924, 248, 889, 53, 255, 1299, 66, 886, 938, 1211, 67, 201, 871, 259, 251, 904, 219]","[1070, 1109, 1062, 1093, 1116, 1130, 1349, 1140, 1051, 1088, 1087, 1135, 1114, 1107, 1101, 1155, 1052, 1145, 1110, 1132, 1098, 1133, 1352, 1336]","[""session_time_linear"", ""session_time_quadratic"", ""image_identity:im115_r-1.0"", ""eventual_response_in_window"", ""eventual_response_latency"", ""response_latency_missing""]"
engaged_2,18,24,24,0.013792579210765155,0.01232429871697216,-0.001468280493792995,0.02693344330342895,0.013140864092663795,-0.01460914458645679,"[[100.0, 100.0, 2], [100.0, 100.0, 8], [100.0, 100.0, 1], [100.0, 100.0, 8]]","[[100.0, 100.0, 2], [100.0, 100.0, 8], [100.0, 100.0, 1], [100.0, 100.0, 8]]",pass,https://dandiarchive.s3.amazonaws.com/blobs/88d/b29/88db2938-a9e0-491c-8056-f83cc894edf3,642504,1243523806,Isocortex,STR,"[1204, 892, 918, 901, 253, 1226, 891, 924, 248, 889, 53, 255, 1299, 66, 886, 938, 1211, 67, 201, 871, 259, 251, 904, 219]","[1070, 1109, 1062, 1093, 1116, 1130, 1349, 1140, 1051, 1088, 1087, 1135, 1114, 1107, 1101, 1155, 1052, 1145, 1110, 1132, 1098, 1133, 1352, 1336]","[""session_time_linear"", ""session_time_quadratic"", ""image_identity:im115_r-1.0"", ""eventual_response_in_window"", ""eventual_response_latency"", ""response_latency_missing""]"
no_reward,18,24,24,0.019945157191607166,0.014957063314408492,-0.004988093877198674,0.035339416249738576,0.01539425905813141,-0.020382352935330084,"[[100.0, 1.0, 1], [100.0, 100.0, 8], [100.0, 100.0, 8], [100.0, 100.0, 8]]","[[100.0, 1.0, 1], [100.0, 100.0, 8], [100.0, 100.0, 8], [100.0, 100.0, 8]]",pass,https://dandiarchive.s3.amazonaws.com/blobs/88d/b29/88db2938-a9e0-491c-8056-f83cc894edf3,642504,1243523806,Isocortex,STR,"[1204, 892, 918, 901, 253, 1226, 891, 924, 248, 889, 53, 255, 1299, 66, 886, 938, 1211, 67, 201, 871, 259, 251, 904, 219]","[1070, 1109, 1062, 1093, 1116, 1130, 1349, 1140, 1051, 1088, 1087, 1135, 1114, 1107, 1101, 1155, 1052, 1145, 1110, 1132, 1098, 1133, 1352, 1336]","[""session_time_linear"", ""session_time_quadratic"", ""image_identity:im115_r-1.0"", ""eventual_response_in_window"", ""eventual_response_latency"", ""response_latency_missing""]"
engaged_1,15,24,24,0.04240011759302509,0.02176815395245102,-0.02063196364057407,0.03980712404480269,-0.0025929935482224,-0.01803897009235167,"[[100.0, 100.0, 8], [100.0, 100.0, 8], [100.0, 100.0, 1], [100.0, 100.0, 1]]","[[100.0, 100.0, 8], [100.0, 100.0, 8], [100.0, 100.0, 1], [100.0, 100.0, 1]]",pass,https://dandiarchive.s3.amazonaws.com/blobs/c78/ef5/c78ef53f-16de-4f5e-8235-afe87a226203,614547,1181731440,Isocortex,TH,"[629, 1503, 1455, 1603, 1584, 668, 677, 1495, 635, 332, 166, 1648, 938, 953, 1469, 1492, 1449, 1483, 226, 959, 1622, 174, 224, 703]","[1240, 438, 454, 1231, 1243, 1254, 459, 1265, 1184, 1246, 1268, 479, 477, 1270, 1258, 1239, 453, 1242, 445, 1249, 1217, 1244, 1151, 1155]","[""session_time_linear"", ""session_time_quadratic"", ""image_identity:im115_r-1.0"", ""eventual_response_in_window"", ""eventual_response_latency"", ""response_latency_missing""]"
engaged_2,15,24,24,-0.04565567957029004,-0.061030098140122835,-0.015374418569832793,-0.0588959119974346,-0.01324023242714456,-0.0021341861426882325,"[[100.0, 100.0, 4], [100.0, 10.0, 2], [100.0, 100.0, 1], [100.0, 1.0, 1]]","[[100.0, 100.0, 4], [100.0, 10.0, 2], [100.0, 100.0, 1], [100.0, 1.0, 1]]",pass,https://dandiarchive.s3.amazonaws.com/blobs/c78/ef5/c78ef53f-16de-4f5e-8235-afe87a226203,614547,1181731440,Isocortex,TH,"[629, 1503, 1455, 1603, 1584, 668, 677, 1495, 635, 332, 166, 1648, 938, 953, 1469, 1492, 1449, 1483, 226, 959, 1622, 174, 224, 703]","[1240, 438, 454, 1231, 1243, 1254, 459, 1265, 1184, 1246, 1268, 479, 477, 1270, 1258, 1239, 453, 1242, 445, 1249, 1217, 1244, 1151, 1155]","[""session_time_linear"", ""session_time_quadratic"", ""image_identity:im115_r-1.0"", ""eventual_response_in_window"", ""eventual_response_latency"", ""response_latency_missing""]"
no_reward,15,24,24,0.017283394508175065,0.008150088197543148,-0.009133306310631917,-0.009140238663482236,-0.0264236331716573,0.017290326861025385,"[[100.0, 100.0, 1], [100.0, 100.0, 8], [100.0, 100.0, 4], [100.0, 100.0, 8]]","[[100.0, 100.0, 1], [100.0, 100.0, 8], [100.0, 100.0, 4], [100.0, 100.0, 8]]",pass,https://dandiarchive.s3.amazonaws.com/blobs/c78/ef5/c78ef53f-16de-4f5e-8235-afe87a226203,614547,1181731440,Isocortex,TH,"[629, 1503, 1455, 1603, 1584, 668, 677, 1495, 635, 332, 166, 1648, 938, 953, 1469, 1492, 1449, 1483, 226, 959, 1622, 174, 224, 703]","[1240, 438, 454, 1231, 1243, 1254, 459, 1265, 1184, 1246, 1268, 479, 477, 1270, 1258, 1239, 453, 1242, 445, 1249, 1217, 1244, 1151, 1155]","[""session_time_linear"", ""session_time_quadratic"", ""image_identity:im115_r-1.0"", ""eventual_response_in_window"", ""eventual_response_latency"", ""response_latency_missing""]"
engaged_1,17,24,24,0.06077443422882112,0.04827272375521052,-0.012501710473610594,0.06137151787901496,0.0005970836501938415,-0.013098794123804436,"[[100.0, 100.0, 1], [100.0, 100.0, 1], [100.0, 100.0, 1], [100.0, 100.0, 2]]","[[100.0, 100.0, 1], [100.0, 100.0, 1], [100.0, 100.0, 1], [100.0, 100.0, 2]]",pass,https://dandiarchive.s3.amazonaws.com/blobs/68c/a06/68ca0674-2a8a-4931-8d5b-10a3edfb0cfa,614608,1187475832,Isocortex,TH,"[593, 1709, 2652, 2235, 2013, 2587, 2471, 1666, 1966, 2375, 2315, 2009, 1668, 2396, 620, 2522, 2488, 2034, 1677, 669, 2292, 646, 1239, 2004]","[1430, 946, 1447, 1432, 1431, 1420, 1450, 1453, 915, 861, 948, 880, 1009, 930, 925, 893, 900, 883, 1394, 877, 919, 889, 954, 931]","[""session_time_linear"", ""session_time_quadratic"", ""image_identity:im115_r-1.0"", ""eventual_response_in_window"", ""eventual_response_latency"", ""response_latency_missing""]"
engaged_2,17,24,24,0.04997385632412976,0.04325633937352735,-0.006717516950602409,0.04990853605531176,-0.00006532026881800324,-0.006652196681784406,"[[100.0, 100.0, 1], [100.0, 100.0, 4], [100.0, 100.0, 2], [100.0, 100.0, 8]]","[[100.0, 100.0, 1], [100.0, 100.0, 4], [100.0, 100.0, 2], [100.0, 100.0, 8]]",pass,https://dandiarchive.s3.amazonaws.com/blobs/68c/a06/68ca0674-2a8a-4931-8d5b-10a3edfb0cfa,614608,1187475832,Isocortex,TH,"[593, 1709, 2652, 2235, 2013, 2587, 2471, 1666, 1966, 2375, 2315, 2009, 1668, 2396, 620, 2522, 2488, 2034, 1677, 669, 2292, 646, 1239, 2004]","[1430, 946, 1447, 1432, 1431, 1420, 1450, 1453, 915, 861, 948, 880, 1009, 930, 925, 893, 900, 883, 1394, 877, 919, 889, 954, 931]","[""session_time_linear"", ""session_time_quadratic"", ""image_identity:im115_r-1.0"", ""eventual_response_in_window"", ""eventual_response_latency"", ""response_latency_missing""]"
no_reward,17,24,24,0.02756362233454257,0.03734990511652825,0.009786282781985678,-0.026517479023111745,-0.054081101357654315,0.06386738413964,"[[100.0, 1.0, 1], [100.0, 100.0, 4], [100.0, 100.0, 8], [100.0, 100.0, 1]]","[[100.0, 1.0, 1], [100.0, 100.0, 4], [100.0, 100.0, 8], [100.0, 100.0, 1]]",pass,https://dandiarchive.s3.amazonaws.com/blobs/68c/a06/68ca0674-2a8a-4931-8d5b-10a3edfb0cfa,614608,1187475832,Isocortex,TH,"[593, 1709, 2652, 2235, 2013, 2587, 2471, 1666, 1966, 2375, 2315, 2009, 1668, 2396, 620, 2522, 2488, 2034, 1677, 669, 2292, 646, 1239, 2004]","[1430, 946, 1447, 1432, 1431, 1420, 1450, 1453, 915, 861, 948, 880, 1009, 930, 925, 893, 900, 883, 1394, 877, 919, 889, 954, 931]","[""session_time_linear"", ""session_time_quadratic"", ""image_identity:im115_r-1.0"", ""eventual_response_in_window"", ""eventual_response_latency"", ""response_latency_missing""]"
engaged_1,24,24,24,0.07639988982644019,0.07569866670661352,-0.0007012231198266772,0.07062387081958377,-0.0057760190068564254,0.005074795887029748,"[[100.0, 100.0, 1], [100.0, 100.0, 1], [100.0, 100.0, 1], [100.0, 100.0, 1]]","[[100.0, 100.0, 1], [100.0, 100.0, 1], [100.0, 100.0, 1], [100.0, 100.0, 1]]",pass,https://dandiarchive.s3.amazonaws.com/blobs/fd4/c49/fd4c4964-f02b-456e-af4d-b9407877d0de,614608,1187940755,Isocortex,TH,"[714, 1988, 2155, 1480, 215, 1777, 1496, 173, 289, 1567, 1939, 1497, 154, 1118, 2225, 210, 1523, 195, 1519, 803, 412, 235, 1615, 342]","[983, 978, 964, 425, 918, 460, 872, 927, 474, 449, 524, 489, 472, 423, 450, 436, 515, 466, 514, 476, 452, 457, 519, 463]","[""session_time_linear"", ""session_time_quadratic"", ""image_identity:im115_r-1.0"", ""eventual_response_in_window"", ""eventual_response_latency"", ""response_latency_missing""]"
engaged_2,24,24,24,0.04807340035933749,0.040006111077363404,-0.008067289281974088,0.04778952515330592,-0.0002838752060315697,-0.0077834140759425186,"[[100.0, 100.0, 2], [100.0, 100.0, 8], [100.0, 100.0, 8], [100.0, 100.0, 1]]","[[100.0, 100.0, 2], [100.0, 100.0, 8], [100.0, 100.0, 8], [100.0, 100.0, 1]]",pass,https://dandiarchive.s3.amazonaws.com/blobs/fd4/c49/fd4c4964-f02b-456e-af4d-b9407877d0de,614608,1187940755,Isocortex,TH,"[714, 1988, 2155, 1480, 215, 1777, 1496, 173, 289, 1567, 1939, 1497, 154, 1118, 2225, 210, 1523, 195, 1519, 803, 412, 235, 1615, 342]","[983, 978, 964, 425, 918, 460, 872, 927, 474, 449, 524, 489, 472, 423, 450, 436, 515, 466, 514, 476, 452, 457, 519, 463]","[""session_time_linear"", ""session_time_quadratic"", ""image_identity:im115_r-1.0"", ""eventual_response_in_window"", ""eventual_response_latency"", ""response_latency_missing""]"
no_reward,24,24,24,0.018881217120588323,0.02323830009540917,0.004357082974820847,0.013328169568824322,-0.005553047551764001,0.009910130526584848,"[[100.0, 100.0, 8], [100.0, 100.0, 2], [100.0, 100.0, 4], [100.0, 100.0, 1]]","[[100.0, 100.0, 8], [100.0, 100.0, 2], [100.0, 100.0, 4], [100.0, 100.0, 1]]",pass,https://dandiarchive.s3.amazonaws.com/blobs/fd4/c49/fd4c4964-f02b-456e-af4d-b9407877d0de,614608,1187940755,Isocortex,TH,"[714, 1988, 2155, 1480, 215, 1777, 1496, 173, 289, 1567, 1939, 1497, 154, 1118, 2225, 210, 1523, 195, 1519, 803, 412, 235, 1615, 342]","[983, 978, 964, 425, 918, 460, 872, 927, 474, 449, 524, 489, 472, 423, 450, 436, 515, 466, 514, 476, 452, 457, 519, 463]","[""session_time_linear"", ""session_time_quadratic"", ""image_identity:im115_r-1.0"", ""eventual_response_in_window"", ""eventual_response_latency"", ""response_latency_missing""]"
engaged_1,17,24,24,0.03544859521676147,0.021363936356167068,-0.014084658860594401,0.018992054018386884,-0.016456541198374586,0.0023718823377801845,"[[100.0, 100.0, 8], [100.0, 100.0, 2], [100.0, 100.0, 8], [100.0, 100.0, 2]]","[[100.0, 100.0, 8], [100.0, 100.0, 2], [100.0, 100.0, 8], [100.0, 100.0, 2]]",pass,https://dandiarchive.s3.amazonaws.com/blobs/75d/9d0/75d9d091-e7db-47d1-aac4-d41133e29393,615048,1197725774,Isocortex,TH,"[741, 1187, 778, 1574, 1920, 743, 1913, 465, 1933, 1951, 228, 722, 1936, 1579, 1984, 2210, 1985, 824, 1912, 1900, 289, 1174, 1642, 1600]","[1330, 907, 1344, 903, 926, 879, 908, 898, 928, 997, 883, 1274, 884, 1325, 902, 886, 892, 976, 954, 877, 882, 887, 1271, 1329]","[""session_time_linear"", ""session_time_quadratic"", ""image_identity:im115_r-1.0"", ""eventual_response_in_window"", ""eventual_response_latency"", ""response_latency_missing""]"
engaged_2,17,24,24,-0.0022875806526139186,-0.00611627128699288,-0.0038286906343789617,-0.003930032228889546,-0.0016424515762756275,-0.002186239058103334,"[[100.0, 100.0, 1], [100.0, 100.0, 1], [100.0, 100.0, 1], [100.0, 100.0, 1]]","[[100.0, 100.0, 1], [100.0, 100.0, 1], [100.0, 100.0, 1], [100.0, 100.0, 1]]",pass,https://dandiarchive.s3.amazonaws.com/blobs/75d/9d0/75d9d091-e7db-47d1-aac4-d41133e29393,615048,1197725774,Isocortex,TH,"[741, 1187, 778, 1574, 1920, 743, 1913, 465, 1933, 1951, 228, 722, 1936, 1579, 1984, 2210, 1985, 824, 1912, 1900, 289, 1174, 1642, 1600]","[1330, 907, 1344, 903, 926, 879, 908, 898, 928, 997, 883, 1274, 884, 1325, 902, 886, 892, 976, 954, 877, 882, 887, 1271, 1329]","[""session_time_linear"", ""session_time_quadratic"", ""image_identity:im115_r-1.0"", ""eventual_response_in_window"", ""eventual_response_latency"", ""response_latency_missing""]"
no_reward,17,24,24,0.06344076069317928,0.04751106331616328,-0.015929697377015994,0.05464246339567369,-0.008798297297505586,-0.007131400079510408,"[[100.0, 100.0, 1], [100.0, 100.0, 4], [100.0, 100.0, 1], [100.0, 100.0, 8]]","[[100.0, 100.0, 1], [100.0, 100.0, 4], [100.0, 100.0, 1], [100.0, 100.0, 8]]",pass,https://dandiarchive.s3.amazonaws.com/blobs/75d/9d0/75d9d091-e7db-47d1-aac4-d41133e29393,615048,1197725774,Isocortex,TH,"[741, 1187, 778, 1574, 1920, 743, 1913, 465, 1933, 1951, 228, 722, 1936, 1579, 1984, 2210, 1985, 824, 1912, 1900, 289, 1174, 1642, 1600]","[1330, 907, 1344, 903, 926, 879, 908, 898, 928, 997, 883, 1274, 884, 1325, 902, 886, 892, 976, 954, 877, 882, 887, 1271, 1329]","[""session_time_linear"", ""session_time_quadratic"", ""image_identity:im115_r-1.0"", ""eventual_response_in_window"", ""eventual_response_latency"", ""response_latency_missing""]"
engaged_1,18,24,24,0.00245032675250334,-0.0013851003659908212,-0.0038354271184941613,-0.016713245081801276,-0.019163571834304616,0.015328144715810454,"[[100.0, 100.0, 1], [100.0, 0.1, 1], [100.0, 100.0, 2], [100.0, 100.0, 1]]","[[100.0, 100.0, 1], [100.0, 0.1, 1], [100.0, 100.0, 2], [100.0, 100.0, 1]]",pass,https://dandiarchive.s3.amazonaws.com/blobs/fe0/9ba/fe09ba54-89e9-4b73-bf95-5127c2ee2ad9,615048,1197514969,Isocortex,TH,"[1892, 637, 1897, 326, 1889, 1890, 640, 1594, 1065, 2310, 1032, 1084, 242, 231, 647, 646, 739, 732, 1086, 322, 1900, 2431, 1951, 318]","[1314, 1237, 1274, 1225, 1259, 1254, 1272, 1265, 1227, 1238, 1221, 1266, 1304, 1336, 1342, 1327, 1268, 1285, 1317, 1322, 1312, 1283, 1279, 1255]","[""session_time_linear"", ""session_time_quadratic"", ""image_identity:im115_r-1.0"", ""eventual_response_in_window"", ""eventual_response_latency"", ""response_latency_missing""]"
engaged_2,18,24,24,0.014374565495227531,0.009998850096932022,-0.00437571539829551,0.0004237099655008958,-0.013950855529726636,0.009575140131431126,"[[100.0, 100.0, 8], [100.0, 100.0, 2], [100.0, 100.0, 4], [100.0, 100.0, 4]]","[[100.0, 100.0, 8], [100.0, 100.0, 2], [100.0, 100.0, 4], [100.0, 100.0, 4]]",pass,https://dandiarchive.s3.amazonaws.com/blobs/fe0/9ba/fe09ba54-89e9-4b73-bf95-5127c2ee2ad9,615048,1197514969,Isocortex,TH,"[1892, 637, 1897, 326, 1889, 1890, 640, 1594, 1065, 2310, 1032, 1084, 242, 231, 647, 646, 739, 732, 1086, 322, 1900, 2431, 1951, 318]","[1314, 1237, 1274, 1225, 1259, 1254, 1272, 1265, 1227, 1238, 1221, 1266, 1304, 1336, 1342, 1327, 1268, 1285, 1317, 1322, 1312, 1283, 1279, 1255]","[""session_time_linear"", ""session_time_quadratic"", ""image_identity:im115_r-1.0"", ""eventual_response_in_window"", ""eventual_response_latency"", ""response_latency_missing""]"
no_reward,18,24,24,0.025056621703109405,0.024124125642096206,-0.0009324960610131994,0.011875187944792698,-0.013181433758316707,0.012248937697303508,"[[100.0, 100.0, 4], [100.0, 100.0, 1], [100.0, 100.0, 1], [100.0, 100.0, 1]]","[[100.0, 100.0, 4], [100.0, 100.0, 1], [100.0, 100.0, 1], [100.0, 100.0, 1]]",pass,https://dandiarchive.s3.amazonaws.com/blobs/fe0/9ba/fe09ba54-89e9-4b73-bf95-5127c2ee2ad9,615048,1197514969,Isocortex,TH,"[1892, 637, 1897, 326, 1889, 1890, 640, 1594, 1065, 2310, 1032, 1084, 242, 231, 647, 646, 739, 732, 1086, 322, 1900, 2431, 1951, 318]","[1314, 1237, 1274, 1225, 1259, 1254, 1272, 1265, 1227, 1238, 1221, 1266, 1304, 1336, 1342, 1327, 1268, 1285, 1317, 1322, 1312, 1283, 1279, 1255]","[""session_time_linear"", ""session_time_quadratic"", ""image_identity:im115_r-1.0"", ""eventual_response_in_window"", ""eventual_response_latency"", ""response_latency_missing""]"
engaged_1,16,24,24,0.056528968124895274,0.04795334527170636,-0.008575622853188913,0.05368302540618386,-0.002845942718711414,-0.0057296801344774995,"[[100.0, 100.0, 1], [100.0, 100.0, 1], [100.0, 100.0, 2], [100.0, 100.0, 1]]","[[100.0, 100.0, 1], [100.0, 100.0, 1], [100.0, 100.0, 2], [100.0, 100.0, 1]]",pass,https://dandiarchive.s3.amazonaws.com/blobs/3ae/b2f/3aeb2f0d-c1c1-4b50-964b-61caffa07ee9,615564,1198796984,Isocortex,TH,"[129, 1589, 1577, 1586, 1580, 1581, 99, 1247, 1540, 1198, 1527, 806, 1598, 66, 128, 1575, 844, 49, 1544, 849, 1348, 828, 422, 101]","[650, 623, 277, 215, 227, 239, 213, 238, 607, 211, 210, 245, 583, 655, 242, 207, 603, 202, 735, 214, 646, 644, 711, 978]","[""session_time_linear"", ""session_time_quadratic"", ""image_identity:im115_r-1.0"", ""eventual_response_in_window"", ""eventual_response_latency"", ""response_latency_missing""]"
engaged_2,16,24,24,0.022182460703511264,0.019511855208182882,-0.002670605495328382,0.01813766501271541,-0.004044795690795855,0.001374190195467473,"[[100.0, 100.0, 1], [100.0, 100.0, 1], [100.0, 100.0, 2], [100.0, 100.0, 1]]","[[100.0, 100.0, 1], [100.0, 100.0, 1], [100.0, 100.0, 2], [100.0, 100.0, 1]]",pass,https://dandiarchive.s3.amazonaws.com/blobs/3ae/b2f/3aeb2f0d-c1c1-4b50-964b-61caffa07ee9,615564,1198796984,Isocortex,TH,"[129, 1589, 1577, 1586, 1580, 1581, 99, 1247, 1540, 1198, 1527, 806, 1598, 66, 128, 1575, 844, 49, 1544, 849, 1348, 828, 422, 101]","[650, 623, 277, 215, 227, 239, 213, 238, 607, 211, 210, 245, 583, 655, 242, 207, 603, 202, 735, 214, 646, 644, 711, 978]","[""session_time_linear"", ""session_time_quadratic"", ""image_identity:im115_r-1.0"", ""eventual_response_in_window"", ""eventual_response_latency"", ""response_latency_missing""]"
no_reward,16,24,24,0.0157319731980613,-0.009866267605848966,-0.025598240803910266,-0.0778656658820116,-0.0935976390800729,0.06799939827616264,"[[100.0, 100.0, 1], [100.0, 100.0, 1], [100.0, 10.0, 1], [100.0, 10.0, 2]]","[[100.0, 100.0, 1], [100.0, 100.0, 1], [100.0, 10.0, 1], [100.0, 10.0, 2]]",pass,https://dandiarchive.s3.amazonaws.com/blobs/3ae/b2f/3aeb2f0d-c1c1-4b50-964b-61caffa07ee9,615564,1198796984,Isocortex,TH,"[129, 1589, 1577, 1586, 1580, 1581, 99, 1247, 1540, 1198, 1527, 806, 1598, 66, 128, 1575, 844, 49, 1544, 849, 1348, 828, 422, 101]","[650, 623, 277, 215, 227, 239, 213, 238, 607, 211, 210, 245, 583, 655, 242, 207, 603, 202, 735, 214, 646, 644, 711, 978]","[""session_time_linear"", ""session_time_quadratic"", ""image_identity:im115_r-1.0"", ""eventual_response_in_window"", ""eventual_response_latency"", ""response_latency_missing""]"
engaged_1,17,24,24,0.037793688942212245,0.029722084208177346,-0.008071604734034898,0.01899677608685746,-0.018796912855354786,0.010725308121319888,"[[100.0, 100.0, 8], [100.0, 100.0, 4], [100.0, 100.0, 2], [100.0, 100.0, 1]]","[[100.0, 100.0, 8], [100.0, 100.0, 4], [100.0, 100.0, 2], [100.0, 100.0, 1]]",pass,https://dandiarchive.s3.amazonaws.com/blobs/635/68b/63568b8b-5957-4045-b90d-d75108909249,615564,1198995158,Isocortex,TH,"[1843, 2375, 1790, 698, 2274, 2403, 1877, 2382, 1847, 683, 1844, 2469, 2342, 112, 1450, 2476, 1836, 696, 1806, 674, 1446, 2432, 1441, 2453]","[66, 1527, 1180, 1183, 15, 2099, 1220, 1237, 22, 1238, 2, 1213, 7, 1282, 1247, 1267, 1271, 1279, 1229, 16, 40, 14, 1273, 1307]","[""session_time_linear"", ""session_time_quadratic"", ""image_identity:im115_r-1.0"", ""eventual_response_in_window"", ""eventual_response_latency"", ""response_latency_missing""]"
engaged_2,17,24,24,0.02776453912363186,0.024272152041312056,-0.0034923870823198033,0.026840922009539914,-0.0009236171140919458,-0.0025687699682278575,"[[100.0, 100.0, 1], [100.0, 100.0, 4], [100.0, 100.0, 1], [100.0, 100.0, 2]]","[[100.0, 100.0, 1], [100.0, 100.0, 4], [100.0, 100.0, 1], [100.0, 100.0, 2]]",pass,https://dandiarchive.s3.amazonaws.com/blobs/635/68b/63568b8b-5957-4045-b90d-d75108909249,615564,1198995158,Isocortex,TH,"[1843, 2375, 1790, 698, 2274, 2403, 1877, 2382, 1847, 683, 1844, 2469, 2342, 112, 1450, 2476, 1836, 696, 1806, 674, 1446, 2432, 1441, 2453]","[66, 1527, 1180, 1183, 15, 2099, 1220, 1237, 22, 1238, 2, 1213, 7, 1282, 1247, 1267, 1271, 1279, 1229, 16, 40, 14, 1273, 1307]","[""session_time_linear"", ""session_time_quadratic"", ""image_identity:im115_r-1.0"", ""eventual_response_in_window"", ""eventual_response_latency"", ""response_latency_missing""]"
no_reward,17,24,24,0.05919296257003814,0.0552057523840227,-0.003987210186015444,0.04813647584723668,-0.011056486722801462,0.007069276536786018,"[[100.0, 100.0, 1], [100.0, 100.0, 8], [100.0, 100.0, 1], [100.0, 100.0, 1]]","[[100.0, 100.0, 1], [100.0, 100.0, 8], [100.0, 100.0, 1], [100.0, 100.0, 1]]",pass,https://dandiarchive.s3.amazonaws.com/blobs/635/68b/63568b8b-5957-4045-b90d-d75108909249,615564,1198995158,Isocortex,TH,"[1843, 2375, 1790, 698, 2274, 2403, 1877, 2382, 1847, 683, 1844, 2469, 2342, 112, 1450, 2476, 1836, 696, 1806, 674, 1446, 2432, 1441, 2453]","[66, 1527, 1180, 1183, 15, 2099, 1220, 1237, 22, 1238, 2, 1213, 7, 1282, 1247, 1267, 1271, 1279, 1229, 16, 40, 14, 1273, 1307]","[""session_time_linear"", ""session_time_quadratic"", ""image_identity:im115_r-1.0"", ""eventual_response_in_window"", ""eventual_response_latency"", ""response_latency_missing""]"
engaged_1,12,24,24,0.04031396894343153,0.03553309705481944,-0.004780871888612093,0.03996824654488773,-0.0003457223985438018,-0.004435149490068291,"[[100.0, 100.0, 2], [100.0, 100.0, 2], [100.0, 10.0, 1], [100.0, 100.0, 1]]","[[100.0, 100.0, 2], [100.0, 100.0, 2], [100.0, 10.0, 1], [100.0, 100.0, 1]]",pass,https://dandiarchive.s3.amazonaws.com/blobs/9ae/cb7/9aecb778-a5a0-4554-8b06-3af01005fea5,623319,1209073822,Isocortex,TH,"[883, 1467, 2028, 2079, 1472, 455, 1463, 2092, 2201, 1955, 425, 2034, 1433, 437, 1456, 457, 451, 1461, 2158, 450, 2125, 2084, 1475, 2193]","[266, 239, 1314, 236, 235, 1174, 1187, 1330, 1304, 238, 1317, 285, 1229, 556, 1248, 1213, 1035, 1327, 293, 1116, 1221, 289, 1606, 286]","[""session_time_linear"", ""session_time_quadratic"", ""image_identity:im115_r-1.0"", ""eventual_response_in_window"", ""eventual_response_latency"", ""response_latency_missing""]"
engaged_2,12,24,24,0.037747744625130863,0.03372644980182371,-0.004021294823307153,0.04131502528769804,0.003567280662567174,-0.007588575485874327,"[[100.0, 100.0, 8], [100.0, 100.0, 4], [100.0, 10.0, 1], [100.0, 100.0, 2]]","[[100.0, 100.0, 8], [100.0, 100.0, 4], [100.0, 10.0, 1], [100.0, 100.0, 2]]",pass,https://dandiarchive.s3.amazonaws.com/blobs/9ae/cb7/9aecb778-a5a0-4554-8b06-3af01005fea5,623319,1209073822,Isocortex,TH,"[883, 1467, 2028, 2079, 1472, 455, 1463, 2092, 2201, 1955, 425, 2034, 1433, 437, 1456, 457, 451, 1461, 2158, 450, 2125, 2084, 1475, 2193]","[266, 239, 1314, 236, 235, 1174, 1187, 1330, 1304, 238, 1317, 285, 1229, 556, 1248, 1213, 1035, 1327, 293, 1116, 1221, 289, 1606, 286]","[""session_time_linear"", ""session_time_quadratic"", ""image_identity:im115_r-1.0"", ""eventual_response_in_window"", ""eventual_response_latency"", ""response_latency_missing""]"
no_reward,12,24,24,0.01879353419476404,-0.011664691003956396,-0.030458225198720434,-0.005355892794801198,-0.024149426989565237,-0.0063087982091551975,"[[100.0, 100.0, 1], [100.0, 100.0, 2], [100.0, 100.0, 4], [100.0, 1.0, 1]]","[[100.0, 100.0, 1], [100.0, 100.0, 2], [100.0, 100.0, 4], [100.0, 1.0, 1]]",pass,https://dandiarchive.s3.amazonaws.com/blobs/9ae/cb7/9aecb778-a5a0-4554-8b06-3af01005fea5,623319,1209073822,Isocortex,TH,"[883, 1467, 2028, 2079, 1472, 455, 1463, 2092, 2201, 1955, 425, 2034, 1433, 437, 1456, 457, 451, 1461, 2158, 450, 2125, 2084, 1475, 2193]","[266, 239, 1314, 236, 235, 1174, 1187, 1330, 1304, 238, 1317, 285, 1229, 556, 1248, 1213, 1035, 1327, 293, 1116, 1221, 289, 1606, 286]","[""session_time_linear"", ""session_time_quadratic"", ""image_identity:im115_r-1.0"", ""eventual_response_in_window"", ""eventual_response_latency"", ""response_latency_missing""]"
engaged_1,21,24,24,0.09201834560099809,0.07467400701533033,-0.01734433858566775,0.07632556862033257,-0.015692776980665513,-0.0016515616050022386,"[[100.0, 100.0, 4], [100.0, 100.0, 8], [100.0, 100.0, 2], [100.0, 100.0, 1]]","[[100.0, 100.0, 4], [100.0, 100.0, 8], [100.0, 100.0, 2], [100.0, 100.0, 1]]",pass,https://dandiarchive.s3.amazonaws.com/blobs/3d6/dc4/3d6dc44c-8001-467b-be23-96ba4b22da97,623322,1200659846,Isocortex,TH,"[1443, 1426, 514, 543, 1946, 500, 1439, 179, 154, 588, 1457, 1452, 1883, 1878, 168, 182, 134, 1074, 1480, 150, 1447, 151, 1484, 1893]","[861, 798, 786, 866, 780, 803, 781, 867, 692, 784, 850, 810, 1126, 77, 783, 751, 802, 812, 791, 782, 859, 1128, 860, 732]","[""session_time_linear"", ""session_time_quadratic"", ""image_identity:im115_r-1.0"", ""eventual_response_in_window"", ""eventual_response_latency"", ""response_latency_missing""]"
engaged_2,21,24,24,0.07720552803987935,0.053603667763170826,-0.02360186027670852,0.06351617218954331,-0.013689355850336038,-0.009912504426372482,"[[100.0, 100.0, 8], [100.0, 100.0, 1], [100.0, 100.0, 1], [100.0, 100.0, 8]]","[[100.0, 100.0, 8], [100.0, 100.0, 1], [100.0, 100.0, 1], [100.0, 100.0, 8]]",pass,https://dandiarchive.s3.amazonaws.com/blobs/3d6/dc4/3d6dc44c-8001-467b-be23-96ba4b22da97,623322,1200659846,Isocortex,TH,"[1443, 1426, 514, 543, 1946, 500, 1439, 179, 154, 588, 1457, 1452, 1883, 1878, 168, 182, 134, 1074, 1480, 150, 1447, 151, 1484, 1893]","[861, 798, 786, 866, 780, 803, 781, 867, 692, 784, 850, 810, 1126, 77, 783, 751, 802, 812, 791, 782, 859, 1128, 860, 732]","[""session_time_linear"", ""session_time_quadratic"", ""image_identity:im115_r-1.0"", ""eventual_response_in_window"", ""eventual_response_latency"", ""response_latency_missing""]"
no_reward,21,24,24,0.05727610180949427,0.054942711489537666,-0.0023333903199566075,0.02229430016144407,-0.034981801648050204,0.032648411328093596,"[[100.0, 100.0, 8], [100.0, 100.0, 8], [100.0, 10.0, 1], [100.0, 100.0, 1]]","[[100.0, 100.0, 8], [100.0, 100.0, 8], [100.0, 10.0, 1], [100.0, 100.0, 1]]",pass,https://dandiarchive.s3.amazonaws.com/blobs/3d6/dc4/3d6dc44c-8001-467b-be23-96ba4b22da97,623322,1200659846,Isocortex,TH,"[1443, 1426, 514, 543, 1946, 500, 1439, 179, 154, 588, 1457, 1452, 1883, 1878, 168, 182, 134, 1074, 1480, 150, 1447, 151, 1484, 1893]","[861, 798, 786, 866, 780, 803, 781, 867, 692, 784, 850, 810, 1126, 77, 783, 751, 802, 812, 791, 782, 859, 1128, 860, 732]","[""session_time_linear"", ""session_time_quadratic"", ""image_identity:im115_r-1.0"", ""eventual_response_in_window"", ""eventual_response_latency"", ""response_latency_missing""]"
engaged_1,22,24,24,0.03030941461255887,0.0312725516696426,0.0009631370570837294,0.025503136460303555,-0.004806278152255317,0.005769415209339046,"[[100.0, 100.0, 1], [100.0, 100.0, 8], [100.0, 100.0, 1], [100.0, 100.0, 8]]","[[100.0, 100.0, 1], [100.0, 100.0, 8], [100.0, 100.0, 1], [100.0, 100.0, 8]]",pass,https://dandiarchive.s3.amazonaws.com/blobs/5d9/4f7/5d94f7f7-daa2-4d2d-93a5-1bd2bc02e141,623322,1200471383,Isocortex,TH,"[293, 1737, 1269, 1785, 1461, 759, 1295, 1444, 48, 394, 1726, 54, 13, 1497, 330, 1733, 74, 1433, 103, 386, 784, 80, 756, 1793]","[192, 1031, 206, 199, 233, 219, 1026, 194, 187, 201, 1021, 531, 588, 216, 203, 503, 1020, 458, 579, 191, 453, 466, 465, 221]","[""session_time_linear"", ""session_time_quadratic"", ""image_identity:im115_r-1.0"", ""eventual_response_in_window"", ""eventual_response_latency"", ""response_latency_missing""]"
engaged_2,22,24,24,0.07808801821077682,0.06377602411281724,-0.01431199409795958,0.07370491896982168,-0.004383099240955146,-0.009928894857004433,"[[100.0, 100.0, 1], [100.0, 100.0, 8], [100.0, 100.0, 1], [100.0, 100.0, 2]]","[[100.0, 100.0, 1], [100.0, 100.0, 8], [100.0, 100.0, 1], [100.0, 100.0, 2]]",pass,https://dandiarchive.s3.amazonaws.com/blobs/5d9/4f7/5d94f7f7-daa2-4d2d-93a5-1bd2bc02e141,623322,1200471383,Isocortex,TH,"[293, 1737, 1269, 1785, 1461, 759, 1295, 1444, 48, 394, 1726, 54, 13, 1497, 330, 1733, 74, 1433, 103, 386, 784, 80, 756, 1793]","[192, 1031, 206, 199, 233, 219, 1026, 194, 187, 201, 1021, 531, 588, 216, 203, 503, 1020, 458, 579, 191, 453, 466, 465, 221]","[""session_time_linear"", ""session_time_quadratic"", ""image_identity:im115_r-1.0"", ""eventual_response_in_window"", ""eventual_response_latency"", ""response_latency_missing""]"
no_reward,22,24,24,0.05319279366986651,0.05303131277267814,-0.00016148089718837078,0.030028894891733215,-0.023163898778133296,0.023002417880944925,"[[100.0, 100.0, 8], [100.0, 100.0, 8], [100.0, 100.0, 8], [100.0, 100.0, 8]]","[[100.0, 100.0, 8], [100.0, 100.0, 8], [100.0, 100.0, 8], [100.0, 100.0, 8]]",pass,https://dandiarchive.s3.amazonaws.com/blobs/5d9/4f7/5d94f7f7-daa2-4d2d-93a5-1bd2bc02e141,623322,1200471383,Isocortex,TH,"[293, 1737, 1269, 1785, 1461, 759, 1295, 1444, 48, 394, 1726, 54, 13, 1497, 330, 1733, 74, 1433, 103, 386, 784, 80, 756, 1793]","[192, 1031, 206, 199, 233, 219, 1026, 194, 187, 201, 1021, 531, 588, 216, 203, 503, 1020, 458, 579, 191, 453, 466, 465, 221]","[""session_time_linear"", ""session_time_quadratic"", ""image_identity:im115_r-1.0"", ""eventual_response_in_window"", ""eventual_response_latency"", ""response_latency_missing""]"
engaged_1,24,24,24,0.05812046174449481,0.04217234730365449,-0.015948114440840322,0.052757889653383905,-0.0053625720911109065,-0.010585542349729415,"[[100.0, 10.0, 1], [100.0, 100.0, 1], [100.0, 100.0, 2], [100.0, 100.0, 1]]","[[100.0, 10.0, 1], [100.0, 100.0, 1], [100.0, 100.0, 2], [100.0, 100.0, 1]]",pass,https://dandiarchive.s3.amazonaws.com/blobs/d0e/7e5/d0e7e549-f015-47fe-baa5-db8170c52771,623322,1200878248,Isocortex,TH,"[1287, 1314, 1298, 1689, 1398, 1610, 1130, 1661, 1664, 1415, 1305, 1374, 82, 650, 1364, 1097, 1537, 1367, 1356, 1292, 1695, 1377, 1584, 77]","[921, 360, 267, 176, 899, 147, 152, 321, 312, 162, 898, 427, 345, 344, 317, 326, 418, 335, 398, 153, 875, 430, 310, 396]","[""session_time_linear"", ""session_time_quadratic"", ""image_identity:im115_r-1.0"", ""eventual_response_in_window"", ""eventual_response_latency"", ""response_latency_missing""]"
engaged_2,24,24,24,0.029704780095569094,0.030555217901218956,0.0008504378056498618,0.028837652995669538,-0.0008671270998995562,0.001717564905549418,"[[0.1, 0.1, 2], [0.1, 0.1, 8], [100.0, 100.0, 1], [100.0, 100.0, 1]]","[[0.1, 0.1, 2], [0.1, 0.1, 8], [100.0, 100.0, 1], [100.0, 100.0, 1]]",pass,https://dandiarchive.s3.amazonaws.com/blobs/d0e/7e5/d0e7e549-f015-47fe-baa5-db8170c52771,623322,1200878248,Isocortex,TH,"[1287, 1314, 1298, 1689, 1398, 1610, 1130, 1661, 1664, 1415, 1305, 1374, 82, 650, 1364, 1097, 1537, 1367, 1356, 1292, 1695, 1377, 1584, 77]","[921, 360, 267, 176, 899, 147, 152, 321, 312, 162, 898, 427, 345, 344, 317, 326, 418, 335, 398, 153, 875, 430, 310, 396]","[""session_time_linear"", ""session_time_quadratic"", ""image_identity:im115_r-1.0"", ""eventual_response_in_window"", ""eventual_response_latency"", ""response_latency_missing""]"
no_reward,24,24,24,0.006147352192032329,-0.0017519685142064478,-0.007899320706238777,-0.00016311909605892794,-0.006310471288091257,-0.00158884941814752,"[[100.0, 100.0, 1], [100.0, 100.0, 1], [100.0, 100.0, 8], [100.0, 100.0, 8]]","[[100.0, 100.0, 1], [100.0, 100.0, 1], [100.0, 100.0, 8], [100.0, 100.0, 8]]",pass,https://dandiarchive.s3.amazonaws.com/blobs/d0e/7e5/d0e7e549-f015-47fe-baa5-db8170c52771,623322,1200878248,Isocortex,TH,"[1287, 1314, 1298, 1689, 1398, 1610, 1130, 1661, 1664, 1415, 1305, 1374, 82, 650, 1364, 1097, 1537, 1367, 1356, 1292, 1695, 1377, 1584, 77]","[921, 360, 267, 176, 899, 147, 152, 321, 312, 162, 898, 427, 345, 344, 317, 326, 418, 335, 398, 153, 875, 430, 310, 396]","[""session_time_linear"", ""session_time_quadratic"", ""image_identity:im115_r-1.0"", ""eventual_response_in_window"", ""eventual_response_latency"", ""response_latency_missing""]"
engaged_1,21,24,24,0.06887727732899673,0.06540731397095312,-0.003469963358043615,0.06020380306601558,-0.008673474262981151,0.005203510904937536,"[[100.0, 100.0, 1], [100.0, 100.0, 1], [100.0, 100.0, 1], [100.0, 100.0, 1]]","[[100.0, 100.0, 1], [100.0, 100.0, 1], [100.0, 100.0, 1], [100.0, 100.0, 1]]",pass,https://dandiarchive.s3.amazonaws.com/blobs/4bd/cd2/4bdcd217-633c-4841-a9b1-208c117f5ea3,626279,1214217748,Isocortex,TH,"[1402, 144, 947, 547, 1739, 441, 93, 1723, 460, 2100, 1803, 944, 955, 1636, 497, 1706, 1665, 1045, 1014, 1752, 2063, 1412, 156, 163]","[2007, 2001, 1995, 1943, 1958, 1991, 1982, 1947, 1933, 1978, 1961, 1935, 1996, 1226, 1979, 1168, 1202, 645, 1949, 1, 0, 1192, 2158, 2005]","[""session_time_linear"", ""session_time_quadratic"", ""image_identity:im115_r-1.0"", ""eventual_response_in_window"", ""eventual_response_latency"", ""response_latency_missing""]"
engaged_2,21,24,24,0.04215670937438376,0.036132737731599085,-0.006023971642784676,0.047224756411193614,0.005068047036809853,-0.011092018679594529,"[[100.0, 100.0, 1], [100.0, 100.0, 8], [100.0, 100.0, 8], [100.0, 100.0, 8]]","[[100.0, 100.0, 1], [100.0, 100.0, 8], [100.0, 100.0, 8], [100.0, 100.0, 8]]",pass,https://dandiarchive.s3.amazonaws.com/blobs/4bd/cd2/4bdcd217-633c-4841-a9b1-208c117f5ea3,626279,1214217748,Isocortex,TH,"[1402, 144, 947, 547, 1739, 441, 93, 1723, 460, 2100, 1803, 944, 955, 1636, 497, 1706, 1665, 1045, 1014, 1752, 2063, 1412, 156, 163]","[2007, 2001, 1995, 1943, 1958, 1991, 1982, 1947, 1933, 1978, 1961, 1935, 1996, 1226, 1979, 1168, 1202, 645, 1949, 1, 0, 1192, 2158, 2005]","[""session_time_linear"", ""session_time_quadratic"", ""image_identity:im115_r-1.0"", ""eventual_response_in_window"", ""eventual_response_latency"", ""response_latency_missing""]"
no_reward,21,24,24,-0.024265706170976342,-0.03767264261437431,-0.013406936443397965,-0.018673166517144235,0.005592539653832107,-0.018999476097230072,"[[100.0, 100.0, 1], [100.0, 100.0, 2], [100.0, 100.0, 1], [100.0, 100.0, 1]]","[[100.0, 100.0, 1], [100.0, 100.0, 2], [100.0, 100.0, 1], [100.0, 100.0, 1]]",pass,https://dandiarchive.s3.amazonaws.com/blobs/4bd/cd2/4bdcd217-633c-4841-a9b1-208c117f5ea3,626279,1214217748,Isocortex,TH,"[1402, 144, 947, 547, 1739, 441, 93, 1723, 460, 2100, 1803, 944, 955, 1636, 497, 1706, 1665, 1045, 1014, 1752, 2063, 1412, 156, 163]","[2007, 2001, 1995, 1943, 1958, 1991, 1982, 1947, 1933, 1978, 1961, 1935, 1996, 1226, 1979, 1168, 1202, 645, 1949, 1, 0, 1192, 2158, 2005]","[""session_time_linear"", ""session_time_quadratic"", ""image_identity:im115_r-1.0"", ""eventual_response_in_window"", ""eventual_response_latency"", ""response_latency_missing""]"
engaged_1,14,24,24,0.020095492078299748,0.007527425459669668,-0.01256806661863008,0.0013776003123900926,-0.018717891765909656,0.006149825147279575,"[[100.0, 100.0, 1], [100.0, 100.0, 1], [100.0, 100.0, 1], [100.0, 100.0, 1]]","[[100.0, 100.0, 1], [100.0, 100.0, 1], [100.0, 100.0, 1], [100.0, 100.0, 1]]",pass,https://dandiarchive.s3.amazonaws.com/blobs/8bb/124/8bb12481-57e1-4f9d-95f0-c2ec49f2e338,632295,1218795542,Isocortex,TH,"[1631, 1088, 773, 480, 710, 717, 2045, 483, 2192, 454, 1127, 69, 2122, 731, 1100, 1098, 1109, 1157, 1158, 1102, 2161, 736, 1699, 492]","[1264, 1344, 1304, 1332, 1319, 1368, 1302, 1751, 1262, 1373, 874, 1350, 1294, 1289, 1274, 1307, 1297, 1366, 1410, 1286, 1293, 1295, 1787, 1280]","[""session_time_linear"", ""session_time_quadratic"", ""image_identity:im115_r-1.0"", ""eventual_response_in_window"", ""eventual_response_latency"", ""response_latency_missing""]"
engaged_2,14,24,24,0.010768641573008497,0.006851819771819367,-0.00391682180118913,-0.007620048609790153,-0.01838869018279865,0.01447186838160952,"[[100.0, 100.0, 1], [100.0, 100.0, 1], [100.0, 10.0, 2], [100.0, 100.0, 4]]","[[100.0, 100.0, 1], [100.0, 100.0, 1], [100.0, 10.0, 2], [100.0, 100.0, 4]]",pass,https://dandiarchive.s3.amazonaws.com/blobs/8bb/124/8bb12481-57e1-4f9d-95f0-c2ec49f2e338,632295,1218795542,Isocortex,TH,"[1631, 1088, 773, 480, 710, 717, 2045, 483, 2192, 454, 1127, 69, 2122, 731, 1100, 1098, 1109, 1157, 1158, 1102, 2161, 736, 1699, 492]","[1264, 1344, 1304, 1332, 1319, 1368, 1302, 1751, 1262, 1373, 874, 1350, 1294, 1289, 1274, 1307, 1297, 1366, 1410, 1286, 1293, 1295, 1787, 1280]","[""session_time_linear"", ""session_time_quadratic"", ""image_identity:im115_r-1.0"", ""eventual_response_in_window"", ""eventual_response_latency"", ""response_latency_missing""]"
no_reward,14,24,24,0.008786125622380347,0.007680309420903475,-0.0011058162014768724,-0.005564171265351137,-0.014350296887731484,0.013244480686254612,"[[100.0, 100.0, 2], [100.0, 100.0, 8], [100.0, 100.0, 8], [100.0, 100.0, 4]]","[[100.0, 100.0, 2], [100.0, 100.0, 8], [100.0, 100.0, 8], [100.0, 100.0, 4]]",pass,https://dandiarchive.s3.amazonaws.com/blobs/8bb/124/8bb12481-57e1-4f9d-95f0-c2ec49f2e338,632295,1218795542,Isocortex,TH,"[1631, 1088, 773, 480, 710, 717, 2045, 483, 2192, 454, 1127, 69, 2122, 731, 1100, 1098, 1109, 1157, 1158, 1102, 2161, 736, 1699, 492]","[1264, 1344, 1304, 1332, 1319, 1368, 1302, 1751, 1262, 1373, 874, 1350, 1294, 1289, 1274, 1307, 1297, 1366, 1410, 1286, 1293, 1295, 1787, 1280]","[""session_time_linear"", ""session_time_quadratic"", ""image_identity:im115_r-1.0"", ""eventual_response_in_window"", ""eventual_response_latency"", ""response_latency_missing""]"
engaged_1,12,24,24,0.011647071563476219,-0.006466788333091555,-0.018113859896567774,0.013554299274020742,0.0019072277105445234,-0.020021087607112298,"[[100.0, 100.0, 8], [100.0, 100.0, 1], [100.0, 100.0, 1], [100.0, 100.0, 1]]","[[100.0, 100.0, 8], [100.0, 100.0, 1], [100.0, 100.0, 1], [100.0, 100.0, 1]]",pass,https://dandiarchive.s3.amazonaws.com/blobs/db1/7c5/db17c503-6c6e-44c4-921f-4b0ddfa6dbdb,632295,1219127153,Isocortex,TH,"[1552, 130, 352, 1152, 888, 98, 866, 386, 1182, 877, 864, 852, 1190, 1196, 337, 1551, 117, 1508, 907, 1238, 906, 1183, 922, 149]","[1312, 1306, 36, 1051, 1307, 1115, 530, 1710, 1066, 1054, 1107, 1094, 1063, 1324, 1080, 581, 1305, 1303, 1379, 1048, 1044, 1329, 1266, 1331]","[""session_time_linear"", ""session_time_quadratic"", ""image_identity:im115_r-1.0"", ""eventual_response_in_window"", ""eventual_response_latency"", ""response_latency_missing""]"
engaged_2,12,24,24,0.012588139513687313,-0.048583818670833834,-0.06117195818452115,0.004218096577838004,-0.008370042935849309,-0.05280191524867184,"[[100.0, 100.0, 1], [100.0, 100.0, 4], [100.0, 10.0, 2], [100.0, 100.0, 1]]","[[100.0, 100.0, 1], [100.0, 100.0, 4], [100.0, 10.0, 2], [100.0, 100.0, 1]]",pass,https://dandiarchive.s3.amazonaws.com/blobs/db1/7c5/db17c503-6c6e-44c4-921f-4b0ddfa6dbdb,632295,1219127153,Isocortex,TH,"[1552, 130, 352, 1152, 888, 98, 866, 386, 1182, 877, 864, 852, 1190, 1196, 337, 1551, 117, 1508, 907, 1238, 906, 1183, 922, 149]","[1312, 1306, 36, 1051, 1307, 1115, 530, 1710, 1066, 1054, 1107, 1094, 1063, 1324, 1080, 581, 1305, 1303, 1379, 1048, 1044, 1329, 1266, 1331]","[""session_time_linear"", ""session_time_quadratic"", ""image_identity:im115_r-1.0"", ""eventual_response_in_window"", ""eventual_response_latency"", ""response_latency_missing""]"
no_reward,12,24,24,0.003976417619473205,0.020477508430101543,0.01650109081062834,-0.04615339634811777,-0.050129813967590975,0.06663090477821931,"[[10.0, 10.0, 4], [100.0, 10.0, 2], [100.0, 100.0, 2], [100.0, 10.0, 4]]","[[10.0, 10.0, 4], [100.0, 10.0, 2], [100.0, 100.0, 2], [100.0, 10.0, 4]]",pass,https://dandiarchive.s3.amazonaws.com/blobs/db1/7c5/db17c503-6c6e-44c4-921f-4b0ddfa6dbdb,632295,1219127153,Isocortex,TH,"[1552, 130, 352, 1152, 888, 98, 866, 386, 1182, 877, 864, 852, 1190, 1196, 337, 1551, 117, 1508, 907, 1238, 906, 1183, 922, 149]","[1312, 1306, 36, 1051, 1307, 1115, 530, 1710, 1066, 1054, 1107, 1094, 1063, 1324, 1080, 581, 1305, 1303, 1379, 1048, 1044, 1329, 1266, 1331]","[""session_time_linear"", ""session_time_quadratic"", ""image_identity:im115_r-1.0"", ""eventual_response_in_window"", ""eventual_response_latency"", ""response_latency_missing""]"
engaged_1,21,24,24,-0.00898896821871431,-0.018136952392124872,-0.009147984173410562,-0.022230070861125606,-0.013241102642411295,0.004093118469000734,"[[100.0, 100.0, 1], [100.0, 100.0, 1], [100.0, 100.0, 1], [100.0, 100.0, 8]]","[[100.0, 100.0, 1], [100.0, 100.0, 1], [100.0, 100.0, 1], [100.0, 100.0, 8]]",pass,https://dandiarchive.s3.amazonaws.com/blobs/d8b/8a9/d8b8a9fb-eda0-459f-a722-60a69961c992,638387,1229654875,Isocortex,TH,"[153, 1559, 425, 848, 333, 147, 820, 1542, 1144, 271, 340, 1146, 811, 765, 159, 1561, 1745, 1126, 381, 1138, 393, 808, 800, 1736]","[1466, 1008, 1004, 983, 1010, 1328, 1445, 1260, 1486, 1284, 1352, 1327, 1398, 1330, 1285, 1387, 1300, 1349, 1277, 717, 1374, 685, 1316, 1470]","[""session_time_linear"", ""session_time_quadratic"", ""image_identity:im115_r-1.0"", ""eventual_response_in_window"", ""eventual_response_latency"", ""response_latency_missing""]"
engaged_2,21,24,24,0.01634486988303241,0.012719868766614018,-0.0036250011164183915,0.01223190415381048,-0.004112965729221929,0.00048796461280353753,"[[100.0, 100.0, 2], [100.0, 100.0, 1], [100.0, 100.0, 1], [100.0, 100.0, 1]]","[[100.0, 100.0, 2], [100.0, 100.0, 1], [100.0, 100.0, 1], [100.0, 100.0, 1]]",pass,https://dandiarchive.s3.amazonaws.com/blobs/d8b/8a9/d8b8a9fb-eda0-459f-a722-60a69961c992,638387,1229654875,Isocortex,TH,"[153, 1559, 425, 848, 333, 147, 820, 1542, 1144, 271, 340, 1146, 811, 765, 159, 1561, 1745, 1126, 381, 1138, 393, 808, 800, 1736]","[1466, 1008, 1004, 983, 1010, 1328, 1445, 1260, 1486, 1284, 1352, 1327, 1398, 1330, 1285, 1387, 1300, 1349, 1277, 717, 1374, 685, 1316, 1470]","[""session_time_linear"", ""session_time_quadratic"", ""image_identity:im115_r-1.0"", ""eventual_response_in_window"", ""eventual_response_latency"", ""response_latency_missing""]"
no_reward,21,24,24,0.06679146374324607,0.05279445805341976,-0.013997005689826314,0.07099693643439042,0.004205472691144352,-0.018202478380970666,"[[100.0, 10.0, 1], [100.0, 100.0, 8], [100.0, 100.0, 8], [100.0, 10.0, 1]]","[[100.0, 10.0, 1], [100.0, 100.0, 8], [100.0, 100.0, 8], [100.0, 10.0, 1]]",pass,https://dandiarchive.s3.amazonaws.com/blobs/d8b/8a9/d8b8a9fb-eda0-459f-a722-60a69961c992,638387,1229654875,Isocortex,TH,"[153, 1559, 425, 848, 333, 147, 820, 1542, 1144, 271, 340, 1146, 811, 765, 159, 1561, 1745, 1126, 381, 1138, 393, 808, 800, 1736]","[1466, 1008, 1004, 983, 1010, 1328, 1445, 1260, 1486, 1284, 1352, 1327, 1398, 1330, 1285, 1387, 1300, 1349, 1277, 717, 1374, 685, 1316, 1470]","[""session_time_linear"", ""session_time_quadratic"", ""image_identity:im115_r-1.0"", ""eventual_response_in_window"", ""eventual_response_latency"", ""response_latency_missing""]"
engaged_1,23,24,24,0.04065113449594915,0.03594561420386233,-0.004705520292086818,0.04103266968420449,0.00038153518825534416,-0.005087055480342162,"[[100.0, 100.0, 2], [100.0, 100.0, 2], [100.0, 100.0, 1], [100.0, 100.0, 1]]","[[100.0, 100.0, 2], [100.0, 100.0, 2], [100.0, 100.0, 1], [100.0, 100.0, 1]]",pass,https://dandiarchive.s3.amazonaws.com/blobs/584/1b8/5841b844-3102-4b4f-8f2c-e4cd23ec8f45,640887,1234203203,Isocortex,TH,"[1829, 1822, 932, 1878, 1036, 1874, 1490, 1012, 1891, 1480, 209, 1078, 1052, 492, 1834, 582, 218, 1807, 1893, 503, 580, 1056, 1028, 965]","[1297, 7, 1279, 2, 5, 1314, 1321, 1298, 1308, 1310, 1323, 1550, 1332, 1317, 1307, 1303, 1324, 1549, 1319, 4, 1328, 1333, 1545, 1313]","[""session_time_linear"", ""session_time_quadratic"", ""image_identity:im115_r-1.0"", ""eventual_response_in_window"", ""eventual_response_latency"", ""response_latency_missing""]"
engaged_2,23,24,24,0.03900866977735706,0.031110679316402656,-0.007897990460954407,0.04892353095458146,0.009914861177224399,-0.017812851638178806,"[[100.0, 10.0, 1], [100.0, 100.0, 1], [100.0, 100.0, 4], [100.0, 100.0, 4]]","[[100.0, 10.0, 1], [100.0, 100.0, 1], [100.0, 100.0, 4], [100.0, 100.0, 4]]",pass,https://dandiarchive.s3.amazonaws.com/blobs/584/1b8/5841b844-3102-4b4f-8f2c-e4cd23ec8f45,640887,1234203203,Isocortex,TH,"[1829, 1822, 932, 1878, 1036, 1874, 1490, 1012, 1891, 1480, 209, 1078, 1052, 492, 1834, 582, 218, 1807, 1893, 503, 580, 1056, 1028, 965]","[1297, 7, 1279, 2, 5, 1314, 1321, 1298, 1308, 1310, 1323, 1550, 1332, 1317, 1307, 1303, 1324, 1549, 1319, 4, 1328, 1333, 1545, 1313]","[""session_time_linear"", ""session_time_quadratic"", ""image_identity:im115_r-1.0"", ""eventual_response_in_window"", ""eventual_response_latency"", ""response_latency_missing""]"
no_reward,23,24,24,0.02094424615856294,0.021009264551692386,0.00006501839312944568,0.0027122906935349578,-0.018231955465027982,0.018296973858157428,"[[100.0, 100.0, 8], [100.0, 100.0, 2], [100.0, 100.0, 4], [100.0, 100.0, 4]]","[[100.0, 100.0, 8], [100.0, 100.0, 2], [100.0, 100.0, 4], [100.0, 100.0, 4]]",pass,https://dandiarchive.s3.amazonaws.com/blobs/584/1b8/5841b844-3102-4b4f-8f2c-e4cd23ec8f45,640887,1234203203,Isocortex,TH,"[1829, 1822, 932, 1878, 1036, 1874, 1490, 1012, 1891, 1480, 209, 1078, 1052, 492, 1834, 582, 218, 1807, 1893, 503, 580, 1056, 1028, 965]","[1297, 7, 1279, 2, 5, 1314, 1321, 1298, 1308, 1310, 1323, 1550, 1332, 1317, 1307, 1303, 1324, 1549, 1319, 4, 1328, 1333, 1545, 1313]","[""session_time_linear"", ""session_time_quadratic"", ""image_identity:im115_r-1.0"", ""eventual_response_in_window"", ""eventual_response_latency"", ""response_latency_missing""]"
engaged_1,25,24,24,0.08781823074789397,0.0856008209301663,-0.002217409817727667,0.07212068389371473,-0.015697546854179234,0.013480137036451567,"[[100.0, 100.0, 1], [100.0, 100.0, 2], [100.0, 100.0, 8], [100.0, 100.0, 2]]","[[100.0, 100.0, 1], [100.0, 100.0, 2], [100.0, 100.0, 8], [100.0, 100.0, 2]]",pass,https://dandiarchive.s3.amazonaws.com/blobs/cfc/bf1/cfcbf155-cb15-455d-8450-0ef256540990,640887,1234410451,Isocortex,TH,"[85, 112, 1812, 1504, 1878, 1072, 1536, 1013, 1497, 1899, 193, 1926, 1919, 1528, 216, 1555, 169, 1905, 1987, 86, 1073, 1967, 1963, 100]","[485, 1261, 733, 811, 278, 737, 1644, 294, 1582, 1208, 1246, 407, 1228, 848, 1257, 853, 730, 671, 402, 1227, 740, 385, 712, 282]","[""session_time_linear"", ""session_time_quadratic"", ""image_identity:im115_r-1.0"", ""eventual_response_in_window"", ""eventual_response_latency"", ""response_latency_missing""]"
engaged_2,25,24,24,0.047213029913348414,0.032020265568513895,-0.01519276434483452,0.04714941618671609,-0.00006361372663232778,-0.015129150618202192,"[[100.0, 100.0, 2], [100.0, 100.0, 1], [100.0, 100.0, 1], [10.0, 100.0, 4]]","[[100.0, 100.0, 2], [100.0, 100.0, 1], [100.0, 100.0, 1], [10.0, 100.0, 4]]",pass,https://dandiarchive.s3.amazonaws.com/blobs/cfc/bf1/cfcbf155-cb15-455d-8450-0ef256540990,640887,1234410451,Isocortex,TH,"[85, 112, 1812, 1504, 1878, 1072, 1536, 1013, 1497, 1899, 193, 1926, 1919, 1528, 216, 1555, 169, 1905, 1987, 86, 1073, 1967, 1963, 100]","[485, 1261, 733, 811, 278, 737, 1644, 294, 1582, 1208, 1246, 407, 1228, 848, 1257, 853, 730, 671, 402, 1227, 740, 385, 712, 282]","[""session_time_linear"", ""session_time_quadratic"", ""image_identity:im115_r-1.0"", ""eventual_response_in_window"", ""eventual_response_latency"", ""response_latency_missing""]"
no_reward,25,24,24,-0.00007935626990041023,-0.04573778133985118,-0.04565842506995077,-0.07579691055326143,-0.07571755428336102,0.03005912921341025,"[[100.0, 100.0, 8], [100.0, 10.0, 8], [100.0, 100.0, 1], [100.0, 100.0, 1]]","[[100.0, 100.0, 8], [100.0, 10.0, 8], [100.0, 100.0, 1], [100.0, 100.0, 1]]",pass,https://dandiarchive.s3.amazonaws.com/blobs/cfc/bf1/cfcbf155-cb15-455d-8450-0ef256540990,640887,1234410451,Isocortex,TH,"[85, 112, 1812, 1504, 1878, 1072, 1536, 1013, 1497, 1899, 193, 1926, 1919, 1528, 216, 1555, 169, 1905, 1987, 86, 1073, 1967, 1963, 100]","[485, 1261, 733, 811, 278, 737, 1644, 294, 1582, 1208, 1246, 407, 1228, 848, 1257, 853, 730, 671, 402, 1227, 740, 385, 712, 282]","[""session_time_linear"", ""session_time_quadratic"", ""image_identity:im115_r-1.0"", ""eventual_response_in_window"", ""eventual_response_latency"", ""response_latency_missing""]"
engaged_1,27,24,24,-0.013444639212222276,-0.021048449660589164,-0.007603810448366888,-0.012085820744516251,0.0013588184677060244,-0.008962628916072912,"[[100.0, 100.0, 4], [100.0, 100.0, 1], [100.0, 100.0, 2], [100.0, 100.0, 4]]","[[100.0, 100.0, 4], [100.0, 100.0, 1], [100.0, 100.0, 2], [100.0, 100.0, 4]]",pass,https://dandiarchive.s3.amazonaws.com/blobs/13d/b29/13db29ff-1454-412d-8680-ecd7a38c6f95,640890,1232430325,Isocortex,TH,"[1416, 1481, 2410, 2446, 1411, 2357, 1524, 366, 702, 1396, 1123, 1382, 2369, 1391, 735, 2333, 1385, 1483, 1387, 1469, 1500, 2425, 2025, 2359]","[1670, 498, 478, 493, 592, 1715, 1718, 806, 812, 918, 491, 522, 492, 1772, 545, 470, 466, 538, 523, 882, 531, 1880, 590, 464]","[""session_time_linear"", ""session_time_quadratic"", ""image_identity:im115_r-1.0"", ""eventual_response_in_window"", ""eventual_response_latency"", ""response_latency_missing""]"
engaged_2,27,24,24,0.038219850774040554,0.039789897277486275,0.0015700465034457212,0.025371642765402935,-0.012848208008637618,0.01441825451208334,"[[100.0, 100.0, 8], [100.0, 100.0, 2], [100.0, 100.0, 4], [100.0, 100.0, 1]]","[[100.0, 100.0, 8], [100.0, 100.0, 2], [100.0, 100.0, 4], [100.0, 100.0, 1]]",pass,https://dandiarchive.s3.amazonaws.com/blobs/13d/b29/13db29ff-1454-412d-8680-ecd7a38c6f95,640890,1232430325,Isocortex,TH,"[1416, 1481, 2410, 2446, 1411, 2357, 1524, 366, 702, 1396, 1123, 1382, 2369, 1391, 735, 2333, 1385, 1483, 1387, 1469, 1500, 2425, 2025, 2359]","[1670, 498, 478, 493, 592, 1715, 1718, 806, 812, 918, 491, 522, 492, 1772, 545, 470, 466, 538, 523, 882, 531, 1880, 590, 464]","[""session_time_linear"", ""session_time_quadratic"", ""image_identity:im115_r-1.0"", ""eventual_response_in_window"", ""eventual_response_latency"", ""response_latency_missing""]"
no_reward,27,24,24,0.06199399275424411,0.054416641152731815,-0.007577351601512294,0.05822506395272731,-0.003768928801516802,-0.0038084227999954923,"[[100.0, 100.0, 1], [100.0, 100.0, 1], [100.0, 100.0, 8], [100.0, 100.0, 1]]","[[100.0, 100.0, 1], [100.0, 100.0, 1], [100.0, 100.0, 8], [100.0, 100.0, 1]]",pass,https://dandiarchive.s3.amazonaws.com/blobs/13d/b29/13db29ff-1454-412d-8680-ecd7a38c6f95,640890,1232430325,Isocortex,TH,"[1416, 1481, 2410, 2446, 1411, 2357, 1524, 366, 702, 1396, 1123, 1382, 2369, 1391, 735, 2333, 1385, 1483, 1387, 1469, 1500, 2425, 2025, 2359]","[1670, 498, 478, 493, 592, 1715, 1718, 806, 812, 918, 491, 522, 492, 1772, 545, 470, 466, 538, 523, 882, 531, 1880, 590, 464]","[""session_time_linear"", ""session_time_quadratic"", ""image_identity:im115_r-1.0"", ""eventual_response_in_window"", ""eventual_response_latency"", ""response_latency_missing""]"
engaged_1,22,24,24,0.03397513790663764,0.03860772662523504,0.004632588718597397,0.016789045504897904,-0.01718609240173974,0.021818681120337136,"[[100.0, 100.0, 1], [100.0, 100.0, 8], [100.0, 100.0, 2], [100.0, 100.0, 1]]","[[100.0, 100.0, 1], [100.0, 100.0, 8], [100.0, 100.0, 2], [100.0, 100.0, 1]]",pass,https://dandiarchive.s3.amazonaws.com/blobs/e3b/977/e3b97777-89fa-4730-8d0e-fae22e471f07,640890,1232725697,Isocortex,TH,"[1287, 1831, 176, 116, 103, 148, 1766, 255, 1353, 984, 120, 1307, 170, 221, 1789, 1305, 1780, 251, 142, 147, 159, 1801, 1640, 100]","[794, 418, 800, 837, 775, 454, 763, 476, 475, 465, 470, 779, 835, 467, 828, 427, 805, 490, 811, 769, 485, 827, 449, 478]","[""session_time_linear"", ""session_time_quadratic"", ""image_identity:im115_r-1.0"", ""eventual_response_in_window"", ""eventual_response_latency"", ""response_latency_missing""]"
engaged_2,22,24,24,0.0552476239181815,0.06033431559474722,0.005086691676565724,0.05835343887160749,0.0031058149534259893,0.001980876723139735,"[[100.0, 100.0, 2], [100.0, 100.0, 1], [100.0, 100.0, 2], [100.0, 100.0, 1]]","[[100.0, 100.0, 2], [100.0, 100.0, 1], [100.0, 100.0, 2], [100.0, 100.0, 1]]",pass,https://dandiarchive.s3.amazonaws.com/blobs/e3b/977/e3b97777-89fa-4730-8d0e-fae22e471f07,640890,1232725697,Isocortex,TH,"[1287, 1831, 176, 116, 103, 148, 1766, 255, 1353, 984, 120, 1307, 170, 221, 1789, 1305, 1780, 251, 142, 147, 159, 1801, 1640, 100]","[794, 418, 800, 837, 775, 454, 763, 476, 475, 465, 470, 779, 835, 467, 828, 427, 805, 490, 811, 769, 485, 827, 449, 478]","[""session_time_linear"", ""session_time_quadratic"", ""image_identity:im115_r-1.0"", ""eventual_response_in_window"", ""eventual_response_latency"", ""response_latency_missing""]"
no_reward,22,24,24,0.05232886851213858,0.04383818272264084,-0.008490685789497743,0.04081147890157144,-0.011517389610567141,0.0030267038210693986,"[[100.0, 100.0, 1], [100.0, 100.0, 1], [100.0, 100.0, 1], [100.0, 100.0, 1]]","[[100.0, 100.0, 1], [100.0, 100.0, 1], [100.0, 100.0, 1], [100.0, 100.0, 1]]",pass,https://dandiarchive.s3.amazonaws.com/blobs/e3b/977/e3b97777-89fa-4730-8d0e-fae22e471f07,640890,1232725697,Isocortex,TH,"[1287, 1831, 176, 116, 103, 148, 1766, 255, 1353, 984, 120, 1307, 170, 221, 1789, 1305, 1780, 251, 142, 147, 159, 1801, 1640, 100]","[794, 418, 800, 837, 775, 454, 763, 476, 475, 465, 470, 779, 835, 467, 828, 427, 805, 490, 811, 769, 485, 827, 449, 478]","[""session_time_linear"", ""session_time_quadratic"", ""image_identity:im115_r-1.0"", ""eventual_response_in_window"", ""eventual_response_latency"", ""response_latency_missing""]"
engaged_1,16,24,24,0.012973615040639652,0.0058186002507156775,-0.007155014789923975,0.013215469418115688,0.00024185437747603622,-0.007396869167400011,"[[100.0, 100.0, 1], [100.0, 100.0, 8], [100.0, 100.0, 1], [100.0, 100.0, 1]]","[[100.0, 100.0, 1], [100.0, 100.0, 8], [100.0, 100.0, 1], [100.0, 100.0, 1]]",pass,https://dandiarchive.s3.amazonaws.com/blobs/559/41e/55941ebd-ef47-4d38-80af-0fabd499db6d,642504,1244070169,Isocortex,TH,"[1589, 1206, 344, 1470, 1466, 1534, 65, 424, 391, 340, 1545, 1140, 1505, 1153, 1207, 351, 1462, 368, 1502, 1120, 1475, 1486, 182, 1483]","[1034, 921, 901, 1003, 954, 961, 891, 947, 1177, 955, 931, 887, 477, 980, 599, 520, 1188, 506, 527, 979, 1029, 989, 485, 973]","[""session_time_linear"", ""session_time_quadratic"", ""image_identity:im115_r-1.0"", ""eventual_response_in_window"", ""eventual_response_latency"", ""response_latency_missing""]"
engaged_2,16,24,24,0.03507836992846369,0.019574898715097655,-0.015503471213366038,0.023229289065303416,-0.011849080863160277,-0.0036543903502057606,"[[100.0, 100.0, 1], [100.0, 100.0, 1], [100.0, 100.0, 1], [100.0, 100.0, 2]]","[[100.0, 100.0, 1], [100.0, 100.0, 1], [100.0, 100.0, 1], [100.0, 100.0, 2]]",pass,https://dandiarchive.s3.amazonaws.com/blobs/559/41e/55941ebd-ef47-4d38-80af-0fabd499db6d,642504,1244070169,Isocortex,TH,"[1589, 1206, 344, 1470, 1466, 1534, 65, 424, 391, 340, 1545, 1140, 1505, 1153, 1207, 351, 1462, 368, 1502, 1120, 1475, 1486, 182, 1483]","[1034, 921, 901, 1003, 954, 961, 891, 947, 1177, 955, 931, 887, 477, 980, 599, 520, 1188, 506, 527, 979, 1029, 989, 485, 973]","[""session_time_linear"", ""session_time_quadratic"", ""image_identity:im115_r-1.0"", ""eventual_response_in_window"", ""eventual_response_latency"", ""response_latency_missing""]"
no_reward,16,24,24,0.08736865754699619,0.08107188213697403,-0.00629677541002216,0.0919940037741348,0.004625346227138616,-0.010922121637160775,"[[100.0, 100.0, 1], [100.0, 100.0, 1], [10.0, 10.0, 8], [10.0, 100.0, 8]]","[[100.0, 100.0, 1], [100.0, 100.0, 1], [10.0, 10.0, 8], [10.0, 100.0, 8]]",pass,https://dandiarchive.s3.amazonaws.com/blobs/559/41e/55941ebd-ef47-4d38-80af-0fabd499db6d,642504,1244070169,Isocortex,TH,"[1589, 1206, 344, 1470, 1466, 1534, 65, 424, 391, 340, 1545, 1140, 1505, 1153, 1207, 351, 1462, 368, 1502, 1120, 1475, 1486, 182, 1483]","[1034, 921, 901, 1003, 954, 961, 891, 947, 1177, 955, 931, 887, 477, 980, 599, 520, 1188, 506, 527, 979, 1029, 989, 485, 973]","[""session_time_linear"", ""session_time_quadratic"", ""image_identity:im115_r-1.0"", ""eventual_response_in_window"", ""eventual_response_latency"", ""response_latency_missing""]"
engaged_1,18,24,24,0.0605082094508782,0.040254943791635855,-0.020253265659242348,0.05787278040113697,-0.0026354290497412336,-0.017617836609501114,"[[100.0, 10.0, 1], [100.0, 100.0, 2], [100.0, 100.0, 8], [100.0, 100.0, 8]]","[[100.0, 10.0, 1], [100.0, 100.0, 2], [100.0, 100.0, 8], [100.0, 100.0, 8]]",pass,https://dandiarchive.s3.amazonaws.com/blobs/88d/b29/88db2938-a9e0-491c-8056-f83cc894edf3,642504,1243523806,Isocortex,TH,"[1204, 892, 918, 901, 253, 1226, 891, 924, 248, 889, 53, 255, 1299, 66, 886, 938, 1211, 67, 201, 871, 259, 251, 904, 219]","[707, 713, 681, 354, 394, 708, 373, 355, 357, 382, 389, 378, 680, 369, 413, 385, 352, 409, 363, 572, 361, 415, 395, 564]","[""session_time_linear"", ""session_time_quadratic"", ""image_identity:im115_r-1.0"", ""eventual_response_in_window"", ""eventual_response_latency"", ""response_latency_missing""]"
engaged_2,18,24,24,0.011479236369984602,-0.009972250848569342,-0.021451487218553944,0.011517169389299253,0.000037933019314650984,-0.021489420237868595,"[[100.0, 100.0, 1], [100.0, 100.0, 2], [100.0, 100.0, 1], [100.0, 100.0, 1]]","[[100.0, 100.0, 1], [100.0, 100.0, 2], [100.0, 100.0, 1], [100.0, 100.0, 1]]",pass,https://dandiarchive.s3.amazonaws.com/blobs/88d/b29/88db2938-a9e0-491c-8056-f83cc894edf3,642504,1243523806,Isocortex,TH,"[1204, 892, 918, 901, 253, 1226, 891, 924, 248, 889, 53, 255, 1299, 66, 886, 938, 1211, 67, 201, 871, 259, 251, 904, 219]","[707, 713, 681, 354, 394, 708, 373, 355, 357, 382, 389, 378, 680, 369, 413, 385, 352, 409, 363, 572, 361, 415, 395, 564]","[""session_time_linear"", ""session_time_quadratic"", ""image_identity:im115_r-1.0"", ""eventual_response_in_window"", ""eventual_response_latency"", ""response_latency_missing""]"
no_reward,18,24,24,0.06358494730111819,0.06038603447675073,-0.0031989128243674614,0.047675374044555574,-0.015909573256562615,0.012710660432195153,"[[100.0, 100.0, 8], [100.0, 100.0, 4], [100.0, 100.0, 2], [100.0, 100.0, 1]]","[[100.0, 100.0, 8], [100.0, 100.0, 4], [100.0, 100.0, 2], [100.0, 100.0, 1]]",pass,https://dandiarchive.s3.amazonaws.com/blobs/88d/b29/88db2938-a9e0-491c-8056-f83cc894edf3,642504,1243523806,Isocortex,TH,"[1204, 892, 918, 901, 253, 1226, 891, 924, 248, 889, 53, 255, 1299, 66, 886, 938, 1211, 67, 201, 871, 259, 251, 904, 219]","[707, 713, 681, 354, 394, 708, 373, 355, 357, 382, 389, 378, 680, 369, 413, 385, 352, 409, 363, 572, 361, 415, 395, 564]","[""session_time_linear"", ""session_time_quadratic"", ""image_identity:im115_r-1.0"", ""eventual_response_in_window"", ""eventual_response_latency"", ""response_latency_missing""]"
engaged_1,17,24,24,-0.004517238240618893,0.00028622338854855656,0.004803461629167449,-0.02903813501883068,-0.024520896778211787,0.029324358407379236,"[[100.0, 100.0, 4], [100.0, 100.0, 4], [100.0, 100.0, 2], [100.0, 100.0, 8]]","[[100.0, 100.0, 4], [100.0, 100.0, 4], [100.0, 100.0, 2], [100.0, 100.0, 8]]",pass,https://dandiarchive.s3.amazonaws.com/blobs/68c/a06/68ca0674-2a8a-4931-8d5b-10a3edfb0cfa,614608,1187475832,MB,HPF,"[403, 439, 435, 3, 429, 437, 833, 431, 2, 464, 34, 465, 432, 408, 832, 463, 1, 458, 533, 412, 410, 415, 514, 528]","[1061, 129, 1540, 122, 1539, 1180, 1056, 1052, 1129, 1548, 1186, 1175, 1193, 1166, 1063, 1137, 1150, 1552, 1205, 1163, 130, 1197, 1162, 1554]","[""session_time_linear"", ""session_time_quadratic"", ""image_identity:im115_r-1.0"", ""eventual_response_in_window"", ""eventual_response_latency"", ""response_latency_missing""]"
engaged_2,17,24,24,0.025553104333199794,0.02569333871020707,0.0001402343770072756,0.018204598721278886,-0.007348505611920908,0.007488739988928184,"[[100.0, 100.0, 8], [100.0, 100.0, 8], [100.0, 100.0, 1], [100.0, 100.0, 4]]","[[100.0, 100.0, 8], [100.0, 100.0, 8], [100.0, 100.0, 1], [100.0, 100.0, 4]]",pass,https://dandiarchive.s3.amazonaws.com/blobs/68c/a06/68ca0674-2a8a-4931-8d5b-10a3edfb0cfa,614608,1187475832,MB,HPF,"[403, 439, 435, 3, 429, 437, 833, 431, 2, 464, 34, 465, 432, 408, 832, 463, 1, 458, 533, 412, 410, 415, 514, 528]","[1061, 129, 1540, 122, 1539, 1180, 1056, 1052, 1129, 1548, 1186, 1175, 1193, 1166, 1063, 1137, 1150, 1552, 1205, 1163, 130, 1197, 1162, 1554]","[""session_time_linear"", ""session_time_quadratic"", ""image_identity:im115_r-1.0"", ""eventual_response_in_window"", ""eventual_response_latency"", ""response_latency_missing""]"
no_reward,17,24,24,-0.01317917896212717,-0.01772731216997525,-0.004548133207848082,-0.02591880073042785,-0.01273962176830068,0.008191488560452598,"[[100.0, 100.0, 4], [100.0, 100.0, 8], [100.0, 100.0, 8], [100.0, 100.0, 1]]","[[100.0, 100.0, 4], [100.0, 100.0, 8], [100.0, 100.0, 8], [100.0, 100.0, 1]]",pass,https://dandiarchive.s3.amazonaws.com/blobs/68c/a06/68ca0674-2a8a-4931-8d5b-10a3edfb0cfa,614608,1187475832,MB,HPF,"[403, 439, 435, 3, 429, 437, 833, 431, 2, 464, 34, 465, 432, 408, 832, 463, 1, 458, 533, 412, 410, 415, 514, 528]","[1061, 129, 1540, 122, 1539, 1180, 1056, 1052, 1129, 1548, 1186, 1175, 1193, 1166, 1063, 1137, 1150, 1552, 1205, 1163, 130, 1197, 1162, 1554]","[""session_time_linear"", ""session_time_quadratic"", ""image_identity:im115_r-1.0"", ""eventual_response_in_window"", ""eventual_response_latency"", ""response_latency_missing""]"
engaged_1,24,24,24,0.0029231172129084992,0.011094354494586733,0.008171237281678234,-0.0159980422851711,-0.0189211594980796,0.027092396779757832,"[[100.0, 100.0, 8], [100.0, 100.0, 1], [100.0, 100.0, 4], [100.0, 100.0, 2]]","[[100.0, 100.0, 8], [100.0, 100.0, 1], [100.0, 100.0, 4], [100.0, 100.0, 2]]",pass,https://dandiarchive.s3.amazonaws.com/blobs/fd4/c49/fd4c4964-f02b-456e-af4d-b9407877d0de,614608,1187940755,MB,HPF,"[112, 8, 62, 22, 401, 100, 18, 24, 14, 9, 25, 31, 59, 54, 26, 65, 57, 63, 7, 64, 55, 10, 34, 76]","[670, 637, 564, 1024, 619, 1026, 610, 608, 580, 594, 1050, 669, 600, 609, 1055, 549, 581, 555, 1018, 1061, 1077, 634, 1066, 611]","[""session_time_linear"", ""session_time_quadratic"", ""image_identity:im115_r-1.0"", ""eventual_response_in_window"", ""eventual_response_latency"", ""response_latency_missing""]"
engaged_2,24,24,24,0.018230889942262074,0.0018204009447758684,-0.016410488997486206,0.00928033865883704,-0.008950551283425034,-0.007459937714061171,"[[100.0, 100.0, 2], [100.0, 100.0, 2], [100.0, 100.0, 1], [100.0, 100.0, 2]]","[[100.0, 100.0, 2], [100.0, 100.0, 2], [100.0, 100.0, 1], [100.0, 100.0, 2]]",pass,https://dandiarchive.s3.amazonaws.com/blobs/fd4/c49/fd4c4964-f02b-456e-af4d-b9407877d0de,614608,1187940755,MB,HPF,"[112, 8, 62, 22, 401, 100, 18, 24, 14, 9, 25, 31, 59, 54, 26, 65, 57, 63, 7, 64, 55, 10, 34, 76]","[670, 637, 564, 1024, 619, 1026, 610, 608, 580, 594, 1050, 669, 600, 609, 1055, 549, 581, 555, 1018, 1061, 1077, 634, 1066, 611]","[""session_time_linear"", ""session_time_quadratic"", ""image_identity:im115_r-1.0"", ""eventual_response_in_window"", ""eventual_response_latency"", ""response_latency_missing""]"
no_reward,24,24,24,0.04452941051213566,0.038097196211444695,-0.006432214300690964,0.02490911799077411,-0.01962029252136155,0.013188078220670585,"[[100.0, 100.0, 4], [100.0, 100.0, 4], [100.0, 100.0, 2], [100.0, 100.0, 8]]","[[100.0, 100.0, 4], [100.0, 100.0, 4], [100.0, 100.0, 2], [100.0, 100.0, 8]]",pass,https://dandiarchive.s3.amazonaws.com/blobs/fd4/c49/fd4c4964-f02b-456e-af4d-b9407877d0de,614608,1187940755,MB,HPF,"[112, 8, 62, 22, 401, 100, 18, 24, 14, 9, 25, 31, 59, 54, 26, 65, 57, 63, 7, 64, 55, 10, 34, 76]","[670, 637, 564, 1024, 619, 1026, 610, 608, 580, 594, 1050, 669, 600, 609, 1055, 549, 581, 555, 1018, 1061, 1077, 634, 1066, 611]","[""session_time_linear"", ""session_time_quadratic"", ""image_identity:im115_r-1.0"", ""eventual_response_in_window"", ""eventual_response_latency"", ""response_latency_missing""]"
engaged_1,17,24,24,-0.004095791384859826,-0.02064519435743506,-0.016549402972575233,-0.003669163672574971,0.00042662771228485497,-0.01697603068486009,"[[100.0, 100.0, 8], [100.0, 100.0, 1], [100.0, 100.0, 8], [100.0, 100.0, 1]]","[[100.0, 100.0, 8], [100.0, 100.0, 1], [100.0, 100.0, 8], [100.0, 100.0, 1]]",pass,https://dandiarchive.s3.amazonaws.com/blobs/75d/9d0/75d9d091-e7db-47d1-aac4-d41133e29393,615048,1197725774,MB,HPF,"[575, 601, 571, 609, 605, 846, 545, 610, 625, 543, 600, 578, 577, 550, 518, 597, 586, 535, 528, 611, 511, 599, 582, 603]","[1127, 1128, 1121, 1826, 710, 678, 699, 1118, 1795, 680, 1428, 1099, 673, 674, 1429, 1483, 1453, 1048, 1485, 1077, 701, 656, 668, 647]","[""session_time_linear"", ""session_time_quadratic"", ""image_identity:im115_r-1.0"", ""eventual_response_in_window"", ""eventual_response_latency"", ""response_latency_missing""]"
engaged_2,17,24,24,0.026169686404028725,0.019827236646744795,-0.00634244975728393,0.0218931484075785,-0.004276537996450225,-0.002065911760833705,"[[100.0, 100.0, 1], [100.0, 100.0, 8], [100.0, 100.0, 1], [100.0, 100.0, 1]]","[[100.0, 100.0, 1], [100.0, 100.0, 8], [100.0, 100.0, 1], [100.0, 100.0, 1]]",pass,https://dandiarchive.s3.amazonaws.com/blobs/75d/9d0/75d9d091-e7db-47d1-aac4-d41133e29393,615048,1197725774,MB,HPF,"[575, 601, 571, 609, 605, 846, 545, 610, 625, 543, 600, 578, 577, 550, 518, 597, 586, 535, 528, 611, 511, 599, 582, 603]","[1127, 1128, 1121, 1826, 710, 678, 699, 1118, 1795, 680, 1428, 1099, 673, 674, 1429, 1483, 1453, 1048, 1485, 1077, 701, 656, 668, 647]","[""session_time_linear"", ""session_time_quadratic"", ""image_identity:im115_r-1.0"", ""eventual_response_in_window"", ""eventual_response_latency"", ""response_latency_missing""]"
no_reward,17,24,24,-0.004315315407433129,-0.008772262462837022,-0.004456947055403893,-0.00936465476427184,-0.005049339356838711,0.0005923923014348187,"[[100.0, 100.0, 1], [100.0, 100.0, 4], [100.0, 100.0, 4], [100.0, 100.0, 1]]","[[100.0, 100.0, 1], [100.0, 100.0, 4], [100.0, 100.0, 4], [100.0, 100.0, 1]]",pass,https://dandiarchive.s3.amazonaws.com/blobs/75d/9d0/75d9d091-e7db-47d1-aac4-d41133e29393,615048,1197725774,MB,HPF,"[575, 601, 571, 609, 605, 846, 545, 610, 625, 543, 600, 578, 577, 550, 518, 597, 586, 535, 528, 611, 511, 599, 582, 603]","[1127, 1128, 1121, 1826, 710, 678, 699, 1118, 1795, 680, 1428, 1099, 673, 674, 1429, 1483, 1453, 1048, 1485, 1077, 701, 656, 668, 647]","[""session_time_linear"", ""session_time_quadratic"", ""image_identity:im115_r-1.0"", ""eventual_response_in_window"", ""eventual_response_latency"", ""response_latency_missing""]"
engaged_1,18,24,24,-0.0007060277769106449,-0.021751420960376633,-0.021045393183465988,-0.050423547933931,-0.049717520157020356,0.028672126973554368,"[[100.0, 100.0, 8], [100.0, 100.0, 4], [100.0, 10.0, 2], [100.0, 100.0, 1]]","[[100.0, 100.0, 8], [100.0, 100.0, 4], [100.0, 10.0, 2], [100.0, 100.0, 1]]",pass,https://dandiarchive.s3.amazonaws.com/blobs/fe0/9ba/fe09ba54-89e9-4b73-bf95-5127c2ee2ad9,615048,1197514969,MB,HPF,"[896, 887, 862, 959, 1168, 871, 856, 904, 927, 892, 830, 934, 906, 881, 805, 945, 931, 851, 910, 963, 888, 923, 849, 848]","[1432, 576, 567, 1532, 1429, 1393, 614, 580, 554, 597, 1366, 1410, 1457, 632, 1427, 1481, 1501, 574, 774, 1426, 1434, 606, 1356, 1513]","[""session_time_linear"", ""session_time_quadratic"", ""image_identity:im115_r-1.0"", ""eventual_response_in_window"", ""eventual_response_latency"", ""response_latency_missing""]"
engaged_2,18,24,24,0.06275015841535259,0.04735502103018885,-0.015395137385163737,0.041928500158570636,-0.02082165825678195,0.005426520871618212,"[[100.0, 100.0, 4], [100.0, 100.0, 1], [100.0, 10.0, 1], [100.0, 100.0, 1]]","[[100.0, 100.0, 4], [100.0, 100.0, 1], [100.0, 10.0, 1], [100.0, 100.0, 1]]",pass,https://dandiarchive.s3.amazonaws.com/blobs/fe0/9ba/fe09ba54-89e9-4b73-bf95-5127c2ee2ad9,615048,1197514969,MB,HPF,"[896, 887, 862, 959, 1168, 871, 856, 904, 927, 892, 830, 934, 906, 881, 805, 945, 931, 851, 910, 963, 888, 923, 849, 848]","[1432, 576, 567, 1532, 1429, 1393, 614, 580, 554, 597, 1366, 1410, 1457, 632, 1427, 1481, 1501, 574, 774, 1426, 1434, 606, 1356, 1513]","[""session_time_linear"", ""session_time_quadratic"", ""image_identity:im115_r-1.0"", ""eventual_response_in_window"", ""eventual_response_latency"", ""response_latency_missing""]"
no_reward,18,24,24,0.09688357696862071,0.07359202721008351,-0.0232915497585372,0.0787701572700985,-0.018113419698522204,-0.005178130060014996,"[[100.0, 100.0, 1], [100.0, 10.0, 1], [100.0, 100.0, 1], [100.0, 100.0, 1]]","[[100.0, 100.0, 1], [100.0, 10.0, 1], [100.0, 100.0, 1], [100.0, 100.0, 1]]",pass,https://dandiarchive.s3.amazonaws.com/blobs/fe0/9ba/fe09ba54-89e9-4b73-bf95-5127c2ee2ad9,615048,1197514969,MB,HPF,"[896, 887, 862, 959, 1168, 871, 856, 904, 927, 892, 830, 934, 906, 881, 805, 945, 931, 851, 910, 963, 888, 923, 849, 848]","[1432, 576, 567, 1532, 1429, 1393, 614, 580, 554, 597, 1366, 1410, 1457, 632, 1427, 1481, 1501, 574, 774, 1426, 1434, 606, 1356, 1513]","[""session_time_linear"", ""session_time_quadratic"", ""image_identity:im115_r-1.0"", ""eventual_response_in_window"", ""eventual_response_latency"", ""response_latency_missing""]"
engaged_1,17,24,24,-0.006229366013332127,-0.013042756402885214,-0.006813390389553087,-0.015462123398708671,-0.009232757385376544,0.0024193669958234576,"[[100.0, 100.0, 1], [100.0, 100.0, 8], [100.0, 100.0, 1], [100.0, 100.0, 2]]","[[100.0, 100.0, 1], [100.0, 100.0, 8], [100.0, 100.0, 1], [100.0, 100.0, 2]]",pass,https://dandiarchive.s3.amazonaws.com/blobs/635/68b/63568b8b-5957-4045-b90d-d75108909249,615564,1198995158,MB,HPF,"[496, 333, 308, 369, 508, 350, 500, 296, 450, 459, 476, 387, 462, 313, 335, 323, 301, 319, 331, 460, 397, 429, 724, 484]","[611, 551, 1682, 1598, 1697, 609, 1659, 1744, 1736, 1720, 555, 544, 1651, 1644, 1649, 605, 597, 1641, 1657, 1660, 607, 547, 1375, 1645]","[""session_time_linear"", ""session_time_quadratic"", ""image_identity:im115_r-1.0"", ""eventual_response_in_window"", ""eventual_response_latency"", ""response_latency_missing""]"
engaged_2,17,24,24,0.03834057312659689,0.03219031043872933,-0.006150262687867558,0.02760576803956294,-0.01073480508703395,0.004584542399166391,"[[100.0, 100.0, 8], [100.0, 100.0, 2], [100.0, 100.0, 2], [100.0, 100.0, 1]]","[[100.0, 100.0, 8], [100.0, 100.0, 2], [100.0, 100.0, 2], [100.0, 100.0, 1]]",pass,https://dandiarchive.s3.amazonaws.com/blobs/635/68b/63568b8b-5957-4045-b90d-d75108909249,615564,1198995158,MB,HPF,"[496, 333, 308, 369, 508, 350, 500, 296, 450, 459, 476, 387, 462, 313, 335, 323, 301, 319, 331, 460, 397, 429, 724, 484]","[611, 551, 1682, 1598, 1697, 609, 1659, 1744, 1736, 1720, 555, 544, 1651, 1644, 1649, 605, 597, 1641, 1657, 1660, 607, 547, 1375, 1645]","[""session_time_linear"", ""session_time_quadratic"", ""image_identity:im115_r-1.0"", ""eventual_response_in_window"", ""eventual_response_latency"", ""response_latency_missing""]"
no_reward,17,24,24,0.03046515219434409,0.031914494811581484,0.0014493426172373924,0.030100362401939917,-0.0003647897924041743,0.0018141324096415667,"[[100.0, 100.0, 1], [100.0, 100.0, 1], [100.0, 100.0, 1], [100.0, 100.0, 1]]","[[100.0, 100.0, 1], [100.0, 100.0, 1], [100.0, 100.0, 1], [100.0, 100.0, 1]]",pass,https://dandiarchive.s3.amazonaws.com/blobs/635/68b/63568b8b-5957-4045-b90d-d75108909249,615564,1198995158,MB,HPF,"[496, 333, 308, 369, 508, 350, 500, 296, 450, 459, 476, 387, 462, 313, 335, 323, 301, 319, 331, 460, 397, 429, 724, 484]","[611, 551, 1682, 1598, 1697, 609, 1659, 1744, 1736, 1720, 555, 544, 1651, 1644, 1649, 605, 597, 1641, 1657, 1660, 607, 547, 1375, 1645]","[""session_time_linear"", ""session_time_quadratic"", ""image_identity:im115_r-1.0"", ""eventual_response_in_window"", ""eventual_response_latency"", ""response_latency_missing""]"
engaged_1,12,24,24,0.06508148259266366,0.07053555160788838,0.005454069015224716,0.06456068120651803,-0.0005208013861456307,0.005974870401370347,"[[100.0, 100.0, 2], [100.0, 100.0, 8], [100.0, 100.0, 1], [100.0, 10.0, 2]]","[[100.0, 100.0, 2], [100.0, 100.0, 8], [100.0, 100.0, 1], [100.0, 10.0, 2]]",pass,https://dandiarchive.s3.amazonaws.com/blobs/9ae/cb7/9aecb778-a5a0-4554-8b06-3af01005fea5,623319,1209073822,MB,HPF,"[712, 639, 833, 684, 647, 628, 681, 661, 624, 665, 611, 693, 619, 797, 616, 642, 677, 644, 781, 673, 718, 705, 840, 606]","[328, 1373, 325, 1361, 322, 1420, 362, 356, 388, 1410, 1346, 1376, 1411, 1369, 372, 376, 1343, 1395, 338, 354, 308, 307, 303, 1393]","[""session_time_linear"", ""session_time_quadratic"", ""image_identity:im115_r-1.0"", ""eventual_response_in_window"", ""eventual_response_latency"", ""response_latency_missing""]"
engaged_2,12,24,24,-0.019994329089299434,-0.019782339473958688,0.00021198961534074634,-0.020716167388432405,-0.0007218382991329708,0.0009338279144737172,"[[100.0, 100.0, 1], [100.0, 10.0, 1], [100.0, 10.0, 4], [100.0, 100.0, 8]]","[[100.0, 100.0, 1], [100.0, 10.0, 1], [100.0, 10.0, 4], [100.0, 100.0, 8]]",pass,https://dandiarchive.s3.amazonaws.com/blobs/9ae/cb7/9aecb778-a5a0-4554-8b06-3af01005fea5,623319,1209073822,MB,HPF,"[712, 639, 833, 684, 647, 628, 681, 661, 624, 665, 611, 693, 619, 797, 616, 642, 677, 644, 781, 673, 718, 705, 840, 606]","[328, 1373, 325, 1361, 322, 1420, 362, 356, 388, 1410, 1346, 1376, 1411, 1369, 372, 376, 1343, 1395, 338, 354, 308, 307, 303, 1393]","[""session_time_linear"", ""session_time_quadratic"", ""image_identity:im115_r-1.0"", ""eventual_response_in_window"", ""eventual_response_latency"", ""response_latency_missing""]"
no_reward,12,24,24,-0.021018813061545183,-0.028626362224140278,-0.007607549162595095,-0.020227016060185177,0.0007917970013600062,-0.008399346163955101,"[[100.0, 100.0, 4], [100.0, 100.0, 1], [100.0, 0.1, 1], [100.0, 100.0, 1]]","[[100.0, 100.0, 4], [100.0, 100.0, 1], [100.0, 0.1, 1], [100.0, 100.0, 1]]",pass,https://dandiarchive.s3.amazonaws.com/blobs/9ae/cb7/9aecb778-a5a0-4554-8b06-3af01005fea5,623319,1209073822,MB,HPF,"[712, 639, 833, 684, 647, 628, 681, 661, 624, 665, 611, 693, 619, 797, 616, 642, 677, 644, 781, 673, 718, 705, 840, 606]","[328, 1373, 325, 1361, 322, 1420, 362, 356, 388, 1410, 1346, 1376, 1411, 1369, 372, 376, 1343, 1395, 338, 354, 308, 307, 303, 1393]","[""session_time_linear"", ""session_time_quadratic"", ""image_identity:im115_r-1.0"", ""eventual_response_in_window"", ""eventual_response_latency"", ""response_latency_missing""]"
engaged_1,22,18,18,0.04294478645204958,0.025876358786995346,-0.01706842766505423,0.026251671052104686,-0.01669311539994489,-0.0003753122651093399,"[[100.0, 10.0, 1], [100.0, 10.0, 2], [100.0, 100.0, 1], [100.0, 100.0, 8]]","[[100.0, 10.0, 1], [100.0, 10.0, 2], [100.0, 100.0, 1], [100.0, 100.0, 8]]",pass,https://dandiarchive.s3.amazonaws.com/blobs/5d9/4f7/5d94f7f7-daa2-4d2d-93a5-1bd2bc02e141,623322,1200471383,MB,HPF,"[997, 1009, 1003, 1011, 1010, 990, 989, 987, 984, 1004, 994, 1001, 991, 988, 1018, 986, 1013, 1012]","[1122, 260, 1119, 666, 252, 1117, 1085, 278, 1045, 1203, 1176, 734, 253, 673, 1078, 674, 1118, 648]","[""session_time_linear"", ""session_time_quadratic"", ""image_identity:im115_r-1.0"", ""eventual_response_in_window"", ""eventual_response_latency"", ""response_latency_missing""]"
engaged_2,22,18,18,0.05332295023753708,0.04290242247688947,-0.010420527760647613,-0.004190692941309804,-0.057513643178846885,0.04709311541819927,"[[100.0, 100.0, 8], [100.0, 10.0, 2], [100.0, 10.0, 1], [100.0, 100.0, 2]]","[[100.0, 100.0, 8], [100.0, 10.0, 2], [100.0, 10.0, 1], [100.0, 100.0, 2]]",pass,https://dandiarchive.s3.amazonaws.com/blobs/5d9/4f7/5d94f7f7-daa2-4d2d-93a5-1bd2bc02e141,623322,1200471383,MB,HPF,"[997, 1009, 1003, 1011, 1010, 990, 989, 987, 984, 1004, 994, 1001, 991, 988, 1018, 986, 1013, 1012]","[1122, 260, 1119, 666, 252, 1117, 1085, 278, 1045, 1203, 1176, 734, 253, 673, 1078, 674, 1118, 648]","[""session_time_linear"", ""session_time_quadratic"", ""image_identity:im115_r-1.0"", ""eventual_response_in_window"", ""eventual_response_latency"", ""response_latency_missing""]"
no_reward,22,18,18,0.036932930425420785,0.022563507434271268,-0.014369422991149516,-0.02018071336927707,-0.057113643794697855,0.04274422080354834,"[[100.0, 10.0, 1], [100.0, 100.0, 8], [100.0, 100.0, 4], [100.0, 100.0, 1]]","[[100.0, 10.0, 1], [100.0, 100.0, 8], [100.0, 100.0, 4], [100.0, 100.0, 1]]",pass,https://dandiarchive.s3.amazonaws.com/blobs/5d9/4f7/5d94f7f7-daa2-4d2d-93a5-1bd2bc02e141,623322,1200471383,MB,HPF,"[997, 1009, 1003, 1011, 1010, 990, 989, 987, 984, 1004, 994, 1001, 991, 988, 1018, 986, 1013, 1012]","[1122, 260, 1119, 666, 252, 1117, 1085, 278, 1045, 1203, 1176, 734, 253, 673, 1078, 674, 1118, 648]","[""session_time_linear"", ""session_time_quadratic"", ""image_identity:im115_r-1.0"", ""eventual_response_in_window"", ""eventual_response_latency"", ""response_latency_missing""]"
engaged_1,21,24,24,0.03328886501021344,0.02259402037470759,-0.010694844635505851,0.02986648901303346,-0.0034223759971799828,-0.0072724686383258685,"[[100.0, 100.0, 1], [100.0, 100.0, 1], [100.0, 100.0, 1], [100.0, 100.0, 1]]","[[100.0, 100.0, 1], [100.0, 100.0, 1], [100.0, 100.0, 1], [100.0, 100.0, 1]]",pass,https://dandiarchive.s3.amazonaws.com/blobs/4bd/cd2/4bdcd217-633c-4841-a9b1-208c117f5ea3,626279,1214217748,MB,HPF,"[254, 285, 270, 401, 281, 260, 314, 393, 278, 411, 297, 280, 330, 301, 403, 226, 372, 407, 566, 568, 287, 380, 328, 352]","[1278, 1316, 899, 1297, 897, 790, 903, 1287, 913, 870, 871, 860, 849, 1289, 904, 894, 55, 794, 921, 912, 1382, 52, 789, 867]","[""session_time_linear"", ""session_time_quadratic"", ""image_identity:im115_r-1.0"", ""eventual_response_in_window"", ""eventual_response_latency"", ""response_latency_missing""]"
engaged_2,21,24,24,0.0319703565611682,0.03247533780220113,0.0005049812410329313,0.021879033861392116,-0.010091322699776084,0.010596303940809015,"[[100.0, 100.0, 2], [100.0, 100.0, 2], [100.0, 100.0, 1], [100.0, 100.0, 1]]","[[100.0, 100.0, 2], [100.0, 100.0, 2], [100.0, 100.0, 1], [100.0, 100.0, 1]]",pass,https://dandiarchive.s3.amazonaws.com/blobs/4bd/cd2/4bdcd217-633c-4841-a9b1-208c117f5ea3,626279,1214217748,MB,HPF,"[254, 285, 270, 401, 281, 260, 314, 393, 278, 411, 297, 280, 330, 301, 403, 226, 372, 407, 566, 568, 287, 380, 328, 352]","[1278, 1316, 899, 1297, 897, 790, 903, 1287, 913, 870, 871, 860, 849, 1289, 904, 894, 55, 794, 921, 912, 1382, 52, 789, 867]","[""session_time_linear"", ""session_time_quadratic"", ""image_identity:im115_r-1.0"", ""eventual_response_in_window"", ""eventual_response_latency"", ""response_latency_missing""]"
no_reward,21,24,24,-0.05924229969668349,-0.06989478596446408,-0.010652486267780592,-0.05771506950779104,0.0015272301888924478,-0.01217971645667304,"[[100.0, 100.0, 8], [100.0, 100.0, 8], [100.0, 100.0, 2], [100.0, 100.0, 2]]","[[100.0, 100.0, 8], [100.0, 100.0, 8], [100.0, 100.0, 2], [100.0, 100.0, 2]]",pass,https://dandiarchive.s3.amazonaws.com/blobs/4bd/cd2/4bdcd217-633c-4841-a9b1-208c117f5ea3,626279,1214217748,MB,HPF,"[254, 285, 270, 401, 281, 260, 314, 393, 278, 411, 297, 280, 330, 301, 403, 226, 372, 407, 566, 568, 287, 380, 328, 352]","[1278, 1316, 899, 1297, 897, 790, 903, 1287, 913, 870, 871, 860, 849, 1289, 904, 894, 55, 794, 921, 912, 1382, 52, 789, 867]","[""session_time_linear"", ""session_time_quadratic"", ""image_identity:im115_r-1.0"", ""eventual_response_in_window"", ""eventual_response_latency"", ""response_latency_missing""]"
engaged_1,14,24,24,0.005678359878535932,0.008540320677639657,0.0028619607991037244,0.01465776334431268,0.008979403465776747,-0.006117442666673023,"[[100.0, 100.0, 1], [100.0, 100.0, 8], [100.0, 100.0, 2], [100.0, 100.0, 8]]","[[100.0, 100.0, 1], [100.0, 100.0, 8], [100.0, 100.0, 2], [100.0, 100.0, 8]]",pass,https://dandiarchive.s3.amazonaws.com/blobs/8bb/124/8bb12481-57e1-4f9d-95f0-c2ec49f2e338,632295,1218795542,MB,HPF,"[281, 363, 382, 245, 286, 298, 331, 294, 304, 244, 344, 384, 375, 254, 380, 357, 295, 657, 284, 238, 279, 329, 589, 372]","[1564, 1536, 1057, 1025, 1509, 1468, 980, 1457, 954, 975, 996, 1485, 1437, 955, 1438, 1029, 1016, 1043, 1034, 1549, 952, 1557, 1535, 1030]","[""session_time_linear"", ""session_time_quadratic"", ""image_identity:im115_r-1.0"", ""eventual_response_in_window"", ""eventual_response_latency"", ""response_latency_missing""]"
engaged_2,14,24,24,0.0013187868267405811,0.003964328835409758,0.002645542008669177,-0.02437505405661855,-0.02569384088335913,0.02833938289202831,"[[100.0, 10.0, 2], [100.0, 100.0, 1], [100.0, 10.0, 4], [100.0, 100.0, 8]]","[[100.0, 10.0, 2], [100.0, 100.0, 1], [100.0, 10.0, 4], [100.0, 100.0, 8]]",pass,https://dandiarchive.s3.amazonaws.com/blobs/8bb/124/8bb12481-57e1-4f9d-95f0-c2ec49f2e338,632295,1218795542,MB,HPF,"[281, 363, 382, 245, 286, 298, 331, 294, 304, 244, 344, 384, 375, 254, 380, 357, 295, 657, 284, 238, 279, 329, 589, 372]","[1564, 1536, 1057, 1025, 1509, 1468, 980, 1457, 954, 975, 996, 1485, 1437, 955, 1438, 1029, 1016, 1043, 1034, 1549, 952, 1557, 1535, 1030]","[""session_time_linear"", ""session_time_quadratic"", ""image_identity:im115_r-1.0"", ""eventual_response_in_window"", ""eventual_response_latency"", ""response_latency_missing""]"
no_reward,14,24,24,-0.0090152827026313,-0.011528621901901293,-0.0025133391992699927,-0.015424291504308796,-0.006409008801677496,0.0038956696024075033,"[[100.0, 100.0, 8], [100.0, 100.0, 8], [100.0, 0.1, 1], [100.0, 100.0, 8]]","[[100.0, 100.0, 8], [100.0, 100.0, 8], [100.0, 0.1, 1], [100.0, 100.0, 8]]",pass,https://dandiarchive.s3.amazonaws.com/blobs/8bb/124/8bb12481-57e1-4f9d-95f0-c2ec49f2e338,632295,1218795542,MB,HPF,"[281, 363, 382, 245, 286, 298, 331, 294, 304, 244, 344, 384, 375, 254, 380, 357, 295, 657, 284, 238, 279, 329, 589, 372]","[1564, 1536, 1057, 1025, 1509, 1468, 980, 1457, 954, 975, 996, 1485, 1437, 955, 1438, 1029, 1016, 1043, 1034, 1549, 952, 1557, 1535, 1030]","[""session_time_linear"", ""session_time_quadratic"", ""image_identity:im115_r-1.0"", ""eventual_response_in_window"", ""eventual_response_latency"", ""response_latency_missing""]"
engaged_1,23,24,24,0.05489840837241189,0.042345089695938865,-0.012553318676473024,0.04993122034518627,-0.004967188027225622,-0.007586130649247402,"[[100.0, 100.0, 8], [100.0, 100.0, 1], [100.0, 100.0, 4], [100.0, 100.0, 1]]","[[100.0, 100.0, 8], [100.0, 100.0, 1], [100.0, 100.0, 4], [100.0, 100.0, 1]]",pass,https://dandiarchive.s3.amazonaws.com/blobs/584/1b8/5841b844-3102-4b4f-8f2c-e4cd23ec8f45,640887,1234203203,MB,HPF,"[837, 1254, 775, 755, 852, 329, 328, 723, 843, 810, 787, 800, 1274, 747, 816, 720, 814, 1260, 808, 297, 336, 874, 789, 886]","[1346, 1352, 32, 31, 48, 64, 54, 122, 1426, 105, 63, 1371, 1374, 1410, 115, 107, 248, 1417, 1355, 33, 93, 110, 1429, 53]","[""session_time_linear"", ""session_time_quadratic"", ""image_identity:im115_r-1.0"", ""eventual_response_in_window"", ""eventual_response_latency"", ""response_latency_missing""]"
engaged_2,23,24,24,0.04869520232188185,0.029057524352067765,-0.019637677969814082,0.04786828299573931,-0.0008269193261425389,-0.018810758643671543,"[[100.0, 100.0, 8], [100.0, 100.0, 2], [100.0, 100.0, 8], [100.0, 100.0, 1]]","[[100.0, 100.0, 8], [100.0, 100.0, 2], [100.0, 100.0, 8], [100.0, 100.0, 1]]",pass,https://dandiarchive.s3.amazonaws.com/blobs/584/1b8/5841b844-3102-4b4f-8f2c-e4cd23ec8f45,640887,1234203203,MB,HPF,"[837, 1254, 775, 755, 852, 329, 328, 723, 843, 810, 787, 800, 1274, 747, 816, 720, 814, 1260, 808, 297, 336, 874, 789, 886]","[1346, 1352, 32, 31, 48, 64, 54, 122, 1426, 105, 63, 1371, 1374, 1410, 115, 107, 248, 1417, 1355, 33, 93, 110, 1429, 53]","[""session_time_linear"", ""session_time_quadratic"", ""image_identity:im115_r-1.0"", ""eventual_response_in_window"", ""eventual_response_latency"", ""response_latency_missing""]"
no_reward,23,24,24,0.03992125683028647,0.021388977305611734,-0.018532279524674733,0.027663166496915248,-0.012258090333371219,-0.006274189191303514,"[[100.0, 100.0, 1], [100.0, 100.0, 8], [100.0, 100.0, 1], [100.0, 100.0, 1]]","[[100.0, 100.0, 1], [100.0, 100.0, 8], [100.0, 100.0, 1], [100.0, 100.0, 1]]",pass,https://dandiarchive.s3.amazonaws.com/blobs/584/1b8/5841b844-3102-4b4f-8f2c-e4cd23ec8f45,640887,1234203203,MB,HPF,"[837, 1254, 775, 755, 852, 329, 328, 723, 843, 810, 787, 800, 1274, 747, 816, 720, 814, 1260, 808, 297, 336, 874, 789, 886]","[1346, 1352, 32, 31, 48, 64, 54, 122, 1426, 105, 63, 1371, 1374, 1410, 115, 107, 248, 1417, 1355, 33, 93, 110, 1429, 53]","[""session_time_linear"", ""session_time_quadratic"", ""image_identity:im115_r-1.0"", ""eventual_response_in_window"", ""eventual_response_latency"", ""response_latency_missing""]"
engaged_1,27,24,24,0.04399220587996178,0.0034806719628370786,-0.0405115339171247,0.017586954357227347,-0.02640525152273443,-0.014106282394390268,"[[100.0, 100.0, 8], [100.0, 10.0, 1], [100.0, 100.0, 1], [100.0, 100.0, 1]]","[[100.0, 100.0, 8], [100.0, 10.0, 1], [100.0, 100.0, 1], [100.0, 100.0, 1]]",pass,https://dandiarchive.s3.amazonaws.com/blobs/13d/b29/13db29ff-1454-412d-8680-ecd7a38c6f95,640890,1232430325,MB,HPF,"[1279, 1289, 1331, 1315, 1335, 1278, 1330, 1257, 1263, 1308, 1267, 1313, 1261, 1368, 1323, 1286, 1337, 1282, 1285, 1344, 1567, 1277, 1364, 1669]","[1926, 1905, 1915, 654, 696, 1076, 1934, 1895, 2109, 1980, 1006, 1008, 982, 693, 1962, 1897, 2114, 983, 1931, 1948, 1977, 1972, 1960, 975]","[""session_time_linear"", ""session_time_quadratic"", ""image_identity:im115_r-1.0"", ""eventual_response_in_window"", ""eventual_response_latency"", ""response_latency_missing""]"
engaged_2,27,24,24,-0.008545895663103042,-0.013980883168312142,-0.005434987505209099,-0.014352727567692014,-0.005806831904588972,0.00037184439937987257,"[[100.0, 100.0, 1], [100.0, 100.0, 8], [100.0, 100.0, 1], [100.0, 100.0, 2]]","[[100.0, 100.0, 1], [100.0, 100.0, 8], [100.0, 100.0, 1], [100.0, 100.0, 2]]",pass,https://dandiarchive.s3.amazonaws.com/blobs/13d/b29/13db29ff-1454-412d-8680-ecd7a38c6f95,640890,1232430325,MB,HPF,"[1279, 1289, 1331, 1315, 1335, 1278, 1330, 1257, 1263, 1308, 1267, 1313, 1261, 1368, 1323, 1286, 1337, 1282, 1285, 1344, 1567, 1277, 1364, 1669]","[1926, 1905, 1915, 654, 696, 1076, 1934, 1895, 2109, 1980, 1006, 1008, 982, 693, 1962, 1897, 2114, 983, 1931, 1948, 1977, 1972, 1960, 975]","[""session_time_linear"", ""session_time_quadratic"", ""image_identity:im115_r-1.0"", ""eventual_response_in_window"", ""eventual_response_latency"", ""response_latency_missing""]"
no_reward,27,24,24,0.028511457160491305,0.020116842612228125,-0.00839461454826318,0.02324762473218267,-0.005263832428308635,-0.003130782119954545,"[[100.0, 100.0, 8], [100.0, 100.0, 2], [100.0, 100.0, 4], [100.0, 100.0, 1]]","[[100.0, 100.0, 8], [100.0, 100.0, 2], [100.0, 100.0, 4], [100.0, 100.0, 1]]",pass,https://dandiarchive.s3.amazonaws.com/blobs/13d/b29/13db29ff-1454-412d-8680-ecd7a38c6f95,640890,1232430325,MB,HPF,"[1279, 1289, 1331, 1315, 1335, 1278, 1330, 1257, 1263, 1308, 1267, 1313, 1261, 1368, 1323, 1286, 1337, 1282, 1285, 1344, 1567, 1277, 1364, 1669]","[1926, 1905, 1915, 654, 696, 1076, 1934, 1895, 2109, 1980, 1006, 1008, 982, 693, 1962, 1897, 2114, 983, 1931, 1948, 1977, 1972, 1960, 975]","[""session_time_linear"", ""session_time_quadratic"", ""image_identity:im115_r-1.0"", ""eventual_response_in_window"", ""eventual_response_latency"", ""response_latency_missing""]"
engaged_1,16,24,24,0.014342851960690295,0.011091917972164356,-0.003250933988525939,0.011018339988205228,-0.003324511972485067,0.00007357798395912774,"[[100.0, 100.0, 1], [100.0, 100.0, 1], [100.0, 100.0, 1], [100.0, 100.0, 1]]","[[100.0, 100.0, 1], [100.0, 100.0, 1], [100.0, 100.0, 1], [100.0, 100.0, 1]]",pass,https://dandiarchive.s3.amazonaws.com/blobs/559/41e/55941ebd-ef47-4d38-80af-0fabd499db6d,642504,1244070169,MB,HPF,"[849, 1218, 1163, 855, 842, 857, 856, 840, 834, 844, 854, 1161, 1167, 1162, 862, 843, 846, 1169, 858, 850, 836, 1164, 859, 1160]","[1092, 1098, 639, 631, 286, 1094, 1110, 667, 322, 285, 1074, 1038, 1078, 441, 326, 1099, 645, 296, 1077, 628, 659, 1037, 652, 290]","[""session_time_linear"", ""session_time_quadratic"", ""image_identity:im115_r-1.0"", ""eventual_response_in_window"", ""eventual_response_latency"", ""response_latency_missing""]"
engaged_2,16,24,24,0.02683843749506487,0.01979483929464354,-0.0070435982004213304,0.030949634916543678,0.004111197421478807,-0.011154795621900138,"[[100.0, 100.0, 8], [100.0, 100.0, 1], [100.0, 100.0, 1], [100.0, 100.0, 4]]","[[100.0, 100.0, 8], [100.0, 100.0, 1], [100.0, 100.0, 1], [100.0, 100.0, 4]]",pass,https://dandiarchive.s3.amazonaws.com/blobs/559/41e/55941ebd-ef47-4d38-80af-0fabd499db6d,642504,1244070169,MB,HPF,"[849, 1218, 1163, 855, 842, 857, 856, 840, 834, 844, 854, 1161, 1167, 1162, 862, 843, 846, 1169, 858, 850, 836, 1164, 859, 1160]","[1092, 1098, 639, 631, 286, 1094, 1110, 667, 322, 285, 1074, 1038, 1078, 441, 326, 1099, 645, 296, 1077, 628, 659, 1037, 652, 290]","[""session_time_linear"", ""session_time_quadratic"", ""image_identity:im115_r-1.0"", ""eventual_response_in_window"", ""eventual_response_latency"", ""response_latency_missing""]"
no_reward,16,24,24,-0.030492896409522574,-0.06346593148374269,-0.032973035074220114,-0.07901654239122013,-0.04852364598169756,0.015550610907477447,"[[100.0, 10.0, 4], [100.0, 10.0, 1], [100.0, 100.0, 1], [100.0, 100.0, 4]]","[[100.0, 10.0, 4], [100.0, 10.0, 1], [100.0, 100.0, 1], [100.0, 100.0, 4]]",pass,https://dandiarchive.s3.amazonaws.com/blobs/559/41e/55941ebd-ef47-4d38-80af-0fabd499db6d,642504,1244070169,MB,HPF,"[849, 1218, 1163, 855, 842, 857, 856, 840, 834, 844, 854, 1161, 1167, 1162, 862, 843, 846, 1169, 858, 850, 836, 1164, 859, 1160]","[1092, 1098, 639, 631, 286, 1094, 1110, 667, 322, 285, 1074, 1038, 1078, 441, 326, 1099, 645, 296, 1077, 628, 659, 1037, 652, 290]","[""session_time_linear"", ""session_time_quadratic"", ""image_identity:im115_r-1.0"", ""eventual_response_in_window"", ""eventual_response_latency"", ""response_latency_missing""]"
engaged_1,18,8,8,-0.03420576110857976,-0.05511710665136138,-0.020911345542781623,-0.068586839068431,-0.034381077959851236,0.013469732417069613,"[[100.0, 100.0, 4], [100.0, 100.0, 1], [100.0, 100.0, 4], [100.0, 100.0, 4]]","[[100.0, 100.0, 4], [100.0, 100.0, 1], [100.0, 100.0, 4], [100.0, 100.0, 4]]",pass,https://dandiarchive.s3.amazonaws.com/blobs/88d/b29/88db2938-a9e0-491c-8056-f83cc894edf3,642504,1243523806,MB,HPF,"[663, 1041, 668, 966, 965, 688, 969, 654]","[803, 816, 741, 487, 492, 110, 500, 739]","[""session_time_linear"", ""session_time_quadratic"", ""image_identity:im115_r-1.0"", ""eventual_response_in_window"", ""eventual_response_latency"", ""response_latency_missing""]"
engaged_2,18,8,8,0.026229488897126174,-0.03496757603068379,-0.06119706492780996,-0.17891412343479196,-0.20514361233191813,0.14394654740410817,"[[100.0, 100.0, 1], [100.0, 1.0, 1], [100.0, 10.0, 1], [100.0, 100.0, 2]]","[[100.0, 100.0, 1], [100.0, 1.0, 1], [100.0, 10.0, 1], [100.0, 100.0, 2]]",pass,https://dandiarchive.s3.amazonaws.com/blobs/88d/b29/88db2938-a9e0-491c-8056-f83cc894edf3,642504,1243523806,MB,HPF,"[663, 1041, 668, 966, 965, 688, 969, 654]","[803, 816, 741, 487, 492, 110, 500, 739]","[""session_time_linear"", ""session_time_quadratic"", ""image_identity:im115_r-1.0"", ""eventual_response_in_window"", ""eventual_response_latency"", ""response_latency_missing""]"
no_reward,18,8,8,0.05185146141043162,0.03766186219480672,-0.014189599215624904,0.047094010079046456,-0.004757451331385165,-0.009432147884239739,"[[100.0, 100.0, 1], [100.0, 100.0, 1], [10.0, 100.0, 1], [10.0, 100.0, 1]]","[[100.0, 100.0, 1], [100.0, 100.0, 1], [10.0, 100.0, 1], [10.0, 100.0, 1]]",pass,https://dandiarchive.s3.amazonaws.com/blobs/88d/b29/88db2938-a9e0-491c-8056-f83cc894edf3,642504,1243523806,MB,HPF,"[663, 1041, 668, 966, 965, 688, 969, 654]","[803, 816, 741, 487, 492, 110, 500, 739]","[""session_time_linear"", ""session_time_quadratic"", ""image_identity:im115_r-1.0"", ""eventual_response_in_window"", ""eventual_response_latency"", ""response_latency_missing""]"
engaged_1,17,24,24,0.019950160211316237,-0.026456715138285514,-0.04640687534960175,-0.09927731136983042,-0.11922747158114666,0.07282059623154491,"[[100.0, 10.0, 1], [100.0, 1.0, 1], [100.0, 1.0, 1], [100.0, 100.0, 1]]","[[100.0, 10.0, 1], [100.0, 1.0, 1], [100.0, 1.0, 1], [100.0, 100.0, 1]]",pass,https://dandiarchive.s3.amazonaws.com/blobs/68c/a06/68ca0674-2a8a-4931-8d5b-10a3edfb0cfa,614608,1187475832,MB,Isocortex,"[403, 439, 435, 3, 429, 437, 833, 431, 2, 464, 34, 465, 432, 408, 832, 463, 1, 458, 533, 412, 410, 415, 514, 528]","[593, 1709, 2652, 2235, 2013, 2587, 2471, 1666, 1966, 2375, 2315, 2009, 1668, 2396, 620, 2522, 2488, 2034, 1677, 669, 2292, 646, 1239, 2004]","[""session_time_linear"", ""session_time_quadratic"", ""image_identity:im115_r-1.0"", ""eventual_response_in_window"", ""eventual_response_latency"", ""response_latency_missing""]"
engaged_2,17,24,24,0.03198733486138228,0.0002449240841964073,-0.03174241077718587,-0.0038588920253430636,-0.03584622688672534,0.004103816109539471,"[[100.0, 100.0, 8], [100.0, 100.0, 8], [100.0, 100.0, 4], [100.0, 10.0, 2]]","[[100.0, 100.0, 8], [100.0, 100.0, 8], [100.0, 100.0, 4], [100.0, 10.0, 2]]",pass,https://dandiarchive.s3.amazonaws.com/blobs/68c/a06/68ca0674-2a8a-4931-8d5b-10a3edfb0cfa,614608,1187475832,MB,Isocortex,"[403, 439, 435, 3, 429, 437, 833, 431, 2, 464, 34, 465, 432, 408, 832, 463, 1, 458, 533, 412, 410, 415, 514, 528]","[593, 1709, 2652, 2235, 2013, 2587, 2471, 1666, 1966, 2375, 2315, 2009, 1668, 2396, 620, 2522, 2488, 2034, 1677, 669, 2292, 646, 1239, 2004]","[""session_time_linear"", ""session_time_quadratic"", ""image_identity:im115_r-1.0"", ""eventual_response_in_window"", ""eventual_response_latency"", ""response_latency_missing""]"
no_reward,17,24,24,0.058349777030404226,0.01778647051441906,-0.040563306515985165,0.048469023688300084,-0.009880753342104143,-0.030682553173881022,"[[100.0, 100.0, 8], [100.0, 10.0, 4], [100.0, 100.0, 8], [100.0, 100.0, 4]]","[[100.0, 100.0, 8], [100.0, 10.0, 4], [100.0, 100.0, 8], [100.0, 100.0, 4]]",pass,https://dandiarchive.s3.amazonaws.com/blobs/68c/a06/68ca0674-2a8a-4931-8d5b-10a3edfb0cfa,614608,1187475832,MB,Isocortex,"[403, 439, 435, 3, 429, 437, 833, 431, 2, 464, 34, 465, 432, 408, 832, 463, 1, 458, 533, 412, 410, 415, 514, 528]","[593, 1709, 2652, 2235, 2013, 2587, 2471, 1666, 1966, 2375, 2315, 2009, 1668, 2396, 620, 2522, 2488, 2034, 1677, 669, 2292, 646, 1239, 2004]","[""session_time_linear"", ""session_time_quadratic"", ""image_identity:im115_r-1.0"", ""eventual_response_in_window"", ""eventual_response_latency"", ""response_latency_missing""]"
engaged_1,24,24,24,0.08325713104574017,0.056597696532420194,-0.02665943451331998,0.02785349296185724,-0.05540363808388293,0.028744203570562954,"[[100.0, 10.0, 4], [100.0, 100.0, 8], [100.0, 100.0, 1], [100.0, 100.0, 2]]","[[100.0, 10.0, 4], [100.0, 100.0, 8], [100.0, 100.0, 1], [100.0, 100.0, 2]]",pass,https://dandiarchive.s3.amazonaws.com/blobs/fd4/c49/fd4c4964-f02b-456e-af4d-b9407877d0de,614608,1187940755,MB,Isocortex,"[112, 8, 62, 22, 401, 100, 18, 24, 14, 9, 25, 31, 59, 54, 26, 65, 57, 63, 7, 64, 55, 10, 34, 76]","[714, 1988, 2155, 1480, 215, 1777, 1496, 173, 289, 1567, 1939, 1497, 154, 1118, 2225, 210, 1523, 195, 1519, 803, 412, 235, 1615, 342]","[""session_time_linear"", ""session_time_quadratic"", ""image_identity:im115_r-1.0"", ""eventual_response_in_window"", ""eventual_response_latency"", ""response_latency_missing""]"
engaged_2,24,24,24,0.04674077563423684,0.03114911853087554,-0.0155916571033613,0.04005791646560242,-0.006682859168634425,-0.008908797934726875,"[[100.0, 100.0, 4], [100.0, 100.0, 8], [100.0, 100.0, 1], [100.0, 100.0, 2]]","[[100.0, 100.0, 4], [100.0, 100.0, 8], [100.0, 100.0, 1], [100.0, 100.0, 2]]",pass,https://dandiarchive.s3.amazonaws.com/blobs/fd4/c49/fd4c4964-f02b-456e-af4d-b9407877d0de,614608,1187940755,MB,Isocortex,"[112, 8, 62, 22, 401, 100, 18, 24, 14, 9, 25, 31, 59, 54, 26, 65, 57, 63, 7, 64, 55, 10, 34, 76]","[714, 1988, 2155, 1480, 215, 1777, 1496, 173, 289, 1567, 1939, 1497, 154, 1118, 2225, 210, 1523, 195, 1519, 803, 412, 235, 1615, 342]","[""session_time_linear"", ""session_time_quadratic"", ""image_identity:im115_r-1.0"", ""eventual_response_in_window"", ""eventual_response_latency"", ""response_latency_missing""]"
no_reward,24,24,24,0.05267699892349442,0.053822749376906676,0.0011457504534122531,0.03703443007707252,-0.0156425688464219,0.016788319299834153,"[[100.0, 100.0, 8], [100.0, 100.0, 4], [100.0, 100.0, 2], [100.0, 100.0, 8]]","[[100.0, 100.0, 8], [100.0, 100.0, 4], [100.0, 100.0, 2], [100.0, 100.0, 8]]",pass,https://dandiarchive.s3.amazonaws.com/blobs/fd4/c49/fd4c4964-f02b-456e-af4d-b9407877d0de,614608,1187940755,MB,Isocortex,"[112, 8, 62, 22, 401, 100, 18, 24, 14, 9, 25, 31, 59, 54, 26, 65, 57, 63, 7, 64, 55, 10, 34, 76]","[714, 1988, 2155, 1480, 215, 1777, 1496, 173, 289, 1567, 1939, 1497, 154, 1118, 2225, 210, 1523, 195, 1519, 803, 412, 235, 1615, 342]","[""session_time_linear"", ""session_time_quadratic"", ""image_identity:im115_r-1.0"", ""eventual_response_in_window"", ""eventual_response_latency"", ""response_latency_missing""]"
engaged_1,17,24,24,0.06486931863453327,0.06699791846883385,0.002128599834300582,0.06363969851860096,-0.0012296201159323061,0.003358219950232888,"[[100.0, 100.0, 8], [100.0, 10.0, 1], [100.0, 100.0, 8], [100.0, 100.0, 8]]","[[100.0, 100.0, 8], [100.0, 10.0, 1], [100.0, 100.0, 8], [100.0, 100.0, 8]]",pass,https://dandiarchive.s3.amazonaws.com/blobs/75d/9d0/75d9d091-e7db-47d1-aac4-d41133e29393,615048,1197725774,MB,Isocortex,"[575, 601, 571, 609, 605, 846, 545, 610, 625, 543, 600, 578, 577, 550, 518, 597, 586, 535, 528, 611, 511, 599, 582, 603]","[741, 1187, 778, 1574, 1920, 743, 1913, 465, 1933, 1951, 228, 722, 1936, 1579, 1984, 2210, 1985, 824, 1912, 1900, 289, 1174, 1642, 1600]","[""session_time_linear"", ""session_time_quadratic"", ""image_identity:im115_r-1.0"", ""eventual_response_in_window"", ""eventual_response_latency"", ""response_latency_missing""]"
engaged_2,17,24,24,0.026658548715288055,0.02456043378717232,-0.002098114928115735,-0.004247449862952779,-0.030905998578240834,0.0288078836501251,"[[100.0, 100.0, 1], [100.0, 10.0, 1], [100.0, 10.0, 1], [100.0, 100.0, 4]]","[[100.0, 100.0, 1], [100.0, 10.0, 1], [100.0, 10.0, 1], [100.0, 100.0, 4]]",pass,https://dandiarchive.s3.amazonaws.com/blobs/75d/9d0/75d9d091-e7db-47d1-aac4-d41133e29393,615048,1197725774,MB,Isocortex,"[575, 601, 571, 609, 605, 846, 545, 610, 625, 543, 600, 578, 577, 550, 518, 597, 586, 535, 528, 611, 511, 599, 582, 603]","[741, 1187, 778, 1574, 1920, 743, 1913, 465, 1933, 1951, 228, 722, 1936, 1579, 1984, 2210, 1985, 824, 1912, 1900, 289, 1174, 1642, 1600]","[""session_time_linear"", ""session_time_quadratic"", ""image_identity:im115_r-1.0"", ""eventual_response_in_window"", ""eventual_response_latency"", ""response_latency_missing""]"
no_reward,17,24,24,-0.08196322880430151,-0.0873599972456156,-0.005396768441314093,-0.07108774034080345,0.010875488463498062,-0.016272256904812155,"[[10.0, 10.0, 4], [100.0, 100.0, 2], [100.0, 100.0, 4], [100.0, 100.0, 1]]","[[10.0, 10.0, 4], [100.0, 100.0, 2], [100.0, 100.0, 4], [100.0, 100.0, 1]]",pass,https://dandiarchive.s3.amazonaws.com/blobs/75d/9d0/75d9d091-e7db-47d1-aac4-d41133e29393,615048,1197725774,MB,Isocortex,"[575, 601, 571, 609, 605, 846, 545, 610, 625, 543, 600, 578, 577, 550, 518, 597, 586, 535, 528, 611, 511, 599, 582, 603]","[741, 1187, 778, 1574, 1920, 743, 1913, 465, 1933, 1951, 228, 722, 1936, 1579, 1984, 2210, 1985, 824, 1912, 1900, 289, 1174, 1642, 1600]","[""session_time_linear"", ""session_time_quadratic"", ""image_identity:im115_r-1.0"", ""eventual_response_in_window"", ""eventual_response_latency"", ""response_latency_missing""]"
engaged_1,18,24,24,0.048681638224992385,0.031775897582103974,-0.01690574064288841,0.04370847739348871,-0.004973160831503676,-0.011932579811384736,"[[100.0, 100.0, 1], [100.0, 100.0, 4], [100.0, 100.0, 8], [100.0, 100.0, 1]]","[[100.0, 100.0, 1], [100.0, 100.0, 4], [100.0, 100.0, 8], [100.0, 100.0, 1]]",pass,https://dandiarchive.s3.amazonaws.com/blobs/fe0/9ba/fe09ba54-89e9-4b73-bf95-5127c2ee2ad9,615048,1197514969,MB,Isocortex,"[896, 887, 862, 959, 1168, 871, 856, 904, 927, 892, 830, 934, 906, 881, 805, 945, 931, 851, 910, 963, 888, 923, 849, 848]","[1892, 637, 1897, 326, 1889, 1890, 640, 1594, 1065, 2310, 1032, 1084, 242, 231, 647, 646, 739, 732, 1086, 322, 1900, 2431, 1951, 318]","[""session_time_linear"", ""session_time_quadratic"", ""image_identity:im115_r-1.0"", ""eventual_response_in_window"", ""eventual_response_latency"", ""response_latency_missing""]"
engaged_2,18,24,24,-0.00023373738748144746,-0.0022327160849116012,-0.0019989786974301538,0.012187992565672712,0.01242172995315416,-0.014420708650584313,"[[100.0, 100.0, 4], [100.0, 100.0, 2], [100.0, 100.0, 8], [100.0, 100.0, 2]]","[[100.0, 100.0, 4], [100.0, 100.0, 2], [100.0, 100.0, 8], [100.0, 100.0, 2]]",pass,https://dandiarchive.s3.amazonaws.com/blobs/fe0/9ba/fe09ba54-89e9-4b73-bf95-5127c2ee2ad9,615048,1197514969,MB,Isocortex,"[896, 887, 862, 959, 1168, 871, 856, 904, 927, 892, 830, 934, 906, 881, 805, 945, 931, 851, 910, 963, 888, 923, 849, 848]","[1892, 637, 1897, 326, 1889, 1890, 640, 1594, 1065, 2310, 1032, 1084, 242, 231, 647, 646, 739, 732, 1086, 322, 1900, 2431, 1951, 318]","[""session_time_linear"", ""session_time_quadratic"", ""image_identity:im115_r-1.0"", ""eventual_response_in_window"", ""eventual_response_latency"", ""response_latency_missing""]"
no_reward,18,24,24,-0.018047353652224984,-0.005771582498664385,0.0122757711535606,-0.02775184789126528,-0.009704494239040296,0.021980265392600895,"[[100.0, 100.0, 2], [100.0, 100.0, 8], [100.0, 100.0, 8], [10.0, 10.0, 8]]","[[100.0, 100.0, 2], [100.0, 100.0, 8], [100.0, 100.0, 8], [10.0, 10.0, 8]]",pass,https://dandiarchive.s3.amazonaws.com/blobs/fe0/9ba/fe09ba54-89e9-4b73-bf95-5127c2ee2ad9,615048,1197514969,MB,Isocortex,"[896, 887, 862, 959, 1168, 871, 856, 904, 927, 892, 830, 934, 906, 881, 805, 945, 931, 851, 910, 963, 888, 923, 849, 848]","[1892, 637, 1897, 326, 1889, 1890, 640, 1594, 1065, 2310, 1032, 1084, 242, 231, 647, 646, 739, 732, 1086, 322, 1900, 2431, 1951, 318]","[""session_time_linear"", ""session_time_quadratic"", ""image_identity:im115_r-1.0"", ""eventual_response_in_window"", ""eventual_response_latency"", ""response_latency_missing""]"
engaged_1,17,24,24,0.06553076695220972,0.04908375916554675,-0.01644700778666297,0.05223579324243899,-0.01329497370977073,-0.0031520340768922406,"[[100.0, 100.0, 1], [100.0, 100.0, 1], [100.0, 100.0, 8], [100.0, 100.0, 1]]","[[100.0, 100.0, 1], [100.0, 100.0, 1], [100.0, 100.0, 8], [100.0, 100.0, 1]]",pass,https://dandiarchive.s3.amazonaws.com/blobs/635/68b/63568b8b-5957-4045-b90d-d75108909249,615564,1198995158,MB,Isocortex,"[496, 333, 308, 369, 508, 350, 500, 296, 450, 459, 476, 387, 462, 313, 335, 323, 301, 319, 331, 460, 397, 429, 724, 484]","[1843, 2375, 1790, 698, 2274, 2403, 1877, 2382, 1847, 683, 1844, 2469, 2342, 112, 1450, 2476, 1836, 696, 1806, 674, 1446, 2432, 1441, 2453]","[""session_time_linear"", ""session_time_quadratic"", ""image_identity:im115_r-1.0"", ""eventual_response_in_window"", ""eventual_response_latency"", ""response_latency_missing""]"
engaged_2,17,24,24,0.01658046226843657,0.00729303333890996,-0.009287428929526609,-0.006357782212523588,-0.022938244480960157,0.013650815551433548,"[[100.0, 100.0, 8], [100.0, 100.0, 8], [100.0, 10.0, 2], [100.0, 100.0, 8]]","[[100.0, 100.0, 8], [100.0, 100.0, 8], [100.0, 10.0, 2], [100.0, 100.0, 8]]",pass,https://dandiarchive.s3.amazonaws.com/blobs/635/68b/63568b8b-5957-4045-b90d-d75108909249,615564,1198995158,MB,Isocortex,"[496, 333, 308, 369, 508, 350, 500, 296, 450, 459, 476, 387, 462, 313, 335, 323, 301, 319, 331, 460, 397, 429, 724, 484]","[1843, 2375, 1790, 698, 2274, 2403, 1877, 2382, 1847, 683, 1844, 2469, 2342, 112, 1450, 2476, 1836, 696, 1806, 674, 1446, 2432, 1441, 2453]","[""session_time_linear"", ""session_time_quadratic"", ""image_identity:im115_r-1.0"", ""eventual_response_in_window"", ""eventual_response_latency"", ""response_latency_missing""]"
no_reward,17,24,24,0.008238430648513928,-0.05318018445660333,-0.06141861510511726,0.015184377109588088,0.0069459464610741595,-0.06836456156619142,"[[100.0, 10.0, 8], [100.0, 100.0, 8], [100.0, 100.0, 2], [100.0, 100.0, 1]]","[[100.0, 10.0, 8], [100.0, 100.0, 8], [100.0, 100.0, 2], [100.0, 100.0, 1]]",pass,https://dandiarchive.s3.amazonaws.com/blobs/635/68b/63568b8b-5957-4045-b90d-d75108909249,615564,1198995158,MB,Isocortex,"[496, 333, 308, 369, 508, 350, 500, 296, 450, 459, 476, 387, 462, 313, 335, 323, 301, 319, 331, 460, 397, 429, 724, 484]","[1843, 2375, 1790, 698, 2274, 2403, 1877, 2382, 1847, 683, 1844, 2469, 2342, 112, 1450, 2476, 1836, 696, 1806, 674, 1446, 2432, 1441, 2453]","[""session_time_linear"", ""session_time_quadratic"", ""image_identity:im115_r-1.0"", ""eventual_response_in_window"", ""eventual_response_latency"", ""response_latency_missing""]"
engaged_1,12,24,24,0.03695448435731086,0.02416753580087938,-0.012786948556431477,0.037085474892311066,0.0001309905350002083,-0.012917939091431685,"[[100.0, 100.0, 1], [100.0, 100.0, 1], [100.0, 100.0, 2], [100.0, 100.0, 2]]","[[100.0, 100.0, 1], [100.0, 100.0, 1], [100.0, 100.0, 2], [100.0, 100.0, 2]]",pass,https://dandiarchive.s3.amazonaws.com/blobs/9ae/cb7/9aecb778-a5a0-4554-8b06-3af01005fea5,623319,1209073822,MB,Isocortex,"[712, 639, 833, 684, 647, 628, 681, 661, 624, 665, 611, 693, 619, 797, 616, 642, 677, 644, 781, 673, 718, 705, 840, 606]","[883, 1467, 2028, 2079, 1472, 455, 1463, 2092, 2201, 1955, 425, 2034, 1433, 437, 1456, 457, 451, 1461, 2158, 450, 2125, 2084, 1475, 2193]","[""session_time_linear"", ""session_time_quadratic"", ""image_identity:im115_r-1.0"", ""eventual_response_in_window"", ""eventual_response_latency"", ""response_latency_missing""]"
engaged_2,12,24,24,0.09432286199108642,0.08977773707385195,-0.0045451249172344665,0.09582710556480944,0.0015042435737230297,-0.006049368490957496,"[[10.0, 10.0, 2], [10.0, 100.0, 8], [100.0, 100.0, 8], [100.0, 100.0, 1]]","[[10.0, 10.0, 2], [10.0, 100.0, 8], [100.0, 100.0, 8], [100.0, 100.0, 1]]",pass,https://dandiarchive.s3.amazonaws.com/blobs/9ae/cb7/9aecb778-a5a0-4554-8b06-3af01005fea5,623319,1209073822,MB,Isocortex,"[712, 639, 833, 684, 647, 628, 681, 661, 624, 665, 611, 693, 619, 797, 616, 642, 677, 644, 781, 673, 718, 705, 840, 606]","[883, 1467, 2028, 2079, 1472, 455, 1463, 2092, 2201, 1955, 425, 2034, 1433, 437, 1456, 457, 451, 1461, 2158, 450, 2125, 2084, 1475, 2193]","[""session_time_linear"", ""session_time_quadratic"", ""image_identity:im115_r-1.0"", ""eventual_response_in_window"", ""eventual_response_latency"", ""response_latency_missing""]"
no_reward,12,24,24,-0.020116043185815613,-0.029041446713190755,-0.008925403527375142,0.0005095798617337222,0.020625623047549335,-0.029551026574924477,"[[100.0, 100.0, 4], [100.0, 100.0, 1], [100.0, 100.0, 8], [100.0, 100.0, 4]]","[[100.0, 100.0, 4], [100.0, 100.0, 1], [100.0, 100.0, 8], [100.0, 100.0, 4]]",pass,https://dandiarchive.s3.amazonaws.com/blobs/9ae/cb7/9aecb778-a5a0-4554-8b06-3af01005fea5,623319,1209073822,MB,Isocortex,"[712, 639, 833, 684, 647, 628, 681, 661, 624, 665, 611, 693, 619, 797, 616, 642, 677, 644, 781, 673, 718, 705, 840, 606]","[883, 1467, 2028, 2079, 1472, 455, 1463, 2092, 2201, 1955, 425, 2034, 1433, 437, 1456, 457, 451, 1461, 2158, 450, 2125, 2084, 1475, 2193]","[""session_time_linear"", ""session_time_quadratic"", ""image_identity:im115_r-1.0"", ""eventual_response_in_window"", ""eventual_response_latency"", ""response_latency_missing""]"
engaged_1,22,18,18,0.07616352822787664,0.07772900619647671,0.0015654779686000708,0.07236596405713513,-0.0037975641707415075,0.005363042139341578,"[[100.0, 100.0, 1], [100.0, 100.0, 1], [100.0, 100.0, 1], [100.0, 100.0, 1]]","[[100.0, 100.0, 1], [100.0, 100.0, 1], [100.0, 100.0, 1], [100.0, 100.0, 1]]",pass,https://dandiarchive.s3.amazonaws.com/blobs/5d9/4f7/5d94f7f7-daa2-4d2d-93a5-1bd2bc02e141,623322,1200471383,MB,Isocortex,"[997, 1009, 1003, 1011, 1010, 990, 989, 987, 984, 1004, 994, 1001, 991, 988, 1018, 986, 1013, 1012]","[293, 1737, 1269, 1785, 1461, 759, 1295, 1444, 48, 394, 1726, 54, 13, 1497, 330, 1733, 74, 1433]","[""session_time_linear"", ""session_time_quadratic"", ""image_identity:im115_r-1.0"", ""eventual_response_in_window"", ""eventual_response_latency"", ""response_latency_missing""]"
engaged_2,22,18,18,0.033887575890090615,0.0027157602897932565,-0.03117181560029736,0.03302022747311184,-0.0008673484169787748,-0.030304467183318584,"[[100.0, 10.0, 2], [100.0, 100.0, 1], [100.0, 100.0, 1], [100.0, 100.0, 4]]","[[100.0, 10.0, 2], [100.0, 100.0, 1], [100.0, 100.0, 1], [100.0, 100.0, 4]]",pass,https://dandiarchive.s3.amazonaws.com/blobs/5d9/4f7/5d94f7f7-daa2-4d2d-93a5-1bd2bc02e141,623322,1200471383,MB,Isocortex,"[997, 1009, 1003, 1011, 1010, 990, 989, 987, 984, 1004, 994, 1001, 991, 988, 1018, 986, 1013, 1012]","[293, 1737, 1269, 1785, 1461, 759, 1295, 1444, 48, 394, 1726, 54, 13, 1497, 330, 1733, 74, 1433]","[""session_time_linear"", ""session_time_quadratic"", ""image_identity:im115_r-1.0"", ""eventual_response_in_window"", ""eventual_response_latency"", ""response_latency_missing""]"
no_reward,22,18,18,0.04846099364341683,0.039474674002610066,-0.008986319640806761,0.05496069407480819,0.006499700431391364,-0.015486020072198126,"[[100.0, 100.0, 1], [100.0, 10.0, 1], [100.0, 100.0, 2], [100.0, 100.0, 2]]","[[100.0, 100.0, 1], [100.0, 10.0, 1], [100.0, 100.0, 2], [100.0, 100.0, 2]]",pass,https://dandiarchive.s3.amazonaws.com/blobs/5d9/4f7/5d94f7f7-daa2-4d2d-93a5-1bd2bc02e141,623322,1200471383,MB,Isocortex,"[997, 1009, 1003, 1011, 1010, 990, 989, 987, 984, 1004, 994, 1001, 991, 988, 1018, 986, 1013, 1012]","[293, 1737, 1269, 1785, 1461, 759, 1295, 1444, 48, 394, 1726, 54, 13, 1497, 330, 1733, 74, 1433]","[""session_time_linear"", ""session_time_quadratic"", ""image_identity:im115_r-1.0"", ""eventual_response_in_window"", ""eventual_response_latency"", ""response_latency_missing""]"
engaged_1,21,24,24,0.07833711626589968,0.06654069158817866,-0.011796424677721018,0.06875266148717663,-0.00958445477872305,-0.0022119698989979675,"[[100.0, 100.0, 1], [100.0, 100.0, 1], [100.0, 100.0, 1], [100.0, 100.0, 8]]","[[100.0, 100.0, 1], [100.0, 100.0, 1], [100.0, 100.0, 1], [100.0, 100.0, 8]]",pass,https://dandiarchive.s3.amazonaws.com/blobs/4bd/cd2/4bdcd217-633c-4841-a9b1-208c117f5ea3,626279,1214217748,MB,Isocortex,"[254, 285, 270, 401, 281, 260, 314, 393, 278, 411, 297, 280, 330, 301, 403, 226, 372, 407, 566, 568, 287, 380, 328, 352]","[1402, 144, 947, 547, 1739, 441, 93, 1723, 460, 2100, 1803, 944, 955, 1636, 497, 1706, 1665, 1045, 1014, 1752, 2063, 1412, 156, 163]","[""session_time_linear"", ""session_time_quadratic"", ""image_identity:im115_r-1.0"", ""eventual_response_in_window"", ""eventual_response_latency"", ""response_latency_missing""]"
engaged_2,21,24,24,0.07013194204191098,0.035655944462334555,-0.03447599757957642,0.08129965385020699,0.01116771180829601,-0.04564370938787243,"[[10.0, 10.0, 8], [100.0, 100.0, 2], [100.0, 100.0, 2], [100.0, 10.0, 2]]","[[10.0, 10.0, 8], [100.0, 100.0, 2], [100.0, 100.0, 2], [100.0, 10.0, 2]]",pass,https://dandiarchive.s3.amazonaws.com/blobs/4bd/cd2/4bdcd217-633c-4841-a9b1-208c117f5ea3,626279,1214217748,MB,Isocortex,"[254, 285, 270, 401, 281, 260, 314, 393, 278, 411, 297, 280, 330, 301, 403, 226, 372, 407, 566, 568, 287, 380, 328, 352]","[1402, 144, 947, 547, 1739, 441, 93, 1723, 460, 2100, 1803, 944, 955, 1636, 497, 1706, 1665, 1045, 1014, 1752, 2063, 1412, 156, 163]","[""session_time_linear"", ""session_time_quadratic"", ""image_identity:im115_r-1.0"", ""eventual_response_in_window"", ""eventual_response_latency"", ""response_latency_missing""]"
no_reward,21,24,24,-0.008339453031169786,-0.0202432406266857,-0.011903787595515913,-0.002630650079869401,0.005708802951300385,-0.017612590546816298,"[[100.0, 100.0, 8], [100.0, 100.0, 8], [100.0, 100.0, 1], [100.0, 100.0, 2]]","[[100.0, 100.0, 8], [100.0, 100.0, 8], [100.0, 100.0, 1], [100.0, 100.0, 2]]",pass,https://dandiarchive.s3.amazonaws.com/blobs/4bd/cd2/4bdcd217-633c-4841-a9b1-208c117f5ea3,626279,1214217748,MB,Isocortex,"[254, 285, 270, 401, 281, 260, 314, 393, 278, 411, 297, 280, 330, 301, 403, 226, 372, 407, 566, 568, 287, 380, 328, 352]","[1402, 144, 947, 547, 1739, 441, 93, 1723, 460, 2100, 1803, 944, 955, 1636, 497, 1706, 1665, 1045, 1014, 1752, 2063, 1412, 156, 163]","[""session_time_linear"", ""session_time_quadratic"", ""image_identity:im115_r-1.0"", ""eventual_response_in_window"", ""eventual_response_latency"", ""response_latency_missing""]"
engaged_1,14,24,24,0.059931958133074725,0.04599367047363023,-0.013938287659444493,0.0643154799344191,0.004383521801344381,-0.018321809460788874,"[[100.0, 100.0, 1], [100.0, 100.0, 1], [100.0, 100.0, 4], [100.0, 100.0, 1]]","[[100.0, 100.0, 1], [100.0, 100.0, 1], [100.0, 100.0, 4], [100.0, 100.0, 1]]",pass,https://dandiarchive.s3.amazonaws.com/blobs/8bb/124/8bb12481-57e1-4f9d-95f0-c2ec49f2e338,632295,1218795542,MB,Isocortex,"[281, 363, 382, 245, 286, 298, 331, 294, 304, 244, 344, 384, 375, 254, 380, 357, 295, 657, 284, 238, 279, 329, 589, 372]","[1631, 1088, 773, 480, 710, 717, 2045, 483, 2192, 454, 1127, 69, 2122, 731, 1100, 1098, 1109, 1157, 1158, 1102, 2161, 736, 1699, 492]","[""session_time_linear"", ""session_time_quadratic"", ""image_identity:im115_r-1.0"", ""eventual_response_in_window"", ""eventual_response_latency"", ""response_latency_missing""]"
engaged_2,14,24,24,0.02854998034332612,0.0280654598365635,-0.00048452050676262015,0.020631393324507252,-0.007918587018818868,0.007434066512056248,"[[100.0, 100.0, 2], [100.0, 100.0, 8], [100.0, 100.0, 8], [100.0, 100.0, 8]]","[[100.0, 100.0, 2], [100.0, 100.0, 8], [100.0, 100.0, 8], [100.0, 100.0, 8]]",pass,https://dandiarchive.s3.amazonaws.com/blobs/8bb/124/8bb12481-57e1-4f9d-95f0-c2ec49f2e338,632295,1218795542,MB,Isocortex,"[281, 363, 382, 245, 286, 298, 331, 294, 304, 244, 344, 384, 375, 254, 380, 357, 295, 657, 284, 238, 279, 329, 589, 372]","[1631, 1088, 773, 480, 710, 717, 2045, 483, 2192, 454, 1127, 69, 2122, 731, 1100, 1098, 1109, 1157, 1158, 1102, 2161, 736, 1699, 492]","[""session_time_linear"", ""session_time_quadratic"", ""image_identity:im115_r-1.0"", ""eventual_response_in_window"", ""eventual_response_latency"", ""response_latency_missing""]"
no_reward,14,24,24,-0.1869714048477864,-0.19388512295393223,-0.0069137181061458275,-0.19748781266497906,-0.010516407817192652,0.0036026897110468248,"[[10.0, 100.0, 1], [100.0, 100.0, 2], [100.0, 100.0, 1], [100.0, 100.0, 1]]","[[10.0, 100.0, 1], [100.0, 100.0, 2], [100.0, 100.0, 1], [100.0, 100.0, 1]]",pass,https://dandiarchive.s3.amazonaws.com/blobs/8bb/124/8bb12481-57e1-4f9d-95f0-c2ec49f2e338,632295,1218795542,MB,Isocortex,"[281, 363, 382, 245, 286, 298, 331, 294, 304, 244, 344, 384, 375, 254, 380, 357, 295, 657, 284, 238, 279, 329, 589, 372]","[1631, 1088, 773, 480, 710, 717, 2045, 483, 2192, 454, 1127, 69, 2122, 731, 1100, 1098, 1109, 1157, 1158, 1102, 2161, 736, 1699, 492]","[""session_time_linear"", ""session_time_quadratic"", ""image_identity:im115_r-1.0"", ""eventual_response_in_window"", ""eventual_response_latency"", ""response_latency_missing""]"
engaged_1,23,24,24,0.012753138834227129,0.01172714131880681,-0.0010259975154203183,0.0018416971117872771,-0.010911441722439852,0.009885444207019534,"[[100.0, 100.0, 4], [100.0, 100.0, 8], [100.0, 100.0, 1], [100.0, 100.0, 1]]","[[100.0, 100.0, 4], [100.0, 100.0, 8], [100.0, 100.0, 1], [100.0, 100.0, 1]]",pass,https://dandiarchive.s3.amazonaws.com/blobs/584/1b8/5841b844-3102-4b4f-8f2c-e4cd23ec8f45,640887,1234203203,MB,Isocortex,"[837, 1254, 775, 755, 852, 329, 328, 723, 843, 810, 787, 800, 1274, 747, 816, 720, 814, 1260, 808, 297, 336, 874, 789, 886]","[1829, 1822, 932, 1878, 1036, 1874, 1490, 1012, 1891, 1480, 209, 1078, 1052, 492, 1834, 582, 218, 1807, 1893, 503, 580, 1056, 1028, 965]","[""session_time_linear"", ""session_time_quadratic"", ""image_identity:im115_r-1.0"", ""eventual_response_in_window"", ""eventual_response_latency"", ""response_latency_missing""]"
engaged_2,23,24,24,0.0550737554424543,0.04974661643129563,-0.005327139011158666,0.04530312043377838,-0.00977063500867592,0.004443495997517255,"[[100.0, 100.0, 8], [100.0, 100.0, 8], [100.0, 100.0, 1], [100.0, 100.0, 8]]","[[100.0, 100.0, 8], [100.0, 100.0, 8], [100.0, 100.0, 1], [100.0, 100.0, 8]]",pass,https://dandiarchive.s3.amazonaws.com/blobs/584/1b8/5841b844-3102-4b4f-8f2c-e4cd23ec8f45,640887,1234203203,MB,Isocortex,"[837, 1254, 775, 755, 852, 329, 328, 723, 843, 810, 787, 800, 1274, 747, 816, 720, 814, 1260, 808, 297, 336, 874, 789, 886]","[1829, 1822, 932, 1878, 1036, 1874, 1490, 1012, 1891, 1480, 209, 1078, 1052, 492, 1834, 582, 218, 1807, 1893, 503, 580, 1056, 1028, 965]","[""session_time_linear"", ""session_time_quadratic"", ""image_identity:im115_r-1.0"", ""eventual_response_in_window"", ""eventual_response_latency"", ""response_latency_missing""]"
no_reward,23,24,24,0.04179867095297385,0.041746884278704655,-0.000051786674269194144,0.03549280658892484,-0.0063058643640490075,0.006254077689779813,"[[100.0, 100.0, 1], [100.0, 100.0, 2], [100.0, 10.0, 1], [100.0, 100.0, 2]]","[[100.0, 100.0, 1], [100.0, 100.0, 2], [100.0, 10.0, 1], [100.0, 100.0, 2]]",pass,https://dandiarchive.s3.amazonaws.com/blobs/584/1b8/5841b844-3102-4b4f-8f2c-e4cd23ec8f45,640887,1234203203,MB,Isocortex,"[837, 1254, 775, 755, 852, 329, 328, 723, 843, 810, 787, 800, 1274, 747, 816, 720, 814, 1260, 808, 297, 336, 874, 789, 886]","[1829, 1822, 932, 1878, 1036, 1874, 1490, 1012, 1891, 1480, 209, 1078, 1052, 492, 1834, 582, 218, 1807, 1893, 503, 580, 1056, 1028, 965]","[""session_time_linear"", ""session_time_quadratic"", ""image_identity:im115_r-1.0"", ""eventual_response_in_window"", ""eventual_response_latency"", ""response_latency_missing""]"
engaged_1,27,24,24,0.0904884236358896,0.0871724135026486,-0.0033160101332410097,0.0847522638282614,-0.005736159807628205,0.0024201496743871953,"[[100.0, 100.0, 1], [100.0, 100.0, 1], [100.0, 100.0, 2], [100.0, 100.0, 2]]","[[100.0, 100.0, 1], [100.0, 100.0, 1], [100.0, 100.0, 2], [100.0, 100.0, 2]]",pass,https://dandiarchive.s3.amazonaws.com/blobs/13d/b29/13db29ff-1454-412d-8680-ecd7a38c6f95,640890,1232430325,MB,Isocortex,"[1279, 1289, 1331, 1315, 1335, 1278, 1330, 1257, 1263, 1308, 1267, 1313, 1261, 1368, 1323, 1286, 1337, 1282, 1285, 1344, 1567, 1277, 1364, 1669]","[1416, 1481, 2410, 2446, 1411, 2357, 1524, 366, 702, 1396, 1123, 1382, 2369, 1391, 735, 2333, 1385, 1483, 1387, 1469, 1500, 2425, 2025, 2359]","[""session_time_linear"", ""session_time_quadratic"", ""image_identity:im115_r-1.0"", ""eventual_response_in_window"", ""eventual_response_latency"", ""response_latency_missing""]"
engaged_2,27,24,24,0.07615450292438997,0.07764041596201787,0.0014859130376279062,0.07970181794515596,0.0035473150207659954,-0.002061401983138089,"[[100.0, 100.0, 1], [100.0, 100.0, 8], [100.0, 100.0, 8], [100.0, 100.0, 4]]","[[100.0, 100.0, 1], [100.0, 100.0, 8], [100.0, 100.0, 8], [100.0, 100.0, 4]]",pass,https://dandiarchive.s3.amazonaws.com/blobs/13d/b29/13db29ff-1454-412d-8680-ecd7a38c6f95,640890,1232430325,MB,Isocortex,"[1279, 1289, 1331, 1315, 1335, 1278, 1330, 1257, 1263, 1308, 1267, 1313, 1261, 1368, 1323, 1286, 1337, 1282, 1285, 1344, 1567, 1277, 1364, 1669]","[1416, 1481, 2410, 2446, 1411, 2357, 1524, 366, 702, 1396, 1123, 1382, 2369, 1391, 735, 2333, 1385, 1483, 1387, 1469, 1500, 2425, 2025, 2359]","[""session_time_linear"", ""session_time_quadratic"", ""image_identity:im115_r-1.0"", ""eventual_response_in_window"", ""eventual_response_latency"", ""response_latency_missing""]"
no_reward,27,24,24,0.08871720495612401,0.08521329089840635,-0.003503914057717661,0.08012042312779166,-0.008596781828332345,0.005092867770614684,"[[100.0, 100.0, 1], [100.0, 100.0, 1], [100.0, 100.0, 2], [100.0, 100.0, 1]]","[[100.0, 100.0, 1], [100.0, 100.0, 1], [100.0, 100.0, 2], [100.0, 100.0, 1]]",pass,https://dandiarchive.s3.amazonaws.com/blobs/13d/b29/13db29ff-1454-412d-8680-ecd7a38c6f95,640890,1232430325,MB,Isocortex,"[1279, 1289, 1331, 1315, 1335, 1278, 1330, 1257, 1263, 1308, 1267, 1313, 1261, 1368, 1323, 1286, 1337, 1282, 1285, 1344, 1567, 1277, 1364, 1669]","[1416, 1481, 2410, 2446, 1411, 2357, 1524, 366, 702, 1396, 1123, 1382, 2369, 1391, 735, 2333, 1385, 1483, 1387, 1469, 1500, 2425, 2025, 2359]","[""session_time_linear"", ""session_time_quadratic"", ""image_identity:im115_r-1.0"", ""eventual_response_in_window"", ""eventual_response_latency"", ""response_latency_missing""]"
engaged_1,16,24,24,0.009613663162894026,-0.015530589112021431,-0.025144252274915457,-0.06680918397554714,-0.07642284713844116,0.051278594863525706,"[[100.0, 0.1, 1], [100.0, 10.0, 1], [100.0, 10.0, 1], [100.0, 10.0, 2]]","[[100.0, 0.1, 1], [100.0, 10.0, 1], [100.0, 10.0, 1], [100.0, 10.0, 2]]",pass,https://dandiarchive.s3.amazonaws.com/blobs/559/41e/55941ebd-ef47-4d38-80af-0fabd499db6d,642504,1244070169,MB,Isocortex,"[849, 1218, 1163, 855, 842, 857, 856, 840, 834, 844, 854, 1161, 1167, 1162, 862, 843, 846, 1169, 858, 850, 836, 1164, 859, 1160]","[1589, 1206, 344, 1470, 1466, 1534, 65, 424, 391, 340, 1545, 1140, 1505, 1153, 1207, 351, 1462, 368, 1502, 1120, 1475, 1486, 182, 1483]","[""session_time_linear"", ""session_time_quadratic"", ""image_identity:im115_r-1.0"", ""eventual_response_in_window"", ""eventual_response_latency"", ""response_latency_missing""]"
engaged_2,16,24,24,0.042267348818040285,0.04572943773749838,0.003462088919458095,0.039505850502254525,-0.0027614983157857598,0.006223587235243855,"[[100.0, 100.0, 8], [10.0, 100.0, 8], [100.0, 100.0, 8], [100.0, 100.0, 8]]","[[100.0, 100.0, 8], [10.0, 100.0, 8], [100.0, 100.0, 8], [100.0, 100.0, 8]]",pass,https://dandiarchive.s3.amazonaws.com/blobs/559/41e/55941ebd-ef47-4d38-80af-0fabd499db6d,642504,1244070169,MB,Isocortex,"[849, 1218, 1163, 855, 842, 857, 856, 840, 834, 844, 854, 1161, 1167, 1162, 862, 843, 846, 1169, 858, 850, 836, 1164, 859, 1160]","[1589, 1206, 344, 1470, 1466, 1534, 65, 424, 391, 340, 1545, 1140, 1505, 1153, 1207, 351, 1462, 368, 1502, 1120, 1475, 1486, 182, 1483]","[""session_time_linear"", ""session_time_quadratic"", ""image_identity:im115_r-1.0"", ""eventual_response_in_window"", ""eventual_response_latency"", ""response_latency_missing""]"
no_reward,16,24,24,0.03176493753809617,0.02242055827834688,-0.009344379259749291,0.039882638049744346,0.008117700511648174,-0.017462079771397465,"[[100.0, 100.0, 4], [100.0, 100.0, 8], [100.0, 100.0, 8], [100.0, 100.0, 1]]","[[100.0, 100.0, 4], [100.0, 100.0, 8], [100.0, 100.0, 8], [100.0, 100.0, 1]]",pass,https://dandiarchive.s3.amazonaws.com/blobs/559/41e/55941ebd-ef47-4d38-80af-0fabd499db6d,642504,1244070169,MB,Isocortex,"[849, 1218, 1163, 855, 842, 857, 856, 840, 834, 844, 854, 1161, 1167, 1162, 862, 843, 846, 1169, 858, 850, 836, 1164, 859, 1160]","[1589, 1206, 344, 1470, 1466, 1534, 65, 424, 391, 340, 1545, 1140, 1505, 1153, 1207, 351, 1462, 368, 1502, 1120, 1475, 1486, 182, 1483]","[""session_time_linear"", ""session_time_quadratic"", ""image_identity:im115_r-1.0"", ""eventual_response_in_window"", ""eventual_response_latency"", ""response_latency_missing""]"
engaged_1,18,8,8,0.31746288379265564,0.3067077576896665,-0.010755126102989121,0.31002299275386036,-0.007439891038795277,-0.0033152350641938444,"[[10.0, 100.0, 1], [100.0, 100.0, 1], [10.0, 100.0, 1], [10.0, 100.0, 1]]","[[10.0, 100.0, 1], [100.0, 100.0, 1], [10.0, 100.0, 1], [10.0, 100.0, 1]]",pass,https://dandiarchive.s3.amazonaws.com/blobs/88d/b29/88db2938-a9e0-491c-8056-f83cc894edf3,642504,1243523806,MB,Isocortex,"[663, 1041, 668, 966, 965, 688, 969, 654]","[1204, 892, 918, 901, 253, 1226, 891, 924]","[""session_time_linear"", ""session_time_quadratic"", ""image_identity:im115_r-1.0"", ""eventual_response_in_window"", ""eventual_response_latency"", ""response_latency_missing""]"
engaged_2,18,8,8,0.06319089149870627,0.12515549066993137,0.0619645991712251,0.0370743691847405,-0.026116522313965773,0.08808112148519087,"[[10.0, 10.0, 1], [100.0, 100.0, 2], [100.0, 10.0, 2], [100.0, 100.0, 2]]","[[10.0, 10.0, 1], [100.0, 100.0, 2], [100.0, 10.0, 2], [100.0, 100.0, 2]]",pass,https://dandiarchive.s3.amazonaws.com/blobs/88d/b29/88db2938-a9e0-491c-8056-f83cc894edf3,642504,1243523806,MB,Isocortex,"[663, 1041, 668, 966, 965, 688, 969, 654]","[1204, 892, 918, 901, 253, 1226, 891, 924]","[""session_time_linear"", ""session_time_quadratic"", ""image_identity:im115_r-1.0"", ""eventual_response_in_window"", ""eventual_response_latency"", ""response_latency_missing""]"
no_reward,18,8,8,0.15461565218237627,0.17640850845555978,0.021792856273183503,0.07794967129132613,-0.07666598089105015,0.09845883716423365,"[[100.0, 10.0, 2], [100.0, 10.0, 2], [10.0, 100.0, 4], [10.0, 1.0, 1]]","[[100.0, 10.0, 2], [100.0, 10.0, 2], [10.0, 100.0, 4], [10.0, 1.0, 1]]",pass,https://dandiarchive.s3.amazonaws.com/blobs/88d/b29/88db2938-a9e0-491c-8056-f83cc894edf3,642504,1243523806,MB,Isocortex,"[663, 1041, 668, 966, 965, 688, 969, 654]","[1204, 892, 918, 901, 253, 1226, 891, 924]","[""session_time_linear"", ""session_time_quadratic"", ""image_identity:im115_r-1.0"", ""eventual_response_in_window"", ""eventual_response_latency"", ""response_latency_missing""]"
engaged_1,17,24,24,0.013144105018216945,0.0005983786763321675,-0.012545726341884778,0.008147583567549521,-0.004996521450667424,-0.007549204891217354,"[[10.0, 10.0, 1], [100.0, 100.0, 8], [100.0, 100.0, 2], [100.0, 100.0, 4]]","[[10.0, 10.0, 1], [100.0, 100.0, 8], [100.0, 100.0, 2], [100.0, 100.0, 4]]",pass,https://dandiarchive.s3.amazonaws.com/blobs/68c/a06/68ca0674-2a8a-4931-8d5b-10a3edfb0cfa,614608,1187475832,MB,STR,"[403, 439, 435, 3, 429, 437, 833, 431, 2, 464, 34, 465, 432, 408, 832, 463, 1, 458, 533, 412, 410, 415, 514, 528]","[1910, 1909, 1907, 1888, 1894, 1896, 1899, 2096, 1895, 1866, 1869, 2095, 2100, 1897, 2093, 1889, 1904, 1867, 1885, 1881, 1878, 2103, 1873, 1898]","[""session_time_linear"", ""session_time_quadratic"", ""image_identity:im115_r-1.0"", ""eventual_response_in_window"", ""eventual_response_latency"", ""response_latency_missing""]"
engaged_2,17,24,24,0.011994092820195701,0.024776718532103614,0.012782625711907913,0.012851636569826907,0.0008575437496312066,0.011925081962276707,"[[100.0, 100.0, 8], [100.0, 100.0, 8], [100.0, 100.0, 8], [100.0, 100.0, 4]]","[[100.0, 100.0, 8], [100.0, 100.0, 8], [100.0, 100.0, 8], [100.0, 100.0, 4]]",pass,https://dandiarchive.s3.amazonaws.com/blobs/68c/a06/68ca0674-2a8a-4931-8d5b-10a3edfb0cfa,614608,1187475832,MB,STR,"[403, 439, 435, 3, 429, 437, 833, 431, 2, 464, 34, 465, 432, 408, 832, 463, 1, 458, 533, 412, 410, 415, 514, 528]","[1910, 1909, 1907, 1888, 1894, 1896, 1899, 2096, 1895, 1866, 1869, 2095, 2100, 1897, 2093, 1889, 1904, 1867, 1885, 1881, 1878, 2103, 1873, 1898]","[""session_time_linear"", ""session_time_quadratic"", ""image_identity:im115_r-1.0"", ""eventual_response_in_window"", ""eventual_response_latency"", ""response_latency_missing""]"
no_reward,17,24,24,0.012246936250926765,0.008228922010236506,-0.00401801424069026,0.018575699021511016,0.006328762770584251,-0.01034677701127451,"[[100.0, 100.0, 8], [100.0, 100.0, 2], [100.0, 100.0, 1], [10.0, 100.0, 1]]","[[100.0, 100.0, 8], [100.0, 100.0, 2], [100.0, 100.0, 1], [10.0, 100.0, 1]]",pass,https://dandiarchive.s3.amazonaws.com/blobs/68c/a06/68ca0674-2a8a-4931-8d5b-10a3edfb0cfa,614608,1187475832,MB,STR,"[403, 439, 435, 3, 429, 437, 833, 431, 2, 464, 34, 465, 432, 408, 832, 463, 1, 458, 533, 412, 410, 415, 514, 528]","[1910, 1909, 1907, 1888, 1894, 1896, 1899, 2096, 1895, 1866, 1869, 2095, 2100, 1897, 2093, 1889, 1904, 1867, 1885, 1881, 1878, 2103, 1873, 1898]","[""session_time_linear"", ""session_time_quadratic"", ""image_identity:im115_r-1.0"", ""eventual_response_in_window"", ""eventual_response_latency"", ""response_latency_missing""]"
engaged_1,24,24,24,0.07064565546904455,0.015671538057530632,-0.05497411741151392,-0.0773350360949645,-0.14798069156400906,0.09300657415249514,"[[100.0, 0.1, 1], [100.0, 100.0, 1], [100.0, 100.0, 8], [100.0, 100.0, 4]]","[[100.0, 0.1, 1], [100.0, 100.0, 1], [100.0, 100.0, 8], [100.0, 100.0, 4]]",pass,https://dandiarchive.s3.amazonaws.com/blobs/fd4/c49/fd4c4964-f02b-456e-af4d-b9407877d0de,614608,1187940755,MB,STR,"[112, 8, 62, 22, 401, 100, 18, 24, 14, 9, 25, 31, 59, 54, 26, 65, 57, 63, 7, 64, 55, 10, 34, 76]","[1311, 1439, 1446, 1412, 1385, 1288, 1356, 1290, 1269, 1371, 1353, 1443, 1306, 1336, 1312, 1313, 1285, 1442, 1373, 1367, 1421, 1417, 1420, 1444]","[""session_time_linear"", ""session_time_quadratic"", ""image_identity:im115_r-1.0"", ""eventual_response_in_window"", ""eventual_response_latency"", ""response_latency_missing""]"
engaged_2,24,24,24,0.02103994971154266,0.01552386523773841,-0.00551608447380425,0.0006470229134095673,-0.020392926798133093,0.014876842324328843,"[[100.0, 100.0, 1], [100.0, 100.0, 2], [100.0, 100.0, 2], [100.0, 100.0, 8]]","[[100.0, 100.0, 1], [100.0, 100.0, 2], [100.0, 100.0, 2], [100.0, 100.0, 8]]",pass,https://dandiarchive.s3.amazonaws.com/blobs/fd4/c49/fd4c4964-f02b-456e-af4d-b9407877d0de,614608,1187940755,MB,STR,"[112, 8, 62, 22, 401, 100, 18, 24, 14, 9, 25, 31, 59, 54, 26, 65, 57, 63, 7, 64, 55, 10, 34, 76]","[1311, 1439, 1446, 1412, 1385, 1288, 1356, 1290, 1269, 1371, 1353, 1443, 1306, 1336, 1312, 1313, 1285, 1442, 1373, 1367, 1421, 1417, 1420, 1444]","[""session_time_linear"", ""session_time_quadratic"", ""image_identity:im115_r-1.0"", ""eventual_response_in_window"", ""eventual_response_latency"", ""response_latency_missing""]"
no_reward,24,24,24,0.07688049488421789,0.06783545286073134,-0.00904504202348655,0.07619017066751055,-0.0006903242167073387,-0.00835471780677921,"[[100.0, 100.0, 1], [100.0, 100.0, 4], [100.0, 100.0, 1], [100.0, 100.0, 2]]","[[100.0, 100.0, 1], [100.0, 100.0, 4], [100.0, 100.0, 1], [100.0, 100.0, 2]]",pass,https://dandiarchive.s3.amazonaws.com/blobs/fd4/c49/fd4c4964-f02b-456e-af4d-b9407877d0de,614608,1187940755,MB,STR,"[112, 8, 62, 22, 401, 100, 18, 24, 14, 9, 25, 31, 59, 54, 26, 65, 57, 63, 7, 64, 55, 10, 34, 76]","[1311, 1439, 1446, 1412, 1385, 1288, 1356, 1290, 1269, 1371, 1353, 1443, 1306, 1336, 1312, 1313, 1285, 1442, 1373, 1367, 1421, 1417, 1420, 1444]","[""session_time_linear"", ""session_time_quadratic"", ""image_identity:im115_r-1.0"", ""eventual_response_in_window"", ""eventual_response_latency"", ""response_latency_missing""]"
engaged_1,17,24,24,0.014799475322884836,-0.0022592989409169206,-0.017058774263801757,0.006057571139469031,-0.008741904183415805,-0.008316870080385952,"[[100.0, 100.0, 8], [100.0, 100.0, 1], [100.0, 100.0, 2], [100.0, 100.0, 1]]","[[100.0, 100.0, 8], [100.0, 100.0, 1], [100.0, 100.0, 2], [100.0, 100.0, 1]]",pass,https://dandiarchive.s3.amazonaws.com/blobs/75d/9d0/75d9d091-e7db-47d1-aac4-d41133e29393,615048,1197725774,MB,STR,"[575, 601, 571, 609, 605, 846, 545, 610, 625, 543, 600, 578, 577, 550, 518, 597, 586, 535, 528, 611, 511, 599, 582, 603]","[79, 78, 82, 95, 151, 92, 168, 143, 88, 87, 103, 173, 108, 138, 135, 81, 129, 137, 169, 109, 84, 458, 165, 86]","[""session_time_linear"", ""session_time_quadratic"", ""image_identity:im115_r-1.0"", ""eventual_response_in_window"", ""eventual_response_latency"", ""response_latency_missing""]"
engaged_2,17,24,24,-0.0114772721930394,-0.014425482964169234,-0.0029482107711298333,-0.019362341428711405,-0.007885069235672004,0.004936858464542171,"[[100.0, 100.0, 2], [100.0, 100.0, 1], [100.0, 100.0, 2], [100.0, 100.0, 1]]","[[100.0, 100.0, 2], [100.0, 100.0, 1], [100.0, 100.0, 2], [100.0, 100.0, 1]]",pass,https://dandiarchive.s3.amazonaws.com/blobs/75d/9d0/75d9d091-e7db-47d1-aac4-d41133e29393,615048,1197725774,MB,STR,"[575, 601, 571, 609, 605, 846, 545, 610, 625, 543, 600, 578, 577, 550, 518, 597, 586, 535, 528, 611, 511, 599, 582, 603]","[79, 78, 82, 95, 151, 92, 168, 143, 88, 87, 103, 173, 108, 138, 135, 81, 129, 137, 169, 109, 84, 458, 165, 86]","[""session_time_linear"", ""session_time_quadratic"", ""image_identity:im115_r-1.0"", ""eventual_response_in_window"", ""eventual_response_latency"", ""response_latency_missing""]"
no_reward,17,24,24,0.012744171434950102,-0.02021930284082063,-0.03296347427577073,-0.011493800049099612,-0.024237971484049714,-0.008725502791721018,"[[100.0, 100.0, 8], [100.0, 0.1, 1], [100.0, 100.0, 1], [100.0, 100.0, 1]]","[[100.0, 100.0, 8], [100.0, 0.1, 1], [100.0, 100.0, 1], [100.0, 100.0, 1]]",pass,https://dandiarchive.s3.amazonaws.com/blobs/75d/9d0/75d9d091-e7db-47d1-aac4-d41133e29393,615048,1197725774,MB,STR,"[575, 601, 571, 609, 605, 846, 545, 610, 625, 543, 600, 578, 577, 550, 518, 597, 586, 535, 528, 611, 511, 599, 582, 603]","[79, 78, 82, 95, 151, 92, 168, 143, 88, 87, 103, 173, 108, 138, 135, 81, 129, 137, 169, 109, 84, 458, 165, 86]","[""session_time_linear"", ""session_time_quadratic"", ""image_identity:im115_r-1.0"", ""eventual_response_in_window"", ""eventual_response_latency"", ""response_latency_missing""]"
engaged_1,18,24,24,0.0105665154360286,0.0012229652236147581,-0.009343550212413843,0.00262005311757052,-0.00794646231845808,-0.0013970878939557618,"[[100.0, 100.0, 1], [100.0, 100.0, 1], [100.0, 100.0, 4], [100.0, 100.0, 8]]","[[100.0, 100.0, 1], [100.0, 100.0, 1], [100.0, 100.0, 4], [100.0, 100.0, 8]]",pass,https://dandiarchive.s3.amazonaws.com/blobs/fe0/9ba/fe09ba54-89e9-4b73-bf95-5127c2ee2ad9,615048,1197514969,MB,STR,"[896, 887, 862, 959, 1168, 871, 856, 904, 927, 892, 830, 934, 906, 881, 805, 945, 931, 851, 910, 963, 888, 923, 849, 848]","[1788, 60, 56, 1829, 44, 1818, 52, 2076, 54, 148, 2093, 127, 2280, 2101, 2071, 2258, 2212, 63, 2086, 1800, 2092, 2055, 1774, 2090]","[""session_time_linear"", ""session_time_quadratic"", ""image_identity:im115_r-1.0"", ""eventual_response_in_window"", ""eventual_response_latency"", ""response_latency_missing""]"
engaged_2,18,24,24,-0.002778364396596844,-0.0180662642230911,-0.015287899826494256,-0.017110194278481705,-0.014331829881884861,-0.0009560699446093945,"[[100.0, 10.0, 1], [100.0, 100.0, 8], [100.0, 100.0, 1], [100.0, 100.0, 8]]","[[100.0, 10.0, 1], [100.0, 100.0, 8], [100.0, 100.0, 1], [100.0, 100.0, 8]]",pass,https://dandiarchive.s3.amazonaws.com/blobs/fe0/9ba/fe09ba54-89e9-4b73-bf95-5127c2ee2ad9,615048,1197514969,MB,STR,"[896, 887, 862, 959, 1168, 871, 856, 904, 927, 892, 830, 934, 906, 881, 805, 945, 931, 851, 910, 963, 888, 923, 849, 848]","[1788, 60, 56, 1829, 44, 1818, 52, 2076, 54, 148, 2093, 127, 2280, 2101, 2071, 2258, 2212, 63, 2086, 1800, 2092, 2055, 1774, 2090]","[""session_time_linear"", ""session_time_quadratic"", ""image_identity:im115_r-1.0"", ""eventual_response_in_window"", ""eventual_response_latency"", ""response_latency_missing""]"
no_reward,18,24,24,-0.0006701297316478172,0.0025568732603369337,0.003227002991984751,-0.002592466199420995,-0.001922336467773178,0.005149339459757929,"[[100.0, 100.0, 4], [100.0, 100.0, 8], [100.0, 100.0, 2], [100.0, 100.0, 2]]","[[100.0, 100.0, 4], [100.0, 100.0, 8], [100.0, 100.0, 2], [100.0, 100.0, 2]]",pass,https://dandiarchive.s3.amazonaws.com/blobs/fe0/9ba/fe09ba54-89e9-4b73-bf95-5127c2ee2ad9,615048,1197514969,MB,STR,"[896, 887, 862, 959, 1168, 871, 856, 904, 927, 892, 830, 934, 906, 881, 805, 945, 931, 851, 910, 963, 888, 923, 849, 848]","[1788, 60, 56, 1829, 44, 1818, 52, 2076, 54, 148, 2093, 127, 2280, 2101, 2071, 2258, 2212, 63, 2086, 1800, 2092, 2055, 1774, 2090]","[""session_time_linear"", ""session_time_quadratic"", ""image_identity:im115_r-1.0"", ""eventual_response_in_window"", ""eventual_response_latency"", ""response_latency_missing""]"
engaged_1,17,24,24,0.05014628876747884,0.0290373326089165,-0.021108956158562342,0.008465292648541345,-0.0416809961189375,0.020572039960375155,"[[100.0, 100.0, 4], [100.0, 100.0, 1], [100.0, 10.0, 2], [100.0, 100.0, 1]]","[[100.0, 100.0, 4], [100.0, 100.0, 1], [100.0, 10.0, 2], [100.0, 100.0, 1]]",pass,https://dandiarchive.s3.amazonaws.com/blobs/635/68b/63568b8b-5957-4045-b90d-d75108909249,615564,1198995158,MB,STR,"[496, 333, 308, 369, 508, 350, 500, 296, 450, 459, 476, 387, 462, 313, 335, 323, 301, 319, 331, 460, 397, 429, 724, 484]","[2225, 2147, 2242, 2241, 2161, 2255, 2208, 2155, 2123, 2125, 2143, 2113, 2215, 2163, 2156, 2555, 2146, 2206, 2131, 2232, 2598, 2137, 2198, 2127]","[""session_time_linear"", ""session_time_quadratic"", ""image_identity:im115_r-1.0"", ""eventual_response_in_window"", ""eventual_response_latency"", ""response_latency_missing""]"
engaged_2,17,24,24,0.07208477094071608,0.07790688159288417,0.005822110652168089,0.0763471458871211,0.004262374946405023,0.0015597357057630656,"[[100.0, 100.0, 4], [100.0, 100.0, 4], [10.0, 100.0, 8], [10.0, 100.0, 8]]","[[100.0, 100.0, 4], [100.0, 100.0, 4], [10.0, 100.0, 8], [10.0, 100.0, 8]]",pass,https://dandiarchive.s3.amazonaws.com/blobs/635/68b/63568b8b-5957-4045-b90d-d75108909249,615564,1198995158,MB,STR,"[496, 333, 308, 369, 508, 350, 500, 296, 450, 459, 476, 387, 462, 313, 335, 323, 301, 319, 331, 460, 397, 429, 724, 484]","[2225, 2147, 2242, 2241, 2161, 2255, 2208, 2155, 2123, 2125, 2143, 2113, 2215, 2163, 2156, 2555, 2146, 2206, 2131, 2232, 2598, 2137, 2198, 2127]","[""session_time_linear"", ""session_time_quadratic"", ""image_identity:im115_r-1.0"", ""eventual_response_in_window"", ""eventual_response_latency"", ""response_latency_missing""]"
no_reward,17,24,24,0.012447829387169262,0.008690783158063375,-0.003757046229105887,0.018857518206207735,0.006409688819038473,-0.01016673504814436,"[[100.0, 100.0, 8], [100.0, 100.0, 8], [100.0, 100.0, 1], [100.0, 100.0, 1]]","[[100.0, 100.0, 8], [100.0, 100.0, 8], [100.0, 100.0, 1], [100.0, 100.0, 1]]",pass,https://dandiarchive.s3.amazonaws.com/blobs/635/68b/63568b8b-5957-4045-b90d-d75108909249,615564,1198995158,MB,STR,"[496, 333, 308, 369, 508, 350, 500, 296, 450, 459, 476, 387, 462, 313, 335, 323, 301, 319, 331, 460, 397, 429, 724, 484]","[2225, 2147, 2242, 2241, 2161, 2255, 2208, 2155, 2123, 2125, 2143, 2113, 2215, 2163, 2156, 2555, 2146, 2206, 2131, 2232, 2598, 2137, 2198, 2127]","[""session_time_linear"", ""session_time_quadratic"", ""image_identity:im115_r-1.0"", ""eventual_response_in_window"", ""eventual_response_latency"", ""response_latency_missing""]"
engaged_1,12,24,24,0.05056841713921367,0.04780717271517221,-0.0027612444240414646,0.05001286142448347,-0.0005555557147302048,-0.00220568870931126,"[[100.0, 100.0, 1], [100.0, 100.0, 4], [100.0, 100.0, 1], [100.0, 100.0, 1]]","[[100.0, 100.0, 1], [100.0, 100.0, 4], [100.0, 100.0, 1], [100.0, 100.0, 1]]",pass,https://dandiarchive.s3.amazonaws.com/blobs/9ae/cb7/9aecb778-a5a0-4554-8b06-3af01005fea5,623319,1209073822,MB,STR,"[712, 639, 833, 684, 647, 628, 681, 661, 624, 665, 611, 693, 619, 797, 616, 642, 677, 644, 781, 673, 718, 705, 840, 606]","[1657, 1783, 1740, 1737, 1743, 1738, 1734, 1648, 1655, 1771, 1730, 1663, 1837, 1839, 2386, 1835, 1736, 2263, 1820, 1816, 1721, 1652, 1662, 1749]","[""session_time_linear"", ""session_time_quadratic"", ""image_identity:im115_r-1.0"", ""eventual_response_in_window"", ""eventual_response_latency"", ""response_latency_missing""]"
engaged_2,12,24,24,0.03401592245167262,0.0425283195847409,0.008512397133068283,0.04523859578955769,0.01122267333788507,-0.002710276204816786,"[[100.0, 10.0, 1], [100.0, 100.0, 2], [100.0, 100.0, 4], [100.0, 100.0, 1]]","[[100.0, 10.0, 1], [100.0, 100.0, 2], [100.0, 100.0, 4], [100.0, 100.0, 1]]",pass,https://dandiarchive.s3.amazonaws.com/blobs/9ae/cb7/9aecb778-a5a0-4554-8b06-3af01005fea5,623319,1209073822,MB,STR,"[712, 639, 833, 684, 647, 628, 681, 661, 624, 665, 611, 693, 619, 797, 616, 642, 677, 644, 781, 673, 718, 705, 840, 606]","[1657, 1783, 1740, 1737, 1743, 1738, 1734, 1648, 1655, 1771, 1730, 1663, 1837, 1839, 2386, 1835, 1736, 2263, 1820, 1816, 1721, 1652, 1662, 1749]","[""session_time_linear"", ""session_time_quadratic"", ""image_identity:im115_r-1.0"", ""eventual_response_in_window"", ""eventual_response_latency"", ""response_latency_missing""]"
no_reward,12,24,24,0.018819204271661616,0.011557058909167028,-0.0072621453624945875,0.012262485666872602,-0.006556718604789014,-0.000705426757705574,"[[100.0, 100.0, 4], [100.0, 100.0, 1], [100.0, 100.0, 2], [100.0, 100.0, 1]]","[[100.0, 100.0, 4], [100.0, 100.0, 1], [100.0, 100.0, 2], [100.0, 100.0, 1]]",pass,https://dandiarchive.s3.amazonaws.com/blobs/9ae/cb7/9aecb778-a5a0-4554-8b06-3af01005fea5,623319,1209073822,MB,STR,"[712, 639, 833, 684, 647, 628, 681, 661, 624, 665, 611, 693, 619, 797, 616, 642, 677, 644, 781, 673, 718, 705, 840, 606]","[1657, 1783, 1740, 1737, 1743, 1738, 1734, 1648, 1655, 1771, 1730, 1663, 1837, 1839, 2386, 1835, 1736, 2263, 1820, 1816, 1721, 1652, 1662, 1749]","[""session_time_linear"", ""session_time_quadratic"", ""image_identity:im115_r-1.0"", ""eventual_response_in_window"", ""eventual_response_latency"", ""response_latency_missing""]"
engaged_1,22,18,18,0.034692641682419256,0.021125363808854547,-0.01356727787356471,0.044282456620927224,0.009589814938507968,-0.023157092812072677,"[[100.0, 100.0, 1], [100.0, 100.0, 4], [100.0, 100.0, 1], [100.0, 100.0, 1]]","[[100.0, 100.0, 1], [100.0, 100.0, 4], [100.0, 100.0, 1], [100.0, 100.0, 1]]",pass,https://dandiarchive.s3.amazonaws.com/blobs/5d9/4f7/5d94f7f7-daa2-4d2d-93a5-1bd2bc02e141,623322,1200471383,MB,STR,"[997, 1009, 1003, 1011, 1010, 990, 989, 987, 984, 1004, 994, 1001, 991, 988, 1018, 986, 1013, 1012]","[1602, 1567, 1571, 1576, 1592, 1599, 1583, 1566, 1587, 1568, 1600, 1596, 1589, 1584, 1594, 1579, 1870, 1593]","[""session_time_linear"", ""session_time_quadratic"", ""image_identity:im115_r-1.0"", ""eventual_response_in_window"", ""eventual_response_latency"", ""response_latency_missing""]"
engaged_2,22,18,18,0.02202732599893964,0.01651859320197535,-0.0055087327969642885,0.031491394192005195,0.009464068193065556,-0.014972800990029844,"[[100.0, 100.0, 1], [100.0, 100.0, 8], [100.0, 100.0, 2], [100.0, 100.0, 8]]","[[100.0, 100.0, 1], [100.0, 100.0, 8], [100.0, 100.0, 2], [100.0, 100.0, 8]]",pass,https://dandiarchive.s3.amazonaws.com/blobs/5d9/4f7/5d94f7f7-daa2-4d2d-93a5-1bd2bc02e141,623322,1200471383,MB,STR,"[997, 1009, 1003, 1011, 1010, 990, 989, 987, 984, 1004, 994, 1001, 991, 988, 1018, 986, 1013, 1012]","[1602, 1567, 1571, 1576, 1592, 1599, 1583, 1566, 1587, 1568, 1600, 1596, 1589, 1584, 1594, 1579, 1870, 1593]","[""session_time_linear"", ""session_time_quadratic"", ""image_identity:im115_r-1.0"", ""eventual_response_in_window"", ""eventual_response_latency"", ""response_latency_missing""]"
no_reward,22,18,18,0.014072331458849674,0.00403120161791759,-0.010041129840932084,-0.0024710988119305277,-0.0165434302707802,0.006502300429848118,"[[100.0, 100.0, 2], [100.0, 100.0, 8], [100.0, 100.0, 8], [100.0, 100.0, 8]]","[[100.0, 100.0, 2], [100.0, 100.0, 8], [100.0, 100.0, 8], [100.0, 100.0, 8]]",pass,https://dandiarchive.s3.amazonaws.com/blobs/5d9/4f7/5d94f7f7-daa2-4d2d-93a5-1bd2bc02e141,623322,1200471383,MB,STR,"[997, 1009, 1003, 1011, 1010, 990, 989, 987, 984, 1004, 994, 1001, 991, 988, 1018, 986, 1013, 1012]","[1602, 1567, 1571, 1576, 1592, 1599, 1583, 1566, 1587, 1568, 1600, 1596, 1589, 1584, 1594, 1579, 1870, 1593]","[""session_time_linear"", ""session_time_quadratic"", ""image_identity:im115_r-1.0"", ""eventual_response_in_window"", ""eventual_response_latency"", ""response_latency_missing""]"
engaged_1,14,24,24,-0.060691095616452584,-0.06765041813347583,-0.0069593225170232476,-0.06959863586566861,-0.008907540249216028,0.0019482177321927807,"[[10.0, 0.1, 1], [100.0, 100.0, 8], [100.0, 100.0, 8], [100.0, 100.0, 4]]","[[10.0, 0.1, 1], [100.0, 100.0, 8], [100.0, 100.0, 8], [100.0, 100.0, 4]]",pass,https://dandiarchive.s3.amazonaws.com/blobs/8bb/124/8bb12481-57e1-4f9d-95f0-c2ec49f2e338,632295,1218795542,MB,STR,"[281, 363, 382, 245, 286, 298, 331, 294, 304, 244, 344, 384, 375, 254, 380, 357, 295, 657, 284, 238, 279, 329, 589, 372]","[1832, 1958, 1847, 1893, 1976, 1895, 1837, 1933, 1890, 1962, 2313, 1924, 1949, 2326, 1922, 1867, 1823, 1839, 1908, 1853, 1909, 1873, 1901, 1868]","[""session_time_linear"", ""session_time_quadratic"", ""image_identity:im115_r-1.0"", ""eventual_response_in_window"", ""eventual_response_latency"", ""response_latency_missing""]"
engaged_2,14,24,24,0.00871482638636889,-0.09402074759502899,-0.10273557398139788,-0.11619612337022844,-0.12491094975659733,0.022175375775199457,"[[100.0, 100.0, 4], [100.0, 0.1, 2], [100.0, 100.0, 1], [100.0, 100.0, 1]]","[[100.0, 100.0, 4], [100.0, 0.1, 2], [100.0, 100.0, 1], [100.0, 100.0, 1]]",pass,https://dandiarchive.s3.amazonaws.com/blobs/8bb/124/8bb12481-57e1-4f9d-95f0-c2ec49f2e338,632295,1218795542,MB,STR,"[281, 363, 382, 245, 286, 298, 331, 294, 304, 244, 344, 384, 375, 254, 380, 357, 295, 657, 284, 238, 279, 329, 589, 372]","[1832, 1958, 1847, 1893, 1976, 1895, 1837, 1933, 1890, 1962, 2313, 1924, 1949, 2326, 1922, 1867, 1823, 1839, 1908, 1853, 1909, 1873, 1901, 1868]","[""session_time_linear"", ""session_time_quadratic"", ""image_identity:im115_r-1.0"", ""eventual_response_in_window"", ""eventual_response_latency"", ""response_latency_missing""]"
no_reward,14,24,24,-0.004546260304658434,-0.003096847476248721,0.001449412828409713,0.010177225934738354,0.014723486239396788,-0.013274073410987075,"[[100.0, 100.0, 4], [100.0, 100.0, 8], [100.0, 100.0, 8], [100.0, 100.0, 4]]","[[100.0, 100.0, 4], [100.0, 100.0, 8], [100.0, 100.0, 8], [100.0, 100.0, 4]]",pass,https://dandiarchive.s3.amazonaws.com/blobs/8bb/124/8bb12481-57e1-4f9d-95f0-c2ec49f2e338,632295,1218795542,MB,STR,"[281, 363, 382, 245, 286, 298, 331, 294, 304, 244, 344, 384, 375, 254, 380, 357, 295, 657, 284, 238, 279, 329, 589, 372]","[1832, 1958, 1847, 1893, 1976, 1895, 1837, 1933, 1890, 1962, 2313, 1924, 1949, 2326, 1922, 1867, 1823, 1839, 1908, 1853, 1909, 1873, 1901, 1868]","[""session_time_linear"", ""session_time_quadratic"", ""image_identity:im115_r-1.0"", ""eventual_response_in_window"", ""eventual_response_latency"", ""response_latency_missing""]"
engaged_1,23,24,24,0.06578080334653935,0.07236683593042625,0.006586032583886903,0.05450612148676315,-0.011274681859776203,0.017860714443663106,"[[10.0, 10.0, 8], [100.0, 100.0, 8], [100.0, 100.0, 4], [100.0, 100.0, 1]]","[[10.0, 10.0, 8], [100.0, 100.0, 8], [100.0, 100.0, 4], [100.0, 100.0, 1]]",pass,https://dandiarchive.s3.amazonaws.com/blobs/584/1b8/5841b844-3102-4b4f-8f2c-e4cd23ec8f45,640887,1234203203,MB,STR,"[837, 1254, 775, 755, 852, 329, 328, 723, 843, 810, 787, 800, 1274, 747, 816, 720, 814, 1260, 808, 297, 336, 874, 789, 886]","[1588, 1569, 1656, 1605, 1770, 1755, 1695, 1709, 1674, 1735, 1785, 1597, 2073, 1734, 1663, 1756, 1732, 1694, 1662, 1728, 1737, 1671, 1608, 1635]","[""session_time_linear"", ""session_time_quadratic"", ""image_identity:im115_r-1.0"", ""eventual_response_in_window"", ""eventual_response_latency"", ""response_latency_missing""]"
engaged_2,23,24,24,0.058351540549076875,0.03198037509687057,-0.026371165452206302,0.05976706736588144,0.0014155268168045687,-0.02778669226901087,"[[100.0, 100.0, 1], [100.0, 10.0, 1], [100.0, 100.0, 2], [100.0, 100.0, 1]]","[[100.0, 100.0, 1], [100.0, 10.0, 1], [100.0, 100.0, 2], [100.0, 100.0, 1]]",pass,https://dandiarchive.s3.amazonaws.com/blobs/584/1b8/5841b844-3102-4b4f-8f2c-e4cd23ec8f45,640887,1234203203,MB,STR,"[837, 1254, 775, 755, 852, 329, 328, 723, 843, 810, 787, 800, 1274, 747, 816, 720, 814, 1260, 808, 297, 336, 874, 789, 886]","[1588, 1569, 1656, 1605, 1770, 1755, 1695, 1709, 1674, 1735, 1785, 1597, 2073, 1734, 1663, 1756, 1732, 1694, 1662, 1728, 1737, 1671, 1608, 1635]","[""session_time_linear"", ""session_time_quadratic"", ""image_identity:im115_r-1.0"", ""eventual_response_in_window"", ""eventual_response_latency"", ""response_latency_missing""]"
no_reward,23,24,24,-0.004317145738151229,0.0016786284854015676,0.005995774223552797,-0.023827091979639947,-0.019509946241488718,0.025505720465041515,"[[100.0, 100.0, 4], [100.0, 100.0, 4], [100.0, 100.0, 4], [100.0, 100.0, 8]]","[[100.0, 100.0, 4], [100.0, 100.0, 4], [100.0, 100.0, 4], [100.0, 100.0, 8]]",pass,https://dandiarchive.s3.amazonaws.com/blobs/584/1b8/5841b844-3102-4b4f-8f2c-e4cd23ec8f45,640887,1234203203,MB,STR,"[837, 1254, 775, 755, 852, 329, 328, 723, 843, 810, 787, 800, 1274, 747, 816, 720, 814, 1260, 808, 297, 336, 874, 789, 886]","[1588, 1569, 1656, 1605, 1770, 1755, 1695, 1709, 1674, 1735, 1785, 1597, 2073, 1734, 1663, 1756, 1732, 1694, 1662, 1728, 1737, 1671, 1608, 1635]","[""session_time_linear"", ""session_time_quadratic"", ""image_identity:im115_r-1.0"", ""eventual_response_in_window"", ""eventual_response_latency"", ""response_latency_missing""]"
engaged_1,27,24,24,0.0803971181318186,0.07329108153842312,-0.007106036593395482,0.053579843687848516,-0.026817274443970085,0.019711237850574603,"[[100.0, 100.0, 2], [100.0, 100.0, 8], [100.0, 100.0, 8], [100.0, 100.0, 1]]","[[100.0, 100.0, 2], [100.0, 100.0, 8], [100.0, 100.0, 8], [100.0, 100.0, 1]]",pass,https://dandiarchive.s3.amazonaws.com/blobs/13d/b29/13db29ff-1454-412d-8680-ecd7a38c6f95,640890,1232430325,MB,STR,"[1279, 1289, 1331, 1315, 1335, 1278, 1330, 1257, 1263, 1308, 1267, 1313, 1261, 1368, 1323, 1286, 1337, 1282, 1285, 1344, 1567, 1277, 1364, 1669]","[3, 2314, 49, 35, 376, 45, 42, 126, 38, 34, 97, 84, 89, 117, 104, 44, 162, 387, 23, 142, 2195, 39, 69, 2269]","[""session_time_linear"", ""session_time_quadratic"", ""image_identity:im115_r-1.0"", ""eventual_response_in_window"", ""eventual_response_latency"", ""response_latency_missing""]"
engaged_2,27,24,24,0.05695772676582378,0.04443342304126041,-0.012524303724563368,0.05002710775207242,-0.00693061901375136,-0.005593684710812008,"[[100.0, 100.0, 2], [100.0, 100.0, 1], [100.0, 100.0, 1], [100.0, 100.0, 1]]","[[100.0, 100.0, 2], [100.0, 100.0, 1], [100.0, 100.0, 1], [100.0, 100.0, 1]]",pass,https://dandiarchive.s3.amazonaws.com/blobs/13d/b29/13db29ff-1454-412d-8680-ecd7a38c6f95,640890,1232430325,MB,STR,"[1279, 1289, 1331, 1315, 1335, 1278, 1330, 1257, 1263, 1308, 1267, 1313, 1261, 1368, 1323, 1286, 1337, 1282, 1285, 1344, 1567, 1277, 1364, 1669]","[3, 2314, 49, 35, 376, 45, 42, 126, 38, 34, 97, 84, 89, 117, 104, 44, 162, 387, 23, 142, 2195, 39, 69, 2269]","[""session_time_linear"", ""session_time_quadratic"", ""image_identity:im115_r-1.0"", ""eventual_response_in_window"", ""eventual_response_latency"", ""response_latency_missing""]"
no_reward,27,24,24,0.003942436755238199,-0.0009886032509345277,-0.004931040006172727,0.00490625459916616,0.000963817843927961,-0.005894857850100688,"[[100.0, 100.0, 1], [100.0, 100.0, 1], [100.0, 100.0, 8], [100.0, 100.0, 2]]","[[100.0, 100.0, 1], [100.0, 100.0, 1], [100.0, 100.0, 8], [100.0, 100.0, 2]]",pass,https://dandiarchive.s3.amazonaws.com/blobs/13d/b29/13db29ff-1454-412d-8680-ecd7a38c6f95,640890,1232430325,MB,STR,"[1279, 1289, 1331, 1315, 1335, 1278, 1330, 1257, 1263, 1308, 1267, 1313, 1261, 1368, 1323, 1286, 1337, 1282, 1285, 1344, 1567, 1277, 1364, 1669]","[3, 2314, 49, 35, 376, 45, 42, 126, 38, 34, 97, 84, 89, 117, 104, 44, 162, 387, 23, 142, 2195, 39, 69, 2269]","[""session_time_linear"", ""session_time_quadratic"", ""image_identity:im115_r-1.0"", ""eventual_response_in_window"", ""eventual_response_latency"", ""response_latency_missing""]"
engaged_1,16,24,24,0.0483927943176774,0.05713977101882661,0.008746976701149212,0.030653429983326097,-0.017739364334351304,0.026486341035500516,"[[100.0, 100.0, 1], [100.0, 100.0, 8], [100.0, 100.0, 8], [100.0, 100.0, 8]]","[[100.0, 100.0, 1], [100.0, 100.0, 8], [100.0, 100.0, 8], [100.0, 100.0, 8]]",pass,https://dandiarchive.s3.amazonaws.com/blobs/559/41e/55941ebd-ef47-4d38-80af-0fabd499db6d,642504,1244070169,MB,STR,"[849, 1218, 1163, 855, 842, 857, 856, 840, 834, 844, 854, 1161, 1167, 1162, 862, 843, 846, 1169, 858, 850, 836, 1164, 859, 1160]","[1287, 1450, 1385, 1365, 1380, 1367, 1393, 1263, 1425, 1285, 1411, 1317, 1413, 1289, 1422, 1388, 1399, 1237, 1636, 1378, 1329, 1410, 1363, 1244]","[""session_time_linear"", ""session_time_quadratic"", ""image_identity:im115_r-1.0"", ""eventual_response_in_window"", ""eventual_response_latency"", ""response_latency_missing""]"
engaged_2,16,24,24,0.07729758570277867,0.05867660189849644,-0.018620983804282232,0.0628894971802213,-0.014408088522557372,-0.00421289528172486,"[[100.0, 100.0, 1], [100.0, 100.0, 1], [100.0, 10.0, 1], [100.0, 100.0, 1]]","[[100.0, 100.0, 1], [100.0, 100.0, 1], [100.0, 10.0, 1], [100.0, 100.0, 1]]",pass,https://dandiarchive.s3.amazonaws.com/blobs/559/41e/55941ebd-ef47-4d38-80af-0fabd499db6d,642504,1244070169,MB,STR,"[849, 1218, 1163, 855, 842, 857, 856, 840, 834, 844, 854, 1161, 1167, 1162, 862, 843, 846, 1169, 858, 850, 836, 1164, 859, 1160]","[1287, 1450, 1385, 1365, 1380, 1367, 1393, 1263, 1425, 1285, 1411, 1317, 1413, 1289, 1422, 1388, 1399, 1237, 1636, 1378, 1329, 1410, 1363, 1244]","[""session_time_linear"", ""session_time_quadratic"", ""image_identity:im115_r-1.0"", ""eventual_response_in_window"", ""eventual_response_latency"", ""response_latency_missing""]"
no_reward,16,24,24,0.05357872244918316,0.054783228397107364,0.001204505947924206,0.045931036761274746,-0.007647685687908412,0.008852191635832618,"[[100.0, 100.0, 1], [100.0, 100.0, 8], [100.0, 100.0, 1], [100.0, 100.0, 2]]","[[100.0, 100.0, 1], [100.0, 100.0, 8], [100.0, 100.0, 1], [100.0, 100.0, 2]]",pass,https://dandiarchive.s3.amazonaws.com/blobs/559/41e/55941ebd-ef47-4d38-80af-0fabd499db6d,642504,1244070169,MB,STR,"[849, 1218, 1163, 855, 842, 857, 856, 840, 834, 844, 854, 1161, 1167, 1162, 862, 843, 846, 1169, 858, 850, 836, 1164, 859, 1160]","[1287, 1450, 1385, 1365, 1380, 1367, 1393, 1263, 1425, 1285, 1411, 1317, 1413, 1289, 1422, 1388, 1399, 1237, 1636, 1378, 1329, 1410, 1363, 1244]","[""session_time_linear"", ""session_time_quadratic"", ""image_identity:im115_r-1.0"", ""eventual_response_in_window"", ""eventual_response_latency"", ""response_latency_missing""]"
engaged_1,18,8,8,-0.08407662657671922,-0.11660325613322575,-0.03252662955650654,-0.0914150302893959,-0.007338403712676689,-0.025188225843829848,"[[100.0, 100.0, 4], [100.0, 100.0, 1], [100.0, 100.0, 2], [10.0, 10.0, 1]]","[[100.0, 100.0, 4], [100.0, 100.0, 1], [100.0, 100.0, 2], [10.0, 10.0, 1]]",pass,https://dandiarchive.s3.amazonaws.com/blobs/88d/b29/88db2938-a9e0-491c-8056-f83cc894edf3,642504,1243523806,MB,STR,"[663, 1041, 668, 966, 965, 688, 969, 654]","[1070, 1109, 1062, 1093, 1116, 1130, 1349, 1140]","[""session_time_linear"", ""session_time_quadratic"", ""image_identity:im115_r-1.0"", ""eventual_response_in_window"", ""eventual_response_latency"", ""response_latency_missing""]"
engaged_2,18,8,8,0.10640618016921177,0.08719903921881489,-0.019207140950396884,0.024190019531535767,-0.082216160637676,0.06300901968727912,"[[100.0, 10.0, 4], [100.0, 100.0, 8], [10.0, 10.0, 4], [10.0, 100.0, 1]]","[[100.0, 10.0, 4], [100.0, 100.0, 8], [10.0, 10.0, 4], [10.0, 100.0, 1]]",pass,https://dandiarchive.s3.amazonaws.com/blobs/88d/b29/88db2938-a9e0-491c-8056-f83cc894edf3,642504,1243523806,MB,STR,"[663, 1041, 668, 966, 965, 688, 969, 654]","[1070, 1109, 1062, 1093, 1116, 1130, 1349, 1140]","[""session_time_linear"", ""session_time_quadratic"", ""image_identity:im115_r-1.0"", ""eventual_response_in_window"", ""eventual_response_latency"", ""response_latency_missing""]"
no_reward,18,8,8,0.06292880819882762,0.049905248986753414,-0.01302355921207421,0.017826859325523636,-0.04510194887330399,0.03207838966122978,"[[100.0, 10.0, 1], [100.0, 10.0, 4], [100.0, 100.0, 4], [10.0, 10.0, 1]]","[[100.0, 10.0, 1], [100.0, 10.0, 4], [100.0, 100.0, 4], [10.0, 10.0, 1]]",pass,https://dandiarchive.s3.amazonaws.com/blobs/88d/b29/88db2938-a9e0-491c-8056-f83cc894edf3,642504,1243523806,MB,STR,"[663, 1041, 668, 966, 965, 688, 969, 654]","[1070, 1109, 1062, 1093, 1116, 1130, 1349, 1140]","[""session_time_linear"", ""session_time_quadratic"", ""image_identity:im115_r-1.0"", ""eventual_response_in_window"", ""eventual_response_latency"", ""response_latency_missing""]"
engaged_1,17,24,24,0.06077443422882112,0.04687476869431462,-0.0138996655345065,0.03286063568385533,-0.027913798544965784,0.014014133010459284,"[[100.0, 10.0, 1], [100.0, 10.0, 1], [100.0, 100.0, 8], [100.0, 100.0, 8]]","[[100.0, 10.0, 1], [100.0, 10.0, 1], [100.0, 100.0, 8], [100.0, 100.0, 8]]",pass,https://dandiarchive.s3.amazonaws.com/blobs/68c/a06/68ca0674-2a8a-4931-8d5b-10a3edfb0cfa,614608,1187475832,MB,TH,"[403, 439, 435, 3, 429, 437, 833, 431, 2, 464, 34, 465, 432, 408, 832, 463, 1, 458, 533, 412, 410, 415, 514, 528]","[1430, 946, 1447, 1432, 1431, 1420, 1450, 1453, 915, 861, 948, 880, 1009, 930, 925, 893, 900, 883, 1394, 877, 919, 889, 954, 931]","[""session_time_linear"", ""session_time_quadratic"", ""image_identity:im115_r-1.0"", ""eventual_response_in_window"", ""eventual_response_latency"", ""response_latency_missing""]"
engaged_2,17,24,24,0.04997385632412976,0.04025553295640105,-0.00971832336772871,0.03445547850216901,-0.01551837782196075,0.00580005445423204,"[[100.0, 100.0, 8], [100.0, 100.0, 8], [100.0, 100.0, 1], [100.0, 100.0, 1]]","[[100.0, 100.0, 8], [100.0, 100.0, 8], [100.0, 100.0, 1], [100.0, 100.0, 1]]",pass,https://dandiarchive.s3.amazonaws.com/blobs/68c/a06/68ca0674-2a8a-4931-8d5b-10a3edfb0cfa,614608,1187475832,MB,TH,"[403, 439, 435, 3, 429, 437, 833, 431, 2, 464, 34, 465, 432, 408, 832, 463, 1, 458, 533, 412, 410, 415, 514, 528]","[1430, 946, 1447, 1432, 1431, 1420, 1450, 1453, 915, 861, 948, 880, 1009, 930, 925, 893, 900, 883, 1394, 877, 919, 889, 954, 931]","[""session_time_linear"", ""session_time_quadratic"", ""image_identity:im115_r-1.0"", ""eventual_response_in_window"", ""eventual_response_latency"", ""response_latency_missing""]"
no_reward,17,24,24,0.02756362233454257,0.01371014175806895,-0.01385348057647362,0.010147567899721932,-0.017416054434820638,0.003562573858347018,"[[100.0, 100.0, 1], [100.0, 100.0, 1], [100.0, 10.0, 2], [100.0, 100.0, 4]]","[[100.0, 100.0, 1], [100.0, 100.0, 1], [100.0, 10.0, 2], [100.0, 100.0, 4]]",pass,https://dandiarchive.s3.amazonaws.com/blobs/68c/a06/68ca0674-2a8a-4931-8d5b-10a3edfb0cfa,614608,1187475832,MB,TH,"[403, 439, 435, 3, 429, 437, 833, 431, 2, 464, 34, 465, 432, 408, 832, 463, 1, 458, 533, 412, 410, 415, 514, 528]","[1430, 946, 1447, 1432, 1431, 1420, 1450, 1453, 915, 861, 948, 880, 1009, 930, 925, 893, 900, 883, 1394, 877, 919, 889, 954, 931]","[""session_time_linear"", ""session_time_quadratic"", ""image_identity:im115_r-1.0"", ""eventual_response_in_window"", ""eventual_response_latency"", ""response_latency_missing""]"
engaged_1,24,24,24,0.07639988982644019,0.07396843546544041,-0.002431454360999785,0.067797090966907,-0.00860279885953319,0.006171344498533404,"[[100.0, 100.0, 1], [100.0, 100.0, 8], [100.0, 100.0, 2], [100.0, 100.0, 4]]","[[100.0, 100.0, 1], [100.0, 100.0, 8], [100.0, 100.0, 2], [100.0, 100.0, 4]]",pass,https://dandiarchive.s3.amazonaws.com/blobs/fd4/c49/fd4c4964-f02b-456e-af4d-b9407877d0de,614608,1187940755,MB,TH,"[112, 8, 62, 22, 401, 100, 18, 24, 14, 9, 25, 31, 59, 54, 26, 65, 57, 63, 7, 64, 55, 10, 34, 76]","[983, 978, 964, 425, 918, 460, 872, 927, 474, 449, 524, 489, 472, 423, 450, 436, 515, 466, 514, 476, 452, 457, 519, 463]","[""session_time_linear"", ""session_time_quadratic"", ""image_identity:im115_r-1.0"", ""eventual_response_in_window"", ""eventual_response_latency"", ""response_latency_missing""]"
engaged_2,24,24,24,0.04807340035933749,0.03783975756657254,-0.010233642792764952,0.04176821275644438,-0.006305187602893114,-0.003928455189871838,"[[100.0, 100.0, 2], [100.0, 100.0, 8], [100.0, 100.0, 1], [100.0, 100.0, 1]]","[[100.0, 100.0, 2], [100.0, 100.0, 8], [100.0, 100.0, 1], [100.0, 100.0, 1]]",pass,https://dandiarchive.s3.amazonaws.com/blobs/fd4/c49/fd4c4964-f02b-456e-af4d-b9407877d0de,614608,1187940755,MB,TH,"[112, 8, 62, 22, 401, 100, 18, 24, 14, 9, 25, 31, 59, 54, 26, 65, 57, 63, 7, 64, 55, 10, 34, 76]","[983, 978, 964, 425, 918, 460, 872, 927, 474, 449, 524, 489, 472, 423, 450, 436, 515, 466, 514, 476, 452, 457, 519, 463]","[""session_time_linear"", ""session_time_quadratic"", ""image_identity:im115_r-1.0"", ""eventual_response_in_window"", ""eventual_response_latency"", ""response_latency_missing""]"
no_reward,24,24,24,0.018881217120588323,0.007460232000080946,-0.011420985120507376,0.024610954948477093,0.00572973782788877,-0.017150722948396147,"[[100.0, 100.0, 1], [100.0, 100.0, 8], [100.0, 100.0, 1], [100.0, 100.0, 2]]","[[100.0, 100.0, 1], [100.0, 100.0, 8], [100.0, 100.0, 1], [100.0, 100.0, 2]]",pass,https://dandiarchive.s3.amazonaws.com/blobs/fd4/c49/fd4c4964-f02b-456e-af4d-b9407877d0de,614608,1187940755,MB,TH,"[112, 8, 62, 22, 401, 100, 18, 24, 14, 9, 25, 31, 59, 54, 26, 65, 57, 63, 7, 64, 55, 10, 34, 76]","[983, 978, 964, 425, 918, 460, 872, 927, 474, 449, 524, 489, 472, 423, 450, 436, 515, 466, 514, 476, 452, 457, 519, 463]","[""session_time_linear"", ""session_time_quadratic"", ""image_identity:im115_r-1.0"", ""eventual_response_in_window"", ""eventual_response_latency"", ""response_latency_missing""]"
engaged_1,17,24,24,0.03544859521676147,0.031282354879911045,-0.004166240336850424,0.04349015602954265,0.008041560812781179,-0.012207801149631603,"[[100.0, 100.0, 2], [100.0, 100.0, 1], [100.0, 100.0, 1], [100.0, 100.0, 1]]","[[100.0, 100.0, 2], [100.0, 100.0, 1], [100.0, 100.0, 1], [100.0, 100.0, 1]]",pass,https://dandiarchive.s3.amazonaws.com/blobs/75d/9d0/75d9d091-e7db-47d1-aac4-d41133e29393,615048,1197725774,MB,TH,"[575, 601, 571, 609, 605, 846, 545, 610, 625, 543, 600, 578, 577, 550, 518, 597, 586, 535, 528, 611, 511, 599, 582, 603]","[1330, 907, 1344, 903, 926, 879, 908, 898, 928, 997, 883, 1274, 884, 1325, 902, 886, 892, 976, 954, 877, 882, 887, 1271, 1329]","[""session_time_linear"", ""session_time_quadratic"", ""image_identity:im115_r-1.0"", ""eventual_response_in_window"", ""eventual_response_latency"", ""response_latency_missing""]"
engaged_2,17,24,24,-0.0022875806526139186,-0.008090390366092493,-0.005802809713478574,-0.009377492705239687,-0.007089912052625769,0.0012871023391471947,"[[100.0, 100.0, 1], [100.0, 100.0, 4], [100.0, 100.0, 1], [100.0, 100.0, 2]]","[[100.0, 100.0, 1], [100.0, 100.0, 4], [100.0, 100.0, 1], [100.0, 100.0, 2]]",pass,https://dandiarchive.s3.amazonaws.com/blobs/75d/9d0/75d9d091-e7db-47d1-aac4-d41133e29393,615048,1197725774,MB,TH,"[575, 601, 571, 609, 605, 846, 545, 610, 625, 543, 600, 578, 577, 550, 518, 597, 586, 535, 528, 611, 511, 599, 582, 603]","[1330, 907, 1344, 903, 926, 879, 908, 898, 928, 997, 883, 1274, 884, 1325, 902, 886, 892, 976, 954, 877, 882, 887, 1271, 1329]","[""session_time_linear"", ""session_time_quadratic"", ""image_identity:im115_r-1.0"", ""eventual_response_in_window"", ""eventual_response_latency"", ""response_latency_missing""]"
no_reward,17,24,24,0.06344076069317928,0.05475751291706632,-0.008683247776112957,0.06661168674190288,0.003170926048723599,-0.011854173824836556,"[[100.0, 100.0, 1], [100.0, 100.0, 8], [100.0, 100.0, 2], [100.0, 100.0, 1]]","[[100.0, 100.0, 1], [100.0, 100.0, 8], [100.0, 100.0, 2], [100.0, 100.0, 1]]",pass,https://dandiarchive.s3.amazonaws.com/blobs/75d/9d0/75d9d091-e7db-47d1-aac4-d41133e29393,615048,1197725774,MB,TH,"[575, 601, 571, 609, 605, 846, 545, 610, 625, 543, 600, 578, 577, 550, 518, 597, 586, 535, 528, 611, 511, 599, 582, 603]","[1330, 907, 1344, 903, 926, 879, 908, 898, 928, 997, 883, 1274, 884, 1325, 902, 886, 892, 976, 954, 877, 882, 887, 1271, 1329]","[""session_time_linear"", ""session_time_quadratic"", ""image_identity:im115_r-1.0"", ""eventual_response_in_window"", ""eventual_response_latency"", ""response_latency_missing""]"
engaged_1,18,24,24,0.00245032675250334,-0.009248455663649846,-0.011698782416153186,0.011805917664572618,0.009355590912069278,-0.021054373328222464,"[[100.0, 100.0, 2], [100.0, 100.0, 2], [100.0, 100.0, 1], [100.0, 100.0, 1]]","[[100.0, 100.0, 2], [100.0, 100.0, 2], [100.0, 100.0, 1], [100.0, 100.0, 1]]",pass,https://dandiarchive.s3.amazonaws.com/blobs/fe0/9ba/fe09ba54-89e9-4b73-bf95-5127c2ee2ad9,615048,1197514969,MB,TH,"[896, 887, 862, 959, 1168, 871, 856, 904, 927, 892, 830, 934, 906, 881, 805, 945, 931, 851, 910, 963, 888, 923, 849, 848]","[1314, 1237, 1274, 1225, 1259, 1254, 1272, 1265, 1227, 1238, 1221, 1266, 1304, 1336, 1342, 1327, 1268, 1285, 1317, 1322, 1312, 1283, 1279, 1255]","[""session_time_linear"", ""session_time_quadratic"", ""image_identity:im115_r-1.0"", ""eventual_response_in_window"", ""eventual_response_latency"", ""response_latency_missing""]"
engaged_2,18,24,24,0.014374565495227531,0.004689471928216893,-0.009685093567010639,0.019576851587364996,0.005202286092137465,-0.014887379659148103,"[[100.0, 100.0, 2], [100.0, 100.0, 1], [100.0, 100.0, 1], [100.0, 100.0, 1]]","[[100.0, 100.0, 2], [100.0, 100.0, 1], [100.0, 100.0, 1], [100.0, 100.0, 1]]",pass,https://dandiarchive.s3.amazonaws.com/blobs/fe0/9ba/fe09ba54-89e9-4b73-bf95-5127c2ee2ad9,615048,1197514969,MB,TH,"[896, 887, 862, 959, 1168, 871, 856, 904, 927, 892, 830, 934, 906, 881, 805, 945, 931, 851, 910, 963, 888, 923, 849, 848]","[1314, 1237, 1274, 1225, 1259, 1254, 1272, 1265, 1227, 1238, 1221, 1266, 1304, 1336, 1342, 1327, 1268, 1285, 1317, 1322, 1312, 1283, 1279, 1255]","[""session_time_linear"", ""session_time_quadratic"", ""image_identity:im115_r-1.0"", ""eventual_response_in_window"", ""eventual_response_latency"", ""response_latency_missing""]"
no_reward,18,24,24,0.025056621703109405,0.017230645359736063,-0.007825976343373342,0.02229340408178815,-0.0027632176213212567,-0.005062758722052085,"[[100.0, 100.0, 2], [100.0, 100.0, 1], [100.0, 100.0, 1], [100.0, 100.0, 8]]","[[100.0, 100.0, 2], [100.0, 100.0, 1], [100.0, 100.0, 1], [100.0, 100.0, 8]]",pass,https://dandiarchive.s3.amazonaws.com/blobs/fe0/9ba/fe09ba54-89e9-4b73-bf95-5127c2ee2ad9,615048,1197514969,MB,TH,"[896, 887, 862, 959, 1168, 871, 856, 904, 927, 892, 830, 934, 906, 881, 805, 945, 931, 851, 910, 963, 888, 923, 849, 848]","[1314, 1237, 1274, 1225, 1259, 1254, 1272, 1265, 1227, 1238, 1221, 1266, 1304, 1336, 1342, 1327, 1268, 1285, 1317, 1322, 1312, 1283, 1279, 1255]","[""session_time_linear"", ""session_time_quadratic"", ""image_identity:im115_r-1.0"", ""eventual_response_in_window"", ""eventual_response_latency"", ""response_latency_missing""]"
engaged_1,17,24,24,0.037793688942212245,0.03259958041748301,-0.005194108524729235,0.026619238660341993,-0.011174450281870252,0.005980341757141017,"[[100.0, 100.0, 4], [100.0, 100.0, 4], [100.0, 100.0, 8], [100.0, 100.0, 1]]","[[100.0, 100.0, 4], [100.0, 100.0, 4], [100.0, 100.0, 8], [100.0, 100.0, 1]]",pass,https://dandiarchive.s3.amazonaws.com/blobs/635/68b/63568b8b-5957-4045-b90d-d75108909249,615564,1198995158,MB,TH,"[496, 333, 308, 369, 508, 350, 500, 296, 450, 459, 476, 387, 462, 313, 335, 323, 301, 319, 331, 460, 397, 429, 724, 484]","[66, 1527, 1180, 1183, 15, 2099, 1220, 1237, 22, 1238, 2, 1213, 7, 1282, 1247, 1267, 1271, 1279, 1229, 16, 40, 14, 1273, 1307]","[""session_time_linear"", ""session_time_quadratic"", ""image_identity:im115_r-1.0"", ""eventual_response_in_window"", ""eventual_response_latency"", ""response_latency_missing""]"
engaged_2,17,24,24,0.02776453912363186,0.028066116522684426,0.0003015773990525661,0.033861923292537344,0.006097384168905484,-0.005795806769852918,"[[100.0, 100.0, 8], [100.0, 10.0, 1], [100.0, 100.0, 2], [100.0, 100.0, 8]]","[[100.0, 100.0, 8], [100.0, 10.0, 1], [100.0, 100.0, 2], [100.0, 100.0, 8]]",pass,https://dandiarchive.s3.amazonaws.com/blobs/635/68b/63568b8b-5957-4045-b90d-d75108909249,615564,1198995158,MB,TH,"[496, 333, 308, 369, 508, 350, 500, 296, 450, 459, 476, 387, 462, 313, 335, 323, 301, 319, 331, 460, 397, 429, 724, 484]","[66, 1527, 1180, 1183, 15, 2099, 1220, 1237, 22, 1238, 2, 1213, 7, 1282, 1247, 1267, 1271, 1279, 1229, 16, 40, 14, 1273, 1307]","[""session_time_linear"", ""session_time_quadratic"", ""image_identity:im115_r-1.0"", ""eventual_response_in_window"", ""eventual_response_latency"", ""response_latency_missing""]"
no_reward,17,24,24,0.05919296257003814,0.0520016709433605,-0.007191291626677643,0.057041852900086565,-0.0021511096699515786,-0.005040181956726064,"[[100.0, 100.0, 1], [100.0, 100.0, 2], [100.0, 100.0, 2], [100.0, 100.0, 1]]","[[100.0, 100.0, 1], [100.0, 100.0, 2], [100.0, 100.0, 2], [100.0, 100.0, 1]]",pass,https://dandiarchive.s3.amazonaws.com/blobs/635/68b/63568b8b-5957-4045-b90d-d75108909249,615564,1198995158,MB,TH,"[496, 333, 308, 369, 508, 350, 500, 296, 450, 459, 476, 387, 462, 313, 335, 323, 301, 319, 331, 460, 397, 429, 724, 484]","[66, 1527, 1180, 1183, 15, 2099, 1220, 1237, 22, 1238, 2, 1213, 7, 1282, 1247, 1267, 1271, 1279, 1229, 16, 40, 14, 1273, 1307]","[""session_time_linear"", ""session_time_quadratic"", ""image_identity:im115_r-1.0"", ""eventual_response_in_window"", ""eventual_response_latency"", ""response_latency_missing""]"
engaged_1,12,24,24,0.04031396894343153,0.026684646396119338,-0.013629322547312195,0.0370330774102785,-0.0032808915331530297,-0.010348431014159165,"[[100.0, 100.0, 1], [100.0, 100.0, 1], [100.0, 100.0, 1], [100.0, 100.0, 4]]","[[100.0, 100.0, 1], [100.0, 100.0, 1], [100.0, 100.0, 1], [100.0, 100.0, 4]]",pass,https://dandiarchive.s3.amazonaws.com/blobs/9ae/cb7/9aecb778-a5a0-4554-8b06-3af01005fea5,623319,1209073822,MB,TH,"[712, 639, 833, 684, 647, 628, 681, 661, 624, 665, 611, 693, 619, 797, 616, 642, 677, 644, 781, 673, 718, 705, 840, 606]","[266, 239, 1314, 236, 235, 1174, 1187, 1330, 1304, 238, 1317, 285, 1229, 556, 1248, 1213, 1035, 1327, 293, 1116, 1221, 289, 1606, 286]","[""session_time_linear"", ""session_time_quadratic"", ""image_identity:im115_r-1.0"", ""eventual_response_in_window"", ""eventual_response_latency"", ""response_latency_missing""]"
engaged_2,12,24,24,0.037747744625130863,-0.005506790056105437,-0.0432545346812363,0.034477782514878874,-0.0032699621102519894,-0.03998457257098431,"[[100.0, 100.0, 8], [100.0, 100.0, 4], [100.0, 0.1, 1], [100.0, 100.0, 1]]","[[100.0, 100.0, 8], [100.0, 100.0, 4], [100.0, 0.1, 1], [100.0, 100.0, 1]]",pass,https://dandiarchive.s3.amazonaws.com/blobs/9ae/cb7/9aecb778-a5a0-4554-8b06-3af01005fea5,623319,1209073822,MB,TH,"[712, 639, 833, 684, 647, 628, 681, 661, 624, 665, 611, 693, 619, 797, 616, 642, 677, 644, 781, 673, 718, 705, 840, 606]","[266, 239, 1314, 236, 235, 1174, 1187, 1330, 1304, 238, 1317, 285, 1229, 556, 1248, 1213, 1035, 1327, 293, 1116, 1221, 289, 1606, 286]","[""session_time_linear"", ""session_time_quadratic"", ""image_identity:im115_r-1.0"", ""eventual_response_in_window"", ""eventual_response_latency"", ""response_latency_missing""]"
no_reward,12,24,24,0.01879353419476404,0.02357550465154601,0.00478197045678197,0.02499368234556998,0.00620014815080594,-0.0014181776940239699,"[[100.0, 100.0, 4], [100.0, 100.0, 1], [100.0, 100.0, 8], [100.0, 100.0, 4]]","[[100.0, 100.0, 4], [100.0, 100.0, 1], [100.0, 100.0, 8], [100.0, 100.0, 4]]",pass,https://dandiarchive.s3.amazonaws.com/blobs/9ae/cb7/9aecb778-a5a0-4554-8b06-3af01005fea5,623319,1209073822,MB,TH,"[712, 639, 833, 684, 647, 628, 681, 661, 624, 665, 611, 693, 619, 797, 616, 642, 677, 644, 781, 673, 718, 705, 840, 606]","[266, 239, 1314, 236, 235, 1174, 1187, 1330, 1304, 238, 1317, 285, 1229, 556, 1248, 1213, 1035, 1327, 293, 1116, 1221, 289, 1606, 286]","[""session_time_linear"", ""session_time_quadratic"", ""image_identity:im115_r-1.0"", ""eventual_response_in_window"", ""eventual_response_latency"", ""response_latency_missing""]"
engaged_1,22,18,18,0.054479936202700974,0.04491668703413809,-0.009563249168562882,0.053940285442912184,-0.0005396507597887901,-0.009023598408774092,"[[100.0, 100.0, 1], [100.0, 100.0, 1], [100.0, 100.0, 1], [100.0, 100.0, 2]]","[[100.0, 100.0, 1], [100.0, 100.0, 1], [100.0, 100.0, 1], [100.0, 100.0, 2]]",pass,https://dandiarchive.s3.amazonaws.com/blobs/5d9/4f7/5d94f7f7-daa2-4d2d-93a5-1bd2bc02e141,623322,1200471383,MB,TH,"[997, 1009, 1003, 1011, 1010, 990, 989, 987, 984, 1004, 994, 1001, 991, 988, 1018, 986, 1013, 1012]","[192, 1031, 206, 199, 233, 219, 1026, 194, 187, 201, 1021, 531, 588, 216, 203, 503, 1020, 458]","[""session_time_linear"", ""session_time_quadratic"", ""image_identity:im115_r-1.0"", ""eventual_response_in_window"", ""eventual_response_latency"", ""response_latency_missing""]"
engaged_2,22,18,18,0.08577949696909182,-0.017838868196077717,-0.10361836516516953,0.011975387503993296,-0.07380410946509852,-0.029814255700071013,"[[100.0, 100.0, 1], [100.0, 100.0, 1], [100.0, 100.0, 1], [100.0, 1.0, 1]]","[[100.0, 100.0, 1], [100.0, 100.0, 1], [100.0, 100.0, 1], [100.0, 1.0, 1]]",pass,https://dandiarchive.s3.amazonaws.com/blobs/5d9/4f7/5d94f7f7-daa2-4d2d-93a5-1bd2bc02e141,623322,1200471383,MB,TH,"[997, 1009, 1003, 1011, 1010, 990, 989, 987, 984, 1004, 994, 1001, 991, 988, 1018, 986, 1013, 1012]","[192, 1031, 206, 199, 233, 219, 1026, 194, 187, 201, 1021, 531, 588, 216, 203, 503, 1020, 458]","[""session_time_linear"", ""session_time_quadratic"", ""image_identity:im115_r-1.0"", ""eventual_response_in_window"", ""eventual_response_latency"", ""response_latency_missing""]"
no_reward,22,18,18,0.03696034293268502,0.02169520427954086,-0.015265138653144161,0.03741104200729195,0.0004506990746069306,-0.015715837727751092,"[[100.0, 100.0, 8], [100.0, 100.0, 8], [100.0, 100.0, 1], [100.0, 100.0, 2]]","[[100.0, 100.0, 8], [100.0, 100.0, 8], [100.0, 100.0, 1], [100.0, 100.0, 2]]",pass,https://dandiarchive.s3.amazonaws.com/blobs/5d9/4f7/5d94f7f7-daa2-4d2d-93a5-1bd2bc02e141,623322,1200471383,MB,TH,"[997, 1009, 1003, 1011, 1010, 990, 989, 987, 984, 1004, 994, 1001, 991, 988, 1018, 986, 1013, 1012]","[192, 1031, 206, 199, 233, 219, 1026, 194, 187, 201, 1021, 531, 588, 216, 203, 503, 1020, 458]","[""session_time_linear"", ""session_time_quadratic"", ""image_identity:im115_r-1.0"", ""eventual_response_in_window"", ""eventual_response_latency"", ""response_latency_missing""]"
engaged_1,21,24,24,0.06887727732899673,0.06691979870836606,-0.0019574786206306705,0.06572164896285859,-0.0031556283661381412,0.0011981497455074708,"[[100.0, 100.0, 1], [100.0, 100.0, 1], [100.0, 100.0, 1], [100.0, 100.0, 1]]","[[100.0, 100.0, 1], [100.0, 100.0, 1], [100.0, 100.0, 1], [100.0, 100.0, 1]]",pass,https://dandiarchive.s3.amazonaws.com/blobs/4bd/cd2/4bdcd217-633c-4841-a9b1-208c117f5ea3,626279,1214217748,MB,TH,"[254, 285, 270, 401, 281, 260, 314, 393, 278, 411, 297, 280, 330, 301, 403, 226, 372, 407, 566, 568, 287, 380, 328, 352]","[2007, 2001, 1995, 1943, 1958, 1991, 1982, 1947, 1933, 1978, 1961, 1935, 1996, 1226, 1979, 1168, 1202, 645, 1949, 1, 0, 1192, 2158, 2005]","[""session_time_linear"", ""session_time_quadratic"", ""image_identity:im115_r-1.0"", ""eventual_response_in_window"", ""eventual_response_latency"", ""response_latency_missing""]"
engaged_2,21,24,24,0.04215670937438376,0.03257982346678823,-0.009576885907595534,0.037370216398702194,-0.004786492975681567,-0.004790392931913967,"[[100.0, 100.0, 1], [100.0, 100.0, 1], [100.0, 100.0, 8], [100.0, 100.0, 8]]","[[100.0, 100.0, 1], [100.0, 100.0, 1], [100.0, 100.0, 8], [100.0, 100.0, 8]]",pass,https://dandiarchive.s3.amazonaws.com/blobs/4bd/cd2/4bdcd217-633c-4841-a9b1-208c117f5ea3,626279,1214217748,MB,TH,"[254, 285, 270, 401, 281, 260, 314, 393, 278, 411, 297, 280, 330, 301, 403, 226, 372, 407, 566, 568, 287, 380, 328, 352]","[2007, 2001, 1995, 1943, 1958, 1991, 1982, 1947, 1933, 1978, 1961, 1935, 1996, 1226, 1979, 1168, 1202, 645, 1949, 1, 0, 1192, 2158, 2005]","[""session_time_linear"", ""session_time_quadratic"", ""image_identity:im115_r-1.0"", ""eventual_response_in_window"", ""eventual_response_latency"", ""response_latency_missing""]"
no_reward,21,24,24,-0.024265706170976342,-0.030088311854892025,-0.0058226056839156826,-0.03775790970342907,-0.013492203532452729,0.007669597848537046,"[[100.0, 100.0, 1], [100.0, 10.0, 1], [100.0, 100.0, 8], [100.0, 100.0, 1]]","[[100.0, 100.0, 1], [100.0, 10.0, 1], [100.0, 100.0, 8], [100.0, 100.0, 1]]",pass,https://dandiarchive.s3.amazonaws.com/blobs/4bd/cd2/4bdcd217-633c-4841-a9b1-208c117f5ea3,626279,1214217748,MB,TH,"[254, 285, 270, 401, 281, 260, 314, 393, 278, 411, 297, 280, 330, 301, 403, 226, 372, 407, 566, 568, 287, 380, 328, 352]","[2007, 2001, 1995, 1943, 1958, 1991, 1982, 1947, 1933, 1978, 1961, 1935, 1996, 1226, 1979, 1168, 1202, 645, 1949, 1, 0, 1192, 2158, 2005]","[""session_time_linear"", ""session_time_quadratic"", ""image_identity:im115_r-1.0"", ""eventual_response_in_window"", ""eventual_response_latency"", ""response_latency_missing""]"
engaged_1,14,24,24,0.020095492078299748,-0.010558831609194685,-0.030654323687494434,-0.05590947054178641,-0.07600496262008616,0.045350638932591725,"[[100.0, 100.0, 1], [100.0, 10.0, 8], [100.0, 100.0, 8], [100.0, 100.0, 2]]","[[100.0, 100.0, 1], [100.0, 10.0, 8], [100.0, 100.0, 8], [100.0, 100.0, 2]]",pass,https://dandiarchive.s3.amazonaws.com/blobs/8bb/124/8bb12481-57e1-4f9d-95f0-c2ec49f2e338,632295,1218795542,MB,TH,"[281, 363, 382, 245, 286, 298, 331, 294, 304, 244, 344, 384, 375, 254, 380, 357, 295, 657, 284, 238, 279, 329, 589, 372]","[1264, 1344, 1304, 1332, 1319, 1368, 1302, 1751, 1262, 1373, 874, 1350, 1294, 1289, 1274, 1307, 1297, 1366, 1410, 1286, 1293, 1295, 1787, 1280]","[""session_time_linear"", ""session_time_quadratic"", ""image_identity:im115_r-1.0"", ""eventual_response_in_window"", ""eventual_response_latency"", ""response_latency_missing""]"
engaged_2,14,24,24,0.010768641573008497,0.00009253697272060268,-0.010676104600287895,0.005689082387128841,-0.005079559185879656,-0.005596545414408238,"[[100.0, 100.0, 8], [100.0, 100.0, 8], [100.0, 10.0, 8], [100.0, 100.0, 8]]","[[100.0, 100.0, 8], [100.0, 100.0, 8], [100.0, 10.0, 8], [100.0, 100.0, 8]]",pass,https://dandiarchive.s3.amazonaws.com/blobs/8bb/124/8bb12481-57e1-4f9d-95f0-c2ec49f2e338,632295,1218795542,MB,TH,"[281, 363, 382, 245, 286, 298, 331, 294, 304, 244, 344, 384, 375, 254, 380, 357, 295, 657, 284, 238, 279, 329, 589, 372]","[1264, 1344, 1304, 1332, 1319, 1368, 1302, 1751, 1262, 1373, 874, 1350, 1294, 1289, 1274, 1307, 1297, 1366, 1410, 1286, 1293, 1295, 1787, 1280]","[""session_time_linear"", ""session_time_quadratic"", ""image_identity:im115_r-1.0"", ""eventual_response_in_window"", ""eventual_response_latency"", ""response_latency_missing""]"
no_reward,14,24,24,0.008786125622380347,0.008614445443563268,-0.00017168017881707964,-0.003681078331462251,-0.012467203953842598,0.012295523775025519,"[[100.0, 100.0, 1], [100.0, 100.0, 4], [100.0, 100.0, 2], [100.0, 100.0, 4]]","[[100.0, 100.0, 1], [100.0, 100.0, 4], [100.0, 100.0, 2], [100.0, 100.0, 4]]",pass,https://dandiarchive.s3.amazonaws.com/blobs/8bb/124/8bb12481-57e1-4f9d-95f0-c2ec49f2e338,632295,1218795542,MB,TH,"[281, 363, 382, 245, 286, 298, 331, 294, 304, 244, 344, 384, 375, 254, 380, 357, 295, 657, 284, 238, 279, 329, 589, 372]","[1264, 1344, 1304, 1332, 1319, 1368, 1302, 1751, 1262, 1373, 874, 1350, 1294, 1289, 1274, 1307, 1297, 1366, 1410, 1286, 1293, 1295, 1787, 1280]","[""session_time_linear"", ""session_time_quadratic"", ""image_identity:im115_r-1.0"", ""eventual_response_in_window"", ""eventual_response_latency"", ""response_latency_missing""]"
engaged_1,23,24,24,0.04065113449594915,0.028603388189127443,-0.012047746306821705,0.038490687609395335,-0.002160446886553813,-0.009887299420267892,"[[100.0, 100.0, 1], [100.0, 100.0, 1], [100.0, 100.0, 1], [100.0, 100.0, 1]]","[[100.0, 100.0, 1], [100.0, 100.0, 1], [100.0, 100.0, 1], [100.0, 100.0, 1]]",pass,https://dandiarchive.s3.amazonaws.com/blobs/584/1b8/5841b844-3102-4b4f-8f2c-e4cd23ec8f45,640887,1234203203,MB,TH,"[837, 1254, 775, 755, 852, 329, 328, 723, 843, 810, 787, 800, 1274, 747, 816, 720, 814, 1260, 808, 297, 336, 874, 789, 886]","[1297, 7, 1279, 2, 5, 1314, 1321, 1298, 1308, 1310, 1323, 1550, 1332, 1317, 1307, 1303, 1324, 1549, 1319, 4, 1328, 1333, 1545, 1313]","[""session_time_linear"", ""session_time_quadratic"", ""image_identity:im115_r-1.0"", ""eventual_response_in_window"", ""eventual_response_latency"", ""response_latency_missing""]"
engaged_2,23,24,24,0.03900866977735706,0.03167836112050937,-0.007330308656847695,0.027801486041629686,-0.011207183735727377,0.0038768750788796824,"[[100.0, 100.0, 8], [100.0, 100.0, 1], [100.0, 100.0, 1], [100.0, 100.0, 2]]","[[100.0, 100.0, 8], [100.0, 100.0, 1], [100.0, 100.0, 1], [100.0, 100.0, 2]]",pass,https://dandiarchive.s3.amazonaws.com/blobs/584/1b8/5841b844-3102-4b4f-8f2c-e4cd23ec8f45,640887,1234203203,MB,TH,"[837, 1254, 775, 755, 852, 329, 328, 723, 843, 810, 787, 800, 1274, 747, 816, 720, 814, 1260, 808, 297, 336, 874, 789, 886]","[1297, 7, 1279, 2, 5, 1314, 1321, 1298, 1308, 1310, 1323, 1550, 1332, 1317, 1307, 1303, 1324, 1549, 1319, 4, 1328, 1333, 1545, 1313]","[""session_time_linear"", ""session_time_quadratic"", ""image_identity:im115_r-1.0"", ""eventual_response_in_window"", ""eventual_response_latency"", ""response_latency_missing""]"
no_reward,23,24,24,0.02094424615856294,0.019489664044197164,-0.0014545821143657767,0.02492682662468504,0.003982580466122099,-0.005437162580487875,"[[100.0, 100.0, 1], [100.0, 100.0, 4], [100.0, 100.0, 1], [100.0, 100.0, 8]]","[[100.0, 100.0, 1], [100.0, 100.0, 4], [100.0, 100.0, 1], [100.0, 100.0, 8]]",pass,https://dandiarchive.s3.amazonaws.com/blobs/584/1b8/5841b844-3102-4b4f-8f2c-e4cd23ec8f45,640887,1234203203,MB,TH,"[837, 1254, 775, 755, 852, 329, 328, 723, 843, 810, 787, 800, 1274, 747, 816, 720, 814, 1260, 808, 297, 336, 874, 789, 886]","[1297, 7, 1279, 2, 5, 1314, 1321, 1298, 1308, 1310, 1323, 1550, 1332, 1317, 1307, 1303, 1324, 1549, 1319, 4, 1328, 1333, 1545, 1313]","[""session_time_linear"", ""session_time_quadratic"", ""image_identity:im115_r-1.0"", ""eventual_response_in_window"", ""eventual_response_latency"", ""response_latency_missing""]"
engaged_1,27,24,24,-0.013444639212222276,-0.03842864490491338,-0.024984005692691102,-0.011994434079922067,0.0014502051323002085,-0.02643421082499131,"[[100.0, 100.0, 8], [100.0, 100.0, 1], [100.0, 100.0, 1], [100.0, 100.0, 2]]","[[100.0, 100.0, 8], [100.0, 100.0, 1], [100.0, 100.0, 1], [100.0, 100.0, 2]]",pass,https://dandiarchive.s3.amazonaws.com/blobs/13d/b29/13db29ff-1454-412d-8680-ecd7a38c6f95,640890,1232430325,MB,TH,"[1279, 1289, 1331, 1315, 1335, 1278, 1330, 1257, 1263, 1308, 1267, 1313, 1261, 1368, 1323, 1286, 1337, 1282, 1285, 1344, 1567, 1277, 1364, 1669]","[1670, 498, 478, 493, 592, 1715, 1718, 806, 812, 918, 491, 522, 492, 1772, 545, 470, 466, 538, 523, 882, 531, 1880, 590, 464]","[""session_time_linear"", ""session_time_quadratic"", ""image_identity:im115_r-1.0"", ""eventual_response_in_window"", ""eventual_response_latency"", ""response_latency_missing""]"
engaged_2,27,24,24,0.038219850774040554,0.02646641590923915,-0.011753434864801404,0.028792012235987263,-0.00942783853805329,-0.002325596326748114,"[[100.0, 100.0, 1], [100.0, 100.0, 8], [100.0, 100.0, 1], [100.0, 100.0, 4]]","[[100.0, 100.0, 1], [100.0, 100.0, 8], [100.0, 100.0, 1], [100.0, 100.0, 4]]",pass,https://dandiarchive.s3.amazonaws.com/blobs/13d/b29/13db29ff-1454-412d-8680-ecd7a38c6f95,640890,1232430325,MB,TH,"[1279, 1289, 1331, 1315, 1335, 1278, 1330, 1257, 1263, 1308, 1267, 1313, 1261, 1368, 1323, 1286, 1337, 1282, 1285, 1344, 1567, 1277, 1364, 1669]","[1670, 498, 478, 493, 592, 1715, 1718, 806, 812, 918, 491, 522, 492, 1772, 545, 470, 466, 538, 523, 882, 531, 1880, 590, 464]","[""session_time_linear"", ""session_time_quadratic"", ""image_identity:im115_r-1.0"", ""eventual_response_in_window"", ""eventual_response_latency"", ""response_latency_missing""]"
no_reward,27,24,24,0.06199399275424411,0.0574935554730025,-0.004500437281241609,0.06755434027432794,0.00556034752008383,-0.01006078480132544,"[[100.0, 100.0, 1], [100.0, 100.0, 1], [100.0, 100.0, 1], [100.0, 100.0, 4]]","[[100.0, 100.0, 1], [100.0, 100.0, 1], [100.0, 100.0, 1], [100.0, 100.0, 4]]",pass,https://dandiarchive.s3.amazonaws.com/blobs/13d/b29/13db29ff-1454-412d-8680-ecd7a38c6f95,640890,1232430325,MB,TH,"[1279, 1289, 1331, 1315, 1335, 1278, 1330, 1257, 1263, 1308, 1267, 1313, 1261, 1368, 1323, 1286, 1337, 1282, 1285, 1344, 1567, 1277, 1364, 1669]","[1670, 498, 478, 493, 592, 1715, 1718, 806, 812, 918, 491, 522, 492, 1772, 545, 470, 466, 538, 523, 882, 531, 1880, 590, 464]","[""session_time_linear"", ""session_time_quadratic"", ""image_identity:im115_r-1.0"", ""eventual_response_in_window"", ""eventual_response_latency"", ""response_latency_missing""]"
engaged_1,16,24,24,0.012973615040639652,-0.007340994799412526,-0.020314609840052178,0.004520398829815031,-0.008453216210824621,-0.011861393629227557,"[[100.0, 10.0, 1], [100.0, 100.0, 1], [100.0, 100.0, 1], [100.0, 100.0, 2]]","[[100.0, 10.0, 1], [100.0, 100.0, 1], [100.0, 100.0, 1], [100.0, 100.0, 2]]",pass,https://dandiarchive.s3.amazonaws.com/blobs/559/41e/55941ebd-ef47-4d38-80af-0fabd499db6d,642504,1244070169,MB,TH,"[849, 1218, 1163, 855, 842, 857, 856, 840, 834, 844, 854, 1161, 1167, 1162, 862, 843, 846, 1169, 858, 850, 836, 1164, 859, 1160]","[1034, 921, 901, 1003, 954, 961, 891, 947, 1177, 955, 931, 887, 477, 980, 599, 520, 1188, 506, 527, 979, 1029, 989, 485, 973]","[""session_time_linear"", ""session_time_quadratic"", ""image_identity:im115_r-1.0"", ""eventual_response_in_window"", ""eventual_response_latency"", ""response_latency_missing""]"
engaged_2,16,24,24,0.03507836992846369,-0.03941175818518716,-0.07449012811365086,-0.014001581255698614,-0.04907995118416231,-0.025410176929488548,"[[100.0, 100.0, 1], [100.0, 10.0, 1], [100.0, 10.0, 8], [100.0, 100.0, 8]]","[[100.0, 100.0, 1], [100.0, 10.0, 1], [100.0, 10.0, 8], [100.0, 100.0, 8]]",pass,https://dandiarchive.s3.amazonaws.com/blobs/559/41e/55941ebd-ef47-4d38-80af-0fabd499db6d,642504,1244070169,MB,TH,"[849, 1218, 1163, 855, 842, 857, 856, 840, 834, 844, 854, 1161, 1167, 1162, 862, 843, 846, 1169, 858, 850, 836, 1164, 859, 1160]","[1034, 921, 901, 1003, 954, 961, 891, 947, 1177, 955, 931, 887, 477, 980, 599, 520, 1188, 506, 527, 979, 1029, 989, 485, 973]","[""session_time_linear"", ""session_time_quadratic"", ""image_identity:im115_r-1.0"", ""eventual_response_in_window"", ""eventual_response_latency"", ""response_latency_missing""]"
no_reward,16,24,24,0.08736865754699619,0.07114757101037128,-0.016221086536624907,0.09776162597568605,0.010392968428689864,-0.02661405496531477,"[[100.0, 100.0, 4], [100.0, 100.0, 1], [10.0, 100.0, 8], [10.0, 10.0, 1]]","[[100.0, 100.0, 4], [100.0, 100.0, 1], [10.0, 100.0, 8], [10.0, 10.0, 1]]",pass,https://dandiarchive.s3.amazonaws.com/blobs/559/41e/55941ebd-ef47-4d38-80af-0fabd499db6d,642504,1244070169,MB,TH,"[849, 1218, 1163, 855, 842, 857, 856, 840, 834, 844, 854, 1161, 1167, 1162, 862, 843, 846, 1169, 858, 850, 836, 1164, 859, 1160]","[1034, 921, 901, 1003, 954, 961, 891, 947, 1177, 955, 931, 887, 477, 980, 599, 520, 1188, 506, 527, 979, 1029, 989, 485, 973]","[""session_time_linear"", ""session_time_quadratic"", ""image_identity:im115_r-1.0"", ""eventual_response_in_window"", ""eventual_response_latency"", ""response_latency_missing""]"
engaged_1,18,8,8,0.027002000381756486,0.00623655727774175,-0.020765443104014736,0.026419085486599547,-0.0005829148951569385,-0.020182528208857797,"[[100.0, 100.0, 2], [100.0, 100.0, 1], [100.0, 100.0, 1], [100.0, 100.0, 1]]","[[100.0, 100.0, 2], [100.0, 100.0, 1], [100.0, 100.0, 1], [100.0, 100.0, 1]]",pass,https://dandiarchive.s3.amazonaws.com/blobs/88d/b29/88db2938-a9e0-491c-8056-f83cc894edf3,642504,1243523806,MB,TH,"[663, 1041, 668, 966, 965, 688, 969, 654]","[707, 713, 681, 354, 394, 708, 373, 355]","[""session_time_linear"", ""session_time_quadratic"", ""image_identity:im115_r-1.0"", ""eventual_response_in_window"", ""eventual_response_latency"", ""response_latency_missing""]"
engaged_2,18,8,8,-0.005794953213355214,-0.014365861156096837,-0.008570907942741623,-0.04275915093998384,-0.03696419772662862,0.028393289783887,"[[100.0, 100.0, 8], [100.0, 100.0, 1], [100.0, 100.0, 1], [100.0, 10.0, 1]]","[[100.0, 100.0, 8], [100.0, 100.0, 1], [100.0, 100.0, 1], [100.0, 10.0, 1]]",pass,https://dandiarchive.s3.amazonaws.com/blobs/88d/b29/88db2938-a9e0-491c-8056-f83cc894edf3,642504,1243523806,MB,TH,"[663, 1041, 668, 966, 965, 688, 969, 654]","[707, 713, 681, 354, 394, 708, 373, 355]","[""session_time_linear"", ""session_time_quadratic"", ""image_identity:im115_r-1.0"", ""eventual_response_in_window"", ""eventual_response_latency"", ""response_latency_missing""]"
no_reward,18,8,8,0.08845551045622257,0.07612097725745248,-0.012334533198770092,0.0971812567982614,0.00872574634203882,-0.021060279540808913,"[[100.0, 100.0, 1], [100.0, 100.0, 2], [10.0, 100.0, 2], [10.0, 100.0, 8]]","[[100.0, 100.0, 1], [100.0, 100.0, 2], [10.0, 100.0, 2], [10.0, 100.0, 8]]",pass,https://dandiarchive.s3.amazonaws.com/blobs/88d/b29/88db2938-a9e0-491c-8056-f83cc894edf3,642504,1243523806,MB,TH,"[663, 1041, 668, 966, 965, 688, 969, 654]","[707, 713, 681, 354, 394, 708, 373, 355]","[""session_time_linear"", ""session_time_quadratic"", ""image_identity:im115_r-1.0"", ""eventual_response_in_window"", ""eventual_response_latency"", ""response_latency_missing""]"
engaged_1,15,24,24,0.006026686206742071,-0.01450885951072034,-0.02053554571746241,0.002880966697461629,-0.0031457195092804424,-0.01738982620818197,"[[100.0, 100.0, 1], [100.0, 100.0, 1], [100.0, 100.0, 1], [100.0, 100.0, 1]]","[[100.0, 100.0, 1], [100.0, 100.0, 1], [100.0, 100.0, 1], [100.0, 100.0, 1]]",pass,https://dandiarchive.s3.amazonaws.com/blobs/c78/ef5/c78ef53f-16de-4f5e-8235-afe87a226203,614547,1181731440,STR,HPF,"[41, 25, 142, 137, 49, 357, 94, 44, 43, 22, 57, 23, 26, 85, 127, 46, 124, 27, 366, 126, 53, 108, 50, 377]","[554, 582, 534, 788, 559, 1393, 562, 596, 1382, 859, 1328, 869, 884, 849, 542, 1357, 1387, 806, 874, 1298, 543, 1392, 817, 573]","[""session_time_linear"", ""session_time_quadratic"", ""image_identity:im115_r-1.0"", ""eventual_response_in_window"", ""eventual_response_latency"", ""response_latency_missing""]"
engaged_2,15,24,24,0.09405156924043223,0.06991340347754815,-0.02413816576288408,0.07289605647742348,-0.021155512763008755,-0.0029826529998753237,"[[100.0, 100.0, 8], [100.0, 10.0, 1], [100.0, 100.0, 4], [100.0, 100.0, 4]]","[[100.0, 100.0, 8], [100.0, 10.0, 1], [100.0, 100.0, 4], [100.0, 100.0, 4]]",pass,https://dandiarchive.s3.amazonaws.com/blobs/c78/ef5/c78ef53f-16de-4f5e-8235-afe87a226203,614547,1181731440,STR,HPF,"[41, 25, 142, 137, 49, 357, 94, 44, 43, 22, 57, 23, 26, 85, 127, 46, 124, 27, 366, 126, 53, 108, 50, 377]","[554, 582, 534, 788, 559, 1393, 562, 596, 1382, 859, 1328, 869, 884, 849, 542, 1357, 1387, 806, 874, 1298, 543, 1392, 817, 573]","[""session_time_linear"", ""session_time_quadratic"", ""image_identity:im115_r-1.0"", ""eventual_response_in_window"", ""eventual_response_latency"", ""response_latency_missing""]"
no_reward,15,24,24,-0.000668582754325131,0.0024450194849914286,0.0031136022393165597,-0.013719118415333798,-0.013050535661008666,0.016164137900325226,"[[100.0, 100.0, 2], [100.0, 100.0, 1], [100.0, 100.0, 2], [100.0, 10.0, 1]]","[[100.0, 100.0, 2], [100.0, 100.0, 1], [100.0, 100.0, 2], [100.0, 10.0, 1]]",pass,https://dandiarchive.s3.amazonaws.com/blobs/c78/ef5/c78ef53f-16de-4f5e-8235-afe87a226203,614547,1181731440,STR,HPF,"[41, 25, 142, 137, 49, 357, 94, 44, 43, 22, 57, 23, 26, 85, 127, 46, 124, 27, 366, 126, 53, 108, 50, 377]","[554, 582, 534, 788, 559, 1393, 562, 596, 1382, 859, 1328, 869, 884, 849, 542, 1357, 1387, 806, 874, 1298, 543, 1392, 817, 573]","[""session_time_linear"", ""session_time_quadratic"", ""image_identity:im115_r-1.0"", ""eventual_response_in_window"", ""eventual_response_latency"", ""response_latency_missing""]"
engaged_1,17,24,24,-0.004517238240618893,-0.015282337387351186,-0.010765099146732293,-0.01859150443111801,-0.014074266190499118,0.0033091670437668252,"[[100.0, 100.0, 2], [100.0, 100.0, 1], [100.0, 100.0, 1], [100.0, 100.0, 4]]","[[100.0, 100.0, 2], [100.0, 100.0, 1], [100.0, 100.0, 1], [100.0, 100.0, 4]]",pass,https://dandiarchive.s3.amazonaws.com/blobs/68c/a06/68ca0674-2a8a-4931-8d5b-10a3edfb0cfa,614608,1187475832,STR,HPF,"[1910, 1909, 1907, 1888, 1894, 1896, 1899, 2096, 1895, 1866, 1869, 2095, 2100, 1897, 2093, 1889, 1904, 1867, 1885, 1881, 1878, 2103, 1873, 1898]","[1061, 129, 1540, 122, 1539, 1180, 1056, 1052, 1129, 1548, 1186, 1175, 1193, 1166, 1063, 1137, 1150, 1552, 1205, 1163, 130, 1197, 1162, 1554]","[""session_time_linear"", ""session_time_quadratic"", ""image_identity:im115_r-1.0"", ""eventual_response_in_window"", ""eventual_response_latency"", ""response_latency_missing""]"
engaged_2,17,24,24,0.025553104333199794,0.019607450555306327,-0.005945653777893467,0.02151403820677611,-0.004039066126423685,-0.0019065876514697822,"[[100.0, 100.0, 1], [100.0, 100.0, 8], [100.0, 100.0, 8], [100.0, 100.0, 2]]","[[100.0, 100.0, 1], [100.0, 100.0, 8], [100.0, 100.0, 8], [100.0, 100.0, 2]]",pass,https://dandiarchive.s3.amazonaws.com/blobs/68c/a06/68ca0674-2a8a-4931-8d5b-10a3edfb0cfa,614608,1187475832,STR,HPF,"[1910, 1909, 1907, 1888, 1894, 1896, 1899, 2096, 1895, 1866, 1869, 2095, 2100, 1897, 2093, 1889, 1904, 1867, 1885, 1881, 1878, 2103, 1873, 1898]","[1061, 129, 1540, 122, 1539, 1180, 1056, 1052, 1129, 1548, 1186, 1175, 1193, 1166, 1063, 1137, 1150, 1552, 1205, 1163, 130, 1197, 1162, 1554]","[""session_time_linear"", ""session_time_quadratic"", ""image_identity:im115_r-1.0"", ""eventual_response_in_window"", ""eventual_response_latency"", ""response_latency_missing""]"
no_reward,17,24,24,-0.01317917896212717,-0.02686443917746928,-0.01368526021534211,-0.01827527023876674,-0.005096091276639569,-0.00858916893870254,"[[100.0, 100.0, 1], [100.0, 10.0, 1], [100.0, 100.0, 1], [100.0, 100.0, 1]]","[[100.0, 100.0, 1], [100.0, 10.0, 1], [100.0, 100.0, 1], [100.0, 100.0, 1]]",pass,https://dandiarchive.s3.amazonaws.com/blobs/68c/a06/68ca0674-2a8a-4931-8d5b-10a3edfb0cfa,614608,1187475832,STR,HPF,"[1910, 1909, 1907, 1888, 1894, 1896, 1899, 2096, 1895, 1866, 1869, 2095, 2100, 1897, 2093, 1889, 1904, 1867, 1885, 1881, 1878, 2103, 1873, 1898]","[1061, 129, 1540, 122, 1539, 1180, 1056, 1052, 1129, 1548, 1186, 1175, 1193, 1166, 1063, 1137, 1150, 1552, 1205, 1163, 130, 1197, 1162, 1554]","[""session_time_linear"", ""session_time_quadratic"", ""image_identity:im115_r-1.0"", ""eventual_response_in_window"", ""eventual_response_latency"", ""response_latency_missing""]"
engaged_1,24,24,24,0.0029231172129084992,-0.00046092876424630447,-0.0033840459771548037,-0.0014241337854337122,-0.004347250998342211,0.0009632050211874077,"[[100.0, 100.0, 8], [100.0, 100.0, 1], [100.0, 10.0, 1], [100.0, 100.0, 8]]","[[100.0, 100.0, 8], [100.0, 100.0, 1], [100.0, 10.0, 1], [100.0, 100.0, 8]]",pass,https://dandiarchive.s3.amazonaws.com/blobs/fd4/c49/fd4c4964-f02b-456e-af4d-b9407877d0de,614608,1187940755,STR,HPF,"[1311, 1439, 1446, 1412, 1385, 1288, 1356, 1290, 1269, 1371, 1353, 1443, 1306, 1336, 1312, 1313, 1285, 1442, 1373, 1367, 1421, 1417, 1420, 1444]","[670, 637, 564, 1024, 619, 1026, 610, 608, 580, 594, 1050, 669, 600, 609, 1055, 549, 581, 555, 1018, 1061, 1077, 634, 1066, 611]","[""session_time_linear"", ""session_time_quadratic"", ""image_identity:im115_r-1.0"", ""eventual_response_in_window"", ""eventual_response_latency"", ""response_latency_missing""]"
engaged_2,24,24,24,0.018230889942262074,0.011939142061364483,-0.006291747880897591,0.014463021084719752,-0.0037678688575423225,-0.002523879023355269,"[[100.0, 100.0, 2], [100.0, 100.0, 2], [100.0, 100.0, 4], [100.0, 100.0, 1]]","[[100.0, 100.0, 2], [100.0, 100.0, 2], [100.0, 100.0, 4], [100.0, 100.0, 1]]",pass,https://dandiarchive.s3.amazonaws.com/blobs/fd4/c49/fd4c4964-f02b-456e-af4d-b9407877d0de,614608,1187940755,STR,HPF,"[1311, 1439, 1446, 1412, 1385, 1288, 1356, 1290, 1269, 1371, 1353, 1443, 1306, 1336, 1312, 1313, 1285, 1442, 1373, 1367, 1421, 1417, 1420, 1444]","[670, 637, 564, 1024, 619, 1026, 610, 608, 580, 594, 1050, 669, 600, 609, 1055, 549, 581, 555, 1018, 1061, 1077, 634, 1066, 611]","[""session_time_linear"", ""session_time_quadratic"", ""image_identity:im115_r-1.0"", ""eventual_response_in_window"", ""eventual_response_latency"", ""response_latency_missing""]"
no_reward,24,24,24,0.04452941051213566,0.02220159880352368,-0.022327811708611978,0.01645829254996478,-0.028071117962170877,0.0057433062535589,"[[100.0, 100.0, 1], [100.0, 10.0, 1], [100.0, 100.0, 2], [100.0, 100.0, 1]]","[[100.0, 100.0, 1], [100.0, 10.0, 1], [100.0, 100.0, 2], [100.0, 100.0, 1]]",pass,https://dandiarchive.s3.amazonaws.com/blobs/fd4/c49/fd4c4964-f02b-456e-af4d-b9407877d0de,614608,1187940755,STR,HPF,"[1311, 1439, 1446, 1412, 1385, 1288, 1356, 1290, 1269, 1371, 1353, 1443, 1306, 1336, 1312, 1313, 1285, 1442, 1373, 1367, 1421, 1417, 1420, 1444]","[670, 637, 564, 1024, 619, 1026, 610, 608, 580, 594, 1050, 669, 600, 609, 1055, 549, 581, 555, 1018, 1061, 1077, 634, 1066, 611]","[""session_time_linear"", ""session_time_quadratic"", ""image_identity:im115_r-1.0"", ""eventual_response_in_window"", ""eventual_response_latency"", ""response_latency_missing""]"
engaged_1,17,24,24,-0.004095791384859826,-0.015586492802950103,-0.011490701418090277,-0.05789275337877409,-0.05379696199391426,0.042306260575823984,"[[100.0, 100.0, 8], [100.0, 10.0, 4], [100.0, 100.0, 1], [100.0, 100.0, 8]]","[[100.0, 100.0, 8], [100.0, 10.0, 4], [100.0, 100.0, 1], [100.0, 100.0, 8]]",pass,https://dandiarchive.s3.amazonaws.com/blobs/75d/9d0/75d9d091-e7db-47d1-aac4-d41133e29393,615048,1197725774,STR,HPF,"[79, 78, 82, 95, 151, 92, 168, 143, 88, 87, 103, 173, 108, 138, 135, 81, 129, 137, 169, 109, 84, 458, 165, 86]","[1127, 1128, 1121, 1826, 710, 678, 699, 1118, 1795, 680, 1428, 1099, 673, 674, 1429, 1483, 1453, 1048, 1485, 1077, 701, 656, 668, 647]","[""session_time_linear"", ""session_time_quadratic"", ""image_identity:im115_r-1.0"", ""eventual_response_in_window"", ""eventual_response_latency"", ""response_latency_missing""]"
engaged_2,17,24,24,0.026169686404028725,0.021839286233284128,-0.004330400170744597,0.0056175518236828426,-0.020552134580345882,0.016221734409601285,"[[100.0, 10.0, 1], [100.0, 100.0, 1], [100.0, 10.0, 1], [100.0, 100.0, 1]]","[[100.0, 10.0, 1], [100.0, 100.0, 1], [100.0, 10.0, 1], [100.0, 100.0, 1]]",pass,https://dandiarchive.s3.amazonaws.com/blobs/75d/9d0/75d9d091-e7db-47d1-aac4-d41133e29393,615048,1197725774,STR,HPF,"[79, 78, 82, 95, 151, 92, 168, 143, 88, 87, 103, 173, 108, 138, 135, 81, 129, 137, 169, 109, 84, 458, 165, 86]","[1127, 1128, 1121, 1826, 710, 678, 699, 1118, 1795, 680, 1428, 1099, 673, 674, 1429, 1483, 1453, 1048, 1485, 1077, 701, 656, 668, 647]","[""session_time_linear"", ""session_time_quadratic"", ""image_identity:im115_r-1.0"", ""eventual_response_in_window"", ""eventual_response_latency"", ""response_latency_missing""]"
no_reward,17,24,24,-0.004315315407433129,-0.020786329606440335,-0.016471014199007206,-0.018813435098525177,-0.014498119691092048,-0.001972894507915157,"[[100.0, 1.0, 1], [100.0, 100.0, 2], [100.0, 100.0, 8], [100.0, 100.0, 1]]","[[100.0, 1.0, 1], [100.0, 100.0, 2], [100.0, 100.0, 8], [100.0, 100.0, 1]]",pass,https://dandiarchive.s3.amazonaws.com/blobs/75d/9d0/75d9d091-e7db-47d1-aac4-d41133e29393,615048,1197725774,STR,HPF,"[79, 78, 82, 95, 151, 92, 168, 143, 88, 87, 103, 173, 108, 138, 135, 81, 129, 137, 169, 109, 84, 458, 165, 86]","[1127, 1128, 1121, 1826, 710, 678, 699, 1118, 1795, 680, 1428, 1099, 673, 674, 1429, 1483, 1453, 1048, 1485, 1077, 701, 656, 668, 647]","[""session_time_linear"", ""session_time_quadratic"", ""image_identity:im115_r-1.0"", ""eventual_response_in_window"", ""eventual_response_latency"", ""response_latency_missing""]"
engaged_1,18,24,24,-0.0007060277769106449,-0.010652305137431872,-0.009946277360521227,-0.018169339967359033,-0.017463312190448388,0.0075170348299271605,"[[100.0, 100.0, 8], [100.0, 100.0, 8], [100.0, 100.0, 2], [100.0, 10.0, 1]]","[[100.0, 100.0, 8], [100.0, 100.0, 8], [100.0, 100.0, 2], [100.0, 10.0, 1]]",pass,https://dandiarchive.s3.amazonaws.com/blobs/fe0/9ba/fe09ba54-89e9-4b73-bf95-5127c2ee2ad9,615048,1197514969,STR,HPF,"[1788, 60, 56, 1829, 44, 1818, 52, 2076, 54, 148, 2093, 127, 2280, 2101, 2071, 2258, 2212, 63, 2086, 1800, 2092, 2055, 1774, 2090]","[1432, 576, 567, 1532, 1429, 1393, 614, 580, 554, 597, 1366, 1410, 1457, 632, 1427, 1481, 1501, 574, 774, 1426, 1434, 606, 1356, 1513]","[""session_time_linear"", ""session_time_quadratic"", ""image_identity:im115_r-1.0"", ""eventual_response_in_window"", ""eventual_response_latency"", ""response_latency_missing""]"
engaged_2,18,24,24,0.06275015841535259,0.05657448809331089,-0.006175670322041693,0.058317104478421866,-0.00443305393693072,-0.0017426163851109733,"[[100.0, 100.0, 1], [100.0, 100.0, 8], [100.0, 100.0, 1], [100.0, 100.0, 2]]","[[100.0, 100.0, 1], [100.0, 100.0, 8], [100.0, 100.0, 1], [100.0, 100.0, 2]]",pass,https://dandiarchive.s3.amazonaws.com/blobs/fe0/9ba/fe09ba54-89e9-4b73-bf95-5127c2ee2ad9,615048,1197514969,STR,HPF,"[1788, 60, 56, 1829, 44, 1818, 52, 2076, 54, 148, 2093, 127, 2280, 2101, 2071, 2258, 2212, 63, 2086, 1800, 2092, 2055, 1774, 2090]","[1432, 576, 567, 1532, 1429, 1393, 614, 580, 554, 597, 1366, 1410, 1457, 632, 1427, 1481, 1501, 574, 774, 1426, 1434, 606, 1356, 1513]","[""session_time_linear"", ""session_time_quadratic"", ""image_identity:im115_r-1.0"", ""eventual_response_in_window"", ""eventual_response_latency"", ""response_latency_missing""]"
no_reward,18,24,24,0.09688357696862071,0.012174967922748081,-0.08470860904587263,0.05105401888910832,-0.04582955807951239,-0.03887905096636024,"[[100.0, 100.0, 1], [100.0, 100.0, 8], [100.0, 100.0, 1], [100.0, 10.0, 2]]","[[100.0, 100.0, 1], [100.0, 100.0, 8], [100.0, 100.0, 1], [100.0, 10.0, 2]]",pass,https://dandiarchive.s3.amazonaws.com/blobs/fe0/9ba/fe09ba54-89e9-4b73-bf95-5127c2ee2ad9,615048,1197514969,STR,HPF,"[1788, 60, 56, 1829, 44, 1818, 52, 2076, 54, 148, 2093, 127, 2280, 2101, 2071, 2258, 2212, 63, 2086, 1800, 2092, 2055, 1774, 2090]","[1432, 576, 567, 1532, 1429, 1393, 614, 580, 554, 597, 1366, 1410, 1457, 632, 1427, 1481, 1501, 574, 774, 1426, 1434, 606, 1356, 1513]","[""session_time_linear"", ""session_time_quadratic"", ""image_identity:im115_r-1.0"", ""eventual_response_in_window"", ""eventual_response_latency"", ""response_latency_missing""]"
engaged_1,16,24,24,0.030524570939346796,0.013149013249974972,-0.017375557689371823,0.024918669174931796,-0.005605901764415,-0.011769655924956823,"[[100.0, 100.0, 1], [100.0, 100.0, 1], [100.0, 100.0, 8], [100.0, 100.0, 1]]","[[100.0, 100.0, 1], [100.0, 100.0, 1], [100.0, 100.0, 8], [100.0, 100.0, 1]]",pass,https://dandiarchive.s3.amazonaws.com/blobs/3ae/b2f/3aeb2f0d-c1c1-4b50-964b-61caffa07ee9,615564,1198796984,STR,HPF,"[1495, 1482, 1453, 1507, 1494, 1449, 1504, 1506, 1500, 1503, 1476, 1479, 1465, 1462, 1739, 1478, 1466, 9, 6, 1480, 1464, 1460, 1496, 1489]","[1157, 1154, 378, 1113, 1117, 798, 1061, 799, 316, 1184, 767, 1176, 337, 365, 377, 787, 783, 322, 1151, 1162, 1436, 1183, 373, 1178]","[""session_time_linear"", ""session_time_quadratic"", ""image_identity:im115_r-1.0"", ""eventual_response_in_window"", ""eventual_response_latency"", ""response_latency_missing""]"
engaged_2,16,24,24,0.019167970937557843,0.023312121218211357,0.0041441502806535135,0.019752115803988723,0.0005841448664308801,0.0035600054142226334,"[[100.0, 100.0, 4], [100.0, 100.0, 4], [100.0, 100.0, 2], [100.0, 100.0, 8]]","[[100.0, 100.0, 4], [100.0, 100.0, 4], [100.0, 100.0, 2], [100.0, 100.0, 8]]",pass,https://dandiarchive.s3.amazonaws.com/blobs/3ae/b2f/3aeb2f0d-c1c1-4b50-964b-61caffa07ee9,615564,1198796984,STR,HPF,"[1495, 1482, 1453, 1507, 1494, 1449, 1504, 1506, 1500, 1503, 1476, 1479, 1465, 1462, 1739, 1478, 1466, 9, 6, 1480, 1464, 1460, 1496, 1489]","[1157, 1154, 378, 1113, 1117, 798, 1061, 799, 316, 1184, 767, 1176, 337, 365, 377, 787, 783, 322, 1151, 1162, 1436, 1183, 373, 1178]","[""session_time_linear"", ""session_time_quadratic"", ""image_identity:im115_r-1.0"", ""eventual_response_in_window"", ""eventual_response_latency"", ""response_latency_missing""]"
no_reward,16,24,24,-0.017223523073641056,-0.03693977484253064,-0.01971625176888958,-0.026833932064975086,-0.00961040899133403,-0.010105842777555551,"[[100.0, 100.0, 1], [100.0, 10.0, 1], [100.0, 100.0, 8], [100.0, 100.0, 8]]","[[100.0, 100.0, 1], [100.0, 10.0, 1], [100.0, 100.0, 8], [100.0, 100.0, 8]]",pass,https://dandiarchive.s3.amazonaws.com/blobs/3ae/b2f/3aeb2f0d-c1c1-4b50-964b-61caffa07ee9,615564,1198796984,STR,HPF,"[1495, 1482, 1453, 1507, 1494, 1449, 1504, 1506, 1500, 1503, 1476, 1479, 1465, 1462, 1739, 1478, 1466, 9, 6, 1480, 1464, 1460, 1496, 1489]","[1157, 1154, 378, 1113, 1117, 798, 1061, 799, 316, 1184, 767, 1176, 337, 365, 377, 787, 783, 322, 1151, 1162, 1436, 1183, 373, 1178]","[""session_time_linear"", ""session_time_quadratic"", ""image_identity:im115_r-1.0"", ""eventual_response_in_window"", ""eventual_response_latency"", ""response_latency_missing""]"
engaged_1,17,24,24,-0.006229366013332127,-0.009285386736386902,-0.0030560207230547753,-0.02432094254915107,-0.018091576535818943,0.015035555812764168,"[[100.0, 100.0, 8], [100.0, 100.0, 8], [100.0, 100.0, 4], [100.0, 100.0, 1]]","[[100.0, 100.0, 8], [100.0, 100.0, 8], [100.0, 100.0, 4], [100.0, 100.0, 1]]",pass,https://dandiarchive.s3.amazonaws.com/blobs/635/68b/63568b8b-5957-4045-b90d-d75108909249,615564,1198995158,STR,HPF,"[2225, 2147, 2242, 2241, 2161, 2255, 2208, 2155, 2123, 2125, 2143, 2113, 2215, 2163, 2156, 2555, 2146, 2206, 2131, 2232, 2598, 2137, 2198, 2127]","[611, 551, 1682, 1598, 1697, 609, 1659, 1744, 1736, 1720, 555, 544, 1651, 1644, 1649, 605, 597, 1641, 1657, 1660, 607, 547, 1375, 1645]","[""session_time_linear"", ""session_time_quadratic"", ""image_identity:im115_r-1.0"", ""eventual_response_in_window"", ""eventual_response_latency"", ""response_latency_missing""]"
engaged_2,17,24,24,0.03834057312659689,0.023496066361179402,-0.014844506765417487,0.013826969049908766,-0.024513604076688122,0.009669097311270636,"[[100.0, 100.0, 8], [100.0, 100.0, 1], [100.0, 10.0, 1], [100.0, 100.0, 1]]","[[100.0, 100.0, 8], [100.0, 100.0, 1], [100.0, 10.0, 1], [100.0, 100.0, 1]]",pass,https://dandiarchive.s3.amazonaws.com/blobs/635/68b/63568b8b-5957-4045-b90d-d75108909249,615564,1198995158,STR,HPF,"[2225, 2147, 2242, 2241, 2161, 2255, 2208, 2155, 2123, 2125, 2143, 2113, 2215, 2163, 2156, 2555, 2146, 2206, 2131, 2232, 2598, 2137, 2198, 2127]","[611, 551, 1682, 1598, 1697, 609, 1659, 1744, 1736, 1720, 555, 544, 1651, 1644, 1649, 605, 597, 1641, 1657, 1660, 607, 547, 1375, 1645]","[""session_time_linear"", ""session_time_quadratic"", ""image_identity:im115_r-1.0"", ""eventual_response_in_window"", ""eventual_response_latency"", ""response_latency_missing""]"
no_reward,17,24,24,0.03046515219434409,0.026998011450582116,-0.003467140743761976,0.031305001025500045,0.0008398488311559538,-0.00430698957491793,"[[100.0, 100.0, 2], [100.0, 100.0, 2], [100.0, 100.0, 1], [100.0, 100.0, 1]]","[[100.0, 100.0, 2], [100.0, 100.0, 2], [100.0, 100.0, 1], [100.0, 100.0, 1]]",pass,https://dandiarchive.s3.amazonaws.com/blobs/635/68b/63568b8b-5957-4045-b90d-d75108909249,615564,1198995158,STR,HPF,"[2225, 2147, 2242, 2241, 2161, 2255, 2208, 2155, 2123, 2125, 2143, 2113, 2215, 2163, 2156, 2555, 2146, 2206, 2131, 2232, 2598, 2137, 2198, 2127]","[611, 551, 1682, 1598, 1697, 609, 1659, 1744, 1736, 1720, 555, 544, 1651, 1644, 1649, 605, 597, 1641, 1657, 1660, 607, 547, 1375, 1645]","[""session_time_linear"", ""session_time_quadratic"", ""image_identity:im115_r-1.0"", ""eventual_response_in_window"", ""eventual_response_latency"", ""response_latency_missing""]"
engaged_1,12,24,24,0.06508148259266366,-0.030861114630831077,-0.09594259722349474,0.06584524326945074,0.000763760676787073,-0.09670635790028181,"[[100.0, 100.0, 8], [100.0, 100.0, 1], [100.0, 0.1, 1], [100.0, 100.0, 1]]","[[100.0, 100.0, 8], [100.0, 100.0, 1], [100.0, 0.1, 1], [100.0, 100.0, 1]]",pass,https://dandiarchive.s3.amazonaws.com/blobs/9ae/cb7/9aecb778-a5a0-4554-8b06-3af01005fea5,623319,1209073822,STR,HPF,"[1657, 1783, 1740, 1737, 1743, 1738, 1734, 1648, 1655, 1771, 1730, 1663, 1837, 1839, 2386, 1835, 1736, 2263, 1820, 1816, 1721, 1652, 1662, 1749]","[328, 1373, 325, 1361, 322, 1420, 362, 356, 388, 1410, 1346, 1376, 1411, 1369, 372, 376, 1343, 1395, 338, 354, 308, 307, 303, 1393]","[""session_time_linear"", ""session_time_quadratic"", ""image_identity:im115_r-1.0"", ""eventual_response_in_window"", ""eventual_response_latency"", ""response_latency_missing""]"
engaged_2,12,24,24,-0.019994329089299434,-0.018088254182901276,0.0019060749063981586,-0.02215568004155699,-0.002161350952257557,0.0040674258586557155,"[[100.0, 100.0, 4], [100.0, 100.0, 1], [100.0, 100.0, 1], [100.0, 100.0, 8]]","[[100.0, 100.0, 4], [100.0, 100.0, 1], [100.0, 100.0, 1], [100.0, 100.0, 8]]",pass,https://dandiarchive.s3.amazonaws.com/blobs/9ae/cb7/9aecb778-a5a0-4554-8b06-3af01005fea5,623319,1209073822,STR,HPF,"[1657, 1783, 1740, 1737, 1743, 1738, 1734, 1648, 1655, 1771, 1730, 1663, 1837, 1839, 2386, 1835, 1736, 2263, 1820, 1816, 1721, 1652, 1662, 1749]","[328, 1373, 325, 1361, 322, 1420, 362, 356, 388, 1410, 1346, 1376, 1411, 1369, 372, 376, 1343, 1395, 338, 354, 308, 307, 303, 1393]","[""session_time_linear"", ""session_time_quadratic"", ""image_identity:im115_r-1.0"", ""eventual_response_in_window"", ""eventual_response_latency"", ""response_latency_missing""]"
no_reward,12,24,24,-0.021018813061545183,-0.058957813988437024,-0.03793900092689184,-0.22845960574479163,-0.20744079268324644,0.1695017917563546,"[[100.0, 100.0, 8], [100.0, 10.0, 2], [100.0, 0.1, 1], [100.0, 1.0, 1]]","[[100.0, 100.0, 8], [100.0, 10.0, 2], [100.0, 0.1, 1], [100.0, 1.0, 1]]",pass,https://dandiarchive.s3.amazonaws.com/blobs/9ae/cb7/9aecb778-a5a0-4554-8b06-3af01005fea5,623319,1209073822,STR,HPF,"[1657, 1783, 1740, 1737, 1743, 1738, 1734, 1648, 1655, 1771, 1730, 1663, 1837, 1839, 2386, 1835, 1736, 2263, 1820, 1816, 1721, 1652, 1662, 1749]","[328, 1373, 325, 1361, 322, 1420, 362, 356, 388, 1410, 1346, 1376, 1411, 1369, 372, 376, 1343, 1395, 338, 354, 308, 307, 303, 1393]","[""session_time_linear"", ""session_time_quadratic"", ""image_identity:im115_r-1.0"", ""eventual_response_in_window"", ""eventual_response_latency"", ""response_latency_missing""]"
engaged_1,22,24,24,0.02093416073626675,0.0089400271790262,-0.01199413355724055,0.02863227731567486,0.00769811657940811,-0.01969225013664866,"[[100.0, 100.0, 8], [100.0, 100.0, 1], [100.0, 100.0, 1], [100.0, 100.0, 2]]","[[100.0, 100.0, 8], [100.0, 100.0, 1], [100.0, 100.0, 1], [100.0, 100.0, 2]]",pass,https://dandiarchive.s3.amazonaws.com/blobs/5d9/4f7/5d94f7f7-daa2-4d2d-93a5-1bd2bc02e141,623322,1200471383,STR,HPF,"[1602, 1567, 1571, 1576, 1592, 1599, 1583, 1566, 1587, 1568, 1600, 1596, 1589, 1584, 1594, 1579, 1870, 1593, 141, 1572, 1617, 1595, 1869, 1578]","[1122, 260, 1119, 666, 252, 1117, 1085, 278, 1045, 1203, 1176, 734, 253, 673, 1078, 674, 1118, 648, 947, 1092, 1112, 1061, 637, 1157]","[""session_time_linear"", ""session_time_quadratic"", ""image_identity:im115_r-1.0"", ""eventual_response_in_window"", ""eventual_response_latency"", ""response_latency_missing""]"
engaged_2,22,24,24,0.04855095894831529,0.03628128742107295,-0.012269671527242343,0.033960498821652196,-0.014590460126663096,0.0023207885994207533,"[[100.0, 100.0, 8], [100.0, 100.0, 1], [100.0, 100.0, 1], [100.0, 100.0, 1]]","[[100.0, 100.0, 8], [100.0, 100.0, 1], [100.0, 100.0, 1], [100.0, 100.0, 1]]",pass,https://dandiarchive.s3.amazonaws.com/blobs/5d9/4f7/5d94f7f7-daa2-4d2d-93a5-1bd2bc02e141,623322,1200471383,STR,HPF,"[1602, 1567, 1571, 1576, 1592, 1599, 1583, 1566, 1587, 1568, 1600, 1596, 1589, 1584, 1594, 1579, 1870, 1593, 141, 1572, 1617, 1595, 1869, 1578]","[1122, 260, 1119, 666, 252, 1117, 1085, 278, 1045, 1203, 1176, 734, 253, 673, 1078, 674, 1118, 648, 947, 1092, 1112, 1061, 637, 1157]","[""session_time_linear"", ""session_time_quadratic"", ""image_identity:im115_r-1.0"", ""eventual_response_in_window"", ""eventual_response_latency"", ""response_latency_missing""]"
no_reward,22,24,24,0.0331876258094157,0.018300854258123,-0.014886771551292699,0.02108522988593331,-0.01210239592348239,-0.0027843756278103093,"[[100.0, 100.0, 2], [100.0, 100.0, 4], [100.0, 100.0, 2], [100.0, 100.0, 1]]","[[100.0, 100.0, 2], [100.0, 100.0, 4], [100.0, 100.0, 2], [100.0, 100.0, 1]]",pass,https://dandiarchive.s3.amazonaws.com/blobs/5d9/4f7/5d94f7f7-daa2-4d2d-93a5-1bd2bc02e141,623322,1200471383,STR,HPF,"[1602, 1567, 1571, 1576, 1592, 1599, 1583, 1566, 1587, 1568, 1600, 1596, 1589, 1584, 1594, 1579, 1870, 1593, 141, 1572, 1617, 1595, 1869, 1578]","[1122, 260, 1119, 666, 252, 1117, 1085, 278, 1045, 1203, 1176, 734, 253, 673, 1078, 674, 1118, 648, 947, 1092, 1112, 1061, 637, 1157]","[""session_time_linear"", ""session_time_quadratic"", ""image_identity:im115_r-1.0"", ""eventual_response_in_window"", ""eventual_response_latency"", ""response_latency_missing""]"
engaged_1,14,24,24,0.005678359878535932,-0.012687375087845565,-0.018365734966381497,-0.002533915479136173,-0.008212275357672105,-0.010153459608709392,"[[100.0, 100.0, 4], [100.0, 100.0, 8], [100.0, 100.0, 1], [100.0, 10.0, 2]]","[[100.0, 100.0, 4], [100.0, 100.0, 8], [100.0, 100.0, 1], [100.0, 10.0, 2]]",pass,https://dandiarchive.s3.amazonaws.com/blobs/8bb/124/8bb12481-57e1-4f9d-95f0-c2ec49f2e338,632295,1218795542,STR,HPF,"[1832, 1958, 1847, 1893, 1976, 1895, 1837, 1933, 1890, 1962, 2313, 1924, 1949, 2326, 1922, 1867, 1823, 1839, 1908, 1853, 1909, 1873, 1901, 1868]","[1564, 1536, 1057, 1025, 1509, 1468, 980, 1457, 954, 975, 996, 1485, 1437, 955, 1438, 1029, 1016, 1043, 1034, 1549, 952, 1557, 1535, 1030]","[""session_time_linear"", ""session_time_quadratic"", ""image_identity:im115_r-1.0"", ""eventual_response_in_window"", ""eventual_response_latency"", ""response_latency_missing""]"
engaged_2,14,24,24,0.0013187868267405811,-0.020148190772857122,-0.021466977599597703,0.006162991595357048,0.004844204768616467,-0.02631118236821417,"[[100.0, 100.0, 2], [100.0, 100.0, 8], [100.0, 0.1, 1], [100.0, 100.0, 2]]","[[100.0, 100.0, 2], [100.0, 100.0, 8], [100.0, 0.1, 1], [100.0, 100.0, 2]]",pass,https://dandiarchive.s3.amazonaws.com/blobs/8bb/124/8bb12481-57e1-4f9d-95f0-c2ec49f2e338,632295,1218795542,STR,HPF,"[1832, 1958, 1847, 1893, 1976, 1895, 1837, 1933, 1890, 1962, 2313, 1924, 1949, 2326, 1922, 1867, 1823, 1839, 1908, 1853, 1909, 1873, 1901, 1868]","[1564, 1536, 1057, 1025, 1509, 1468, 980, 1457, 954, 975, 996, 1485, 1437, 955, 1438, 1029, 1016, 1043, 1034, 1549, 952, 1557, 1535, 1030]","[""session_time_linear"", ""session_time_quadratic"", ""image_identity:im115_r-1.0"", ""eventual_response_in_window"", ""eventual_response_latency"", ""response_latency_missing""]"
no_reward,14,24,24,-0.0090152827026313,-0.021390546176871084,-0.012375263474239784,0.0024614757067626947,0.011476758409393994,-0.02385202188363378,"[[100.0, 100.0, 4], [100.0, 100.0, 1], [100.0, 100.0, 4], [100.0, 100.0, 1]]","[[100.0, 100.0, 4], [100.0, 100.0, 1], [100.0, 100.0, 4], [100.0, 100.0, 1]]",pass,https://dandiarchive.s3.amazonaws.com/blobs/8bb/124/8bb12481-57e1-4f9d-95f0-c2ec49f2e338,632295,1218795542,STR,HPF,"[1832, 1958, 1847, 1893, 1976, 1895, 1837, 1933, 1890, 1962, 2313, 1924, 1949, 2326, 1922, 1867, 1823, 1839, 1908, 1853, 1909, 1873, 1901, 1868]","[1564, 1536, 1057, 1025, 1509, 1468, 980, 1457, 954, 975, 996, 1485, 1437, 955, 1438, 1029, 1016, 1043, 1034, 1549, 952, 1557, 1535, 1030]","[""session_time_linear"", ""session_time_quadratic"", ""image_identity:im115_r-1.0"", ""eventual_response_in_window"", ""eventual_response_latency"", ""response_latency_missing""]"
engaged_1,12,24,24,0.04643203242255389,0.024833310854885604,-0.02159872156766829,-0.007253253911032154,-0.053685286333586046,0.03208656476591776,"[[100.0, 100.0, 8], [100.0, 100.0, 1], [100.0, 100.0, 1], [100.0, 0.1, 1]]","[[100.0, 100.0, 8], [100.0, 100.0, 1], [100.0, 100.0, 1], [100.0, 0.1, 1]]",pass,https://dandiarchive.s3.amazonaws.com/blobs/db1/7c5/db17c503-6c6e-44c4-921f-4b0ddfa6dbdb,632295,1219127153,STR,HPF,"[1408, 1466, 1409, 1431, 1461, 1403, 1446, 1662, 1487, 1415, 1711, 1476, 1429, 1485, 1430, 1463, 1678, 1441, 1449, 1462, 1407, 1668, 1679, 1468]","[316, 47, 58, 49, 772, 63, 722, 78, 728, 771, 50, 812, 721, 45, 801, 770, 744, 805, 72, 719, 283, 67, 83, 798]","[""session_time_linear"", ""session_time_quadratic"", ""image_identity:im115_r-1.0"", ""eventual_response_in_window"", ""eventual_response_latency"", ""response_latency_missing""]"
engaged_2,12,24,24,0.03602072595784778,0.03471667572057713,-0.0013040502372706486,0.020631459538088315,-0.015389266419759462,0.014085216182488813,"[[100.0, 100.0, 8], [100.0, 100.0, 1], [100.0, 100.0, 8], [100.0, 100.0, 1]]","[[100.0, 100.0, 8], [100.0, 100.0, 1], [100.0, 100.0, 8], [100.0, 100.0, 1]]",pass,https://dandiarchive.s3.amazonaws.com/blobs/db1/7c5/db17c503-6c6e-44c4-921f-4b0ddfa6dbdb,632295,1219127153,STR,HPF,"[1408, 1466, 1409, 1431, 1461, 1403, 1446, 1662, 1487, 1415, 1711, 1476, 1429, 1485, 1430, 1463, 1678, 1441, 1449, 1462, 1407, 1668, 1679, 1468]","[316, 47, 58, 49, 772, 63, 722, 78, 728, 771, 50, 812, 721, 45, 801, 770, 744, 805, 72, 719, 283, 67, 83, 798]","[""session_time_linear"", ""session_time_quadratic"", ""image_identity:im115_r-1.0"", ""eventual_response_in_window"", ""eventual_response_latency"", ""response_latency_missing""]"
no_reward,12,24,24,0.07544276532480876,0.07123626820863349,-0.004206497116175267,0.07212744282975658,-0.0033153224950521754,-0.000891174621123092,"[[100.0, 100.0, 1], [100.0, 100.0, 1], [100.0, 100.0, 4], [100.0, 100.0, 1]]","[[100.0, 100.0, 1], [100.0, 100.0, 1], [100.0, 100.0, 4], [100.0, 100.0, 1]]",pass,https://dandiarchive.s3.amazonaws.com/blobs/db1/7c5/db17c503-6c6e-44c4-921f-4b0ddfa6dbdb,632295,1219127153,STR,HPF,"[1408, 1466, 1409, 1431, 1461, 1403, 1446, 1662, 1487, 1415, 1711, 1476, 1429, 1485, 1430, 1463, 1678, 1441, 1449, 1462, 1407, 1668, 1679, 1468]","[316, 47, 58, 49, 772, 63, 722, 78, 728, 771, 50, 812, 721, 45, 801, 770, 744, 805, 72, 719, 283, 67, 83, 798]","[""session_time_linear"", ""session_time_quadratic"", ""image_identity:im115_r-1.0"", ""eventual_response_in_window"", ""eventual_response_latency"", ""response_latency_missing""]"
engaged_1,21,24,24,0.00548187732992933,-0.0002546311793192313,-0.005736508509248561,-0.001534164381302272,-0.007016041711231602,0.0012795332019830408,"[[100.0, 100.0, 1], [100.0, 100.0, 1], [100.0, 100.0, 8], [100.0, 100.0, 8]]","[[100.0, 100.0, 1], [100.0, 100.0, 1], [100.0, 100.0, 8], [100.0, 100.0, 8]]",pass,https://dandiarchive.s3.amazonaws.com/blobs/d8b/8a9/d8b8a9fb-eda0-459f-a722-60a69961c992,638387,1229654875,STR,HPF,"[6, 3, 67, 35, 12, 0, 109, 18, 11, 1634, 14, 1621, 16, 40, 78, 1637, 584, 46, 575, 25, 50, 10, 570, 9]","[1097, 1228, 1042, 1055, 1078, 1058, 1098, 1046, 1101, 1045, 1047, 1090, 1073, 1092, 1227, 1091, 1095, 1233, 1039, 1074, 1225, 1076, 1223, 1079]","[""session_time_linear"", ""session_time_quadratic"", ""image_identity:im115_r-1.0"", ""eventual_response_in_window"", ""eventual_response_latency"", ""response_latency_missing""]"
engaged_2,21,24,24,0.0084276382832843,-0.005544612755748135,-0.013972251039032435,0.004834653248170562,-0.0035929850351137382,-0.010379266003918697,"[[100.0, 100.0, 4], [100.0, 100.0, 1], [100.0, 100.0, 1], [100.0, 100.0, 8]]","[[100.0, 100.0, 4], [100.0, 100.0, 1], [100.0, 100.0, 1], [100.0, 100.0, 8]]",pass,https://dandiarchive.s3.amazonaws.com/blobs/d8b/8a9/d8b8a9fb-eda0-459f-a722-60a69961c992,638387,1229654875,STR,HPF,"[6, 3, 67, 35, 12, 0, 109, 18, 11, 1634, 14, 1621, 16, 40, 78, 1637, 584, 46, 575, 25, 50, 10, 570, 9]","[1097, 1228, 1042, 1055, 1078, 1058, 1098, 1046, 1101, 1045, 1047, 1090, 1073, 1092, 1227, 1091, 1095, 1233, 1039, 1074, 1225, 1076, 1223, 1079]","[""session_time_linear"", ""session_time_quadratic"", ""image_identity:im115_r-1.0"", ""eventual_response_in_window"", ""eventual_response_latency"", ""response_latency_missing""]"
no_reward,21,24,24,0.04630107125414362,0.040403283001367196,-0.005897788252776426,0.03977205489158819,-0.006529016362555429,0.0006312281097790029,"[[100.0, 100.0, 1], [100.0, 100.0, 2], [100.0, 100.0, 1], [100.0, 100.0, 1]]","[[100.0, 100.0, 1], [100.0, 100.0, 2], [100.0, 100.0, 1], [100.0, 100.0, 1]]",pass,https://dandiarchive.s3.amazonaws.com/blobs/d8b/8a9/d8b8a9fb-eda0-459f-a722-60a69961c992,638387,1229654875,STR,HPF,"[6, 3, 67, 35, 12, 0, 109, 18, 11, 1634, 14, 1621, 16, 40, 78, 1637, 584, 46, 575, 25, 50, 10, 570, 9]","[1097, 1228, 1042, 1055, 1078, 1058, 1098, 1046, 1101, 1045, 1047, 1090, 1073, 1092, 1227, 1091, 1095, 1233, 1039, 1074, 1225, 1076, 1223, 1079]","[""session_time_linear"", ""session_time_quadratic"", ""image_identity:im115_r-1.0"", ""eventual_response_in_window"", ""eventual_response_latency"", ""response_latency_missing""]"
engaged_1,23,24,24,0.05489840837241189,0.049164296552681286,-0.005734111819730603,0.050181644003151504,-0.0047167643692603844,-0.0010173474504702185,"[[100.0, 100.0, 1], [100.0, 100.0, 1], [100.0, 100.0, 2], [100.0, 100.0, 4]]","[[100.0, 100.0, 1], [100.0, 100.0, 1], [100.0, 100.0, 2], [100.0, 100.0, 4]]",pass,https://dandiarchive.s3.amazonaws.com/blobs/584/1b8/5841b844-3102-4b4f-8f2c-e4cd23ec8f45,640887,1234203203,STR,HPF,"[1588, 1569, 1656, 1605, 1770, 1755, 1695, 1709, 1674, 1735, 1785, 1597, 2073, 1734, 1663, 1756, 1732, 1694, 1662, 1728, 1737, 1671, 1608, 1635]","[1346, 1352, 32, 31, 48, 64, 54, 122, 1426, 105, 63, 1371, 1374, 1410, 115, 107, 248, 1417, 1355, 33, 93, 110, 1429, 53]","[""session_time_linear"", ""session_time_quadratic"", ""image_identity:im115_r-1.0"", ""eventual_response_in_window"", ""eventual_response_latency"", ""response_latency_missing""]"
engaged_2,23,24,24,0.04869520232188185,0.03208391646370368,-0.01661128585817817,0.01172713071488285,-0.036968071606999,0.020356785748820827,"[[100.0, 100.0, 1], [100.0, 100.0, 2], [100.0, 10.0, 2], [100.0, 100.0, 2]]","[[100.0, 100.0, 1], [100.0, 100.0, 2], [100.0, 10.0, 2], [100.0, 100.0, 2]]",pass,https://dandiarchive.s3.amazonaws.com/blobs/584/1b8/5841b844-3102-4b4f-8f2c-e4cd23ec8f45,640887,1234203203,STR,HPF,"[1588, 1569, 1656, 1605, 1770, 1755, 1695, 1709, 1674, 1735, 1785, 1597, 2073, 1734, 1663, 1756, 1732, 1694, 1662, 1728, 1737, 1671, 1608, 1635]","[1346, 1352, 32, 31, 48, 64, 54, 122, 1426, 105, 63, 1371, 1374, 1410, 115, 107, 248, 1417, 1355, 33, 93, 110, 1429, 53]","[""session_time_linear"", ""session_time_quadratic"", ""image_identity:im115_r-1.0"", ""eventual_response_in_window"", ""eventual_response_latency"", ""response_latency_missing""]"
no_reward,23,24,24,0.03992125683028647,-0.008325152823656756,-0.04824640965394322,0.018089533089114096,-0.02183172374117237,-0.026414685912770852,"[[100.0, 1.0, 1], [100.0, 100.0, 1], [100.0, 100.0, 2], [100.0, 100.0, 8]]","[[100.0, 1.0, 1], [100.0, 100.0, 1], [100.0, 100.0, 2], [100.0, 100.0, 8]]",pass,https://dandiarchive.s3.amazonaws.com/blobs/584/1b8/5841b844-3102-4b4f-8f2c-e4cd23ec8f45,640887,1234203203,STR,HPF,"[1588, 1569, 1656, 1605, 1770, 1755, 1695, 1709, 1674, 1735, 1785, 1597, 2073, 1734, 1663, 1756, 1732, 1694, 1662, 1728, 1737, 1671, 1608, 1635]","[1346, 1352, 32, 31, 48, 64, 54, 122, 1426, 105, 63, 1371, 1374, 1410, 115, 107, 248, 1417, 1355, 33, 93, 110, 1429, 53]","[""session_time_linear"", ""session_time_quadratic"", ""image_identity:im115_r-1.0"", ""eventual_response_in_window"", ""eventual_response_latency"", ""response_latency_missing""]"
engaged_1,25,24,24,0.027031161848325547,0.01949490149021793,-0.007536260358107616,0.02363375853379157,-0.0033974033145339755,-0.0041388570435736405,"[[100.0, 100.0, 1], [100.0, 100.0, 1], [100.0, 100.0, 2], [100.0, 100.0, 1]]","[[100.0, 100.0, 1], [100.0, 100.0, 1], [100.0, 100.0, 2], [100.0, 100.0, 1]]",pass,https://dandiarchive.s3.amazonaws.com/blobs/cfc/bf1/cfcbf155-cb15-455d-8450-0ef256540990,640887,1234410451,STR,HPF,"[1343, 1319, 1405, 1344, 1647, 1443, 1305, 1396, 1340, 1297, 1342, 1774, 1496, 1301, 1606, 1718, 1388, 1316, 1304, 1302, 1435, 1475, 1298, 1294]","[1002, 537, 542, 589, 583, 566, 977, 973, 538, 930, 889, 876, 525, 532, 514, 582, 515, 914, 968, 1127, 982, 678, 1112, 546]","[""session_time_linear"", ""session_time_quadratic"", ""image_identity:im115_r-1.0"", ""eventual_response_in_window"", ""eventual_response_latency"", ""response_latency_missing""]"
engaged_2,25,24,24,0.050651252449593676,0.04713176393161067,-0.003519488517983005,0.05233640995228184,0.0016851575026881616,-0.0052046460206711664,"[[100.0, 100.0, 1], [100.0, 100.0, 1], [100.0, 100.0, 2], [100.0, 100.0, 2]]","[[100.0, 100.0, 1], [100.0, 100.0, 1], [100.0, 100.0, 2], [100.0, 100.0, 2]]",pass,https://dandiarchive.s3.amazonaws.com/blobs/cfc/bf1/cfcbf155-cb15-455d-8450-0ef256540990,640887,1234410451,STR,HPF,"[1343, 1319, 1405, 1344, 1647, 1443, 1305, 1396, 1340, 1297, 1342, 1774, 1496, 1301, 1606, 1718, 1388, 1316, 1304, 1302, 1435, 1475, 1298, 1294]","[1002, 537, 542, 589, 583, 566, 977, 973, 538, 930, 889, 876, 525, 532, 514, 582, 515, 914, 968, 1127, 982, 678, 1112, 546]","[""session_time_linear"", ""session_time_quadratic"", ""image_identity:im115_r-1.0"", ""eventual_response_in_window"", ""eventual_response_latency"", ""response_latency_missing""]"
no_reward,25,24,24,0.0511701165370787,0.032571695936926215,-0.018598420600152488,0.043247373170994585,-0.007922743366084117,-0.01067567723406837,"[[100.0, 100.0, 1], [100.0, 100.0, 1], [100.0, 100.0, 8], [100.0, 100.0, 1]]","[[100.0, 100.0, 1], [100.0, 100.0, 1], [100.0, 100.0, 8], [100.0, 100.0, 1]]",pass,https://dandiarchive.s3.amazonaws.com/blobs/cfc/bf1/cfcbf155-cb15-455d-8450-0ef256540990,640887,1234410451,STR,HPF,"[1343, 1319, 1405, 1344, 1647, 1443, 1305, 1396, 1340, 1297, 1342, 1774, 1496, 1301, 1606, 1718, 1388, 1316, 1304, 1302, 1435, 1475, 1298, 1294]","[1002, 537, 542, 589, 583, 566, 977, 973, 538, 930, 889, 876, 525, 532, 514, 582, 515, 914, 968, 1127, 982, 678, 1112, 546]","[""session_time_linear"", ""session_time_quadratic"", ""image_identity:im115_r-1.0"", ""eventual_response_in_window"", ""eventual_response_latency"", ""response_latency_missing""]"
engaged_1,27,24,24,0.04399220587996178,0.02693928880778418,-0.017052917072177598,0.043438466977324675,-0.000553738902637102,-0.016499178169540496,"[[100.0, 100.0, 4], [100.0, 100.0, 1], [100.0, 100.0, 1], [100.0, 100.0, 1]]","[[100.0, 100.0, 4], [100.0, 100.0, 1], [100.0, 100.0, 1], [100.0, 100.0, 1]]",pass,https://dandiarchive.s3.amazonaws.com/blobs/13d/b29/13db29ff-1454-412d-8680-ecd7a38c6f95,640890,1232430325,STR,HPF,"[3, 2314, 49, 35, 376, 45, 42, 126, 38, 34, 97, 84, 89, 117, 104, 44, 162, 387, 23, 142, 2195, 39, 69, 2269]","[1926, 1905, 1915, 654, 696, 1076, 1934, 1895, 2109, 1980, 1006, 1008, 982, 693, 1962, 1897, 2114, 983, 1931, 1948, 1977, 1972, 1960, 975]","[""session_time_linear"", ""session_time_quadratic"", ""image_identity:im115_r-1.0"", ""eventual_response_in_window"", ""eventual_response_latency"", ""response_latency_missing""]"
engaged_2,27,24,24,-0.008545895663103042,-0.021460888133040035,-0.012914992469936992,-0.011209225694954528,-0.002663330031851485,-0.010251662438085507,"[[100.0, 100.0, 4], [100.0, 100.0, 1], [100.0, 100.0, 1], [100.0, 100.0, 1]]","[[100.0, 100.0, 4], [100.0, 100.0, 1], [100.0, 100.0, 1], [100.0, 100.0, 1]]",pass,https://dandiarchive.s3.amazonaws.com/blobs/13d/b29/13db29ff-1454-412d-8680-ecd7a38c6f95,640890,1232430325,STR,HPF,"[3, 2314, 49, 35, 376, 45, 42, 126, 38, 34, 97, 84, 89, 117, 104, 44, 162, 387, 23, 142, 2195, 39, 69, 2269]","[1926, 1905, 1915, 654, 696, 1076, 1934, 1895, 2109, 1980, 1006, 1008, 982, 693, 1962, 1897, 2114, 983, 1931, 1948, 1977, 1972, 1960, 975]","[""session_time_linear"", ""session_time_quadratic"", ""image_identity:im115_r-1.0"", ""eventual_response_in_window"", ""eventual_response_latency"", ""response_latency_missing""]"
no_reward,27,24,24,0.028511457160491305,0.02477789248658202,-0.0037335646739092843,0.034070310919432356,0.005558853758941051,-0.009292418432850336,"[[100.0, 100.0, 1], [100.0, 100.0, 1], [100.0, 100.0, 1], [100.0, 100.0, 1]]","[[100.0, 100.0, 1], [100.0, 100.0, 1], [100.0, 100.0, 1], [100.0, 100.0, 1]]",pass,https://dandiarchive.s3.amazonaws.com/blobs/13d/b29/13db29ff-1454-412d-8680-ecd7a38c6f95,640890,1232430325,STR,HPF,"[3, 2314, 49, 35, 376, 45, 42, 126, 38, 34, 97, 84, 89, 117, 104, 44, 162, 387, 23, 142, 2195, 39, 69, 2269]","[1926, 1905, 1915, 654, 696, 1076, 1934, 1895, 2109, 1980, 1006, 1008, 982, 693, 1962, 1897, 2114, 983, 1931, 1948, 1977, 1972, 1960, 975]","[""session_time_linear"", ""session_time_quadratic"", ""image_identity:im115_r-1.0"", ""eventual_response_in_window"", ""eventual_response_latency"", ""response_latency_missing""]"
engaged_1,22,24,24,0.0673935164705115,0.05768175663287123,-0.009711759837640277,0.07214833555914191,0.004754819088630402,-0.014466578926270679,"[[100.0, 100.0, 1], [100.0, 100.0, 4], [100.0, 100.0, 1], [100.0, 100.0, 2]]","[[100.0, 100.0, 1], [100.0, 100.0, 4], [100.0, 100.0, 1], [100.0, 100.0, 2]]",pass,https://dandiarchive.s3.amazonaws.com/blobs/e3b/977/e3b97777-89fa-4730-8d0e-fae22e471f07,640890,1232725697,STR,HPF,"[1531, 1530, 1504, 1480, 1499, 1527, 1593, 1561, 1516, 1534, 1508, 1521, 1465, 1587, 1486, 1592, 1559, 1582, 1542, 1518, 1951, 1502, 1528, 1584]","[980, 527, 581, 919, 546, 71, 873, 981, 1208, 918, 83, 81, 547, 1210, 913, 862, 1183, 893, 920, 49, 52, 1176, 912, 872]","[""session_time_linear"", ""session_time_quadratic"", ""image_identity:im115_r-1.0"", ""eventual_response_in_window"", ""eventual_response_latency"", ""response_latency_missing""]"
engaged_2,22,24,24,0.05008281432329387,0.02680195216955017,-0.023280862153743698,0.03225215629022482,-0.017830658033069047,-0.005450204120674651,"[[100.0, 100.0, 8], [100.0, 100.0, 1], [100.0, 100.0, 4], [100.0, 10.0, 1]]","[[100.0, 100.0, 8], [100.0, 100.0, 1], [100.0, 100.0, 4], [100.0, 10.0, 1]]",pass,https://dandiarchive.s3.amazonaws.com/blobs/e3b/977/e3b97777-89fa-4730-8d0e-fae22e471f07,640890,1232725697,STR,HPF,"[1531, 1530, 1504, 1480, 1499, 1527, 1593, 1561, 1516, 1534, 1508, 1521, 1465, 1587, 1486, 1592, 1559, 1582, 1542, 1518, 1951, 1502, 1528, 1584]","[980, 527, 581, 919, 546, 71, 873, 981, 1208, 918, 83, 81, 547, 1210, 913, 862, 1183, 893, 920, 49, 52, 1176, 912, 872]","[""session_time_linear"", ""session_time_quadratic"", ""image_identity:im115_r-1.0"", ""eventual_response_in_window"", ""eventual_response_latency"", ""response_latency_missing""]"
no_reward,22,24,24,0.05000267977690931,0.042943030871355314,-0.007059648905553995,0.0603516577226042,0.010348977945694893,-0.017408626851248887,"[[100.0, 100.0, 8], [100.0, 100.0, 2], [100.0, 100.0, 4], [100.0, 100.0, 1]]","[[100.0, 100.0, 8], [100.0, 100.0, 2], [100.0, 100.0, 4], [100.0, 100.0, 1]]",pass,https://dandiarchive.s3.amazonaws.com/blobs/e3b/977/e3b97777-89fa-4730-8d0e-fae22e471f07,640890,1232725697,STR,HPF,"[1531, 1530, 1504, 1480, 1499, 1527, 1593, 1561, 1516, 1534, 1508, 1521, 1465, 1587, 1486, 1592, 1559, 1582, 1542, 1518, 1951, 1502, 1528, 1584]","[980, 527, 581, 919, 546, 71, 873, 981, 1208, 918, 83, 81, 547, 1210, 913, 862, 1183, 893, 920, 49, 52, 1176, 912, 872]","[""session_time_linear"", ""session_time_quadratic"", ""image_identity:im115_r-1.0"", ""eventual_response_in_window"", ""eventual_response_latency"", ""response_latency_missing""]"
engaged_1,16,24,24,0.014342851960690295,0.004347562953868844,-0.00999528900682145,0.016382887274087654,0.0020400353133973592,-0.01203532432021881,"[[100.0, 100.0, 1], [100.0, 100.0, 1], [100.0, 100.0, 1], [100.0, 100.0, 1]]","[[100.0, 100.0, 1], [100.0, 100.0, 1], [100.0, 100.0, 1], [100.0, 100.0, 1]]",pass,https://dandiarchive.s3.amazonaws.com/blobs/559/41e/55941ebd-ef47-4d38-80af-0fabd499db6d,642504,1244070169,STR,HPF,"[1287, 1450, 1385, 1365, 1380, 1367, 1393, 1263, 1425, 1285, 1411, 1317, 1413, 1289, 1422, 1388, 1399, 1237, 1636, 1378, 1329, 1410, 1363, 1244]","[1092, 1098, 639, 631, 286, 1094, 1110, 667, 322, 285, 1074, 1038, 1078, 441, 326, 1099, 645, 296, 1077, 628, 659, 1037, 652, 290]","[""session_time_linear"", ""session_time_quadratic"", ""image_identity:im115_r-1.0"", ""eventual_response_in_window"", ""eventual_response_latency"", ""response_latency_missing""]"
engaged_2,16,24,24,0.02683843749506487,0.009901535208400314,-0.016936902286664557,0.0131247312297047,-0.01371370626536017,-0.0032231960213043864,"[[100.0, 100.0, 4], [100.0, 0.1, 1], [100.0, 100.0, 2], [100.0, 100.0, 4]]","[[100.0, 100.0, 4], [100.0, 0.1, 1], [100.0, 100.0, 2], [100.0, 100.0, 4]]",pass,https://dandiarchive.s3.amazonaws.com/blobs/559/41e/55941ebd-ef47-4d38-80af-0fabd499db6d,642504,1244070169,STR,HPF,"[1287, 1450, 1385, 1365, 1380, 1367, 1393, 1263, 1425, 1285, 1411, 1317, 1413, 1289, 1422, 1388, 1399, 1237, 1636, 1378, 1329, 1410, 1363, 1244]","[1092, 1098, 639, 631, 286, 1094, 1110, 667, 322, 285, 1074, 1038, 1078, 441, 326, 1099, 645, 296, 1077, 628, 659, 1037, 652, 290]","[""session_time_linear"", ""session_time_quadratic"", ""image_identity:im115_r-1.0"", ""eventual_response_in_window"", ""eventual_response_latency"", ""response_latency_missing""]"
no_reward,16,24,24,-0.030492896409522574,-0.04132957103240731,-0.010836674622884734,-0.039665231290324066,-0.009172334880801492,-0.0016643397420832429,"[[100.0, 100.0, 1], [100.0, 100.0, 4], [100.0, 100.0, 4], [100.0, 100.0, 1]]","[[100.0, 100.0, 1], [100.0, 100.0, 4], [100.0, 100.0, 4], [100.0, 100.0, 1]]",pass,https://dandiarchive.s3.amazonaws.com/blobs/559/41e/55941ebd-ef47-4d38-80af-0fabd499db6d,642504,1244070169,STR,HPF,"[1287, 1450, 1385, 1365, 1380, 1367, 1393, 1263, 1425, 1285, 1411, 1317, 1413, 1289, 1422, 1388, 1399, 1237, 1636, 1378, 1329, 1410, 1363, 1244]","[1092, 1098, 639, 631, 286, 1094, 1110, 667, 322, 285, 1074, 1038, 1078, 441, 326, 1099, 645, 296, 1077, 628, 659, 1037, 652, 290]","[""session_time_linear"", ""session_time_quadratic"", ""image_identity:im115_r-1.0"", ""eventual_response_in_window"", ""eventual_response_latency"", ""response_latency_missing""]"
engaged_1,18,24,24,0.007668662689074179,-0.002401375344376344,-0.010070038033450524,0.021349334819546595,0.013680672130472415,-0.02375071016392294,"[[100.0, 100.0, 1], [100.0, 100.0, 2], [100.0, 100.0, 1], [100.0, 100.0, 1]]","[[100.0, 100.0, 1], [100.0, 100.0, 2], [100.0, 100.0, 1], [100.0, 100.0, 1]]",pass,https://dandiarchive.s3.amazonaws.com/blobs/88d/b29/88db2938-a9e0-491c-8056-f83cc894edf3,642504,1243523806,STR,HPF,"[1070, 1109, 1062, 1093, 1116, 1130, 1349, 1140, 1051, 1088, 1087, 1135, 1114, 1107, 1101, 1155, 1052, 1145, 1110, 1132, 1098, 1133, 1352, 1336]","[803, 816, 741, 487, 492, 110, 500, 739, 482, 812, 186, 453, 467, 498, 447, 440, 505, 786, 199, 830, 445, 192, 856, 847]","[""session_time_linear"", ""session_time_quadratic"", ""image_identity:im115_r-1.0"", ""eventual_response_in_window"", ""eventual_response_latency"", ""response_latency_missing""]"
engaged_2,18,24,24,0.05830019157570843,0.06365633618373234,0.005356144608023916,0.05523099827671374,-0.003069193298994688,0.008425337907018604,"[[100.0, 100.0, 1], [100.0, 100.0, 1], [100.0, 100.0, 1], [100.0, 100.0, 1]]","[[100.0, 100.0, 1], [100.0, 100.0, 1], [100.0, 100.0, 1], [100.0, 100.0, 1]]",pass,https://dandiarchive.s3.amazonaws.com/blobs/88d/b29/88db2938-a9e0-491c-8056-f83cc894edf3,642504,1243523806,STR,HPF,"[1070, 1109, 1062, 1093, 1116, 1130, 1349, 1140, 1051, 1088, 1087, 1135, 1114, 1107, 1101, 1155, 1052, 1145, 1110, 1132, 1098, 1133, 1352, 1336]","[803, 816, 741, 487, 492, 110, 500, 739, 482, 812, 186, 453, 467, 498, 447, 440, 505, 786, 199, 830, 445, 192, 856, 847]","[""session_time_linear"", ""session_time_quadratic"", ""image_identity:im115_r-1.0"", ""eventual_response_in_window"", ""eventual_response_latency"", ""response_latency_missing""]"
no_reward,18,24,24,0.02258669507043487,0.019691542843556786,-0.002895152226878084,0.017773178401683576,-0.004813516668751294,0.0019183644418732104,"[[100.0, 100.0, 1], [100.0, 10.0, 1], [100.0, 100.0, 2], [100.0, 100.0, 2]]","[[100.0, 100.0, 1], [100.0, 10.0, 1], [100.0, 100.0, 2], [100.0, 100.0, 2]]",pass,https://dandiarchive.s3.amazonaws.com/blobs/88d/b29/88db2938-a9e0-491c-8056-f83cc894edf3,642504,1243523806,STR,HPF,"[1070, 1109, 1062, 1093, 1116, 1130, 1349, 1140, 1051, 1088, 1087, 1135, 1114, 1107, 1101, 1155, 1052, 1145, 1110, 1132, 1098, 1133, 1352, 1336]","[803, 816, 741, 487, 492, 110, 500, 739, 482, 812, 186, 453, 467, 498, 447, 440, 505, 786, 199, 830, 445, 192, 856, 847]","[""session_time_linear"", ""session_time_quadratic"", ""image_identity:im115_r-1.0"", ""eventual_response_in_window"", ""eventual_response_latency"", ""response_latency_missing""]"
engaged_1,15,24,24,0.03240326583855824,0.02166037809413468,-0.010742887744423557,0.023983880359597864,-0.008419385478960373,-0.0023235022654631843,"[[100.0, 100.0, 1], [100.0, 100.0, 1], [100.0, 100.0, 4], [100.0, 100.0, 8]]","[[100.0, 100.0, 1], [100.0, 100.0, 1], [100.0, 100.0, 4], [100.0, 100.0, 8]]",pass,https://dandiarchive.s3.amazonaws.com/blobs/c78/ef5/c78ef53f-16de-4f5e-8235-afe87a226203,614547,1181731440,STR,Isocortex,"[41, 25, 142, 137, 49, 357, 94, 44, 43, 22, 57, 23, 26, 85, 127, 46, 124, 27, 366, 126, 53, 108, 50, 377]","[629, 1503, 1455, 1603, 1584, 668, 677, 1495, 635, 332, 166, 1648, 938, 953, 1469, 1492, 1449, 1483, 226, 959, 1622, 174, 224, 703]","[""session_time_linear"", ""session_time_quadratic"", ""image_identity:im115_r-1.0"", ""eventual_response_in_window"", ""eventual_response_latency"", ""response_latency_missing""]"
engaged_2,15,24,24,0.014655320872282829,0.021256125918167168,0.006600805045884339,0.009264775555865246,-0.005390545316417583,0.011991350362301922,"[[100.0, 100.0, 4], [100.0, 100.0, 1], [100.0, 100.0, 1], [100.0, 100.0, 2]]","[[100.0, 100.0, 4], [100.0, 100.0, 1], [100.0, 100.0, 1], [100.0, 100.0, 2]]",pass,https://dandiarchive.s3.amazonaws.com/blobs/c78/ef5/c78ef53f-16de-4f5e-8235-afe87a226203,614547,1181731440,STR,Isocortex,"[41, 25, 142, 137, 49, 357, 94, 44, 43, 22, 57, 23, 26, 85, 127, 46, 124, 27, 366, 126, 53, 108, 50, 377]","[629, 1503, 1455, 1603, 1584, 668, 677, 1495, 635, 332, 166, 1648, 938, 953, 1469, 1492, 1449, 1483, 226, 959, 1622, 174, 224, 703]","[""session_time_linear"", ""session_time_quadratic"", ""image_identity:im115_r-1.0"", ""eventual_response_in_window"", ""eventual_response_latency"", ""response_latency_missing""]"
no_reward,15,24,24,0.027290583549765768,0.027055509114564558,-0.00023507443520121019,0.02285463182932257,-0.004435951720443199,0.0042008772852419884,"[[100.0, 100.0, 1], [100.0, 100.0, 1], [100.0, 100.0, 2], [100.0, 10.0, 1]]","[[100.0, 100.0, 1], [100.0, 100.0, 1], [100.0, 100.0, 2], [100.0, 10.0, 1]]",pass,https://dandiarchive.s3.amazonaws.com/blobs/c78/ef5/c78ef53f-16de-4f5e-8235-afe87a226203,614547,1181731440,STR,Isocortex,"[41, 25, 142, 137, 49, 357, 94, 44, 43, 22, 57, 23, 26, 85, 127, 46, 124, 27, 366, 126, 53, 108, 50, 377]","[629, 1503, 1455, 1603, 1584, 668, 677, 1495, 635, 332, 166, 1648, 938, 953, 1469, 1492, 1449, 1483, 226, 959, 1622, 174, 224, 703]","[""session_time_linear"", ""session_time_quadratic"", ""image_identity:im115_r-1.0"", ""eventual_response_in_window"", ""eventual_response_latency"", ""response_latency_missing""]"
engaged_1,17,24,24,0.019950160211316237,-0.007667515280305626,-0.027617675491621863,0.026775546639806302,0.006825386428490066,-0.03444306192011193,"[[100.0, 100.0, 1], [100.0, 100.0, 1], [100.0, 100.0, 4], [100.0, 10.0, 1]]","[[100.0, 100.0, 1], [100.0, 100.0, 1], [100.0, 100.0, 4], [100.0, 10.0, 1]]",pass,https://dandiarchive.s3.amazonaws.com/blobs/68c/a06/68ca0674-2a8a-4931-8d5b-10a3edfb0cfa,614608,1187475832,STR,Isocortex,"[1910, 1909, 1907, 1888, 1894, 1896, 1899, 2096, 1895, 1866, 1869, 2095, 2100, 1897, 2093, 1889, 1904, 1867, 1885, 1881, 1878, 2103, 1873, 1898]","[593, 1709, 2652, 2235, 2013, 2587, 2471, 1666, 1966, 2375, 2315, 2009, 1668, 2396, 620, 2522, 2488, 2034, 1677, 669, 2292, 646, 1239, 2004]","[""session_time_linear"", ""session_time_quadratic"", ""image_identity:im115_r-1.0"", ""eventual_response_in_window"", ""eventual_response_latency"", ""response_latency_missing""]"
engaged_2,17,24,24,0.03198733486138228,0.03089904800031651,-0.001088286861065768,0.02864796415725923,-0.003339370704123046,0.0022510838430572777,"[[100.0, 100.0, 4], [100.0, 100.0, 2], [100.0, 100.0, 8], [100.0, 100.0, 1]]","[[100.0, 100.0, 4], [100.0, 100.0, 2], [100.0, 100.0, 8], [100.0, 100.0, 1]]",pass,https://dandiarchive.s3.amazonaws.com/blobs/68c/a06/68ca0674-2a8a-4931-8d5b-10a3edfb0cfa,614608,1187475832,STR,Isocortex,"[1910, 1909, 1907, 1888, 1894, 1896, 1899, 2096, 1895, 1866, 1869, 2095, 2100, 1897, 2093, 1889, 1904, 1867, 1885, 1881, 1878, 2103, 1873, 1898]","[593, 1709, 2652, 2235, 2013, 2587, 2471, 1666, 1966, 2375, 2315, 2009, 1668, 2396, 620, 2522, 2488, 2034, 1677, 669, 2292, 646, 1239, 2004]","[""session_time_linear"", ""session_time_quadratic"", ""image_identity:im115_r-1.0"", ""eventual_response_in_window"", ""eventual_response_latency"", ""response_latency_missing""]"
no_reward,17,24,24,0.058349777030404226,0.04780211153624192,-0.010547665494162306,0.03909514842311956,-0.019254628607284663,0.008706963113122357,"[[100.0, 100.0, 2], [100.0, 100.0, 8], [100.0, 100.0, 2], [100.0, 100.0, 8]]","[[100.0, 100.0, 2], [100.0, 100.0, 8], [100.0, 100.0, 2], [100.0, 100.0, 8]]",pass,https://dandiarchive.s3.amazonaws.com/blobs/68c/a06/68ca0674-2a8a-4931-8d5b-10a3edfb0cfa,614608,1187475832,STR,Isocortex,"[1910, 1909, 1907, 1888, 1894, 1896, 1899, 2096, 1895, 1866, 1869, 2095, 2100, 1897, 2093, 1889, 1904, 1867, 1885, 1881, 1878, 2103, 1873, 1898]","[593, 1709, 2652, 2235, 2013, 2587, 2471, 1666, 1966, 2375, 2315, 2009, 1668, 2396, 620, 2522, 2488, 2034, 1677, 669, 2292, 646, 1239, 2004]","[""session_time_linear"", ""session_time_quadratic"", ""image_identity:im115_r-1.0"", ""eventual_response_in_window"", ""eventual_response_latency"", ""response_latency_missing""]"
engaged_1,24,24,24,0.08325713104574017,0.08441196572960519,0.0011548346838650136,0.07553767936630851,-0.007719451679431666,0.00887428636329668,"[[100.0, 100.0, 2], [100.0, 100.0, 2], [100.0, 100.0, 2], [100.0, 100.0, 1]]","[[100.0, 100.0, 2], [100.0, 100.0, 2], [100.0, 100.0, 2], [100.0, 100.0, 1]]",pass,https://dandiarchive.s3.amazonaws.com/blobs/fd4/c49/fd4c4964-f02b-456e-af4d-b9407877d0de,614608,1187940755,STR,Isocortex,"[1311, 1439, 1446, 1412, 1385, 1288, 1356, 1290, 1269, 1371, 1353, 1443, 1306, 1336, 1312, 1313, 1285, 1442, 1373, 1367, 1421, 1417, 1420, 1444]","[714, 1988, 2155, 1480, 215, 1777, 1496, 173, 289, 1567, 1939, 1497, 154, 1118, 2225, 210, 1523, 195, 1519, 803, 412, 235, 1615, 342]","[""session_time_linear"", ""session_time_quadratic"", ""image_identity:im115_r-1.0"", ""eventual_response_in_window"", ""eventual_response_latency"", ""response_latency_missing""]"
engaged_2,24,24,24,0.04674077563423684,0.04793122549740736,0.0011904498631705174,0.04144581305650774,-0.005294962577729101,0.006485412440899618,"[[100.0, 100.0, 2], [100.0, 100.0, 2], [100.0, 100.0, 8], [100.0, 100.0, 1]]","[[100.0, 100.0, 2], [100.0, 100.0, 2], [100.0, 100.0, 8], [100.0, 100.0, 1]]",pass,https://dandiarchive.s3.amazonaws.com/blobs/fd4/c49/fd4c4964-f02b-456e-af4d-b9407877d0de,614608,1187940755,STR,Isocortex,"[1311, 1439, 1446, 1412, 1385, 1288, 1356, 1290, 1269, 1371, 1353, 1443, 1306, 1336, 1312, 1313, 1285, 1442, 1373, 1367, 1421, 1417, 1420, 1444]","[714, 1988, 2155, 1480, 215, 1777, 1496, 173, 289, 1567, 1939, 1497, 154, 1118, 2225, 210, 1523, 195, 1519, 803, 412, 235, 1615, 342]","[""session_time_linear"", ""session_time_quadratic"", ""image_identity:im115_r-1.0"", ""eventual_response_in_window"", ""eventual_response_latency"", ""response_latency_missing""]"
no_reward,24,24,24,0.05267699892349442,0.034409652456583895,-0.018267346466910528,0.04554338423454296,-0.007133614688951462,-0.011133731777959066,"[[100.0, 100.0, 4], [100.0, 100.0, 1], [100.0, 100.0, 1], [100.0, 100.0, 1]]","[[100.0, 100.0, 4], [100.0, 100.0, 1], [100.0, 100.0, 1], [100.0, 100.0, 1]]",pass,https://dandiarchive.s3.amazonaws.com/blobs/fd4/c49/fd4c4964-f02b-456e-af4d-b9407877d0de,614608,1187940755,STR,Isocortex,"[1311, 1439, 1446, 1412, 1385, 1288, 1356, 1290, 1269, 1371, 1353, 1443, 1306, 1336, 1312, 1313, 1285, 1442, 1373, 1367, 1421, 1417, 1420, 1444]","[714, 1988, 2155, 1480, 215, 1777, 1496, 173, 289, 1567, 1939, 1497, 154, 1118, 2225, 210, 1523, 195, 1519, 803, 412, 235, 1615, 342]","[""session_time_linear"", ""session_time_quadratic"", ""image_identity:im115_r-1.0"", ""eventual_response_in_window"", ""eventual_response_latency"", ""response_latency_missing""]"
engaged_1,17,24,24,0.06486931863453327,0.054658310194504955,-0.010211008440028313,0.06688202217681982,0.0020127035422865536,-0.012223711982314867,"[[100.0, 100.0, 1], [100.0, 100.0, 1], [100.0, 100.0, 2], [100.0, 100.0, 8]]","[[100.0, 100.0, 1], [100.0, 100.0, 1], [100.0, 100.0, 2], [100.0, 100.0, 8]]",pass,https://dandiarchive.s3.amazonaws.com/blobs/75d/9d0/75d9d091-e7db-47d1-aac4-d41133e29393,615048,1197725774,STR,Isocortex,"[79, 78, 82, 95, 151, 92, 168, 143, 88, 87, 103, 173, 108, 138, 135, 81, 129, 137, 169, 109, 84, 458, 165, 86]","[741, 1187, 778, 1574, 1920, 743, 1913, 465, 1933, 1951, 228, 722, 1936, 1579, 1984, 2210, 1985, 824, 1912, 1900, 289, 1174, 1642, 1600]","[""session_time_linear"", ""session_time_quadratic"", ""image_identity:im115_r-1.0"", ""eventual_response_in_window"", ""eventual_response_latency"", ""response_latency_missing""]"
engaged_2,17,24,24,0.026658548715288055,0.021693433567007814,-0.004965115148280241,0.02773986635901249,0.0010813176437244332,-0.0060464327920046745,"[[100.0, 100.0, 4], [100.0, 100.0, 8], [100.0, 100.0, 1], [100.0, 100.0, 2]]","[[100.0, 100.0, 4], [100.0, 100.0, 8], [100.0, 100.0, 1], [100.0, 100.0, 2]]",pass,https://dandiarchive.s3.amazonaws.com/blobs/75d/9d0/75d9d091-e7db-47d1-aac4-d41133e29393,615048,1197725774,STR,Isocortex,"[79, 78, 82, 95, 151, 92, 168, 143, 88, 87, 103, 173, 108, 138, 135, 81, 129, 137, 169, 109, 84, 458, 165, 86]","[741, 1187, 778, 1574, 1920, 743, 1913, 465, 1933, 1951, 228, 722, 1936, 1579, 1984, 2210, 1985, 824, 1912, 1900, 289, 1174, 1642, 1600]","[""session_time_linear"", ""session_time_quadratic"", ""image_identity:im115_r-1.0"", ""eventual_response_in_window"", ""eventual_response_latency"", ""response_latency_missing""]"
no_reward,17,24,24,-0.08196322880430151,-0.07734742126062111,0.004615807543680406,-0.08400614236117487,-0.0020429135568733603,0.006658721100553766,"[[10.0, 10.0, 4], [100.0, 100.0, 4], [100.0, 100.0, 1], [100.0, 100.0, 1]]","[[10.0, 10.0, 4], [100.0, 100.0, 4], [100.0, 100.0, 1], [100.0, 100.0, 1]]",pass,https://dandiarchive.s3.amazonaws.com/blobs/75d/9d0/75d9d091-e7db-47d1-aac4-d41133e29393,615048,1197725774,STR,Isocortex,"[79, 78, 82, 95, 151, 92, 168, 143, 88, 87, 103, 173, 108, 138, 135, 81, 129, 137, 169, 109, 84, 458, 165, 86]","[741, 1187, 778, 1574, 1920, 743, 1913, 465, 1933, 1951, 228, 722, 1936, 1579, 1984, 2210, 1985, 824, 1912, 1900, 289, 1174, 1642, 1600]","[""session_time_linear"", ""session_time_quadratic"", ""image_identity:im115_r-1.0"", ""eventual_response_in_window"", ""eventual_response_latency"", ""response_latency_missing""]"
engaged_1,18,24,24,0.048681638224992385,0.0457930678959757,-0.002888570329016682,0.052269866477546834,0.0035882282525544484,-0.00647679858157113,"[[100.0, 100.0, 1], [100.0, 100.0, 1], [100.0, 100.0, 1], [100.0, 100.0, 4]]","[[100.0, 100.0, 1], [100.0, 100.0, 1], [100.0, 100.0, 1], [100.0, 100.0, 4]]",pass,https://dandiarchive.s3.amazonaws.com/blobs/fe0/9ba/fe09ba54-89e9-4b73-bf95-5127c2ee2ad9,615048,1197514969,STR,Isocortex,"[1788, 60, 56, 1829, 44, 1818, 52, 2076, 54, 148, 2093, 127, 2280, 2101, 2071, 2258, 2212, 63, 2086, 1800, 2092, 2055, 1774, 2090]","[1892, 637, 1897, 326, 1889, 1890, 640, 1594, 1065, 2310, 1032, 1084, 242, 231, 647, 646, 739, 732, 1086, 322, 1900, 2431, 1951, 318]","[""session_time_linear"", ""session_time_quadratic"", ""image_identity:im115_r-1.0"", ""eventual_response_in_window"", ""eventual_response_latency"", ""response_latency_missing""]"
engaged_2,18,24,24,-0.00023373738748144746,-0.012524877459063166,-0.012291140071581719,-0.041368554253696566,-0.04113481686621512,0.0288436767946334,"[[100.0, 100.0, 8], [100.0, 10.0, 8], [100.0, 100.0, 8], [100.0, 100.0, 2]]","[[100.0, 100.0, 8], [100.0, 10.0, 8], [100.0, 100.0, 8], [100.0, 100.0, 2]]",pass,https://dandiarchive.s3.amazonaws.com/blobs/fe0/9ba/fe09ba54-89e9-4b73-bf95-5127c2ee2ad9,615048,1197514969,STR,Isocortex,"[1788, 60, 56, 1829, 44, 1818, 52, 2076, 54, 148, 2093, 127, 2280, 2101, 2071, 2258, 2212, 63, 2086, 1800, 2092, 2055, 1774, 2090]","[1892, 637, 1897, 326, 1889, 1890, 640, 1594, 1065, 2310, 1032, 1084, 242, 231, 647, 646, 739, 732, 1086, 322, 1900, 2431, 1951, 318]","[""session_time_linear"", ""session_time_quadratic"", ""image_identity:im115_r-1.0"", ""eventual_response_in_window"", ""eventual_response_latency"", ""response_latency_missing""]"
no_reward,18,24,24,-0.018047353652224984,0.025090163681877997,0.04313751733410298,-0.03353907390471478,-0.015491720252489793,0.058629237586592775,"[[100.0, 10.0, 1], [100.0, 100.0, 8], [100.0, 100.0, 4], [10.0, 10.0, 8]]","[[100.0, 10.0, 1], [100.0, 100.0, 8], [100.0, 100.0, 4], [10.0, 10.0, 8]]",pass,https://dandiarchive.s3.amazonaws.com/blobs/fe0/9ba/fe09ba54-89e9-4b73-bf95-5127c2ee2ad9,615048,1197514969,STR,Isocortex,"[1788, 60, 56, 1829, 44, 1818, 52, 2076, 54, 148, 2093, 127, 2280, 2101, 2071, 2258, 2212, 63, 2086, 1800, 2092, 2055, 1774, 2090]","[1892, 637, 1897, 326, 1889, 1890, 640, 1594, 1065, 2310, 1032, 1084, 242, 231, 647, 646, 739, 732, 1086, 322, 1900, 2431, 1951, 318]","[""session_time_linear"", ""session_time_quadratic"", ""image_identity:im115_r-1.0"", ""eventual_response_in_window"", ""eventual_response_latency"", ""response_latency_missing""]"
engaged_1,16,24,24,0.04121008604050813,0.03783084592603381,-0.0033792401144743245,0.0427802844665226,0.0015701984260144686,-0.004949438540488793,"[[100.0, 100.0, 2], [100.0, 100.0, 4], [100.0, 100.0, 1], [100.0, 100.0, 2]]","[[100.0, 100.0, 2], [100.0, 100.0, 4], [100.0, 100.0, 1], [100.0, 100.0, 2]]",pass,https://dandiarchive.s3.amazonaws.com/blobs/3ae/b2f/3aeb2f0d-c1c1-4b50-964b-61caffa07ee9,615564,1198796984,STR,Isocortex,"[1495, 1482, 1453, 1507, 1494, 1449, 1504, 1506, 1500, 1503, 1476, 1479, 1465, 1462, 1739, 1478, 1466, 9, 6, 1480, 1464, 1460, 1496, 1489]","[129, 1589, 1577, 1586, 1580, 1581, 99, 1247, 1540, 1198, 1527, 806, 1598, 66, 128, 1575, 844, 49, 1544, 849, 1348, 828, 422, 101]","[""session_time_linear"", ""session_time_quadratic"", ""image_identity:im115_r-1.0"", ""eventual_response_in_window"", ""eventual_response_latency"", ""response_latency_missing""]"
engaged_2,16,24,24,0.04080591398981992,0.049450576614264774,0.008644662624444854,0.03670223992095478,-0.004103674068865137,0.012748336693309992,"[[100.0, 100.0, 8], [100.0, 100.0, 2], [100.0, 100.0, 8], [100.0, 100.0, 8]]","[[100.0, 100.0, 8], [100.0, 100.0, 2], [100.0, 100.0, 8], [100.0, 100.0, 8]]",pass,https://dandiarchive.s3.amazonaws.com/blobs/3ae/b2f/3aeb2f0d-c1c1-4b50-964b-61caffa07ee9,615564,1198796984,STR,Isocortex,"[1495, 1482, 1453, 1507, 1494, 1449, 1504, 1506, 1500, 1503, 1476, 1479, 1465, 1462, 1739, 1478, 1466, 9, 6, 1480, 1464, 1460, 1496, 1489]","[129, 1589, 1577, 1586, 1580, 1581, 99, 1247, 1540, 1198, 1527, 806, 1598, 66, 128, 1575, 844, 49, 1544, 849, 1348, 828, 422, 101]","[""session_time_linear"", ""session_time_quadratic"", ""image_identity:im115_r-1.0"", ""eventual_response_in_window"", ""eventual_response_latency"", ""response_latency_missing""]"
no_reward,16,24,24,0.05677219560445945,0.04206978424552521,-0.014702411358934242,0.049303415661045014,-0.007468779943414439,-0.007233631415519803,"[[100.0, 100.0, 1], [100.0, 100.0, 8], [100.0, 100.0, 2], [100.0, 100.0, 1]]","[[100.0, 100.0, 1], [100.0, 100.0, 8], [100.0, 100.0, 2], [100.0, 100.0, 1]]",pass,https://dandiarchive.s3.amazonaws.com/blobs/3ae/b2f/3aeb2f0d-c1c1-4b50-964b-61caffa07ee9,615564,1198796984,STR,Isocortex,"[1495, 1482, 1453, 1507, 1494, 1449, 1504, 1506, 1500, 1503, 1476, 1479, 1465, 1462, 1739, 1478, 1466, 9, 6, 1480, 1464, 1460, 1496, 1489]","[129, 1589, 1577, 1586, 1580, 1581, 99, 1247, 1540, 1198, 1527, 806, 1598, 66, 128, 1575, 844, 49, 1544, 849, 1348, 828, 422, 101]","[""session_time_linear"", ""session_time_quadratic"", ""image_identity:im115_r-1.0"", ""eventual_response_in_window"", ""eventual_response_latency"", ""response_latency_missing""]"
engaged_1,17,24,24,0.06553076695220972,0.06822913281634346,0.002698365864133745,0.04618855179186376,-0.019342215160345955,0.0220405810244797,"[[100.0, 100.0, 1], [100.0, 100.0, 8], [100.0, 100.0, 4], [100.0, 100.0, 1]]","[[100.0, 100.0, 1], [100.0, 100.0, 8], [100.0, 100.0, 4], [100.0, 100.0, 1]]",pass,https://dandiarchive.s3.amazonaws.com/blobs/635/68b/63568b8b-5957-4045-b90d-d75108909249,615564,1198995158,STR,Isocortex,"[2225, 2147, 2242, 2241, 2161, 2255, 2208, 2155, 2123, 2125, 2143, 2113, 2215, 2163, 2156, 2555, 2146, 2206, 2131, 2232, 2598, 2137, 2198, 2127]","[1843, 2375, 1790, 698, 2274, 2403, 1877, 2382, 1847, 683, 1844, 2469, 2342, 112, 1450, 2476, 1836, 696, 1806, 674, 1446, 2432, 1441, 2453]","[""session_time_linear"", ""session_time_quadratic"", ""image_identity:im115_r-1.0"", ""eventual_response_in_window"", ""eventual_response_latency"", ""response_latency_missing""]"
engaged_2,17,24,24,0.01658046226843657,0.013609549203062565,-0.0029709130653740035,0.01598563573448719,-0.0005948265339493775,-0.002376086531424626,"[[100.0, 100.0, 1], [100.0, 100.0, 4], [100.0, 100.0, 1], [100.0, 100.0, 1]]","[[100.0, 100.0, 1], [100.0, 100.0, 4], [100.0, 100.0, 1], [100.0, 100.0, 1]]",pass,https://dandiarchive.s3.amazonaws.com/blobs/635/68b/63568b8b-5957-4045-b90d-d75108909249,615564,1198995158,STR,Isocortex,"[2225, 2147, 2242, 2241, 2161, 2255, 2208, 2155, 2123, 2125, 2143, 2113, 2215, 2163, 2156, 2555, 2146, 2206, 2131, 2232, 2598, 2137, 2198, 2127]","[1843, 2375, 1790, 698, 2274, 2403, 1877, 2382, 1847, 683, 1844, 2469, 2342, 112, 1450, 2476, 1836, 696, 1806, 674, 1446, 2432, 1441, 2453]","[""session_time_linear"", ""session_time_quadratic"", ""image_identity:im115_r-1.0"", ""eventual_response_in_window"", ""eventual_response_latency"", ""response_latency_missing""]"
no_reward,17,24,24,0.008238430648513928,0.001964183979411671,-0.006274246669102257,0.01807088817331659,0.009832457524802662,-0.01610670419390492,"[[100.0, 100.0, 8], [100.0, 100.0, 1], [100.0, 100.0, 1], [100.0, 100.0, 8]]","[[100.0, 100.0, 8], [100.0, 100.0, 1], [100.0, 100.0, 1], [100.0, 100.0, 8]]",pass,https://dandiarchive.s3.amazonaws.com/blobs/635/68b/63568b8b-5957-4045-b90d-d75108909249,615564,1198995158,STR,Isocortex,"[2225, 2147, 2242, 2241, 2161, 2255, 2208, 2155, 2123, 2125, 2143, 2113, 2215, 2163, 2156, 2555, 2146, 2206, 2131, 2232, 2598, 2137, 2198, 2127]","[1843, 2375, 1790, 698, 2274, 2403, 1877, 2382, 1847, 683, 1844, 2469, 2342, 112, 1450, 2476, 1836, 696, 1806, 674, 1446, 2432, 1441, 2453]","[""session_time_linear"", ""session_time_quadratic"", ""image_identity:im115_r-1.0"", ""eventual_response_in_window"", ""eventual_response_latency"", ""response_latency_missing""]"
engaged_1,12,24,24,0.03695448435731086,0.049965017529294165,0.013010533171983307,0.046899241988050844,0.009944757630739987,0.0030657755412433207,"[[100.0, 100.0, 4], [100.0, 100.0, 8], [100.0, 100.0, 4], [100.0, 100.0, 8]]","[[100.0, 100.0, 4], [100.0, 100.0, 8], [100.0, 100.0, 4], [100.0, 100.0, 8]]",pass,https://dandiarchive.s3.amazonaws.com/blobs/9ae/cb7/9aecb778-a5a0-4554-8b06-3af01005fea5,623319,1209073822,STR,Isocortex,"[1657, 1783, 1740, 1737, 1743, 1738, 1734, 1648, 1655, 1771, 1730, 1663, 1837, 1839, 2386, 1835, 1736, 2263, 1820, 1816, 1721, 1652, 1662, 1749]","[883, 1467, 2028, 2079, 1472, 455, 1463, 2092, 2201, 1955, 425, 2034, 1433, 437, 1456, 457, 451, 1461, 2158, 450, 2125, 2084, 1475, 2193]","[""session_time_linear"", ""session_time_quadratic"", ""image_identity:im115_r-1.0"", ""eventual_response_in_window"", ""eventual_response_latency"", ""response_latency_missing""]"
engaged_2,12,24,24,0.09432286199108642,0.09506577736401123,0.0007429153729248128,0.08486457888561183,-0.009458283105474585,0.010201198478399398,"[[10.0, 100.0, 8], [10.0, 100.0, 1], [100.0, 100.0, 1], [100.0, 100.0, 1]]","[[10.0, 100.0, 8], [10.0, 100.0, 1], [100.0, 100.0, 1], [100.0, 100.0, 1]]",pass,https://dandiarchive.s3.amazonaws.com/blobs/9ae/cb7/9aecb778-a5a0-4554-8b06-3af01005fea5,623319,1209073822,STR,Isocortex,"[1657, 1783, 1740, 1737, 1743, 1738, 1734, 1648, 1655, 1771, 1730, 1663, 1837, 1839, 2386, 1835, 1736, 2263, 1820, 1816, 1721, 1652, 1662, 1749]","[883, 1467, 2028, 2079, 1472, 455, 1463, 2092, 2201, 1955, 425, 2034, 1433, 437, 1456, 457, 451, 1461, 2158, 450, 2125, 2084, 1475, 2193]","[""session_time_linear"", ""session_time_quadratic"", ""image_identity:im115_r-1.0"", ""eventual_response_in_window"", ""eventual_response_latency"", ""response_latency_missing""]"
no_reward,12,24,24,-0.020116043185815613,-0.032880898351065335,-0.012764855165249722,-0.02475193473030801,-0.004635891544492399,-0.008128963620757323,"[[100.0, 100.0, 1], [100.0, 100.0, 8], [100.0, 100.0, 1], [100.0, 100.0, 4]]","[[100.0, 100.0, 1], [100.0, 100.0, 8], [100.0, 100.0, 1], [100.0, 100.0, 4]]",pass,https://dandiarchive.s3.amazonaws.com/blobs/9ae/cb7/9aecb778-a5a0-4554-8b06-3af01005fea5,623319,1209073822,STR,Isocortex,"[1657, 1783, 1740, 1737, 1743, 1738, 1734, 1648, 1655, 1771, 1730, 1663, 1837, 1839, 2386, 1835, 1736, 2263, 1820, 1816, 1721, 1652, 1662, 1749]","[883, 1467, 2028, 2079, 1472, 455, 1463, 2092, 2201, 1955, 425, 2034, 1433, 437, 1456, 457, 451, 1461, 2158, 450, 2125, 2084, 1475, 2193]","[""session_time_linear"", ""session_time_quadratic"", ""image_identity:im115_r-1.0"", ""eventual_response_in_window"", ""eventual_response_latency"", ""response_latency_missing""]"
engaged_1,22,24,24,0.055006180525667414,0.041469775721366786,-0.013536404804300628,0.05049331290235948,-0.004512867623307937,-0.009023537180992691,"[[100.0, 100.0, 4], [100.0, 100.0, 1], [100.0, 100.0, 2], [100.0, 100.0, 1]]","[[100.0, 100.0, 4], [100.0, 100.0, 1], [100.0, 100.0, 2], [100.0, 100.0, 1]]",pass,https://dandiarchive.s3.amazonaws.com/blobs/5d9/4f7/5d94f7f7-daa2-4d2d-93a5-1bd2bc02e141,623322,1200471383,STR,Isocortex,"[1602, 1567, 1571, 1576, 1592, 1599, 1583, 1566, 1587, 1568, 1600, 1596, 1589, 1584, 1594, 1579, 1870, 1593, 141, 1572, 1617, 1595, 1869, 1578]","[293, 1737, 1269, 1785, 1461, 759, 1295, 1444, 48, 394, 1726, 54, 13, 1497, 330, 1733, 74, 1433, 103, 386, 784, 80, 756, 1793]","[""session_time_linear"", ""session_time_quadratic"", ""image_identity:im115_r-1.0"", ""eventual_response_in_window"", ""eventual_response_latency"", ""response_latency_missing""]"
engaged_2,22,24,24,0.050258084173312234,0.03615641622240895,-0.014101667950903285,0.0428237850706884,-0.007434299102623831,-0.0066673688482794535,"[[100.0, 100.0, 1], [100.0, 100.0, 1], [100.0, 100.0, 2], [100.0, 100.0, 1]]","[[100.0, 100.0, 1], [100.0, 100.0, 1], [100.0, 100.0, 2], [100.0, 100.0, 1]]",pass,https://dandiarchive.s3.amazonaws.com/blobs/5d9/4f7/5d94f7f7-daa2-4d2d-93a5-1bd2bc02e141,623322,1200471383,STR,Isocortex,"[1602, 1567, 1571, 1576, 1592, 1599, 1583, 1566, 1587, 1568, 1600, 1596, 1589, 1584, 1594, 1579, 1870, 1593, 141, 1572, 1617, 1595, 1869, 1578]","[293, 1737, 1269, 1785, 1461, 759, 1295, 1444, 48, 394, 1726, 54, 13, 1497, 330, 1733, 74, 1433, 103, 386, 784, 80, 756, 1793]","[""session_time_linear"", ""session_time_quadratic"", ""image_identity:im115_r-1.0"", ""eventual_response_in_window"", ""eventual_response_latency"", ""response_latency_missing""]"
no_reward,22,24,24,0.05378668105367834,0.0624228021131521,0.008636121059473756,0.06996328013542663,0.01617659908174829,-0.007540478022274533,"[[100.0, 100.0, 1], [100.0, 100.0, 8], [100.0, 100.0, 8], [100.0, 100.0, 8]]","[[100.0, 100.0, 1], [100.0, 100.0, 8], [100.0, 100.0, 8], [100.0, 100.0, 8]]",pass,https://dandiarchive.s3.amazonaws.com/blobs/5d9/4f7/5d94f7f7-daa2-4d2d-93a5-1bd2bc02e141,623322,1200471383,STR,Isocortex,"[1602, 1567, 1571, 1576, 1592, 1599, 1583, 1566, 1587, 1568, 1600, 1596, 1589, 1584, 1594, 1579, 1870, 1593, 141, 1572, 1617, 1595, 1869, 1578]","[293, 1737, 1269, 1785, 1461, 759, 1295, 1444, 48, 394, 1726, 54, 13, 1497, 330, 1733, 74, 1433, 103, 386, 784, 80, 756, 1793]","[""session_time_linear"", ""session_time_quadratic"", ""image_identity:im115_r-1.0"", ""eventual_response_in_window"", ""eventual_response_latency"", ""response_latency_missing""]"
engaged_1,14,24,24,0.059931958133074725,0.043591518070048796,-0.01634044006302593,0.04265483017475058,-0.017277127958324145,0.0009366878952982161,"[[100.0, 100.0, 8], [100.0, 100.0, 4], [100.0, 100.0, 8], [100.0, 100.0, 8]]","[[100.0, 100.0, 8], [100.0, 100.0, 4], [100.0, 100.0, 8], [100.0, 100.0, 8]]",pass,https://dandiarchive.s3.amazonaws.com/blobs/8bb/124/8bb12481-57e1-4f9d-95f0-c2ec49f2e338,632295,1218795542,STR,Isocortex,"[1832, 1958, 1847, 1893, 1976, 1895, 1837, 1933, 1890, 1962, 2313, 1924, 1949, 2326, 1922, 1867, 1823, 1839, 1908, 1853, 1909, 1873, 1901, 1868]","[1631, 1088, 773, 480, 710, 717, 2045, 483, 2192, 454, 1127, 69, 2122, 731, 1100, 1098, 1109, 1157, 1158, 1102, 2161, 736, 1699, 492]","[""session_time_linear"", ""session_time_quadratic"", ""image_identity:im115_r-1.0"", ""eventual_response_in_window"", ""eventual_response_latency"", ""response_latency_missing""]"
engaged_2,14,24,24,0.02854998034332612,0.03147586598140151,0.0029258856380753873,0.0036834876905047498,-0.02486649265282137,0.027792378290896758,"[[100.0, 10.0, 1], [100.0, 100.0, 8], [100.0, 100.0, 1], [100.0, 100.0, 1]]","[[100.0, 10.0, 1], [100.0, 100.0, 8], [100.0, 100.0, 1], [100.0, 100.0, 1]]",pass,https://dandiarchive.s3.amazonaws.com/blobs/8bb/124/8bb12481-57e1-4f9d-95f0-c2ec49f2e338,632295,1218795542,STR,Isocortex,"[1832, 1958, 1847, 1893, 1976, 1895, 1837, 1933, 1890, 1962, 2313, 1924, 1949, 2326, 1922, 1867, 1823, 1839, 1908, 1853, 1909, 1873, 1901, 1868]","[1631, 1088, 773, 480, 710, 717, 2045, 483, 2192, 454, 1127, 69, 2122, 731, 1100, 1098, 1109, 1157, 1158, 1102, 2161, 736, 1699, 492]","[""session_time_linear"", ""session_time_quadratic"", ""image_identity:im115_r-1.0"", ""eventual_response_in_window"", ""eventual_response_latency"", ""response_latency_missing""]"
no_reward,14,24,24,-0.1869714048477864,-0.18771274541257021,-0.00074134056478381,-0.10475353010479482,0.08221787474299158,-0.08295921530777539,"[[10.0, 10.0, 4], [100.0, 100.0, 4], [100.0, 100.0, 8], [100.0, 100.0, 1]]","[[10.0, 10.0, 4], [100.0, 100.0, 4], [100.0, 100.0, 8], [100.0, 100.0, 1]]",pass,https://dandiarchive.s3.amazonaws.com/blobs/8bb/124/8bb12481-57e1-4f9d-95f0-c2ec49f2e338,632295,1218795542,STR,Isocortex,"[1832, 1958, 1847, 1893, 1976, 1895, 1837, 1933, 1890, 1962, 2313, 1924, 1949, 2326, 1922, 1867, 1823, 1839, 1908, 1853, 1909, 1873, 1901, 1868]","[1631, 1088, 773, 480, 710, 717, 2045, 483, 2192, 454, 1127, 69, 2122, 731, 1100, 1098, 1109, 1157, 1158, 1102, 2161, 736, 1699, 492]","[""session_time_linear"", ""session_time_quadratic"", ""image_identity:im115_r-1.0"", ""eventual_response_in_window"", ""eventual_response_latency"", ""response_latency_missing""]"
engaged_1,12,24,24,0.024284983827230877,0.02094033259972261,-0.0033446512275082663,0.02683563080817475,0.0025506469809438714,-0.005895298208452138,"[[100.0, 100.0, 1], [10.0, 100.0, 8], [100.0, 100.0, 1], [100.0, 100.0, 8]]","[[100.0, 100.0, 1], [10.0, 100.0, 8], [100.0, 100.0, 1], [100.0, 100.0, 8]]",pass,https://dandiarchive.s3.amazonaws.com/blobs/db1/7c5/db17c503-6c6e-44c4-921f-4b0ddfa6dbdb,632295,1219127153,STR,Isocortex,"[1408, 1466, 1409, 1431, 1461, 1403, 1446, 1662, 1487, 1415, 1711, 1476, 1429, 1485, 1430, 1463, 1678, 1441, 1449, 1462, 1407, 1668, 1679, 1468]","[1552, 130, 352, 1152, 888, 98, 866, 386, 1182, 877, 864, 852, 1190, 1196, 337, 1551, 117, 1508, 907, 1238, 906, 1183, 922, 149]","[""session_time_linear"", ""session_time_quadratic"", ""image_identity:im115_r-1.0"", ""eventual_response_in_window"", ""eventual_response_latency"", ""response_latency_missing""]"
engaged_2,12,24,24,0.014186061789291271,-0.03220963370259855,-0.04639569549188982,-0.06855660749204939,-0.08274266928134066,0.03634697378945084,"[[100.0, 1.0, 2], [100.0, 100.0, 8], [100.0, 10.0, 4], [100.0, 100.0, 1]]","[[100.0, 1.0, 2], [100.0, 100.0, 8], [100.0, 10.0, 4], [100.0, 100.0, 1]]",pass,https://dandiarchive.s3.amazonaws.com/blobs/db1/7c5/db17c503-6c6e-44c4-921f-4b0ddfa6dbdb,632295,1219127153,STR,Isocortex,"[1408, 1466, 1409, 1431, 1461, 1403, 1446, 1662, 1487, 1415, 1711, 1476, 1429, 1485, 1430, 1463, 1678, 1441, 1449, 1462, 1407, 1668, 1679, 1468]","[1552, 130, 352, 1152, 888, 98, 866, 386, 1182, 877, 864, 852, 1190, 1196, 337, 1551, 117, 1508, 907, 1238, 906, 1183, 922, 149]","[""session_time_linear"", ""session_time_quadratic"", ""image_identity:im115_r-1.0"", ""eventual_response_in_window"", ""eventual_response_latency"", ""response_latency_missing""]"
no_reward,12,24,24,-0.0678990607897505,-0.07679102130947935,-0.008891960519728848,-0.061853113442534635,0.006045947347215863,-0.01493790786694471,"[[100.0, 10.0, 1], [100.0, 100.0, 4], [100.0, 100.0, 1], [10.0, 10.0, 1]]","[[100.0, 10.0, 1], [100.0, 100.0, 4], [100.0, 100.0, 1], [10.0, 10.0, 1]]",pass,https://dandiarchive.s3.amazonaws.com/blobs/db1/7c5/db17c503-6c6e-44c4-921f-4b0ddfa6dbdb,632295,1219127153,STR,Isocortex,"[1408, 1466, 1409, 1431, 1461, 1403, 1446, 1662, 1487, 1415, 1711, 1476, 1429, 1485, 1430, 1463, 1678, 1441, 1449, 1462, 1407, 1668, 1679, 1468]","[1552, 130, 352, 1152, 888, 98, 866, 386, 1182, 877, 864, 852, 1190, 1196, 337, 1551, 117, 1508, 907, 1238, 906, 1183, 922, 149]","[""session_time_linear"", ""session_time_quadratic"", ""image_identity:im115_r-1.0"", ""eventual_response_in_window"", ""eventual_response_latency"", ""response_latency_missing""]"
engaged_1,21,24,24,0.020332611000976164,0.02094081543583226,0.0006082044348560967,-0.004480832413587876,-0.02481344341456404,0.025421647849420137,"[[100.0, 10.0, 1], [100.0, 100.0, 8], [100.0, 100.0, 8], [100.0, 100.0, 2]]","[[100.0, 10.0, 1], [100.0, 100.0, 8], [100.0, 100.0, 8], [100.0, 100.0, 2]]",pass,https://dandiarchive.s3.amazonaws.com/blobs/d8b/8a9/d8b8a9fb-eda0-459f-a722-60a69961c992,638387,1229654875,STR,Isocortex,"[6, 3, 67, 35, 12, 0, 109, 18, 11, 1634, 14, 1621, 16, 40, 78, 1637, 584, 46, 575, 25, 50, 10, 570, 9]","[153, 1559, 425, 848, 333, 147, 820, 1542, 1144, 271, 340, 1146, 811, 765, 159, 1561, 1745, 1126, 381, 1138, 393, 808, 800, 1736]","[""session_time_linear"", ""session_time_quadratic"", ""image_identity:im115_r-1.0"", ""eventual_response_in_window"", ""eventual_response_latency"", ""response_latency_missing""]"
engaged_2,21,24,24,0.04686594389416754,0.040453798723531276,-0.006412145170636263,0.04223027170761562,-0.00463567218655192,-0.001776472984084343,"[[100.0, 100.0, 1], [100.0, 100.0, 1], [100.0, 100.0, 1], [100.0, 100.0, 8]]","[[100.0, 100.0, 1], [100.0, 100.0, 1], [100.0, 100.0, 1], [100.0, 100.0, 8]]",pass,https://dandiarchive.s3.amazonaws.com/blobs/d8b/8a9/d8b8a9fb-eda0-459f-a722-60a69961c992,638387,1229654875,STR,Isocortex,"[6, 3, 67, 35, 12, 0, 109, 18, 11, 1634, 14, 1621, 16, 40, 78, 1637, 584, 46, 575, 25, 50, 10, 570, 9]","[153, 1559, 425, 848, 333, 147, 820, 1542, 1144, 271, 340, 1146, 811, 765, 159, 1561, 1745, 1126, 381, 1138, 393, 808, 800, 1736]","[""session_time_linear"", ""session_time_quadratic"", ""image_identity:im115_r-1.0"", ""eventual_response_in_window"", ""eventual_response_latency"", ""response_latency_missing""]"
no_reward,21,24,24,0.02034378035232698,0.009317354094848351,-0.011026426257478628,0.0022385387114303157,-0.018105241640896663,0.007078815383418036,"[[100.0, 100.0, 4], [100.0, 100.0, 1], [100.0, 100.0, 8], [100.0, 100.0, 8]]","[[100.0, 100.0, 4], [100.0, 100.0, 1], [100.0, 100.0, 8], [100.0, 100.0, 8]]",pass,https://dandiarchive.s3.amazonaws.com/blobs/d8b/8a9/d8b8a9fb-eda0-459f-a722-60a69961c992,638387,1229654875,STR,Isocortex,"[6, 3, 67, 35, 12, 0, 109, 18, 11, 1634, 14, 1621, 16, 40, 78, 1637, 584, 46, 575, 25, 50, 10, 570, 9]","[153, 1559, 425, 848, 333, 147, 820, 1542, 1144, 271, 340, 1146, 811, 765, 159, 1561, 1745, 1126, 381, 1138, 393, 808, 800, 1736]","[""session_time_linear"", ""session_time_quadratic"", ""image_identity:im115_r-1.0"", ""eventual_response_in_window"", ""eventual_response_latency"", ""response_latency_missing""]"
engaged_1,23,24,24,0.012753138834227129,0.006438700093620686,-0.006314438740606443,0.011584836063651238,-0.0011683027705758908,-0.005146135970030552,"[[100.0, 100.0, 1], [100.0, 100.0, 1], [100.0, 100.0, 1], [100.0, 100.0, 1]]","[[100.0, 100.0, 1], [100.0, 100.0, 1], [100.0, 100.0, 1], [100.0, 100.0, 1]]",pass,https://dandiarchive.s3.amazonaws.com/blobs/584/1b8/5841b844-3102-4b4f-8f2c-e4cd23ec8f45,640887,1234203203,STR,Isocortex,"[1588, 1569, 1656, 1605, 1770, 1755, 1695, 1709, 1674, 1735, 1785, 1597, 2073, 1734, 1663, 1756, 1732, 1694, 1662, 1728, 1737, 1671, 1608, 1635]","[1829, 1822, 932, 1878, 1036, 1874, 1490, 1012, 1891, 1480, 209, 1078, 1052, 492, 1834, 582, 218, 1807, 1893, 503, 580, 1056, 1028, 965]","[""session_time_linear"", ""session_time_quadratic"", ""image_identity:im115_r-1.0"", ""eventual_response_in_window"", ""eventual_response_latency"", ""response_latency_missing""]"
engaged_2,23,24,24,0.0550737554424543,0.041016731514730065,-0.014057023927724233,0.04895356855446098,-0.0061201868879933174,-0.007936837039730915,"[[100.0, 100.0, 1], [100.0, 100.0, 1], [100.0, 100.0, 2], [100.0, 100.0, 4]]","[[100.0, 100.0, 1], [100.0, 100.0, 1], [100.0, 100.0, 2], [100.0, 100.0, 4]]",pass,https://dandiarchive.s3.amazonaws.com/blobs/584/1b8/5841b844-3102-4b4f-8f2c-e4cd23ec8f45,640887,1234203203,STR,Isocortex,"[1588, 1569, 1656, 1605, 1770, 1755, 1695, 1709, 1674, 1735, 1785, 1597, 2073, 1734, 1663, 1756, 1732, 1694, 1662, 1728, 1737, 1671, 1608, 1635]","[1829, 1822, 932, 1878, 1036, 1874, 1490, 1012, 1891, 1480, 209, 1078, 1052, 492, 1834, 582, 218, 1807, 1893, 503, 580, 1056, 1028, 965]","[""session_time_linear"", ""session_time_quadratic"", ""image_identity:im115_r-1.0"", ""eventual_response_in_window"", ""eventual_response_latency"", ""response_latency_missing""]"
no_reward,23,24,24,0.04179867095297385,0.05015246497224257,0.008353794019268723,0.021816805689593988,-0.01998186526337986,0.028335659282648584,"[[100.0, 100.0, 1], [100.0, 100.0, 4], [100.0, 100.0, 1], [100.0, 100.0, 2]]","[[100.0, 100.0, 1], [100.0, 100.0, 4], [100.0, 100.0, 1], [100.0, 100.0, 2]]",pass,https://dandiarchive.s3.amazonaws.com/blobs/584/1b8/5841b844-3102-4b4f-8f2c-e4cd23ec8f45,640887,1234203203,STR,Isocortex,"[1588, 1569, 1656, 1605, 1770, 1755, 1695, 1709, 1674, 1735, 1785, 1597, 2073, 1734, 1663, 1756, 1732, 1694, 1662, 1728, 1737, 1671, 1608, 1635]","[1829, 1822, 932, 1878, 1036, 1874, 1490, 1012, 1891, 1480, 209, 1078, 1052, 492, 1834, 582, 218, 1807, 1893, 503, 580, 1056, 1028, 965]","[""session_time_linear"", ""session_time_quadratic"", ""image_identity:im115_r-1.0"", ""eventual_response_in_window"", ""eventual_response_latency"", ""response_latency_missing""]"
engaged_1,25,24,24,0.07505366507686007,0.08866968141460341,0.013616016337743342,0.05216553437551441,-0.022888130701345655,0.036504147039089,"[[10.0, 10.0, 1], [100.0, 100.0, 4], [100.0, 100.0, 1], [100.0, 100.0, 1]]","[[10.0, 10.0, 1], [100.0, 100.0, 4], [100.0, 100.0, 1], [100.0, 100.0, 1]]",pass,https://dandiarchive.s3.amazonaws.com/blobs/cfc/bf1/cfcbf155-cb15-455d-8450-0ef256540990,640887,1234410451,STR,Isocortex,"[1343, 1319, 1405, 1344, 1647, 1443, 1305, 1396, 1340, 1297, 1342, 1774, 1496, 1301, 1606, 1718, 1388, 1316, 1304, 1302, 1435, 1475, 1298, 1294]","[85, 112, 1812, 1504, 1878, 1072, 1536, 1013, 1497, 1899, 193, 1926, 1919, 1528, 216, 1555, 169, 1905, 1987, 86, 1073, 1967, 1963, 100]","[""session_time_linear"", ""session_time_quadratic"", ""image_identity:im115_r-1.0"", ""eventual_response_in_window"", ""eventual_response_latency"", ""response_latency_missing""]"
engaged_2,25,24,24,0.04216833230512662,0.036279558050683614,-0.005888774254443008,0.042714247280039586,0.0005459149749129644,-0.006434689229355972,"[[100.0, 100.0, 8], [100.0, 100.0, 8], [100.0, 100.0, 1], [100.0, 100.0, 1]]","[[100.0, 100.0, 8], [100.0, 100.0, 8], [100.0, 100.0, 1], [100.0, 100.0, 1]]",pass,https://dandiarchive.s3.amazonaws.com/blobs/cfc/bf1/cfcbf155-cb15-455d-8450-0ef256540990,640887,1234410451,STR,Isocortex,"[1343, 1319, 1405, 1344, 1647, 1443, 1305, 1396, 1340, 1297, 1342, 1774, 1496, 1301, 1606, 1718, 1388, 1316, 1304, 1302, 1435, 1475, 1298, 1294]","[85, 112, 1812, 1504, 1878, 1072, 1536, 1013, 1497, 1899, 193, 1926, 1919, 1528, 216, 1555, 169, 1905, 1987, 86, 1073, 1967, 1963, 100]","[""session_time_linear"", ""session_time_quadratic"", ""image_identity:im115_r-1.0"", ""eventual_response_in_window"", ""eventual_response_latency"", ""response_latency_missing""]"
no_reward,25,24,24,0.07943374700858585,0.0754043570551608,-0.0040293899534250555,0.061491286920197896,-0.017942460088387957,0.013913070134962902,"[[100.0, 100.0, 1], [100.0, 100.0, 2], [100.0, 100.0, 2], [100.0, 100.0, 8]]","[[100.0, 100.0, 1], [100.0, 100.0, 2], [100.0, 100.0, 2], [100.0, 100.0, 8]]",pass,https://dandiarchive.s3.amazonaws.com/blobs/cfc/bf1/cfcbf155-cb15-455d-8450-0ef256540990,640887,1234410451,STR,Isocortex,"[1343, 1319, 1405, 1344, 1647, 1443, 1305, 1396, 1340, 1297, 1342, 1774, 1496, 1301, 1606, 1718, 1388, 1316, 1304, 1302, 1435, 1475, 1298, 1294]","[85, 112, 1812, 1504, 1878, 1072, 1536, 1013, 1497, 1899, 193, 1926, 1919, 1528, 216, 1555, 169, 1905, 1987, 86, 1073, 1967, 1963, 100]","[""session_time_linear"", ""session_time_quadratic"", ""image_identity:im115_r-1.0"", ""eventual_response_in_window"", ""eventual_response_latency"", ""response_latency_missing""]"
engaged_1,27,24,24,0.0904884236358896,0.08514538337958777,-0.005343040256301834,0.07431196069302748,-0.016176462942862124,0.01083342268656029,"[[100.0, 100.0, 1], [100.0, 100.0, 1], [100.0, 10.0, 1], [100.0, 100.0, 1]]","[[100.0, 100.0, 1], [100.0, 100.0, 1], [100.0, 10.0, 1], [100.0, 100.0, 1]]",pass,https://dandiarchive.s3.amazonaws.com/blobs/13d/b29/13db29ff-1454-412d-8680-ecd7a38c6f95,640890,1232430325,STR,Isocortex,"[3, 2314, 49, 35, 376, 45, 42, 126, 38, 34, 97, 84, 89, 117, 104, 44, 162, 387, 23, 142, 2195, 39, 69, 2269]","[1416, 1481, 2410, 2446, 1411, 2357, 1524, 366, 702, 1396, 1123, 1382, 2369, 1391, 735, 2333, 1385, 1483, 1387, 1469, 1500, 2425, 2025, 2359]","[""session_time_linear"", ""session_time_quadratic"", ""image_identity:im115_r-1.0"", ""eventual_response_in_window"", ""eventual_response_latency"", ""response_latency_missing""]"
engaged_2,27,24,24,0.07615450292438997,0.07945221975119654,0.0032977168268065737,0.0698342261133097,-0.006320276811080272,0.009617993637886846,"[[100.0, 100.0, 1], [100.0, 100.0, 1], [100.0, 100.0, 2], [100.0, 100.0, 1]]","[[100.0, 100.0, 1], [100.0, 100.0, 1], [100.0, 100.0, 2], [100.0, 100.0, 1]]",pass,https://dandiarchive.s3.amazonaws.com/blobs/13d/b29/13db29ff-1454-412d-8680-ecd7a38c6f95,640890,1232430325,STR,Isocortex,"[3, 2314, 49, 35, 376, 45, 42, 126, 38, 34, 97, 84, 89, 117, 104, 44, 162, 387, 23, 142, 2195, 39, 69, 2269]","[1416, 1481, 2410, 2446, 1411, 2357, 1524, 366, 702, 1396, 1123, 1382, 2369, 1391, 735, 2333, 1385, 1483, 1387, 1469, 1500, 2425, 2025, 2359]","[""session_time_linear"", ""session_time_quadratic"", ""image_identity:im115_r-1.0"", ""eventual_response_in_window"", ""eventual_response_latency"", ""response_latency_missing""]"
no_reward,27,24,24,0.08871720495612401,0.08301650949618433,-0.005700695459939675,0.08360886410142121,-0.0051083408547027975,-0.0005923546052368778,"[[100.0, 100.0, 1], [100.0, 100.0, 2], [100.0, 100.0, 1], [100.0, 100.0, 1]]","[[100.0, 100.0, 1], [100.0, 100.0, 2], [100.0, 100.0, 1], [100.0, 100.0, 1]]",pass,https://dandiarchive.s3.amazonaws.com/blobs/13d/b29/13db29ff-1454-412d-8680-ecd7a38c6f95,640890,1232430325,STR,Isocortex,"[3, 2314, 49, 35, 376, 45, 42, 126, 38, 34, 97, 84, 89, 117, 104, 44, 162, 387, 23, 142, 2195, 39, 69, 2269]","[1416, 1481, 2410, 2446, 1411, 2357, 1524, 366, 702, 1396, 1123, 1382, 2369, 1391, 735, 2333, 1385, 1483, 1387, 1469, 1500, 2425, 2025, 2359]","[""session_time_linear"", ""session_time_quadratic"", ""image_identity:im115_r-1.0"", ""eventual_response_in_window"", ""eventual_response_latency"", ""response_latency_missing""]"
engaged_1,22,24,24,0.011230439091714062,-0.012961325063320706,-0.024191764155034767,-0.05300525705293291,-0.06423569614464697,0.0400439319896122,"[[100.0, 100.0, 1], [100.0, 1.0, 1], [100.0, 100.0, 1], [100.0, 10.0, 1]]","[[100.0, 100.0, 1], [100.0, 1.0, 1], [100.0, 100.0, 1], [100.0, 10.0, 1]]",pass,https://dandiarchive.s3.amazonaws.com/blobs/e3b/977/e3b97777-89fa-4730-8d0e-fae22e471f07,640890,1232725697,STR,Isocortex,"[1531, 1530, 1504, 1480, 1499, 1527, 1593, 1561, 1516, 1534, 1508, 1521, 1465, 1587, 1486, 1592, 1559, 1582, 1542, 1518, 1951, 1502, 1528, 1584]","[1287, 1831, 176, 116, 103, 148, 1766, 255, 1353, 984, 120, 1307, 170, 221, 1789, 1305, 1780, 251, 142, 147, 159, 1801, 1640, 100]","[""session_time_linear"", ""session_time_quadratic"", ""image_identity:im115_r-1.0"", ""eventual_response_in_window"", ""eventual_response_latency"", ""response_latency_missing""]"
engaged_2,22,24,24,0.1353583641583027,0.13355647684586536,-0.0018018873124373558,0.1278583669549106,-0.007499997203392117,0.005698109890954761,"[[100.0, 100.0, 1], [100.0, 100.0, 1], [100.0, 100.0, 1], [100.0, 100.0, 1]]","[[100.0, 100.0, 1], [100.0, 100.0, 1], [100.0, 100.0, 1], [100.0, 100.0, 1]]",pass,https://dandiarchive.s3.amazonaws.com/blobs/e3b/977/e3b97777-89fa-4730-8d0e-fae22e471f07,640890,1232725697,STR,Isocortex,"[1531, 1530, 1504, 1480, 1499, 1527, 1593, 1561, 1516, 1534, 1508, 1521, 1465, 1587, 1486, 1592, 1559, 1582, 1542, 1518, 1951, 1502, 1528, 1584]","[1287, 1831, 176, 116, 103, 148, 1766, 255, 1353, 984, 120, 1307, 170, 221, 1789, 1305, 1780, 251, 142, 147, 159, 1801, 1640, 100]","[""session_time_linear"", ""session_time_quadratic"", ""image_identity:im115_r-1.0"", ""eventual_response_in_window"", ""eventual_response_latency"", ""response_latency_missing""]"
no_reward,22,24,24,-0.004212791755027645,-0.00761071916122269,-0.003397927406195045,0.0020506490587531845,0.0062634408137808295,-0.009661368219975874,"[[100.0, 100.0, 4], [100.0, 100.0, 4], [100.0, 100.0, 2], [100.0, 100.0, 4]]","[[100.0, 100.0, 4], [100.0, 100.0, 4], [100.0, 100.0, 2], [100.0, 100.0, 4]]",pass,https://dandiarchive.s3.amazonaws.com/blobs/e3b/977/e3b97777-89fa-4730-8d0e-fae22e471f07,640890,1232725697,STR,Isocortex,"[1531, 1530, 1504, 1480, 1499, 1527, 1593, 1561, 1516, 1534, 1508, 1521, 1465, 1587, 1486, 1592, 1559, 1582, 1542, 1518, 1951, 1502, 1528, 1584]","[1287, 1831, 176, 116, 103, 148, 1766, 255, 1353, 984, 120, 1307, 170, 221, 1789, 1305, 1780, 251, 142, 147, 159, 1801, 1640, 100]","[""session_time_linear"", ""session_time_quadratic"", ""image_identity:im115_r-1.0"", ""eventual_response_in_window"", ""eventual_response_latency"", ""response_latency_missing""]"
engaged_1,16,24,24,0.009613663162894026,-0.10788969907708479,-0.11750336223997881,0.029148194153874152,0.019534530990980126,-0.13703789323095894,"[[100.0, 1.0, 1], [100.0, 100.0, 2], [100.0, 100.0, 2], [100.0, 100.0, 2]]","[[100.0, 1.0, 1], [100.0, 100.0, 2], [100.0, 100.0, 2], [100.0, 100.0, 2]]",pass,https://dandiarchive.s3.amazonaws.com/blobs/559/41e/55941ebd-ef47-4d38-80af-0fabd499db6d,642504,1244070169,STR,Isocortex,"[1287, 1450, 1385, 1365, 1380, 1367, 1393, 1263, 1425, 1285, 1411, 1317, 1413, 1289, 1422, 1388, 1399, 1237, 1636, 1378, 1329, 1410, 1363, 1244]","[1589, 1206, 344, 1470, 1466, 1534, 65, 424, 391, 340, 1545, 1140, 1505, 1153, 1207, 351, 1462, 368, 1502, 1120, 1475, 1486, 182, 1483]","[""session_time_linear"", ""session_time_quadratic"", ""image_identity:im115_r-1.0"", ""eventual_response_in_window"", ""eventual_response_latency"", ""response_latency_missing""]"
engaged_2,16,24,24,0.042267348818040285,0.029662579295893998,-0.012604769522146286,0.03607115201199085,-0.006196196806049437,-0.00640857271609685,"[[100.0, 100.0, 1], [10.0, 100.0, 2], [100.0, 100.0, 8], [100.0, 100.0, 1]]","[[100.0, 100.0, 1], [10.0, 100.0, 2], [100.0, 100.0, 8], [100.0, 100.0, 1]]",pass,https://dandiarchive.s3.amazonaws.com/blobs/559/41e/55941ebd-ef47-4d38-80af-0fabd499db6d,642504,1244070169,STR,Isocortex,"[1287, 1450, 1385, 1365, 1380, 1367, 1393, 1263, 1425, 1285, 1411, 1317, 1413, 1289, 1422, 1388, 1399, 1237, 1636, 1378, 1329, 1410, 1363, 1244]","[1589, 1206, 344, 1470, 1466, 1534, 65, 424, 391, 340, 1545, 1140, 1505, 1153, 1207, 351, 1462, 368, 1502, 1120, 1475, 1486, 182, 1483]","[""session_time_linear"", ""session_time_quadratic"", ""image_identity:im115_r-1.0"", ""eventual_response_in_window"", ""eventual_response_latency"", ""response_latency_missing""]"
no_reward,16,24,24,0.03176493753809617,0.033687254697507774,0.0019223171594116018,0.039545551762732334,0.007780614224636162,-0.00585829706522456,"[[100.0, 100.0, 4], [100.0, 100.0, 8], [100.0, 100.0, 8], [100.0, 100.0, 1]]","[[100.0, 100.0, 4], [100.0, 100.0, 8], [100.0, 100.0, 8], [100.0, 100.0, 1]]",pass,https://dandiarchive.s3.amazonaws.com/blobs/559/41e/55941ebd-ef47-4d38-80af-0fabd499db6d,642504,1244070169,STR,Isocortex,"[1287, 1450, 1385, 1365, 1380, 1367, 1393, 1263, 1425, 1285, 1411, 1317, 1413, 1289, 1422, 1388, 1399, 1237, 1636, 1378, 1329, 1410, 1363, 1244]","[1589, 1206, 344, 1470, 1466, 1534, 65, 424, 391, 340, 1545, 1140, 1505, 1153, 1207, 351, 1462, 368, 1502, 1120, 1475, 1486, 182, 1483]","[""session_time_linear"", ""session_time_quadratic"", ""image_identity:im115_r-1.0"", ""eventual_response_in_window"", ""eventual_response_latency"", ""response_latency_missing""]"
engaged_1,18,24,24,0.07538774435893658,0.06935004438376946,-0.006037699975167121,0.0706652528756202,-0.004722491483316382,-0.001315208491850739,"[[100.0, 100.0, 1], [100.0, 100.0, 2], [100.0, 100.0, 4], [100.0, 100.0, 1]]","[[100.0, 100.0, 1], [100.0, 100.0, 2], [100.0, 100.0, 4], [100.0, 100.0, 1]]",pass,https://dandiarchive.s3.amazonaws.com/blobs/88d/b29/88db2938-a9e0-491c-8056-f83cc894edf3,642504,1243523806,STR,Isocortex,"[1070, 1109, 1062, 1093, 1116, 1130, 1349, 1140, 1051, 1088, 1087, 1135, 1114, 1107, 1101, 1155, 1052, 1145, 1110, 1132, 1098, 1133, 1352, 1336]","[1204, 892, 918, 901, 253, 1226, 891, 924, 248, 889, 53, 255, 1299, 66, 886, 938, 1211, 67, 201, 871, 259, 251, 904, 219]","[""session_time_linear"", ""session_time_quadratic"", ""image_identity:im115_r-1.0"", ""eventual_response_in_window"", ""eventual_response_latency"", ""response_latency_missing""]"
engaged_2,18,24,24,0.04986857986775517,0.0467608630628501,-0.0031077168049050696,0.04788194517686173,-0.0019866346908934407,-0.001121082114011629,"[[100.0, 100.0, 4], [100.0, 100.0, 1], [100.0, 100.0, 4], [100.0, 100.0, 1]]","[[100.0, 100.0, 4], [100.0, 100.0, 1], [100.0, 100.0, 4], [100.0, 100.0, 1]]",pass,https://dandiarchive.s3.amazonaws.com/blobs/88d/b29/88db2938-a9e0-491c-8056-f83cc894edf3,642504,1243523806,STR,Isocortex,"[1070, 1109, 1062, 1093, 1116, 1130, 1349, 1140, 1051, 1088, 1087, 1135, 1114, 1107, 1101, 1155, 1052, 1145, 1110, 1132, 1098, 1133, 1352, 1336]","[1204, 892, 918, 901, 253, 1226, 891, 924, 248, 889, 53, 255, 1299, 66, 886, 938, 1211, 67, 201, 871, 259, 251, 904, 219]","[""session_time_linear"", ""session_time_quadratic"", ""image_identity:im115_r-1.0"", ""eventual_response_in_window"", ""eventual_response_latency"", ""response_latency_missing""]"
no_reward,18,24,24,0.1115888472026324,0.11012613930767845,-0.0014627078949539518,0.10836295835443999,-0.0032258888481924153,0.0017631809532384635,"[[100.0, 100.0, 4], [100.0, 100.0, 4], [100.0, 100.0, 8], [100.0, 100.0, 1]]","[[100.0, 100.0, 4], [100.0, 100.0, 4], [100.0, 100.0, 8], [100.0, 100.0, 1]]",pass,https://dandiarchive.s3.amazonaws.com/blobs/88d/b29/88db2938-a9e0-491c-8056-f83cc894edf3,642504,1243523806,STR,Isocortex,"[1070, 1109, 1062, 1093, 1116, 1130, 1349, 1140, 1051, 1088, 1087, 1135, 1114, 1107, 1101, 1155, 1052, 1145, 1110, 1132, 1098, 1133, 1352, 1336]","[1204, 892, 918, 901, 253, 1226, 891, 924, 248, 889, 53, 255, 1299, 66, 886, 938, 1211, 67, 201, 871, 259, 251, 904, 219]","[""session_time_linear"", ""session_time_quadratic"", ""image_identity:im115_r-1.0"", ""eventual_response_in_window"", ""eventual_response_latency"", ""response_latency_missing""]"
engaged_1,17,24,24,0.03498454850186772,-0.01819794944762032,-0.05318249794948804,0.017703412786766792,-0.017281135715100926,-0.03590136223438711,"[[100.0, 10.0, 2], [100.0, 100.0, 1], [100.0, 100.0, 1], [100.0, 100.0, 1]]","[[100.0, 10.0, 2], [100.0, 100.0, 1], [100.0, 100.0, 1], [100.0, 100.0, 1]]",pass,https://dandiarchive.s3.amazonaws.com/blobs/68c/a06/68ca0674-2a8a-4931-8d5b-10a3edfb0cfa,614608,1187475832,STR,MB,"[1910, 1909, 1907, 1888, 1894, 1896, 1899, 2096, 1895, 1866, 1869, 2095, 2100, 1897, 2093, 1889, 1904, 1867, 1885, 1881, 1878, 2103, 1873, 1898]","[403, 439, 435, 3, 429, 437, 833, 431, 2, 464, 34, 465, 432, 408, 832, 463, 1, 458, 533, 412, 410, 415, 514, 528]","[""session_time_linear"", ""session_time_quadratic"", ""image_identity:im115_r-1.0"", ""eventual_response_in_window"", ""eventual_response_latency"", ""response_latency_missing""]"
engaged_2,17,24,24,0.11865280142864176,0.11051911351582944,-0.008133687912812326,0.11513979606239988,-0.0035130053662418836,-0.004620682546570443,"[[100.0, 100.0, 1], [10.0, 100.0, 8], [100.0, 100.0, 1], [10.0, 10.0, 1]]","[[100.0, 100.0, 1], [10.0, 100.0, 8], [100.0, 100.0, 1], [10.0, 10.0, 1]]",pass,https://dandiarchive.s3.amazonaws.com/blobs/68c/a06/68ca0674-2a8a-4931-8d5b-10a3edfb0cfa,614608,1187475832,STR,MB,"[1910, 1909, 1907, 1888, 1894, 1896, 1899, 2096, 1895, 1866, 1869, 2095, 2100, 1897, 2093, 1889, 1904, 1867, 1885, 1881, 1878, 2103, 1873, 1898]","[403, 439, 435, 3, 429, 437, 833, 431, 2, 464, 34, 465, 432, 408, 832, 463, 1, 458, 533, 412, 410, 415, 514, 528]","[""session_time_linear"", ""session_time_quadratic"", ""image_identity:im115_r-1.0"", ""eventual_response_in_window"", ""eventual_response_latency"", ""response_latency_missing""]"
no_reward,17,24,24,0.05116830987155774,0.0335406650857748,-0.017627644785782937,0.053729986914689776,0.002561677043132038,-0.020189321828914975,"[[100.0, 100.0, 1], [100.0, 100.0, 1], [10.0, 100.0, 2], [100.0, 100.0, 2]]","[[100.0, 100.0, 1], [100.0, 100.0, 1], [10.0, 100.0, 2], [100.0, 100.0, 2]]",pass,https://dandiarchive.s3.amazonaws.com/blobs/68c/a06/68ca0674-2a8a-4931-8d5b-10a3edfb0cfa,614608,1187475832,STR,MB,"[1910, 1909, 1907, 1888, 1894, 1896, 1899, 2096, 1895, 1866, 1869, 2095, 2100, 1897, 2093, 1889, 1904, 1867, 1885, 1881, 1878, 2103, 1873, 1898]","[403, 439, 435, 3, 429, 437, 833, 431, 2, 464, 34, 465, 432, 408, 832, 463, 1, 458, 533, 412, 410, 415, 514, 528]","[""session_time_linear"", ""session_time_quadratic"", ""image_identity:im115_r-1.0"", ""eventual_response_in_window"", ""eventual_response_latency"", ""response_latency_missing""]"
engaged_1,24,24,24,0.06883229074238628,0.0793221607758936,0.01048987003350732,0.04628661651792043,-0.02254567422446585,0.03303554425797317,"[[100.0, 10.0, 1], [100.0, 100.0, 1], [100.0, 10.0, 1], [100.0, 10.0, 2]]","[[100.0, 10.0, 1], [100.0, 100.0, 1], [100.0, 10.0, 1], [100.0, 10.0, 2]]",pass,https://dandiarchive.s3.amazonaws.com/blobs/fd4/c49/fd4c4964-f02b-456e-af4d-b9407877d0de,614608,1187940755,STR,MB,"[1311, 1439, 1446, 1412, 1385, 1288, 1356, 1290, 1269, 1371, 1353, 1443, 1306, 1336, 1312, 1313, 1285, 1442, 1373, 1367, 1421, 1417, 1420, 1444]","[112, 8, 62, 22, 401, 100, 18, 24, 14, 9, 25, 31, 59, 54, 26, 65, 57, 63, 7, 64, 55, 10, 34, 76]","[""session_time_linear"", ""session_time_quadratic"", ""image_identity:im115_r-1.0"", ""eventual_response_in_window"", ""eventual_response_latency"", ""response_latency_missing""]"
engaged_2,24,24,24,0.09050805703907272,0.04362428553488518,-0.046883771504187544,0.02983462726512187,-0.06067342977395085,0.013789658269763305,"[[100.0, 100.0, 1], [100.0, 10.0, 1], [100.0, 100.0, 1], [100.0, 100.0, 8]]","[[100.0, 100.0, 1], [100.0, 10.0, 1], [100.0, 100.0, 1], [100.0, 100.0, 8]]",pass,https://dandiarchive.s3.amazonaws.com/blobs/fd4/c49/fd4c4964-f02b-456e-af4d-b9407877d0de,614608,1187940755,STR,MB,"[1311, 1439, 1446, 1412, 1385, 1288, 1356, 1290, 1269, 1371, 1353, 1443, 1306, 1336, 1312, 1313, 1285, 1442, 1373, 1367, 1421, 1417, 1420, 1444]","[112, 8, 62, 22, 401, 100, 18, 24, 14, 9, 25, 31, 59, 54, 26, 65, 57, 63, 7, 64, 55, 10, 34, 76]","[""session_time_linear"", ""session_time_quadratic"", ""image_identity:im115_r-1.0"", ""eventual_response_in_window"", ""eventual_response_latency"", ""response_latency_missing""]"
no_reward,24,24,24,0.11020550251031469,0.11018948519859562,-0.00001601731171907428,0.09901785946563169,-0.011187643044683004,0.01117162573296393,"[[100.0, 100.0, 2], [100.0, 100.0, 8], [100.0, 100.0, 4], [100.0, 100.0, 2]]","[[100.0, 100.0, 2], [100.0, 100.0, 8], [100.0, 100.0, 4], [100.0, 100.0, 2]]",pass,https://dandiarchive.s3.amazonaws.com/blobs/fd4/c49/fd4c4964-f02b-456e-af4d-b9407877d0de,614608,1187940755,STR,MB,"[1311, 1439, 1446, 1412, 1385, 1288, 1356, 1290, 1269, 1371, 1353, 1443, 1306, 1336, 1312, 1313, 1285, 1442, 1373, 1367, 1421, 1417, 1420, 1444]","[112, 8, 62, 22, 401, 100, 18, 24, 14, 9, 25, 31, 59, 54, 26, 65, 57, 63, 7, 64, 55, 10, 34, 76]","[""session_time_linear"", ""session_time_quadratic"", ""image_identity:im115_r-1.0"", ""eventual_response_in_window"", ""eventual_response_latency"", ""response_latency_missing""]"
engaged_1,17,24,24,0.015687094495831944,0.006273707962239916,-0.009413386533592027,0.016559258412600864,0.0008721639167689199,-0.010285550450360947,"[[100.0, 100.0, 2], [100.0, 100.0, 4], [100.0, 100.0, 1], [100.0, 100.0, 8]]","[[100.0, 100.0, 2], [100.0, 100.0, 4], [100.0, 100.0, 1], [100.0, 100.0, 8]]",pass,https://dandiarchive.s3.amazonaws.com/blobs/75d/9d0/75d9d091-e7db-47d1-aac4-d41133e29393,615048,1197725774,STR,MB,"[79, 78, 82, 95, 151, 92, 168, 143, 88, 87, 103, 173, 108, 138, 135, 81, 129, 137, 169, 109, 84, 458, 165, 86]","[575, 601, 571, 609, 605, 846, 545, 610, 625, 543, 600, 578, 577, 550, 518, 597, 586, 535, 528, 611, 511, 599, 582, 603]","[""session_time_linear"", ""session_time_quadratic"", ""image_identity:im115_r-1.0"", ""eventual_response_in_window"", ""eventual_response_latency"", ""response_latency_missing""]"
engaged_2,17,24,24,0.03965691056340004,0.030882279594346418,-0.00877463096905362,0.037024901153046796,-0.002632009410353242,-0.0061426215587003785,"[[100.0, 100.0, 4], [100.0, 100.0, 4], [100.0, 100.0, 8], [100.0, 100.0, 1]]","[[100.0, 100.0, 4], [100.0, 100.0, 4], [100.0, 100.0, 8], [100.0, 100.0, 1]]",pass,https://dandiarchive.s3.amazonaws.com/blobs/75d/9d0/75d9d091-e7db-47d1-aac4-d41133e29393,615048,1197725774,STR,MB,"[79, 78, 82, 95, 151, 92, 168, 143, 88, 87, 103, 173, 108, 138, 135, 81, 129, 137, 169, 109, 84, 458, 165, 86]","[575, 601, 571, 609, 605, 846, 545, 610, 625, 543, 600, 578, 577, 550, 518, 597, 586, 535, 528, 611, 511, 599, 582, 603]","[""session_time_linear"", ""session_time_quadratic"", ""image_identity:im115_r-1.0"", ""eventual_response_in_window"", ""eventual_response_latency"", ""response_latency_missing""]"
no_reward,17,24,24,0.049559254241870576,0.04226699179543392,-0.007292262446436659,0.04454270801754956,-0.005016546224321017,-0.0022757162221156424,"[[100.0, 100.0, 1], [100.0, 100.0, 2], [100.0, 100.0, 8], [100.0, 100.0, 1]]","[[100.0, 100.0, 1], [100.0, 100.0, 2], [100.0, 100.0, 8], [100.0, 100.0, 1]]",pass,https://dandiarchive.s3.amazonaws.com/blobs/75d/9d0/75d9d091-e7db-47d1-aac4-d41133e29393,615048,1197725774,STR,MB,"[79, 78, 82, 95, 151, 92, 168, 143, 88, 87, 103, 173, 108, 138, 135, 81, 129, 137, 169, 109, 84, 458, 165, 86]","[575, 601, 571, 609, 605, 846, 545, 610, 625, 543, 600, 578, 577, 550, 518, 597, 586, 535, 528, 611, 511, 599, 582, 603]","[""session_time_linear"", ""session_time_quadratic"", ""image_identity:im115_r-1.0"", ""eventual_response_in_window"", ""eventual_response_latency"", ""response_latency_missing""]"
engaged_1,18,24,24,0.06720362133146052,0.06300197438221744,-0.004201646949243076,0.057481905468686256,-0.00972171586277426,0.005520068913531184,"[[100.0, 100.0, 2], [100.0, 100.0, 1], [100.0, 100.0, 1], [100.0, 100.0, 1]]","[[100.0, 100.0, 2], [100.0, 100.0, 1], [100.0, 100.0, 1], [100.0, 100.0, 1]]",pass,https://dandiarchive.s3.amazonaws.com/blobs/fe0/9ba/fe09ba54-89e9-4b73-bf95-5127c2ee2ad9,615048,1197514969,STR,MB,"[1788, 60, 56, 1829, 44, 1818, 52, 2076, 54, 148, 2093, 127, 2280, 2101, 2071, 2258, 2212, 63, 2086, 1800, 2092, 2055, 1774, 2090]","[896, 887, 862, 959, 1168, 871, 856, 904, 927, 892, 830, 934, 906, 881, 805, 945, 931, 851, 910, 963, 888, 923, 849, 848]","[""session_time_linear"", ""session_time_quadratic"", ""image_identity:im115_r-1.0"", ""eventual_response_in_window"", ""eventual_response_latency"", ""response_latency_missing""]"
engaged_2,18,24,24,0.017528588793908617,-0.00586091283995227,-0.023389501633860887,0.021798644309975912,0.004270055516067295,-0.027659557149928182,"[[10.0, 10.0, 4], [100.0, 100.0, 2], [100.0, 100.0, 1], [100.0, 100.0, 4]]","[[10.0, 10.0, 4], [100.0, 100.0, 2], [100.0, 100.0, 1], [100.0, 100.0, 4]]",pass,https://dandiarchive.s3.amazonaws.com/blobs/fe0/9ba/fe09ba54-89e9-4b73-bf95-5127c2ee2ad9,615048,1197514969,STR,MB,"[1788, 60, 56, 1829, 44, 1818, 52, 2076, 54, 148, 2093, 127, 2280, 2101, 2071, 2258, 2212, 63, 2086, 1800, 2092, 2055, 1774, 2090]","[896, 887, 862, 959, 1168, 871, 856, 904, 927, 892, 830, 934, 906, 881, 805, 945, 931, 851, 910, 963, 888, 923, 849, 848]","[""session_time_linear"", ""session_time_quadratic"", ""image_identity:im115_r-1.0"", ""eventual_response_in_window"", ""eventual_response_latency"", ""response_latency_missing""]"
no_reward,18,24,24,0.014085450509721764,-0.004558336215352732,-0.018643786725074496,-0.02184114827297967,-0.035926598782701435,0.01728281205762694,"[[100.0, 10.0, 1], [100.0, 100.0, 1], [100.0, 100.0, 8], [10.0, 10.0, 2]]","[[100.0, 10.0, 1], [100.0, 100.0, 1], [100.0, 100.0, 8], [10.0, 10.0, 2]]",pass,https://dandiarchive.s3.amazonaws.com/blobs/fe0/9ba/fe09ba54-89e9-4b73-bf95-5127c2ee2ad9,615048,1197514969,STR,MB,"[1788, 60, 56, 1829, 44, 1818, 52, 2076, 54, 148, 2093, 127, 2280, 2101, 2071, 2258, 2212, 63, 2086, 1800, 2092, 2055, 1774, 2090]","[896, 887, 862, 959, 1168, 871, 856, 904, 927, 892, 830, 934, 906, 881, 805, 945, 931, 851, 910, 963, 888, 923, 849, 848]","[""session_time_linear"", ""session_time_quadratic"", ""image_identity:im115_r-1.0"", ""eventual_response_in_window"", ""eventual_response_latency"", ""response_latency_missing""]"
engaged_1,17,24,24,0.08138443346606083,0.042194738750546024,-0.03918969471551481,-0.045126947267152495,-0.12651138073321333,0.08732168601769852,"[[100.0, 10.0, 4], [100.0, 100.0, 1], [10.0, 10.0, 8], [100.0, 100.0, 8]]","[[100.0, 10.0, 4], [100.0, 100.0, 1], [10.0, 10.0, 8], [100.0, 100.0, 8]]",pass,https://dandiarchive.s3.amazonaws.com/blobs/635/68b/63568b8b-5957-4045-b90d-d75108909249,615564,1198995158,STR,MB,"[2225, 2147, 2242, 2241, 2161, 2255, 2208, 2155, 2123, 2125, 2143, 2113, 2215, 2163, 2156, 2555, 2146, 2206, 2131, 2232, 2598, 2137, 2198, 2127]","[496, 333, 308, 369, 508, 350, 500, 296, 450, 459, 476, 387, 462, 313, 335, 323, 301, 319, 331, 460, 397, 429, 724, 484]","[""session_time_linear"", ""session_time_quadratic"", ""image_identity:im115_r-1.0"", ""eventual_response_in_window"", ""eventual_response_latency"", ""response_latency_missing""]"
engaged_2,17,24,24,0.017541660343164733,-0.0015172194353509916,-0.019058879778515725,-0.0007160765761484722,-0.018257736919313206,-0.0008011428592025194,"[[100.0, 100.0, 4], [100.0, 100.0, 8], [100.0, 100.0, 1], [100.0, 100.0, 8]]","[[100.0, 100.0, 4], [100.0, 100.0, 8], [100.0, 100.0, 1], [100.0, 100.0, 8]]",pass,https://dandiarchive.s3.amazonaws.com/blobs/635/68b/63568b8b-5957-4045-b90d-d75108909249,615564,1198995158,STR,MB,"[2225, 2147, 2242, 2241, 2161, 2255, 2208, 2155, 2123, 2125, 2143, 2113, 2215, 2163, 2156, 2555, 2146, 2206, 2131, 2232, 2598, 2137, 2198, 2127]","[496, 333, 308, 369, 508, 350, 500, 296, 450, 459, 476, 387, 462, 313, 335, 323, 301, 319, 331, 460, 397, 429, 724, 484]","[""session_time_linear"", ""session_time_quadratic"", ""image_identity:im115_r-1.0"", ""eventual_response_in_window"", ""eventual_response_latency"", ""response_latency_missing""]"
no_reward,17,24,24,0.05602154556060146,0.027649358933038437,-0.028372186627563023,-0.008596634845601026,-0.06461818040620249,0.03624599377863946,"[[100.0, 100.0, 1], [100.0, 1.0, 1], [100.0, 100.0, 1], [100.0, 1.0, 1]]","[[100.0, 100.0, 1], [100.0, 1.0, 1], [100.0, 100.0, 1], [100.0, 1.0, 1]]",pass,https://dandiarchive.s3.amazonaws.com/blobs/635/68b/63568b8b-5957-4045-b90d-d75108909249,615564,1198995158,STR,MB,"[2225, 2147, 2242, 2241, 2161, 2255, 2208, 2155, 2123, 2125, 2143, 2113, 2215, 2163, 2156, 2555, 2146, 2206, 2131, 2232, 2598, 2137, 2198, 2127]","[496, 333, 308, 369, 508, 350, 500, 296, 450, 459, 476, 387, 462, 313, 335, 323, 301, 319, 331, 460, 397, 429, 724, 484]","[""session_time_linear"", ""session_time_quadratic"", ""image_identity:im115_r-1.0"", ""eventual_response_in_window"", ""eventual_response_latency"", ""response_latency_missing""]"
engaged_1,12,24,24,0.0018272687716578417,-0.0862008463958519,-0.08802811516750975,-0.0028895630269138994,-0.004716831798571741,-0.083311283368938,"[[100.0, 100.0, 2], [100.0, 10.0, 1], [100.0, 100.0, 2], [100.0, 100.0, 8]]","[[100.0, 100.0, 2], [100.0, 10.0, 1], [100.0, 100.0, 2], [100.0, 100.0, 8]]",pass,https://dandiarchive.s3.amazonaws.com/blobs/9ae/cb7/9aecb778-a5a0-4554-8b06-3af01005fea5,623319,1209073822,STR,MB,"[1657, 1783, 1740, 1737, 1743, 1738, 1734, 1648, 1655, 1771, 1730, 1663, 1837, 1839, 2386, 1835, 1736, 2263, 1820, 1816, 1721, 1652, 1662, 1749]","[712, 639, 833, 684, 647, 628, 681, 661, 624, 665, 611, 693, 619, 797, 616, 642, 677, 644, 781, 673, 718, 705, 840, 606]","[""session_time_linear"", ""session_time_quadratic"", ""image_identity:im115_r-1.0"", ""eventual_response_in_window"", ""eventual_response_latency"", ""response_latency_missing""]"
engaged_2,12,24,24,0.025361831076656682,-0.012562246481589101,-0.03792407755824578,0.00176799125278293,-0.023593839823873752,-0.014330237734372031,"[[100.0, 100.0, 1], [100.0, 100.0, 1], [100.0, 100.0, 2], [100.0, 0.1, 1]]","[[100.0, 100.0, 1], [100.0, 100.0, 1], [100.0, 100.0, 2], [100.0, 0.1, 1]]",pass,https://dandiarchive.s3.amazonaws.com/blobs/9ae/cb7/9aecb778-a5a0-4554-8b06-3af01005fea5,623319,1209073822,STR,MB,"[1657, 1783, 1740, 1737, 1743, 1738, 1734, 1648, 1655, 1771, 1730, 1663, 1837, 1839, 2386, 1835, 1736, 2263, 1820, 1816, 1721, 1652, 1662, 1749]","[712, 639, 833, 684, 647, 628, 681, 661, 624, 665, 611, 693, 619, 797, 616, 642, 677, 644, 781, 673, 718, 705, 840, 606]","[""session_time_linear"", ""session_time_quadratic"", ""image_identity:im115_r-1.0"", ""eventual_response_in_window"", ""eventual_response_latency"", ""response_latency_missing""]"
no_reward,12,24,24,0.03383840879540145,0.015547728083635914,-0.01829068071176554,-0.020683153591784853,-0.054521562387186306,0.03623088167542077,"[[100.0, 100.0, 2], [100.0, 10.0, 4], [100.0, 10.0, 1], [100.0, 100.0, 1]]","[[100.0, 100.0, 2], [100.0, 10.0, 4], [100.0, 10.0, 1], [100.0, 100.0, 1]]",pass,https://dandiarchive.s3.amazonaws.com/blobs/9ae/cb7/9aecb778-a5a0-4554-8b06-3af01005fea5,623319,1209073822,STR,MB,"[1657, 1783, 1740, 1737, 1743, 1738, 1734, 1648, 1655, 1771, 1730, 1663, 1837, 1839, 2386, 1835, 1736, 2263, 1820, 1816, 1721, 1652, 1662, 1749]","[712, 639, 833, 684, 647, 628, 681, 661, 624, 665, 611, 693, 619, 797, 616, 642, 677, 644, 781, 673, 718, 705, 840, 606]","[""session_time_linear"", ""session_time_quadratic"", ""image_identity:im115_r-1.0"", ""eventual_response_in_window"", ""eventual_response_latency"", ""response_latency_missing""]"
engaged_1,22,18,18,0.0018680346049049223,0.002134827905828085,0.00026679330092316267,-0.018225212518359957,-0.02009324712326488,0.02036004042418804,"[[100.0, 10.0, 2], [100.0, 100.0, 2], [100.0, 100.0, 1], [100.0, 10.0, 1]]","[[100.0, 10.0, 2], [100.0, 100.0, 2], [100.0, 100.0, 1], [100.0, 10.0, 1]]",pass,https://dandiarchive.s3.amazonaws.com/blobs/5d9/4f7/5d94f7f7-daa2-4d2d-93a5-1bd2bc02e141,623322,1200471383,STR,MB,"[1602, 1567, 1571, 1576, 1592, 1599, 1583, 1566, 1587, 1568, 1600, 1596, 1589, 1584, 1594, 1579, 1870, 1593]","[997, 1009, 1003, 1011, 1010, 990, 989, 987, 984, 1004, 994, 1001, 991, 988, 1018, 986, 1013, 1012]","[""session_time_linear"", ""session_time_quadratic"", ""image_identity:im115_r-1.0"", ""eventual_response_in_window"", ""eventual_response_latency"", ""response_latency_missing""]"
engaged_2,22,18,18,0.061087355889278494,0.044375759716440255,-0.01671159617283824,0.05363064611387924,-0.007456709775399251,-0.009254886397438988,"[[100.0, 100.0, 1], [100.0, 100.0, 1], [100.0, 100.0, 1], [100.0, 100.0, 1]]","[[100.0, 100.0, 1], [100.0, 100.0, 1], [100.0, 100.0, 1], [100.0, 100.0, 1]]",pass,https://dandiarchive.s3.amazonaws.com/blobs/5d9/4f7/5d94f7f7-daa2-4d2d-93a5-1bd2bc02e141,623322,1200471383,STR,MB,"[1602, 1567, 1571, 1576, 1592, 1599, 1583, 1566, 1587, 1568, 1600, 1596, 1589, 1584, 1594, 1579, 1870, 1593]","[997, 1009, 1003, 1011, 1010, 990, 989, 987, 984, 1004, 994, 1001, 991, 988, 1018, 986, 1013, 1012]","[""session_time_linear"", ""session_time_quadratic"", ""image_identity:im115_r-1.0"", ""eventual_response_in_window"", ""eventual_response_latency"", ""response_latency_missing""]"
no_reward,22,18,18,0.06512841037950279,0.04445893249744015,-0.020669477882062637,0.05097941737925671,-0.01414899300024608,-0.006520484881816557,"[[100.0, 10.0, 1], [100.0, 100.0, 1], [100.0, 100.0, 1], [100.0, 100.0, 2]]","[[100.0, 10.0, 1], [100.0, 100.0, 1], [100.0, 100.0, 1], [100.0, 100.0, 2]]",pass,https://dandiarchive.s3.amazonaws.com/blobs/5d9/4f7/5d94f7f7-daa2-4d2d-93a5-1bd2bc02e141,623322,1200471383,STR,MB,"[1602, 1567, 1571, 1576, 1592, 1599, 1583, 1566, 1587, 1568, 1600, 1596, 1589, 1584, 1594, 1579, 1870, 1593]","[997, 1009, 1003, 1011, 1010, 990, 989, 987, 984, 1004, 994, 1001, 991, 988, 1018, 986, 1013, 1012]","[""session_time_linear"", ""session_time_quadratic"", ""image_identity:im115_r-1.0"", ""eventual_response_in_window"", ""eventual_response_latency"", ""response_latency_missing""]"
engaged_1,14,24,24,0.016491474152025565,0.01467408139358306,-0.0018173927584425043,0.005707146839957544,-0.01078432731206802,0.008966934553625516,"[[100.0, 100.0, 1], [100.0, 100.0, 1], [100.0, 100.0, 2], [10.0, 10.0, 2]]","[[100.0, 100.0, 1], [100.0, 100.0, 1], [100.0, 100.0, 2], [10.0, 10.0, 2]]",pass,https://dandiarchive.s3.amazonaws.com/blobs/8bb/124/8bb12481-57e1-4f9d-95f0-c2ec49f2e338,632295,1218795542,STR,MB,"[1832, 1958, 1847, 1893, 1976, 1895, 1837, 1933, 1890, 1962, 2313, 1924, 1949, 2326, 1922, 1867, 1823, 1839, 1908, 1853, 1909, 1873, 1901, 1868]","[281, 363, 382, 245, 286, 298, 331, 294, 304, 244, 344, 384, 375, 254, 380, 357, 295, 657, 284, 238, 279, 329, 589, 372]","[""session_time_linear"", ""session_time_quadratic"", ""image_identity:im115_r-1.0"", ""eventual_response_in_window"", ""eventual_response_latency"", ""response_latency_missing""]"
engaged_2,14,24,24,0.0479689607525664,0.0328805712619501,-0.015088389490616305,0.032359241393460914,-0.01560971935910549,0.0005213298684891843,"[[100.0, 100.0, 8], [100.0, 100.0, 8], [100.0, 100.0, 4], [100.0, 100.0, 1]]","[[100.0, 100.0, 8], [100.0, 100.0, 8], [100.0, 100.0, 4], [100.0, 100.0, 1]]",pass,https://dandiarchive.s3.amazonaws.com/blobs/8bb/124/8bb12481-57e1-4f9d-95f0-c2ec49f2e338,632295,1218795542,STR,MB,"[1832, 1958, 1847, 1893, 1976, 1895, 1837, 1933, 1890, 1962, 2313, 1924, 1949, 2326, 1922, 1867, 1823, 1839, 1908, 1853, 1909, 1873, 1901, 1868]","[281, 363, 382, 245, 286, 298, 331, 294, 304, 244, 344, 384, 375, 254, 380, 357, 295, 657, 284, 238, 279, 329, 589, 372]","[""session_time_linear"", ""session_time_quadratic"", ""image_identity:im115_r-1.0"", ""eventual_response_in_window"", ""eventual_response_latency"", ""response_latency_missing""]"
no_reward,14,24,24,-0.08152551541606323,-0.09021344472404613,-0.0086879293079829,-0.08077498930588511,0.000750526110178118,-0.009438455418161018,"[[10.0, 100.0, 1], [100.0, 100.0, 1], [100.0, 100.0, 1], [100.0, 100.0, 1]]","[[10.0, 100.0, 1], [100.0, 100.0, 1], [100.0, 100.0, 1], [100.0, 100.0, 1]]",pass,https://dandiarchive.s3.amazonaws.com/blobs/8bb/124/8bb12481-57e1-4f9d-95f0-c2ec49f2e338,632295,1218795542,STR,MB,"[1832, 1958, 1847, 1893, 1976, 1895, 1837, 1933, 1890, 1962, 2313, 1924, 1949, 2326, 1922, 1867, 1823, 1839, 1908, 1853, 1909, 1873, 1901, 1868]","[281, 363, 382, 245, 286, 298, 331, 294, 304, 244, 344, 384, 375, 254, 380, 357, 295, 657, 284, 238, 279, 329, 589, 372]","[""session_time_linear"", ""session_time_quadratic"", ""image_identity:im115_r-1.0"", ""eventual_response_in_window"", ""eventual_response_latency"", ""response_latency_missing""]"
engaged_1,23,24,24,0.024818028322357577,-0.012985230513614443,-0.03780325883597202,-0.033886448646683665,-0.05870447696904124,0.02090121813306922,"[[100.0, 1.0, 1], [100.0, 100.0, 4], [100.0, 100.0, 2], [100.0, 100.0, 1]]","[[100.0, 1.0, 1], [100.0, 100.0, 4], [100.0, 100.0, 2], [100.0, 100.0, 1]]",pass,https://dandiarchive.s3.amazonaws.com/blobs/584/1b8/5841b844-3102-4b4f-8f2c-e4cd23ec8f45,640887,1234203203,STR,MB,"[1588, 1569, 1656, 1605, 1770, 1755, 1695, 1709, 1674, 1735, 1785, 1597, 2073, 1734, 1663, 1756, 1732, 1694, 1662, 1728, 1737, 1671, 1608, 1635]","[837, 1254, 775, 755, 852, 329, 328, 723, 843, 810, 787, 800, 1274, 747, 816, 720, 814, 1260, 808, 297, 336, 874, 789, 886]","[""session_time_linear"", ""session_time_quadratic"", ""image_identity:im115_r-1.0"", ""eventual_response_in_window"", ""eventual_response_latency"", ""response_latency_missing""]"
engaged_2,23,24,24,0.10914780217831976,0.10293716417134813,-0.006210638006971636,0.10210813847878664,-0.007039663699533127,0.0008290256925614914,"[[100.0, 100.0, 1], [100.0, 100.0, 8], [100.0, 100.0, 1], [10.0, 100.0, 8]]","[[100.0, 100.0, 1], [100.0, 100.0, 8], [100.0, 100.0, 1], [10.0, 100.0, 8]]",pass,https://dandiarchive.s3.amazonaws.com/blobs/584/1b8/5841b844-3102-4b4f-8f2c-e4cd23ec8f45,640887,1234203203,STR,MB,"[1588, 1569, 1656, 1605, 1770, 1755, 1695, 1709, 1674, 1735, 1785, 1597, 2073, 1734, 1663, 1756, 1732, 1694, 1662, 1728, 1737, 1671, 1608, 1635]","[837, 1254, 775, 755, 852, 329, 328, 723, 843, 810, 787, 800, 1274, 747, 816, 720, 814, 1260, 808, 297, 336, 874, 789, 886]","[""session_time_linear"", ""session_time_quadratic"", ""image_identity:im115_r-1.0"", ""eventual_response_in_window"", ""eventual_response_latency"", ""response_latency_missing""]"
no_reward,23,24,24,0.027232005418324823,0.02387954655412894,-0.003352458864195884,0.021575641777780485,-0.005656363640544337,0.0023039047763484533,"[[100.0, 100.0, 2], [100.0, 100.0, 1], [100.0, 100.0, 2], [100.0, 100.0, 1]]","[[100.0, 100.0, 2], [100.0, 100.0, 1], [100.0, 100.0, 2], [100.0, 100.0, 1]]",pass,https://dandiarchive.s3.amazonaws.com/blobs/584/1b8/5841b844-3102-4b4f-8f2c-e4cd23ec8f45,640887,1234203203,STR,MB,"[1588, 1569, 1656, 1605, 1770, 1755, 1695, 1709, 1674, 1735, 1785, 1597, 2073, 1734, 1663, 1756, 1732, 1694, 1662, 1728, 1737, 1671, 1608, 1635]","[837, 1254, 775, 755, 852, 329, 328, 723, 843, 810, 787, 800, 1274, 747, 816, 720, 814, 1260, 808, 297, 336, 874, 789, 886]","[""session_time_linear"", ""session_time_quadratic"", ""image_identity:im115_r-1.0"", ""eventual_response_in_window"", ""eventual_response_latency"", ""response_latency_missing""]"
engaged_1,27,24,24,0.026946756846617403,0.01837073156621427,-0.008576025280403132,0.01560787793327656,-0.011338878913340844,0.002762853632937712,"[[100.0, 100.0, 1], [100.0, 100.0, 1], [100.0, 100.0, 8], [100.0, 100.0, 4]]","[[100.0, 100.0, 1], [100.0, 100.0, 1], [100.0, 100.0, 8], [100.0, 100.0, 4]]",pass,https://dandiarchive.s3.amazonaws.com/blobs/13d/b29/13db29ff-1454-412d-8680-ecd7a38c6f95,640890,1232430325,STR,MB,"[3, 2314, 49, 35, 376, 45, 42, 126, 38, 34, 97, 84, 89, 117, 104, 44, 162, 387, 23, 142, 2195, 39, 69, 2269]","[1279, 1289, 1331, 1315, 1335, 1278, 1330, 1257, 1263, 1308, 1267, 1313, 1261, 1368, 1323, 1286, 1337, 1282, 1285, 1344, 1567, 1277, 1364, 1669]","[""session_time_linear"", ""session_time_quadratic"", ""image_identity:im115_r-1.0"", ""eventual_response_in_window"", ""eventual_response_latency"", ""response_latency_missing""]"
engaged_2,27,24,24,0.10663737147666574,0.10379017355442943,-0.002847197922236311,0.10312641054816796,-0.003510960928497786,0.0006637630062614752,"[[100.0, 100.0, 4], [100.0, 100.0, 1], [100.0, 100.0, 1], [100.0, 100.0, 8]]","[[100.0, 100.0, 4], [100.0, 100.0, 1], [100.0, 100.0, 1], [100.0, 100.0, 8]]",pass,https://dandiarchive.s3.amazonaws.com/blobs/13d/b29/13db29ff-1454-412d-8680-ecd7a38c6f95,640890,1232430325,STR,MB,"[3, 2314, 49, 35, 376, 45, 42, 126, 38, 34, 97, 84, 89, 117, 104, 44, 162, 387, 23, 142, 2195, 39, 69, 2269]","[1279, 1289, 1331, 1315, 1335, 1278, 1330, 1257, 1263, 1308, 1267, 1313, 1261, 1368, 1323, 1286, 1337, 1282, 1285, 1344, 1567, 1277, 1364, 1669]","[""session_time_linear"", ""session_time_quadratic"", ""image_identity:im115_r-1.0"", ""eventual_response_in_window"", ""eventual_response_latency"", ""response_latency_missing""]"
no_reward,27,24,24,0.07035402755353093,0.06616136542708251,-0.004192662126448421,0.07712379835659977,0.006769770803068842,-0.010962432929517263,"[[100.0, 100.0, 1], [100.0, 100.0, 2], [100.0, 100.0, 4], [100.0, 100.0, 1]]","[[100.0, 100.0, 1], [100.0, 100.0, 2], [100.0, 100.0, 4], [100.0, 100.0, 1]]",pass,https://dandiarchive.s3.amazonaws.com/blobs/13d/b29/13db29ff-1454-412d-8680-ecd7a38c6f95,640890,1232430325,STR,MB,"[3, 2314, 49, 35, 376, 45, 42, 126, 38, 34, 97, 84, 89, 117, 104, 44, 162, 387, 23, 142, 2195, 39, 69, 2269]","[1279, 1289, 1331, 1315, 1335, 1278, 1330, 1257, 1263, 1308, 1267, 1313, 1261, 1368, 1323, 1286, 1337, 1282, 1285, 1344, 1567, 1277, 1364, 1669]","[""session_time_linear"", ""session_time_quadratic"", ""image_identity:im115_r-1.0"", ""eventual_response_in_window"", ""eventual_response_latency"", ""response_latency_missing""]"
engaged_1,16,24,24,0.017295573224422434,0.0007060947593097167,-0.016589478465112717,0.012732192916457996,-0.0045633803079644375,-0.01202609815714828,"[[100.0, 100.0, 1], [100.0, 100.0, 1], [100.0, 100.0, 1], [100.0, 100.0, 4]]","[[100.0, 100.0, 1], [100.0, 100.0, 1], [100.0, 100.0, 1], [100.0, 100.0, 4]]",pass,https://dandiarchive.s3.amazonaws.com/blobs/559/41e/55941ebd-ef47-4d38-80af-0fabd499db6d,642504,1244070169,STR,MB,"[1287, 1450, 1385, 1365, 1380, 1367, 1393, 1263, 1425, 1285, 1411, 1317, 1413, 1289, 1422, 1388, 1399, 1237, 1636, 1378, 1329, 1410, 1363, 1244]","[849, 1218, 1163, 855, 842, 857, 856, 840, 834, 844, 854, 1161, 1167, 1162, 862, 843, 846, 1169, 858, 850, 836, 1164, 859, 1160]","[""session_time_linear"", ""session_time_quadratic"", ""image_identity:im115_r-1.0"", ""eventual_response_in_window"", ""eventual_response_latency"", ""response_latency_missing""]"
engaged_2,16,24,24,0.026812993305159294,-0.07903845836904155,-0.10585145167420085,-0.04397522184456015,-0.07078821514971945,-0.0350632365244814,"[[100.0, 100.0, 1], [100.0, 100.0, 1], [100.0, 10.0, 8], [100.0, 100.0, 1]]","[[100.0, 100.0, 1], [100.0, 100.0, 1], [100.0, 10.0, 8], [100.0, 100.0, 1]]",pass,https://dandiarchive.s3.amazonaws.com/blobs/559/41e/55941ebd-ef47-4d38-80af-0fabd499db6d,642504,1244070169,STR,MB,"[1287, 1450, 1385, 1365, 1380, 1367, 1393, 1263, 1425, 1285, 1411, 1317, 1413, 1289, 1422, 1388, 1399, 1237, 1636, 1378, 1329, 1410, 1363, 1244]","[849, 1218, 1163, 855, 842, 857, 856, 840, 834, 844, 854, 1161, 1167, 1162, 862, 843, 846, 1169, 858, 850, 836, 1164, 859, 1160]","[""session_time_linear"", ""session_time_quadratic"", ""image_identity:im115_r-1.0"", ""eventual_response_in_window"", ""eventual_response_latency"", ""response_latency_missing""]"
no_reward,16,24,24,-0.01829980024922606,-0.008203445168666557,0.010096355080559505,-0.05000489703007038,-0.03170509678084432,0.04180145186140383,"[[100.0, 100.0, 2], [100.0, 100.0, 2], [100.0, 100.0, 2], [100.0, 100.0, 4]]","[[100.0, 100.0, 2], [100.0, 100.0, 2], [100.0, 100.0, 2], [100.0, 100.0, 4]]",pass,https://dandiarchive.s3.amazonaws.com/blobs/559/41e/55941ebd-ef47-4d38-80af-0fabd499db6d,642504,1244070169,STR,MB,"[1287, 1450, 1385, 1365, 1380, 1367, 1393, 1263, 1425, 1285, 1411, 1317, 1413, 1289, 1422, 1388, 1399, 1237, 1636, 1378, 1329, 1410, 1363, 1244]","[849, 1218, 1163, 855, 842, 857, 856, 840, 834, 844, 854, 1161, 1167, 1162, 862, 843, 846, 1169, 858, 850, 836, 1164, 859, 1160]","[""session_time_linear"", ""session_time_quadratic"", ""image_identity:im115_r-1.0"", ""eventual_response_in_window"", ""eventual_response_latency"", ""response_latency_missing""]"
engaged_1,18,8,8,-0.030295905971135628,-0.15097027430341137,-0.12067436833227574,-0.06202284955812809,-0.03172694358699246,-0.08894742474528328,"[[100.0, 100.0, 8], [100.0, 10.0, 8], [100.0, 1.0, 1], [100.0, 100.0, 1]]","[[100.0, 100.0, 8], [100.0, 10.0, 8], [100.0, 1.0, 1], [100.0, 100.0, 1]]",pass,https://dandiarchive.s3.amazonaws.com/blobs/88d/b29/88db2938-a9e0-491c-8056-f83cc894edf3,642504,1243523806,STR,MB,"[1070, 1109, 1062, 1093, 1116, 1130, 1349, 1140]","[663, 1041, 668, 966, 965, 688, 969, 654]","[""session_time_linear"", ""session_time_quadratic"", ""image_identity:im115_r-1.0"", ""eventual_response_in_window"", ""eventual_response_latency"", ""response_latency_missing""]"
engaged_2,18,8,8,0.020691610517201697,0.030924734082940497,0.0102331235657388,0.005443775356258396,-0.015247835160943302,0.0254809587266821,"[[100.0, 100.0, 4], [100.0, 100.0, 4], [100.0, 100.0, 8], [100.0, 100.0, 2]]","[[100.0, 100.0, 4], [100.0, 100.0, 4], [100.0, 100.0, 8], [100.0, 100.0, 2]]",pass,https://dandiarchive.s3.amazonaws.com/blobs/88d/b29/88db2938-a9e0-491c-8056-f83cc894edf3,642504,1243523806,STR,MB,"[1070, 1109, 1062, 1093, 1116, 1130, 1349, 1140]","[663, 1041, 668, 966, 965, 688, 969, 654]","[""session_time_linear"", ""session_time_quadratic"", ""image_identity:im115_r-1.0"", ""eventual_response_in_window"", ""eventual_response_latency"", ""response_latency_missing""]"
no_reward,18,8,8,0.04894157251072273,-0.013315630099295372,-0.0622572026100181,0.019112909184160753,-0.029828663326561977,-0.032428539283456126,"[[100.0, 100.0, 1], [100.0, 10.0, 2], [100.0, 10.0, 1], [100.0, 100.0, 1]]","[[100.0, 100.0, 1], [100.0, 10.0, 2], [100.0, 10.0, 1], [100.0, 100.0, 1]]",pass,https://dandiarchive.s3.amazonaws.com/blobs/88d/b29/88db2938-a9e0-491c-8056-f83cc894edf3,642504,1243523806,STR,MB,"[1070, 1109, 1062, 1093, 1116, 1130, 1349, 1140]","[663, 1041, 668, 966, 965, 688, 969, 654]","[""session_time_linear"", ""session_time_quadratic"", ""image_identity:im115_r-1.0"", ""eventual_response_in_window"", ""eventual_response_latency"", ""response_latency_missing""]"
engaged_1,15,24,24,0.04240011759302509,0.04755135738698624,0.005151239793961149,0.03195300501171672,-0.010447112581308371,0.01559835237526952,"[[100.0, 100.0, 1], [100.0, 10.0, 2], [100.0, 10.0, 2], [100.0, 100.0, 8]]","[[100.0, 100.0, 1], [100.0, 10.0, 2], [100.0, 10.0, 2], [100.0, 100.0, 8]]",pass,https://dandiarchive.s3.amazonaws.com/blobs/c78/ef5/c78ef53f-16de-4f5e-8235-afe87a226203,614547,1181731440,STR,TH,"[41, 25, 142, 137, 49, 357, 94, 44, 43, 22, 57, 23, 26, 85, 127, 46, 124, 27, 366, 126, 53, 108, 50, 377]","[1240, 438, 454, 1231, 1243, 1254, 459, 1265, 1184, 1246, 1268, 479, 477, 1270, 1258, 1239, 453, 1242, 445, 1249, 1217, 1244, 1151, 1155]","[""session_time_linear"", ""session_time_quadratic"", ""image_identity:im115_r-1.0"", ""eventual_response_in_window"", ""eventual_response_latency"", ""response_latency_missing""]"
engaged_2,15,24,24,-0.04565567957029004,-0.04109794812212586,0.004557731448164182,-0.03505172325224937,0.010603956318040675,-0.006046224869876493,"[[100.0, 100.0, 1], [100.0, 100.0, 1], [100.0, 100.0, 8], [100.0, 100.0, 8]]","[[100.0, 100.0, 1], [100.0, 100.0, 1], [100.0, 100.0, 8], [100.0, 100.0, 8]]",pass,https://dandiarchive.s3.amazonaws.com/blobs/c78/ef5/c78ef53f-16de-4f5e-8235-afe87a226203,614547,1181731440,STR,TH,"[41, 25, 142, 137, 49, 357, 94, 44, 43, 22, 57, 23, 26, 85, 127, 46, 124, 27, 366, 126, 53, 108, 50, 377]","[1240, 438, 454, 1231, 1243, 1254, 459, 1265, 1184, 1246, 1268, 479, 477, 1270, 1258, 1239, 453, 1242, 445, 1249, 1217, 1244, 1151, 1155]","[""session_time_linear"", ""session_time_quadratic"", ""image_identity:im115_r-1.0"", ""eventual_response_in_window"", ""eventual_response_latency"", ""response_latency_missing""]"
no_reward,15,24,24,0.017283394508175065,-0.00006743930222530281,-0.017350833810400368,0.012571861901871317,-0.004711532606303748,-0.01263930120409662,"[[100.0, 100.0, 1], [100.0, 100.0, 1], [100.0, 100.0, 8], [100.0, 100.0, 1]]","[[100.0, 100.0, 1], [100.0, 100.0, 1], [100.0, 100.0, 8], [100.0, 100.0, 1]]",pass,https://dandiarchive.s3.amazonaws.com/blobs/c78/ef5/c78ef53f-16de-4f5e-8235-afe87a226203,614547,1181731440,STR,TH,"[41, 25, 142, 137, 49, 357, 94, 44, 43, 22, 57, 23, 26, 85, 127, 46, 124, 27, 366, 126, 53, 108, 50, 377]","[1240, 438, 454, 1231, 1243, 1254, 459, 1265, 1184, 1246, 1268, 479, 477, 1270, 1258, 1239, 453, 1242, 445, 1249, 1217, 1244, 1151, 1155]","[""session_time_linear"", ""session_time_quadratic"", ""image_identity:im115_r-1.0"", ""eventual_response_in_window"", ""eventual_response_latency"", ""response_latency_missing""]"
engaged_1,17,24,24,0.06077443422882112,0.03409857420753504,-0.02667586002128608,0.05416988237662079,-0.006604551852200324,-0.020071308169085755,"[[100.0, 10.0, 1], [100.0, 100.0, 4], [100.0, 10.0, 1], [100.0, 100.0, 4]]","[[100.0, 10.0, 1], [100.0, 100.0, 4], [100.0, 10.0, 1], [100.0, 100.0, 4]]",pass,https://dandiarchive.s3.amazonaws.com/blobs/68c/a06/68ca0674-2a8a-4931-8d5b-10a3edfb0cfa,614608,1187475832,STR,TH,"[1910, 1909, 1907, 1888, 1894, 1896, 1899, 2096, 1895, 1866, 1869, 2095, 2100, 1897, 2093, 1889, 1904, 1867, 1885, 1881, 1878, 2103, 1873, 1898]","[1430, 946, 1447, 1432, 1431, 1420, 1450, 1453, 915, 861, 948, 880, 1009, 930, 925, 893, 900, 883, 1394, 877, 919, 889, 954, 931]","[""session_time_linear"", ""session_time_quadratic"", ""image_identity:im115_r-1.0"", ""eventual_response_in_window"", ""eventual_response_latency"", ""response_latency_missing""]"
engaged_2,17,24,24,0.04997385632412976,0.032770885633997326,-0.017202970690132435,0.04559274463061436,-0.004381111693515405,-0.01282185899661703,"[[100.0, 10.0, 1], [100.0, 10.0, 1], [100.0, 100.0, 2], [100.0, 100.0, 1]]","[[100.0, 10.0, 1], [100.0, 10.0, 1], [100.0, 100.0, 2], [100.0, 100.0, 1]]",pass,https://dandiarchive.s3.amazonaws.com/blobs/68c/a06/68ca0674-2a8a-4931-8d5b-10a3edfb0cfa,614608,1187475832,STR,TH,"[1910, 1909, 1907, 1888, 1894, 1896, 1899, 2096, 1895, 1866, 1869, 2095, 2100, 1897, 2093, 1889, 1904, 1867, 1885, 1881, 1878, 2103, 1873, 1898]","[1430, 946, 1447, 1432, 1431, 1420, 1450, 1453, 915, 861, 948, 880, 1009, 930, 925, 893, 900, 883, 1394, 877, 919, 889, 954, 931]","[""session_time_linear"", ""session_time_quadratic"", ""image_identity:im115_r-1.0"", ""eventual_response_in_window"", ""eventual_response_latency"", ""response_latency_missing""]"
no_reward,17,24,24,0.02756362233454257,0.006681576429677261,-0.02088204590486531,0.0066398252323151,-0.02092379710222747,0.00004175119736216093,"[[100.0, 1.0, 1], [100.0, 100.0, 8], [100.0, 100.0, 1], [100.0, 100.0, 4]]","[[100.0, 1.0, 1], [100.0, 100.0, 8], [100.0, 100.0, 1], [100.0, 100.0, 4]]",pass,https://dandiarchive.s3.amazonaws.com/blobs/68c/a06/68ca0674-2a8a-4931-8d5b-10a3edfb0cfa,614608,1187475832,STR,TH,"[1910, 1909, 1907, 1888, 1894, 1896, 1899, 2096, 1895, 1866, 1869, 2095, 2100, 1897, 2093, 1889, 1904, 1867, 1885, 1881, 1878, 2103, 1873, 1898]","[1430, 946, 1447, 1432, 1431, 1420, 1450, 1453, 915, 861, 948, 880, 1009, 930, 925, 893, 900, 883, 1394, 877, 919, 889, 954, 931]","[""session_time_linear"", ""session_time_quadratic"", ""image_identity:im115_r-1.0"", ""eventual_response_in_window"", ""eventual_response_latency"", ""response_latency_missing""]"
engaged_1,24,24,24,0.07639988982644019,0.07725833225069179,0.0008584424242515931,0.07783240700903837,0.0014325171825981808,-0.0005740747583465877,"[[100.0, 100.0, 4], [100.0, 100.0, 8], [100.0, 100.0, 4], [100.0, 100.0, 4]]","[[100.0, 100.0, 4], [100.0, 100.0, 8], [100.0, 100.0, 4], [100.0, 100.0, 4]]",pass,https://dandiarchive.s3.amazonaws.com/blobs/fd4/c49/fd4c4964-f02b-456e-af4d-b9407877d0de,614608,1187940755,STR,TH,"[1311, 1439, 1446, 1412, 1385, 1288, 1356, 1290, 1269, 1371, 1353, 1443, 1306, 1336, 1312, 1313, 1285, 1442, 1373, 1367, 1421, 1417, 1420, 1444]","[983, 978, 964, 425, 918, 460, 872, 927, 474, 449, 524, 489, 472, 423, 450, 436, 515, 466, 514, 476, 452, 457, 519, 463]","[""session_time_linear"", ""session_time_quadratic"", ""image_identity:im115_r-1.0"", ""eventual_response_in_window"", ""eventual_response_latency"", ""response_latency_missing""]"
engaged_2,24,24,24,0.04807340035933749,0.04184135935852795,-0.006232041000809541,0.04742987525828968,-0.0006435251010478149,-0.005588515899761726,"[[100.0, 100.0, 1], [100.0, 100.0, 1], [100.0, 100.0, 1], [100.0, 100.0, 1]]","[[100.0, 100.0, 1], [100.0, 100.0, 1], [100.0, 100.0, 1], [100.0, 100.0, 1]]",pass,https://dandiarchive.s3.amazonaws.com/blobs/fd4/c49/fd4c4964-f02b-456e-af4d-b9407877d0de,614608,1187940755,STR,TH,"[1311, 1439, 1446, 1412, 1385, 1288, 1356, 1290, 1269, 1371, 1353, 1443, 1306, 1336, 1312, 1313, 1285, 1442, 1373, 1367, 1421, 1417, 1420, 1444]","[983, 978, 964, 425, 918, 460, 872, 927, 474, 449, 524, 489, 472, 423, 450, 436, 515, 466, 514, 476, 452, 457, 519, 463]","[""session_time_linear"", ""session_time_quadratic"", ""image_identity:im115_r-1.0"", ""eventual_response_in_window"", ""eventual_response_latency"", ""response_latency_missing""]"
no_reward,24,24,24,0.018881217120588323,0.01143286353857298,-0.0074483535820153435,0.02168029521314696,0.002799078092558638,-0.010247431674573981,"[[100.0, 100.0, 1], [100.0, 100.0, 4], [100.0, 10.0, 1], [100.0, 100.0, 2]]","[[100.0, 100.0, 1], [100.0, 100.0, 4], [100.0, 10.0, 1], [100.0, 100.0, 2]]",pass,https://dandiarchive.s3.amazonaws.com/blobs/fd4/c49/fd4c4964-f02b-456e-af4d-b9407877d0de,614608,1187940755,STR,TH,"[1311, 1439, 1446, 1412, 1385, 1288, 1356, 1290, 1269, 1371, 1353, 1443, 1306, 1336, 1312, 1313, 1285, 1442, 1373, 1367, 1421, 1417, 1420, 1444]","[983, 978, 964, 425, 918, 460, 872, 927, 474, 449, 524, 489, 472, 423, 450, 436, 515, 466, 514, 476, 452, 457, 519, 463]","[""session_time_linear"", ""session_time_quadratic"", ""image_identity:im115_r-1.0"", ""eventual_response_in_window"", ""eventual_response_latency"", ""response_latency_missing""]"
engaged_1,17,24,24,0.03544859521676147,0.011663577552464943,-0.023785017664296526,0.01675292261722361,-0.01869567259953786,-0.005089345064758666,"[[100.0, 100.0, 1], [100.0, 10.0, 2], [100.0, 100.0, 2], [100.0, 100.0, 1]]","[[100.0, 100.0, 1], [100.0, 10.0, 2], [100.0, 100.0, 2], [100.0, 100.0, 1]]",pass,https://dandiarchive.s3.amazonaws.com/blobs/75d/9d0/75d9d091-e7db-47d1-aac4-d41133e29393,615048,1197725774,STR,TH,"[79, 78, 82, 95, 151, 92, 168, 143, 88, 87, 103, 173, 108, 138, 135, 81, 129, 137, 169, 109, 84, 458, 165, 86]","[1330, 907, 1344, 903, 926, 879, 908, 898, 928, 997, 883, 1274, 884, 1325, 902, 886, 892, 976, 954, 877, 882, 887, 1271, 1329]","[""session_time_linear"", ""session_time_quadratic"", ""image_identity:im115_r-1.0"", ""eventual_response_in_window"", ""eventual_response_latency"", ""response_latency_missing""]"
engaged_2,17,24,24,-0.0022875806526139186,-0.010664839060404496,-0.008377258407790578,-0.017281195782867353,-0.014993615130253435,0.006616356722462857,"[[100.0, 100.0, 2], [100.0, 100.0, 1], [100.0, 10.0, 2], [100.0, 100.0, 8]]","[[100.0, 100.0, 2], [100.0, 100.0, 1], [100.0, 10.0, 2], [100.0, 100.0, 8]]",pass,https://dandiarchive.s3.amazonaws.com/blobs/75d/9d0/75d9d091-e7db-47d1-aac4-d41133e29393,615048,1197725774,STR,TH,"[79, 78, 82, 95, 151, 92, 168, 143, 88, 87, 103, 173, 108, 138, 135, 81, 129, 137, 169, 109, 84, 458, 165, 86]","[1330, 907, 1344, 903, 926, 879, 908, 898, 928, 997, 883, 1274, 884, 1325, 902, 886, 892, 976, 954, 877, 882, 887, 1271, 1329]","[""session_time_linear"", ""session_time_quadratic"", ""image_identity:im115_r-1.0"", ""eventual_response_in_window"", ""eventual_response_latency"", ""response_latency_missing""]"
no_reward,17,24,24,0.06344076069317928,0.04689945719529831,-0.016541303497880966,0.045337169108240816,-0.01810359158493846,0.0015622880870574951,"[[100.0, 100.0, 8], [100.0, 100.0, 1], [100.0, 100.0, 1], [100.0, 100.0, 4]]","[[100.0, 100.0, 8], [100.0, 100.0, 1], [100.0, 100.0, 1], [100.0, 100.0, 4]]",pass,https://dandiarchive.s3.amazonaws.com/blobs/75d/9d0/75d9d091-e7db-47d1-aac4-d41133e29393,615048,1197725774,STR,TH,"[79, 78, 82, 95, 151, 92, 168, 143, 88, 87, 103, 173, 108, 138, 135, 81, 129, 137, 169, 109, 84, 458, 165, 86]","[1330, 907, 1344, 903, 926, 879, 908, 898, 928, 997, 883, 1274, 884, 1325, 902, 886, 892, 976, 954, 877, 882, 887, 1271, 1329]","[""session_time_linear"", ""session_time_quadratic"", ""image_identity:im115_r-1.0"", ""eventual_response_in_window"", ""eventual_response_latency"", ""response_latency_missing""]"
engaged_1,18,24,24,0.00245032675250334,0.011961095105148534,0.009510768352645194,0.004211380660905872,0.0017610539084025323,0.007749714444242661,"[[100.0, 100.0, 8], [100.0, 10.0, 2], [100.0, 100.0, 8], [100.0, 100.0, 2]]","[[100.0, 100.0, 8], [100.0, 10.0, 2], [100.0, 100.0, 8], [100.0, 100.0, 2]]",pass,https://dandiarchive.s3.amazonaws.com/blobs/fe0/9ba/fe09ba54-89e9-4b73-bf95-5127c2ee2ad9,615048,1197514969,STR,TH,"[1788, 60, 56, 1829, 44, 1818, 52, 2076, 54, 148, 2093, 127, 2280, 2101, 2071, 2258, 2212, 63, 2086, 1800, 2092, 2055, 1774, 2090]","[1314, 1237, 1274, 1225, 1259, 1254, 1272, 1265, 1227, 1238, 1221, 1266, 1304, 1336, 1342, 1327, 1268, 1285, 1317, 1322, 1312, 1283, 1279, 1255]","[""session_time_linear"", ""session_time_quadratic"", ""image_identity:im115_r-1.0"", ""eventual_response_in_window"", ""eventual_response_latency"", ""response_latency_missing""]"
engaged_2,18,24,24,0.014374565495227531,-0.0038647551605328623,-0.018239320655760394,0.013474533316794601,-0.0009000321784329302,-0.017339288477327464,"[[100.0, 100.0, 8], [100.0, 100.0, 8], [100.0, 100.0, 1], [100.0, 100.0, 1]]","[[100.0, 100.0, 8], [100.0, 100.0, 8], [100.0, 100.0, 1], [100.0, 100.0, 1]]",pass,https://dandiarchive.s3.amazonaws.com/blobs/fe0/9ba/fe09ba54-89e9-4b73-bf95-5127c2ee2ad9,615048,1197514969,STR,TH,"[1788, 60, 56, 1829, 44, 1818, 52, 2076, 54, 148, 2093, 127, 2280, 2101, 2071, 2258, 2212, 63, 2086, 1800, 2092, 2055, 1774, 2090]","[1314, 1237, 1274, 1225, 1259, 1254, 1272, 1265, 1227, 1238, 1221, 1266, 1304, 1336, 1342, 1327, 1268, 1285, 1317, 1322, 1312, 1283, 1279, 1255]","[""session_time_linear"", ""session_time_quadratic"", ""image_identity:im115_r-1.0"", ""eventual_response_in_window"", ""eventual_response_latency"", ""response_latency_missing""]"
no_reward,18,24,24,0.025056621703109405,0.015544489862718058,-0.009512131840391347,0.022495007844751225,-0.0025616138583581805,-0.006950517982033166,"[[100.0, 100.0, 4], [100.0, 100.0, 8], [100.0, 100.0, 1], [100.0, 100.0, 8]]","[[100.0, 100.0, 4], [100.0, 100.0, 8], [100.0, 100.0, 1], [100.0, 100.0, 8]]",pass,https://dandiarchive.s3.amazonaws.com/blobs/fe0/9ba/fe09ba54-89e9-4b73-bf95-5127c2ee2ad9,615048,1197514969,STR,TH,"[1788, 60, 56, 1829, 44, 1818, 52, 2076, 54, 148, 2093, 127, 2280, 2101, 2071, 2258, 2212, 63, 2086, 1800, 2092, 2055, 1774, 2090]","[1314, 1237, 1274, 1225, 1259, 1254, 1272, 1265, 1227, 1238, 1221, 1266, 1304, 1336, 1342, 1327, 1268, 1285, 1317, 1322, 1312, 1283, 1279, 1255]","[""session_time_linear"", ""session_time_quadratic"", ""image_identity:im115_r-1.0"", ""eventual_response_in_window"", ""eventual_response_latency"", ""response_latency_missing""]"
engaged_1,16,24,24,0.056528968124895274,0.050877194557223726,-0.0056517735676715475,0.056773815026107344,0.0002448469012120702,-0.005896620468883618,"[[100.0, 100.0, 8], [100.0, 100.0, 2], [100.0, 100.0, 2], [100.0, 100.0, 8]]","[[100.0, 100.0, 8], [100.0, 100.0, 2], [100.0, 100.0, 2], [100.0, 100.0, 8]]",pass,https://dandiarchive.s3.amazonaws.com/blobs/3ae/b2f/3aeb2f0d-c1c1-4b50-964b-61caffa07ee9,615564,1198796984,STR,TH,"[1495, 1482, 1453, 1507, 1494, 1449, 1504, 1506, 1500, 1503, 1476, 1479, 1465, 1462, 1739, 1478, 1466, 9, 6, 1480, 1464, 1460, 1496, 1489]","[650, 623, 277, 215, 227, 239, 213, 238, 607, 211, 210, 245, 583, 655, 242, 207, 603, 202, 735, 214, 646, 644, 711, 978]","[""session_time_linear"", ""session_time_quadratic"", ""image_identity:im115_r-1.0"", ""eventual_response_in_window"", ""eventual_response_latency"", ""response_latency_missing""]"
engaged_2,16,24,24,0.022182460703511264,0.017841202096006148,-0.004341258607505116,0.008388910587221354,-0.01379355011628991,0.009452291508784794,"[[100.0, 100.0, 2], [100.0, 100.0, 2], [100.0, 100.0, 2], [100.0, 100.0, 4]]","[[100.0, 100.0, 2], [100.0, 100.0, 2], [100.0, 100.0, 2], [100.0, 100.0, 4]]",pass,https://dandiarchive.s3.amazonaws.com/blobs/3ae/b2f/3aeb2f0d-c1c1-4b50-964b-61caffa07ee9,615564,1198796984,STR,TH,"[1495, 1482, 1453, 1507, 1494, 1449, 1504, 1506, 1500, 1503, 1476, 1479, 1465, 1462, 1739, 1478, 1466, 9, 6, 1480, 1464, 1460, 1496, 1489]","[650, 623, 277, 215, 227, 239, 213, 238, 607, 211, 210, 245, 583, 655, 242, 207, 603, 202, 735, 214, 646, 644, 711, 978]","[""session_time_linear"", ""session_time_quadratic"", ""image_identity:im115_r-1.0"", ""eventual_response_in_window"", ""eventual_response_latency"", ""response_latency_missing""]"
no_reward,16,24,24,0.0157319731980613,-0.002864240885748215,-0.018596214083809515,0.011837116289817762,-0.003894856908243538,-0.014701357175565977,"[[100.0, 100.0, 2], [100.0, 100.0, 1], [100.0, 100.0, 1], [100.0, 100.0, 2]]","[[100.0, 100.0, 2], [100.0, 100.0, 1], [100.0, 100.0, 1], [100.0, 100.0, 2]]",pass,https://dandiarchive.s3.amazonaws.com/blobs/3ae/b2f/3aeb2f0d-c1c1-4b50-964b-61caffa07ee9,615564,1198796984,STR,TH,"[1495, 1482, 1453, 1507, 1494, 1449, 1504, 1506, 1500, 1503, 1476, 1479, 1465, 1462, 1739, 1478, 1466, 9, 6, 1480, 1464, 1460, 1496, 1489]","[650, 623, 277, 215, 227, 239, 213, 238, 607, 211, 210, 245, 583, 655, 242, 207, 603, 202, 735, 214, 646, 644, 711, 978]","[""session_time_linear"", ""session_time_quadratic"", ""image_identity:im115_r-1.0"", ""eventual_response_in_window"", ""eventual_response_latency"", ""response_latency_missing""]"
engaged_1,17,24,24,0.037793688942212245,0.03935031550197843,0.0015566265597661832,0.04169804447424752,0.003904355532035275,-0.002347728972269092,"[[100.0, 100.0, 8], [100.0, 100.0, 1], [100.0, 100.0, 2], [100.0, 100.0, 1]]","[[100.0, 100.0, 8], [100.0, 100.0, 1], [100.0, 100.0, 2], [100.0, 100.0, 1]]",pass,https://dandiarchive.s3.amazonaws.com/blobs/635/68b/63568b8b-5957-4045-b90d-d75108909249,615564,1198995158,STR,TH,"[2225, 2147, 2242, 2241, 2161, 2255, 2208, 2155, 2123, 2125, 2143, 2113, 2215, 2163, 2156, 2555, 2146, 2206, 2131, 2232, 2598, 2137, 2198, 2127]","[66, 1527, 1180, 1183, 15, 2099, 1220, 1237, 22, 1238, 2, 1213, 7, 1282, 1247, 1267, 1271, 1279, 1229, 16, 40, 14, 1273, 1307]","[""session_time_linear"", ""session_time_quadratic"", ""image_identity:im115_r-1.0"", ""eventual_response_in_window"", ""eventual_response_latency"", ""response_latency_missing""]"
engaged_2,17,24,24,0.02776453912363186,0.009817257127570533,-0.017947281996061326,-0.0002515984855449016,-0.02801613760917676,0.010068855613115435,"[[100.0, 10.0, 1], [100.0, 100.0, 1], [100.0, 100.0, 2], [100.0, 100.0, 4]]","[[100.0, 10.0, 1], [100.0, 100.0, 1], [100.0, 100.0, 2], [100.0, 100.0, 4]]",pass,https://dandiarchive.s3.amazonaws.com/blobs/635/68b/63568b8b-5957-4045-b90d-d75108909249,615564,1198995158,STR,TH,"[2225, 2147, 2242, 2241, 2161, 2255, 2208, 2155, 2123, 2125, 2143, 2113, 2215, 2163, 2156, 2555, 2146, 2206, 2131, 2232, 2598, 2137, 2198, 2127]","[66, 1527, 1180, 1183, 15, 2099, 1220, 1237, 22, 1238, 2, 1213, 7, 1282, 1247, 1267, 1271, 1279, 1229, 16, 40, 14, 1273, 1307]","[""session_time_linear"", ""session_time_quadratic"", ""image_identity:im115_r-1.0"", ""eventual_response_in_window"", ""eventual_response_latency"", ""response_latency_missing""]"
no_reward,17,24,24,0.05919296257003814,0.056099551094356825,-0.003093411475681318,0.05110309329443108,-0.008089869275607064,0.0049964577999257465,"[[100.0, 100.0, 1], [100.0, 100.0, 2], [100.0, 100.0, 8], [100.0, 100.0, 1]]","[[100.0, 100.0, 1], [100.0, 100.0, 2], [100.0, 100.0, 8], [100.0, 100.0, 1]]",pass,https://dandiarchive.s3.amazonaws.com/blobs/635/68b/63568b8b-5957-4045-b90d-d75108909249,615564,1198995158,STR,TH,"[2225, 2147, 2242, 2241, 2161, 2255, 2208, 2155, 2123, 2125, 2143, 2113, 2215, 2163, 2156, 2555, 2146, 2206, 2131, 2232, 2598, 2137, 2198, 2127]","[66, 1527, 1180, 1183, 15, 2099, 1220, 1237, 22, 1238, 2, 1213, 7, 1282, 1247, 1267, 1271, 1279, 1229, 16, 40, 14, 1273, 1307]","[""session_time_linear"", ""session_time_quadratic"", ""image_identity:im115_r-1.0"", ""eventual_response_in_window"", ""eventual_response_latency"", ""response_latency_missing""]"
engaged_1,12,24,24,0.04031396894343153,0.047416494057921144,0.007102525114489611,0.042514480933634746,0.0022005119902032133,0.004902013124286397,"[[100.0, 100.0, 4], [100.0, 100.0, 8], [100.0, 100.0, 1], [100.0, 100.0, 8]]","[[100.0, 100.0, 4], [100.0, 100.0, 8], [100.0, 100.0, 1], [100.0, 100.0, 8]]",pass,https://dandiarchive.s3.amazonaws.com/blobs/9ae/cb7/9aecb778-a5a0-4554-8b06-3af01005fea5,623319,1209073822,STR,TH,"[1657, 1783, 1740, 1737, 1743, 1738, 1734, 1648, 1655, 1771, 1730, 1663, 1837, 1839, 2386, 1835, 1736, 2263, 1820, 1816, 1721, 1652, 1662, 1749]","[266, 239, 1314, 236, 235, 1174, 1187, 1330, 1304, 238, 1317, 285, 1229, 556, 1248, 1213, 1035, 1327, 293, 1116, 1221, 289, 1606, 286]","[""session_time_linear"", ""session_time_quadratic"", ""image_identity:im115_r-1.0"", ""eventual_response_in_window"", ""eventual_response_latency"", ""response_latency_missing""]"
engaged_2,12,24,24,0.037747744625130863,0.01409867934268949,-0.023649065282441373,-0.019901311826627355,-0.05764905645175822,0.033999991169316846,"[[100.0, 100.0, 4], [100.0, 100.0, 4], [100.0, 10.0, 4], [100.0, 100.0, 1]]","[[100.0, 100.0, 4], [100.0, 100.0, 4], [100.0, 10.0, 4], [100.0, 100.0, 1]]",pass,https://dandiarchive.s3.amazonaws.com/blobs/9ae/cb7/9aecb778-a5a0-4554-8b06-3af01005fea5,623319,1209073822,STR,TH,"[1657, 1783, 1740, 1737, 1743, 1738, 1734, 1648, 1655, 1771, 1730, 1663, 1837, 1839, 2386, 1835, 1736, 2263, 1820, 1816, 1721, 1652, 1662, 1749]","[266, 239, 1314, 236, 235, 1174, 1187, 1330, 1304, 238, 1317, 285, 1229, 556, 1248, 1213, 1035, 1327, 293, 1116, 1221, 289, 1606, 286]","[""session_time_linear"", ""session_time_quadratic"", ""image_identity:im115_r-1.0"", ""eventual_response_in_window"", ""eventual_response_latency"", ""response_latency_missing""]"
no_reward,12,24,24,0.01879353419476404,0.015519734502676075,-0.003273799692087964,0.009752229028229364,-0.009041305166534674,0.00576750547444671,"[[100.0, 10.0, 1], [100.0, 100.0, 4], [100.0, 100.0, 2], [100.0, 100.0, 1]]","[[100.0, 10.0, 1], [100.0, 100.0, 4], [100.0, 100.0, 2], [100.0, 100.0, 1]]",pass,https://dandiarchive.s3.amazonaws.com/blobs/9ae/cb7/9aecb778-a5a0-4554-8b06-3af01005fea5,623319,1209073822,STR,TH,"[1657, 1783, 1740, 1737, 1743, 1738, 1734, 1648, 1655, 1771, 1730, 1663, 1837, 1839, 2386, 1835, 1736, 2263, 1820, 1816, 1721, 1652, 1662, 1749]","[266, 239, 1314, 236, 235, 1174, 1187, 1330, 1304, 238, 1317, 285, 1229, 556, 1248, 1213, 1035, 1327, 293, 1116, 1221, 289, 1606, 286]","[""session_time_linear"", ""session_time_quadratic"", ""image_identity:im115_r-1.0"", ""eventual_response_in_window"", ""eventual_response_latency"", ""response_latency_missing""]"
engaged_1,22,24,24,0.03030941461255887,0.013013022352340586,-0.017296392260218285,0.020601116628708227,-0.009708297983850644,-0.007588094276367641,"[[100.0, 100.0, 1], [100.0, 100.0, 8], [100.0, 100.0, 2], [100.0, 100.0, 4]]","[[100.0, 100.0, 1], [100.0, 100.0, 8], [100.0, 100.0, 2], [100.0, 100.0, 4]]",pass,https://dandiarchive.s3.amazonaws.com/blobs/5d9/4f7/5d94f7f7-daa2-4d2d-93a5-1bd2bc02e141,623322,1200471383,STR,TH,"[1602, 1567, 1571, 1576, 1592, 1599, 1583, 1566, 1587, 1568, 1600, 1596, 1589, 1584, 1594, 1579, 1870, 1593, 141, 1572, 1617, 1595, 1869, 1578]","[192, 1031, 206, 199, 233, 219, 1026, 194, 187, 201, 1021, 531, 588, 216, 203, 503, 1020, 458, 579, 191, 453, 466, 465, 221]","[""session_time_linear"", ""session_time_quadratic"", ""image_identity:im115_r-1.0"", ""eventual_response_in_window"", ""eventual_response_latency"", ""response_latency_missing""]"
engaged_2,22,24,24,0.07808801821077682,0.06703072022558387,-0.011057297985192949,0.0755826227847648,-0.002505395426012025,-0.008551902559180924,"[[100.0, 100.0, 1], [100.0, 100.0, 1], [100.0, 100.0, 1], [100.0, 100.0, 1]]","[[100.0, 100.0, 1], [100.0, 100.0, 1], [100.0, 100.0, 1], [100.0, 100.0, 1]]",pass,https://dandiarchive.s3.amazonaws.com/blobs/5d9/4f7/5d94f7f7-daa2-4d2d-93a5-1bd2bc02e141,623322,1200471383,STR,TH,"[1602, 1567, 1571, 1576, 1592, 1599, 1583, 1566, 1587, 1568, 1600, 1596, 1589, 1584, 1594, 1579, 1870, 1593, 141, 1572, 1617, 1595, 1869, 1578]","[192, 1031, 206, 199, 233, 219, 1026, 194, 187, 201, 1021, 531, 588, 216, 203, 503, 1020, 458, 579, 191, 453, 466, 465, 221]","[""session_time_linear"", ""session_time_quadratic"", ""image_identity:im115_r-1.0"", ""eventual_response_in_window"", ""eventual_response_latency"", ""response_latency_missing""]"
no_reward,22,24,24,0.05319279366986651,0.03827157105787127,-0.014921222611995244,0.05299974975344668,-0.00019304391641983276,-0.014728178695575411,"[[100.0, 100.0, 1], [100.0, 100.0, 2], [100.0, 100.0, 1], [100.0, 100.0, 4]]","[[100.0, 100.0, 1], [100.0, 100.0, 2], [100.0, 100.0, 1], [100.0, 100.0, 4]]",pass,https://dandiarchive.s3.amazonaws.com/blobs/5d9/4f7/5d94f7f7-daa2-4d2d-93a5-1bd2bc02e141,623322,1200471383,STR,TH,"[1602, 1567, 1571, 1576, 1592, 1599, 1583, 1566, 1587, 1568, 1600, 1596, 1589, 1584, 1594, 1579, 1870, 1593, 141, 1572, 1617, 1595, 1869, 1578]","[192, 1031, 206, 199, 233, 219, 1026, 194, 187, 201, 1021, 531, 588, 216, 203, 503, 1020, 458, 579, 191, 453, 466, 465, 221]","[""session_time_linear"", ""session_time_quadratic"", ""image_identity:im115_r-1.0"", ""eventual_response_in_window"", ""eventual_response_latency"", ""response_latency_missing""]"
engaged_1,14,24,24,0.020095492078299748,0.016453262784272282,-0.003642229294027466,0.003323134877960654,-0.016772357200339094,0.013130127906311628,"[[100.0, 100.0, 8], [100.0, 100.0, 1], [100.0, 100.0, 1], [100.0, 100.0, 1]]","[[100.0, 100.0, 8], [100.0, 100.0, 1], [100.0, 100.0, 1], [100.0, 100.0, 1]]",pass,https://dandiarchive.s3.amazonaws.com/blobs/8bb/124/8bb12481-57e1-4f9d-95f0-c2ec49f2e338,632295,1218795542,STR,TH,"[1832, 1958, 1847, 1893, 1976, 1895, 1837, 1933, 1890, 1962, 2313, 1924, 1949, 2326, 1922, 1867, 1823, 1839, 1908, 1853, 1909, 1873, 1901, 1868]","[1264, 1344, 1304, 1332, 1319, 1368, 1302, 1751, 1262, 1373, 874, 1350, 1294, 1289, 1274, 1307, 1297, 1366, 1410, 1286, 1293, 1295, 1787, 1280]","[""session_time_linear"", ""session_time_quadratic"", ""image_identity:im115_r-1.0"", ""eventual_response_in_window"", ""eventual_response_latency"", ""response_latency_missing""]"
engaged_2,14,24,24,0.010768641573008497,0.0028576653177170286,-0.007910976255291469,0.007066732889496108,-0.0037019086835123893,-0.004209067571779079,"[[100.0, 100.0, 2], [100.0, 100.0, 8], [100.0, 100.0, 1], [100.0, 100.0, 1]]","[[100.0, 100.0, 2], [100.0, 100.0, 8], [100.0, 100.0, 1], [100.0, 100.0, 1]]",pass,https://dandiarchive.s3.amazonaws.com/blobs/8bb/124/8bb12481-57e1-4f9d-95f0-c2ec49f2e338,632295,1218795542,STR,TH,"[1832, 1958, 1847, 1893, 1976, 1895, 1837, 1933, 1890, 1962, 2313, 1924, 1949, 2326, 1922, 1867, 1823, 1839, 1908, 1853, 1909, 1873, 1901, 1868]","[1264, 1344, 1304, 1332, 1319, 1368, 1302, 1751, 1262, 1373, 874, 1350, 1294, 1289, 1274, 1307, 1297, 1366, 1410, 1286, 1293, 1295, 1787, 1280]","[""session_time_linear"", ""session_time_quadratic"", ""image_identity:im115_r-1.0"", ""eventual_response_in_window"", ""eventual_response_latency"", ""response_latency_missing""]"
no_reward,14,24,24,0.008786125622380347,0.004731314650127771,-0.004054810972252576,0.002338704050544149,-0.006447421571836198,0.002392610599583622,"[[100.0, 100.0, 8], [100.0, 100.0, 1], [100.0, 100.0, 4], [100.0, 100.0, 8]]","[[100.0, 100.0, 8], [100.0, 100.0, 1], [100.0, 100.0, 4], [100.0, 100.0, 8]]",pass,https://dandiarchive.s3.amazonaws.com/blobs/8bb/124/8bb12481-57e1-4f9d-95f0-c2ec49f2e338,632295,1218795542,STR,TH,"[1832, 1958, 1847, 1893, 1976, 1895, 1837, 1933, 1890, 1962, 2313, 1924, 1949, 2326, 1922, 1867, 1823, 1839, 1908, 1853, 1909, 1873, 1901, 1868]","[1264, 1344, 1304, 1332, 1319, 1368, 1302, 1751, 1262, 1373, 874, 1350, 1294, 1289, 1274, 1307, 1297, 1366, 1410, 1286, 1293, 1295, 1787, 1280]","[""session_time_linear"", ""session_time_quadratic"", ""image_identity:im115_r-1.0"", ""eventual_response_in_window"", ""eventual_response_latency"", ""response_latency_missing""]"
engaged_1,12,24,24,0.011647071563476219,0.013448324318244276,0.0018012527547680568,-0.010477836784621442,-0.02212490834809766,0.023926161102865717,"[[100.0, 1.0, 1], [100.0, 100.0, 2], [100.0, 10.0, 1], [100.0, 10.0, 1]]","[[100.0, 1.0, 1], [100.0, 100.0, 2], [100.0, 10.0, 1], [100.0, 10.0, 1]]",pass,https://dandiarchive.s3.amazonaws.com/blobs/db1/7c5/db17c503-6c6e-44c4-921f-4b0ddfa6dbdb,632295,1219127153,STR,TH,"[1408, 1466, 1409, 1431, 1461, 1403, 1446, 1662, 1487, 1415, 1711, 1476, 1429, 1485, 1430, 1463, 1678, 1441, 1449, 1462, 1407, 1668, 1679, 1468]","[1312, 1306, 36, 1051, 1307, 1115, 530, 1710, 1066, 1054, 1107, 1094, 1063, 1324, 1080, 581, 1305, 1303, 1379, 1048, 1044, 1329, 1266, 1331]","[""session_time_linear"", ""session_time_quadratic"", ""image_identity:im115_r-1.0"", ""eventual_response_in_window"", ""eventual_response_latency"", ""response_latency_missing""]"
engaged_2,12,24,24,0.012588139513687313,-0.03226229339400022,-0.04485043290768753,-0.009017628913272846,-0.02160576842696016,-0.023244664480727373,"[[100.0, 10.0, 2], [100.0, 10.0, 1], [100.0, 100.0, 1], [100.0, 100.0, 1]]","[[100.0, 10.0, 2], [100.0, 10.0, 1], [100.0, 100.0, 1], [100.0, 100.0, 1]]",pass,https://dandiarchive.s3.amazonaws.com/blobs/db1/7c5/db17c503-6c6e-44c4-921f-4b0ddfa6dbdb,632295,1219127153,STR,TH,"[1408, 1466, 1409, 1431, 1461, 1403, 1446, 1662, 1487, 1415, 1711, 1476, 1429, 1485, 1430, 1463, 1678, 1441, 1449, 1462, 1407, 1668, 1679, 1468]","[1312, 1306, 36, 1051, 1307, 1115, 530, 1710, 1066, 1054, 1107, 1094, 1063, 1324, 1080, 581, 1305, 1303, 1379, 1048, 1044, 1329, 1266, 1331]","[""session_time_linear"", ""session_time_quadratic"", ""image_identity:im115_r-1.0"", ""eventual_response_in_window"", ""eventual_response_latency"", ""response_latency_missing""]"
no_reward,12,24,24,0.003976417619473205,0.023316086624488697,0.019339669005015492,-0.018904123695745012,-0.022880541315218217,0.04222021032023371,"[[10.0, 10.0, 4], [100.0, 10.0, 1], [100.0, 100.0, 8], [100.0, 100.0, 1]]","[[10.0, 10.0, 4], [100.0, 10.0, 1], [100.0, 100.0, 8], [100.0, 100.0, 1]]",pass,https://dandiarchive.s3.amazonaws.com/blobs/db1/7c5/db17c503-6c6e-44c4-921f-4b0ddfa6dbdb,632295,1219127153,STR,TH,"[1408, 1466, 1409, 1431, 1461, 1403, 1446, 1662, 1487, 1415, 1711, 1476, 1429, 1485, 1430, 1463, 1678, 1441, 1449, 1462, 1407, 1668, 1679, 1468]","[1312, 1306, 36, 1051, 1307, 1115, 530, 1710, 1066, 1054, 1107, 1094, 1063, 1324, 1080, 581, 1305, 1303, 1379, 1048, 1044, 1329, 1266, 1331]","[""session_time_linear"", ""session_time_quadratic"", ""image_identity:im115_r-1.0"", ""eventual_response_in_window"", ""eventual_response_latency"", ""response_latency_missing""]"
engaged_1,21,24,24,-0.00898896821871431,-0.021385458942928315,-0.012396490724214004,-0.012789406954761828,-0.003800438736047518,-0.008596051988166487,"[[100.0, 100.0, 1], [100.0, 100.0, 2], [100.0, 100.0, 2], [100.0, 100.0, 1]]","[[100.0, 100.0, 1], [100.0, 100.0, 2], [100.0, 100.0, 2], [100.0, 100.0, 1]]",pass,https://dandiarchive.s3.amazonaws.com/blobs/d8b/8a9/d8b8a9fb-eda0-459f-a722-60a69961c992,638387,1229654875,STR,TH,"[6, 3, 67, 35, 12, 0, 109, 18, 11, 1634, 14, 1621, 16, 40, 78, 1637, 584, 46, 575, 25, 50, 10, 570, 9]","[1466, 1008, 1004, 983, 1010, 1328, 1445, 1260, 1486, 1284, 1352, 1327, 1398, 1330, 1285, 1387, 1300, 1349, 1277, 717, 1374, 685, 1316, 1470]","[""session_time_linear"", ""session_time_quadratic"", ""image_identity:im115_r-1.0"", ""eventual_response_in_window"", ""eventual_response_latency"", ""response_latency_missing""]"
engaged_2,21,24,24,0.01634486988303241,0.0011910939273375165,-0.015153775955694893,-0.000326984519628315,-0.016671854402660724,0.0015180784469658315,"[[100.0, 100.0, 8], [100.0, 100.0, 2], [100.0, 100.0, 1], [100.0, 100.0, 2]]","[[100.0, 100.0, 8], [100.0, 100.0, 2], [100.0, 100.0, 1], [100.0, 100.0, 2]]",pass,https://dandiarchive.s3.amazonaws.com/blobs/d8b/8a9/d8b8a9fb-eda0-459f-a722-60a69961c992,638387,1229654875,STR,TH,"[6, 3, 67, 35, 12, 0, 109, 18, 11, 1634, 14, 1621, 16, 40, 78, 1637, 584, 46, 575, 25, 50, 10, 570, 9]","[1466, 1008, 1004, 983, 1010, 1328, 1445, 1260, 1486, 1284, 1352, 1327, 1398, 1330, 1285, 1387, 1300, 1349, 1277, 717, 1374, 685, 1316, 1470]","[""session_time_linear"", ""session_time_quadratic"", ""image_identity:im115_r-1.0"", ""eventual_response_in_window"", ""eventual_response_latency"", ""response_latency_missing""]"
no_reward,21,24,24,0.06679146374324607,0.053606247752530645,-0.013185215990715426,0.054933642475453404,-0.011857821267792668,-0.001327394722922759,"[[100.0, 100.0, 8], [100.0, 100.0, 8], [100.0, 100.0, 1], [100.0, 100.0, 1]]","[[100.0, 100.0, 8], [100.0, 100.0, 8], [100.0, 100.0, 1], [100.0, 100.0, 1]]",pass,https://dandiarchive.s3.amazonaws.com/blobs/d8b/8a9/d8b8a9fb-eda0-459f-a722-60a69961c992,638387,1229654875,STR,TH,"[6, 3, 67, 35, 12, 0, 109, 18, 11, 1634, 14, 1621, 16, 40, 78, 1637, 584, 46, 575, 25, 50, 10, 570, 9]","[1466, 1008, 1004, 983, 1010, 1328, 1445, 1260, 1486, 1284, 1352, 1327, 1398, 1330, 1285, 1387, 1300, 1349, 1277, 717, 1374, 685, 1316, 1470]","[""session_time_linear"", ""session_time_quadratic"", ""image_identity:im115_r-1.0"", ""eventual_response_in_window"", ""eventual_response_latency"", ""response_latency_missing""]"
engaged_1,23,24,24,0.04065113449594915,0.03876269635850638,-0.0018884381374427717,0.02619612810405958,-0.014455006391889569,0.012566568254446797,"[[100.0, 100.0, 8], [100.0, 100.0, 1], [100.0, 100.0, 1], [100.0, 100.0, 2]]","[[100.0, 100.0, 8], [100.0, 100.0, 1], [100.0, 100.0, 1], [100.0, 100.0, 2]]",pass,https://dandiarchive.s3.amazonaws.com/blobs/584/1b8/5841b844-3102-4b4f-8f2c-e4cd23ec8f45,640887,1234203203,STR,TH,"[1588, 1569, 1656, 1605, 1770, 1755, 1695, 1709, 1674, 1735, 1785, 1597, 2073, 1734, 1663, 1756, 1732, 1694, 1662, 1728, 1737, 1671, 1608, 1635]","[1297, 7, 1279, 2, 5, 1314, 1321, 1298, 1308, 1310, 1323, 1550, 1332, 1317, 1307, 1303, 1324, 1549, 1319, 4, 1328, 1333, 1545, 1313]","[""session_time_linear"", ""session_time_quadratic"", ""image_identity:im115_r-1.0"", ""eventual_response_in_window"", ""eventual_response_latency"", ""response_latency_missing""]"
engaged_2,23,24,24,0.03900866977735706,0.032872546450218976,-0.006136123327138088,0.038873796730408916,-0.0001348730469481474,-0.00600125028018994,"[[100.0, 100.0, 1], [100.0, 100.0, 2], [100.0, 10.0, 1], [100.0, 100.0, 4]]","[[100.0, 100.0, 1], [100.0, 100.0, 2], [100.0, 10.0, 1], [100.0, 100.0, 4]]",pass,https://dandiarchive.s3.amazonaws.com/blobs/584/1b8/5841b844-3102-4b4f-8f2c-e4cd23ec8f45,640887,1234203203,STR,TH,"[1588, 1569, 1656, 1605, 1770, 1755, 1695, 1709, 1674, 1735, 1785, 1597, 2073, 1734, 1663, 1756, 1732, 1694, 1662, 1728, 1737, 1671, 1608, 1635]","[1297, 7, 1279, 2, 5, 1314, 1321, 1298, 1308, 1310, 1323, 1550, 1332, 1317, 1307, 1303, 1324, 1549, 1319, 4, 1328, 1333, 1545, 1313]","[""session_time_linear"", ""session_time_quadratic"", ""image_identity:im115_r-1.0"", ""eventual_response_in_window"", ""eventual_response_latency"", ""response_latency_missing""]"
no_reward,23,24,24,0.02094424615856294,0.021958313627313153,0.0010140674687502127,0.009783644645907863,-0.011160601512655077,0.01217466898140529,"[[100.0, 100.0, 4], [100.0, 100.0, 1], [100.0, 100.0, 1], [100.0, 100.0, 4]]","[[100.0, 100.0, 4], [100.0, 100.0, 1], [100.0, 100.0, 1], [100.0, 100.0, 4]]",pass,https://dandiarchive.s3.amazonaws.com/blobs/584/1b8/5841b844-3102-4b4f-8f2c-e4cd23ec8f45,640887,1234203203,STR,TH,"[1588, 1569, 1656, 1605, 1770, 1755, 1695, 1709, 1674, 1735, 1785, 1597, 2073, 1734, 1663, 1756, 1732, 1694, 1662, 1728, 1737, 1671, 1608, 1635]","[1297, 7, 1279, 2, 5, 1314, 1321, 1298, 1308, 1310, 1323, 1550, 1332, 1317, 1307, 1303, 1324, 1549, 1319, 4, 1328, 1333, 1545, 1313]","[""session_time_linear"", ""session_time_quadratic"", ""image_identity:im115_r-1.0"", ""eventual_response_in_window"", ""eventual_response_latency"", ""response_latency_missing""]"
engaged_1,25,24,24,0.08781823074789397,0.0675048642881515,-0.020313366459742466,0.08236595478249253,-0.005452275965401432,-0.014861090494341034,"[[100.0, 100.0, 1], [100.0, 100.0, 1], [100.0, 100.0, 4], [100.0, 100.0, 4]]","[[100.0, 100.0, 1], [100.0, 100.0, 1], [100.0, 100.0, 4], [100.0, 100.0, 4]]",pass,https://dandiarchive.s3.amazonaws.com/blobs/cfc/bf1/cfcbf155-cb15-455d-8450-0ef256540990,640887,1234410451,STR,TH,"[1343, 1319, 1405, 1344, 1647, 1443, 1305, 1396, 1340, 1297, 1342, 1774, 1496, 1301, 1606, 1718, 1388, 1316, 1304, 1302, 1435, 1475, 1298, 1294]","[485, 1261, 733, 811, 278, 737, 1644, 294, 1582, 1208, 1246, 407, 1228, 848, 1257, 853, 730, 671, 402, 1227, 740, 385, 712, 282]","[""session_time_linear"", ""session_time_quadratic"", ""image_identity:im115_r-1.0"", ""eventual_response_in_window"", ""eventual_response_latency"", ""response_latency_missing""]"
engaged_2,25,24,24,0.047213029913348414,0.037491792324780615,-0.0097212375885678,0.04672679463875773,-0.00048623527459068505,-0.009235002313977114,"[[100.0, 100.0, 1], [100.0, 100.0, 8], [100.0, 100.0, 8], [10.0, 100.0, 8]]","[[100.0, 100.0, 1], [100.0, 100.0, 8], [100.0, 100.0, 8], [10.0, 100.0, 8]]",pass,https://dandiarchive.s3.amazonaws.com/blobs/cfc/bf1/cfcbf155-cb15-455d-8450-0ef256540990,640887,1234410451,STR,TH,"[1343, 1319, 1405, 1344, 1647, 1443, 1305, 1396, 1340, 1297, 1342, 1774, 1496, 1301, 1606, 1718, 1388, 1316, 1304, 1302, 1435, 1475, 1298, 1294]","[485, 1261, 733, 811, 278, 737, 1644, 294, 1582, 1208, 1246, 407, 1228, 848, 1257, 853, 730, 671, 402, 1227, 740, 385, 712, 282]","[""session_time_linear"", ""session_time_quadratic"", ""image_identity:im115_r-1.0"", ""eventual_response_in_window"", ""eventual_response_latency"", ""response_latency_missing""]"
no_reward,25,24,24,-0.00007935626990041023,-0.0016058902212241488,-0.0015265339513237386,0.0019787984163114336,0.002058154686211844,-0.0035846886375355824,"[[100.0, 100.0, 1], [100.0, 100.0, 8], [100.0, 100.0, 8], [100.0, 100.0, 2]]","[[100.0, 100.0, 1], [100.0, 100.0, 8], [100.0, 100.0, 8], [100.0, 100.0, 2]]",pass,https://dandiarchive.s3.amazonaws.com/blobs/cfc/bf1/cfcbf155-cb15-455d-8450-0ef256540990,640887,1234410451,STR,TH,"[1343, 1319, 1405, 1344, 1647, 1443, 1305, 1396, 1340, 1297, 1342, 1774, 1496, 1301, 1606, 1718, 1388, 1316, 1304, 1302, 1435, 1475, 1298, 1294]","[485, 1261, 733, 811, 278, 737, 1644, 294, 1582, 1208, 1246, 407, 1228, 848, 1257, 853, 730, 671, 402, 1227, 740, 385, 712, 282]","[""session_time_linear"", ""session_time_quadratic"", ""image_identity:im115_r-1.0"", ""eventual_response_in_window"", ""eventual_response_latency"", ""response_latency_missing""]"
engaged_1,27,24,24,-0.013444639212222276,-0.038344259834277805,-0.02489962062205553,-0.027119853775559255,-0.01367521456333698,-0.01122440605871855,"[[100.0, 100.0, 8], [100.0, 100.0, 1], [100.0, 100.0, 1], [100.0, 100.0, 8]]","[[100.0, 100.0, 8], [100.0, 100.0, 1], [100.0, 100.0, 1], [100.0, 100.0, 8]]",pass,https://dandiarchive.s3.amazonaws.com/blobs/13d/b29/13db29ff-1454-412d-8680-ecd7a38c6f95,640890,1232430325,STR,TH,"[3, 2314, 49, 35, 376, 45, 42, 126, 38, 34, 97, 84, 89, 117, 104, 44, 162, 387, 23, 142, 2195, 39, 69, 2269]","[1670, 498, 478, 493, 592, 1715, 1718, 806, 812, 918, 491, 522, 492, 1772, 545, 470, 466, 538, 523, 882, 531, 1880, 590, 464]","[""session_time_linear"", ""session_time_quadratic"", ""image_identity:im115_r-1.0"", ""eventual_response_in_window"", ""eventual_response_latency"", ""response_latency_missing""]"
engaged_2,27,24,24,0.038219850774040554,0.039524951612110226,0.0013051008380696727,0.03413600490556534,-0.004083845868475211,0.005388946706544884,"[[100.0, 100.0, 1], [100.0, 100.0, 2], [100.0, 100.0, 8], [100.0, 100.0, 8]]","[[100.0, 100.0, 1], [100.0, 100.0, 2], [100.0, 100.0, 8], [100.0, 100.0, 8]]",pass,https://dandiarchive.s3.amazonaws.com/blobs/13d/b29/13db29ff-1454-412d-8680-ecd7a38c6f95,640890,1232430325,STR,TH,"[3, 2314, 49, 35, 376, 45, 42, 126, 38, 34, 97, 84, 89, 117, 104, 44, 162, 387, 23, 142, 2195, 39, 69, 2269]","[1670, 498, 478, 493, 592, 1715, 1718, 806, 812, 918, 491, 522, 492, 1772, 545, 470, 466, 538, 523, 882, 531, 1880, 590, 464]","[""session_time_linear"", ""session_time_quadratic"", ""image_identity:im115_r-1.0"", ""eventual_response_in_window"", ""eventual_response_latency"", ""response_latency_missing""]"
no_reward,27,24,24,0.06199399275424411,0.04972107569284978,-0.012272917061394328,0.060572678382447176,-0.0014213143717969334,-0.010851602689597395,"[[100.0, 100.0, 1], [100.0, 100.0, 2], [100.0, 100.0, 1], [100.0, 100.0, 1]]","[[100.0, 100.0, 1], [100.0, 100.0, 2], [100.0, 100.0, 1], [100.0, 100.0, 1]]",pass,https://dandiarchive.s3.amazonaws.com/blobs/13d/b29/13db29ff-1454-412d-8680-ecd7a38c6f95,640890,1232430325,STR,TH,"[3, 2314, 49, 35, 376, 45, 42, 126, 38, 34, 97, 84, 89, 117, 104, 44, 162, 387, 23, 142, 2195, 39, 69, 2269]","[1670, 498, 478, 493, 592, 1715, 1718, 806, 812, 918, 491, 522, 492, 1772, 545, 470, 466, 538, 523, 882, 531, 1880, 590, 464]","[""session_time_linear"", ""session_time_quadratic"", ""image_identity:im115_r-1.0"", ""eventual_response_in_window"", ""eventual_response_latency"", ""response_latency_missing""]"
engaged_1,22,24,24,0.03397513790663764,0.0224419962174518,-0.011533141689185844,0.028270049273014686,-0.005705088633622957,-0.005828053055562887,"[[100.0, 100.0, 8], [100.0, 100.0, 8], [100.0, 100.0, 1], [100.0, 100.0, 2]]","[[100.0, 100.0, 8], [100.0, 100.0, 8], [100.0, 100.0, 1], [100.0, 100.0, 2]]",pass,https://dandiarchive.s3.amazonaws.com/blobs/e3b/977/e3b97777-89fa-4730-8d0e-fae22e471f07,640890,1232725697,STR,TH,"[1531, 1530, 1504, 1480, 1499, 1527, 1593, 1561, 1516, 1534, 1508, 1521, 1465, 1587, 1486, 1592, 1559, 1582, 1542, 1518, 1951, 1502, 1528, 1584]","[794, 418, 800, 837, 775, 454, 763, 476, 475, 465, 470, 779, 835, 467, 828, 427, 805, 490, 811, 769, 485, 827, 449, 478]","[""session_time_linear"", ""session_time_quadratic"", ""image_identity:im115_r-1.0"", ""eventual_response_in_window"", ""eventual_response_latency"", ""response_latency_missing""]"
engaged_2,22,24,24,0.0552476239181815,0.04724088448758168,-0.008006739430599819,0.04599103306043095,-0.009256590857750546,0.0012498514271507277,"[[100.0, 100.0, 4], [100.0, 100.0, 1], [100.0, 100.0, 4], [100.0, 100.0, 1]]","[[100.0, 100.0, 4], [100.0, 100.0, 1], [100.0, 100.0, 4], [100.0, 100.0, 1]]",pass,https://dandiarchive.s3.amazonaws.com/blobs/e3b/977/e3b97777-89fa-4730-8d0e-fae22e471f07,640890,1232725697,STR,TH,"[1531, 1530, 1504, 1480, 1499, 1527, 1593, 1561, 1516, 1534, 1508, 1521, 1465, 1587, 1486, 1592, 1559, 1582, 1542, 1518, 1951, 1502, 1528, 1584]","[794, 418, 800, 837, 775, 454, 763, 476, 475, 465, 470, 779, 835, 467, 828, 427, 805, 490, 811, 769, 485, 827, 449, 478]","[""session_time_linear"", ""session_time_quadratic"", ""image_identity:im115_r-1.0"", ""eventual_response_in_window"", ""eventual_response_latency"", ""response_latency_missing""]"
no_reward,22,24,24,0.05232886851213858,0.033702581200528825,-0.018626287311609757,0.002341890361560628,-0.049986978150577954,0.0313606908389682,"[[100.0, 100.0, 1], [100.0, 100.0, 1], [100.0, 1.0, 1], [100.0, 100.0, 4]]","[[100.0, 100.0, 1], [100.0, 100.0, 1], [100.0, 1.0, 1], [100.0, 100.0, 4]]",pass,https://dandiarchive.s3.amazonaws.com/blobs/e3b/977/e3b97777-89fa-4730-8d0e-fae22e471f07,640890,1232725697,STR,TH,"[1531, 1530, 1504, 1480, 1499, 1527, 1593, 1561, 1516, 1534, 1508, 1521, 1465, 1587, 1486, 1592, 1559, 1582, 1542, 1518, 1951, 1502, 1528, 1584]","[794, 418, 800, 837, 775, 454, 763, 476, 475, 465, 470, 779, 835, 467, 828, 427, 805, 490, 811, 769, 485, 827, 449, 478]","[""session_time_linear"", ""session_time_quadratic"", ""image_identity:im115_r-1.0"", ""eventual_response_in_window"", ""eventual_response_latency"", ""response_latency_missing""]"
engaged_1,16,24,24,0.012973615040639652,-0.02865047452378522,-0.04162408956442487,0.007027730139749666,-0.005945884900889986,-0.035678204663534885,"[[100.0, 100.0, 1], [100.0, 10.0, 1], [100.0, 100.0, 1], [100.0, 100.0, 1]]","[[100.0, 100.0, 1], [100.0, 10.0, 1], [100.0, 100.0, 1], [100.0, 100.0, 1]]",pass,https://dandiarchive.s3.amazonaws.com/blobs/559/41e/55941ebd-ef47-4d38-80af-0fabd499db6d,642504,1244070169,STR,TH,"[1287, 1450, 1385, 1365, 1380, 1367, 1393, 1263, 1425, 1285, 1411, 1317, 1413, 1289, 1422, 1388, 1399, 1237, 1636, 1378, 1329, 1410, 1363, 1244]","[1034, 921, 901, 1003, 954, 961, 891, 947, 1177, 955, 931, 887, 477, 980, 599, 520, 1188, 506, 527, 979, 1029, 989, 485, 973]","[""session_time_linear"", ""session_time_quadratic"", ""image_identity:im115_r-1.0"", ""eventual_response_in_window"", ""eventual_response_latency"", ""response_latency_missing""]"
engaged_2,16,24,24,0.03507836992846369,0.03279721796693025,-0.0022811519615334452,0.02242784067408532,-0.012650529254378373,0.010369377292844928,"[[100.0, 100.0, 8], [100.0, 100.0, 8], [100.0, 100.0, 2], [100.0, 100.0, 2]]","[[100.0, 100.0, 8], [100.0, 100.0, 8], [100.0, 100.0, 2], [100.0, 100.0, 2]]",pass,https://dandiarchive.s3.amazonaws.com/blobs/559/41e/55941ebd-ef47-4d38-80af-0fabd499db6d,642504,1244070169,STR,TH,"[1287, 1450, 1385, 1365, 1380, 1367, 1393, 1263, 1425, 1285, 1411, 1317, 1413, 1289, 1422, 1388, 1399, 1237, 1636, 1378, 1329, 1410, 1363, 1244]","[1034, 921, 901, 1003, 954, 961, 891, 947, 1177, 955, 931, 887, 477, 980, 599, 520, 1188, 506, 527, 979, 1029, 989, 485, 973]","[""session_time_linear"", ""session_time_quadratic"", ""image_identity:im115_r-1.0"", ""eventual_response_in_window"", ""eventual_response_latency"", ""response_latency_missing""]"
no_reward,16,24,24,0.08736865754699619,0.07092741387045387,-0.016441243676542316,0.0672271799815507,-0.020141477565445487,0.0037002338889031705,"[[100.0, 100.0, 1], [100.0, 100.0, 1], [10.0, 1.0, 1], [10.0, 100.0, 1]]","[[100.0, 100.0, 1], [100.0, 100.0, 1], [10.0, 1.0, 1], [10.0, 100.0, 1]]",pass,https://dandiarchive.s3.amazonaws.com/blobs/559/41e/55941ebd-ef47-4d38-80af-0fabd499db6d,642504,1244070169,STR,TH,"[1287, 1450, 1385, 1365, 1380, 1367, 1393, 1263, 1425, 1285, 1411, 1317, 1413, 1289, 1422, 1388, 1399, 1237, 1636, 1378, 1329, 1410, 1363, 1244]","[1034, 921, 901, 1003, 954, 961, 891, 947, 1177, 955, 931, 887, 477, 980, 599, 520, 1188, 506, 527, 979, 1029, 989, 485, 973]","[""session_time_linear"", ""session_time_quadratic"", ""image_identity:im115_r-1.0"", ""eventual_response_in_window"", ""eventual_response_latency"", ""response_latency_missing""]"
engaged_1,18,24,24,0.0605082094508782,0.04765254926052864,-0.01285566019034956,0.054242253148573116,-0.006265956302305087,-0.006589703888044474,"[[100.0, 100.0, 2], [100.0, 100.0, 1], [100.0, 100.0, 8], [100.0, 100.0, 1]]","[[100.0, 100.0, 2], [100.0, 100.0, 1], [100.0, 100.0, 8], [100.0, 100.0, 1]]",pass,https://dandiarchive.s3.amazonaws.com/blobs/88d/b29/88db2938-a9e0-491c-8056-f83cc894edf3,642504,1243523806,STR,TH,"[1070, 1109, 1062, 1093, 1116, 1130, 1349, 1140, 1051, 1088, 1087, 1135, 1114, 1107, 1101, 1155, 1052, 1145, 1110, 1132, 1098, 1133, 1352, 1336]","[707, 713, 681, 354, 394, 708, 373, 355, 357, 382, 389, 378, 680, 369, 413, 385, 352, 409, 363, 572, 361, 415, 395, 564]","[""session_time_linear"", ""session_time_quadratic"", ""image_identity:im115_r-1.0"", ""eventual_response_in_window"", ""eventual_response_latency"", ""response_latency_missing""]"
engaged_2,18,24,24,0.011479236369984602,-0.00036939075618747097,-0.011848627126172073,-0.0005230847030694985,-0.0120023210730541,0.00015369394688202753,"[[100.0, 100.0, 2], [100.0, 100.0, 1], [100.0, 100.0, 1], [100.0, 100.0, 2]]","[[100.0, 100.0, 2], [100.0, 100.0, 1], [100.0, 100.0, 1], [100.0, 100.0, 2]]",pass,https://dandiarchive.s3.amazonaws.com/blobs/88d/b29/88db2938-a9e0-491c-8056-f83cc894edf3,642504,1243523806,STR,TH,"[1070, 1109, 1062, 1093, 1116, 1130, 1349, 1140, 1051, 1088, 1087, 1135, 1114, 1107, 1101, 1155, 1052, 1145, 1110, 1132, 1098, 1133, 1352, 1336]","[707, 713, 681, 354, 394, 708, 373, 355, 357, 382, 389, 378, 680, 369, 413, 385, 352, 409, 363, 572, 361, 415, 395, 564]","[""session_time_linear"", ""session_time_quadratic"", ""image_identity:im115_r-1.0"", ""eventual_response_in_window"", ""eventual_response_latency"", ""response_latency_missing""]"
no_reward,18,24,24,0.06358494730111819,0.06278033333135025,-0.0008046139697679422,0.058689204344759216,-0.004895742956358973,0.0040911289865910305,"[[100.0, 100.0, 1], [100.0, 100.0, 1], [100.0, 100.0, 2], [100.0, 100.0, 1]]","[[100.0, 100.0, 1], [100.0, 100.0, 1], [100.0, 100.0, 2], [100.0, 100.0, 1]]",pass,https://dandiarchive.s3.amazonaws.com/blobs/88d/b29/88db2938-a9e0-491c-8056-f83cc894edf3,642504,1243523806,STR,TH,"[1070, 1109, 1062, 1093, 1116, 1130, 1349, 1140, 1051, 1088, 1087, 1135, 1114, 1107, 1101, 1155, 1052, 1145, 1110, 1132, 1098, 1133, 1352, 1336]","[707, 713, 681, 354, 394, 708, 373, 355, 357, 382, 389, 378, 680, 369, 413, 385, 352, 409, 363, 572, 361, 415, 395, 564]","[""session_time_linear"", ""session_time_quadratic"", ""image_identity:im115_r-1.0"", ""eventual_response_in_window"", ""eventual_response_latency"", ""response_latency_missing""]"
engaged_1,15,24,24,0.006026686206742071,-0.0005656864729357558,-0.006592372679677827,-0.1151980683382261,-0.12122475454496817,0.11463238186529034,"[[100.0, 100.0, 8], [100.0, 0.1, 1], [100.0, 100.0, 2], [100.0, 100.0, 4]]","[[100.0, 100.0, 8], [100.0, 0.1, 1], [100.0, 100.0, 2], [100.0, 100.0, 4]]",pass,https://dandiarchive.s3.amazonaws.com/blobs/c78/ef5/c78ef53f-16de-4f5e-8235-afe87a226203,614547,1181731440,TH,HPF,"[1240, 438, 454, 1231, 1243, 1254, 459, 1265, 1184, 1246, 1268, 479, 477, 1270, 1258, 1239, 453, 1242, 445, 1249, 1217, 1244, 1151, 1155]","[554, 582, 534, 788, 559, 1393, 562, 596, 1382, 859, 1328, 869, 884, 849, 542, 1357, 1387, 806, 874, 1298, 543, 1392, 817, 573]","[""session_time_linear"", ""session_time_quadratic"", ""image_identity:im115_r-1.0"", ""eventual_response_in_window"", ""eventual_response_latency"", ""response_latency_missing""]"
engaged_2,15,24,24,0.09405156924043223,0.06132339682266141,-0.03272817241777082,0.10347408811592229,0.00942251887549006,-0.04215069129326088,"[[100.0, 100.0, 1], [100.0, 100.0, 2], [100.0, 100.0, 1], [100.0, 10.0, 1]]","[[100.0, 100.0, 1], [100.0, 100.0, 2], [100.0, 100.0, 1], [100.0, 10.0, 1]]",pass,https://dandiarchive.s3.amazonaws.com/blobs/c78/ef5/c78ef53f-16de-4f5e-8235-afe87a226203,614547,1181731440,TH,HPF,"[1240, 438, 454, 1231, 1243, 1254, 459, 1265, 1184, 1246, 1268, 479, 477, 1270, 1258, 1239, 453, 1242, 445, 1249, 1217, 1244, 1151, 1155]","[554, 582, 534, 788, 559, 1393, 562, 596, 1382, 859, 1328, 869, 884, 849, 542, 1357, 1387, 806, 874, 1298, 543, 1392, 817, 573]","[""session_time_linear"", ""session_time_quadratic"", ""image_identity:im115_r-1.0"", ""eventual_response_in_window"", ""eventual_response_latency"", ""response_latency_missing""]"
no_reward,15,24,24,-0.000668582754325131,-0.02251673465419235,-0.02184815189986722,-0.02391825749962795,-0.023249674745302817,0.0014015228454355988,"[[100.0, 100.0, 8], [100.0, 100.0, 8], [100.0, 10.0, 1], [100.0, 10.0, 8]]","[[100.0, 100.0, 8], [100.0, 100.0, 8], [100.0, 10.0, 1], [100.0, 10.0, 8]]",pass,https://dandiarchive.s3.amazonaws.com/blobs/c78/ef5/c78ef53f-16de-4f5e-8235-afe87a226203,614547,1181731440,TH,HPF,"[1240, 438, 454, 1231, 1243, 1254, 459, 1265, 1184, 1246, 1268, 479, 477, 1270, 1258, 1239, 453, 1242, 445, 1249, 1217, 1244, 1151, 1155]","[554, 582, 534, 788, 559, 1393, 562, 596, 1382, 859, 1328, 869, 884, 849, 542, 1357, 1387, 806, 874, 1298, 543, 1392, 817, 573]","[""session_time_linear"", ""session_time_quadratic"", ""image_identity:im115_r-1.0"", ""eventual_response_in_window"", ""eventual_response_latency"", ""response_latency_missing""]"
engaged_1,17,24,24,-0.004517238240618893,-0.0182446605394595,-0.013727422298840608,-0.025552612304239775,-0.021035374063620882,0.007307951764780274,"[[100.0, 10.0, 1], [100.0, 100.0, 8], [100.0, 100.0, 8], [100.0, 100.0, 1]]","[[100.0, 10.0, 1], [100.0, 100.0, 8], [100.0, 100.0, 8], [100.0, 100.0, 1]]",pass,https://dandiarchive.s3.amazonaws.com/blobs/68c/a06/68ca0674-2a8a-4931-8d5b-10a3edfb0cfa,614608,1187475832,TH,HPF,"[1430, 946, 1447, 1432, 1431, 1420, 1450, 1453, 915, 861, 948, 880, 1009, 930, 925, 893, 900, 883, 1394, 877, 919, 889, 954, 931]","[1061, 129, 1540, 122, 1539, 1180, 1056, 1052, 1129, 1548, 1186, 1175, 1193, 1166, 1063, 1137, 1150, 1552, 1205, 1163, 130, 1197, 1162, 1554]","[""session_time_linear"", ""session_time_quadratic"", ""image_identity:im115_r-1.0"", ""eventual_response_in_window"", ""eventual_response_latency"", ""response_latency_missing""]"
engaged_2,17,24,24,0.025553104333199794,-0.009782306548391961,-0.035335410881591756,-0.025213196106057323,-0.05076630043925712,0.015430889557665362,"[[100.0, 100.0, 4], [100.0, 100.0, 1], [100.0, 0.1, 1], [100.0, 100.0, 4]]","[[100.0, 100.0, 4], [100.0, 100.0, 1], [100.0, 0.1, 1], [100.0, 100.0, 4]]",pass,https://dandiarchive.s3.amazonaws.com/blobs/68c/a06/68ca0674-2a8a-4931-8d5b-10a3edfb0cfa,614608,1187475832,TH,HPF,"[1430, 946, 1447, 1432, 1431, 1420, 1450, 1453, 915, 861, 948, 880, 1009, 930, 925, 893, 900, 883, 1394, 877, 919, 889, 954, 931]","[1061, 129, 1540, 122, 1539, 1180, 1056, 1052, 1129, 1548, 1186, 1175, 1193, 1166, 1063, 1137, 1150, 1552, 1205, 1163, 130, 1197, 1162, 1554]","[""session_time_linear"", ""session_time_quadratic"", ""image_identity:im115_r-1.0"", ""eventual_response_in_window"", ""eventual_response_latency"", ""response_latency_missing""]"
no_reward,17,24,24,-0.01317917896212717,-0.0594926952945698,-0.04631351633244263,-0.032452872305269054,-0.019273693343141884,-0.027039822989300744,"[[100.0, 10.0, 2], [100.0, 100.0, 1], [100.0, 100.0, 2], [100.0, 100.0, 1]]","[[100.0, 10.0, 2], [100.0, 100.0, 1], [100.0, 100.0, 2], [100.0, 100.0, 1]]",pass,https://dandiarchive.s3.amazonaws.com/blobs/68c/a06/68ca0674-2a8a-4931-8d5b-10a3edfb0cfa,614608,1187475832,TH,HPF,"[1430, 946, 1447, 1432, 1431, 1420, 1450, 1453, 915, 861, 948, 880, 1009, 930, 925, 893, 900, 883, 1394, 877, 919, 889, 954, 931]","[1061, 129, 1540, 122, 1539, 1180, 1056, 1052, 1129, 1548, 1186, 1175, 1193, 1166, 1063, 1137, 1150, 1552, 1205, 1163, 130, 1197, 1162, 1554]","[""session_time_linear"", ""session_time_quadratic"", ""image_identity:im115_r-1.0"", ""eventual_response_in_window"", ""eventual_response_latency"", ""response_latency_missing""]"
engaged_1,24,24,24,0.0029231172129084992,-0.0005050877329955128,-0.003428204945904012,0.0022766131292043523,-0.0006465040837041469,-0.002781700862199865,"[[100.0, 100.0, 1], [100.0, 100.0, 2], [100.0, 100.0, 8], [100.0, 100.0, 1]]","[[100.0, 100.0, 1], [100.0, 100.0, 2], [100.0, 100.0, 8], [100.0, 100.0, 1]]",pass,https://dandiarchive.s3.amazonaws.com/blobs/fd4/c49/fd4c4964-f02b-456e-af4d-b9407877d0de,614608,1187940755,TH,HPF,"[983, 978, 964, 425, 918, 460, 872, 927, 474, 449, 524, 489, 472, 423, 450, 436, 515, 466, 514, 476, 452, 457, 519, 463]","[670, 637, 564, 1024, 619, 1026, 610, 608, 580, 594, 1050, 669, 600, 609, 1055, 549, 581, 555, 1018, 1061, 1077, 634, 1066, 611]","[""session_time_linear"", ""session_time_quadratic"", ""image_identity:im115_r-1.0"", ""eventual_response_in_window"", ""eventual_response_latency"", ""response_latency_missing""]"
engaged_2,24,24,24,0.018230889942262074,0.013310887265291727,-0.0049200026769703475,0.00852110461424449,-0.009709785328017584,0.004789782651047236,"[[100.0, 100.0, 1], [100.0, 100.0, 1], [100.0, 100.0, 8], [100.0, 100.0, 1]]","[[100.0, 100.0, 1], [100.0, 100.0, 1], [100.0, 100.0, 8], [100.0, 100.0, 1]]",pass,https://dandiarchive.s3.amazonaws.com/blobs/fd4/c49/fd4c4964-f02b-456e-af4d-b9407877d0de,614608,1187940755,TH,HPF,"[983, 978, 964, 425, 918, 460, 872, 927, 474, 449, 524, 489, 472, 423, 450, 436, 515, 466, 514, 476, 452, 457, 519, 463]","[670, 637, 564, 1024, 619, 1026, 610, 608, 580, 594, 1050, 669, 600, 609, 1055, 549, 581, 555, 1018, 1061, 1077, 634, 1066, 611]","[""session_time_linear"", ""session_time_quadratic"", ""image_identity:im115_r-1.0"", ""eventual_response_in_window"", ""eventual_response_latency"", ""response_latency_missing""]"
no_reward,24,24,24,0.04452941051213566,0.03958056068185023,-0.004948849830285429,0.04017711942327029,-0.004352291088865368,-0.0005965587414200613,"[[100.0, 100.0, 1], [100.0, 100.0, 1], [100.0, 100.0, 4], [100.0, 100.0, 1]]","[[100.0, 100.0, 1], [100.0, 100.0, 1], [100.0, 100.0, 4], [100.0, 100.0, 1]]",pass,https://dandiarchive.s3.amazonaws.com/blobs/fd4/c49/fd4c4964-f02b-456e-af4d-b9407877d0de,614608,1187940755,TH,HPF,"[983, 978, 964, 425, 918, 460, 872, 927, 474, 449, 524, 489, 472, 423, 450, 436, 515, 466, 514, 476, 452, 457, 519, 463]","[670, 637, 564, 1024, 619, 1026, 610, 608, 580, 594, 1050, 669, 600, 609, 1055, 549, 581, 555, 1018, 1061, 1077, 634, 1066, 611]","[""session_time_linear"", ""session_time_quadratic"", ""image_identity:im115_r-1.0"", ""eventual_response_in_window"", ""eventual_response_latency"", ""response_latency_missing""]"
engaged_1,17,24,24,-0.004095791384859826,-0.04787261854239988,-0.043776827157540055,-0.029114868537049476,-0.02501907715218965,-0.018757750005350404,"[[100.0, 100.0, 8], [100.0, 1.0, 1], [100.0, 100.0, 8], [100.0, 100.0, 2]]","[[100.0, 100.0, 8], [100.0, 1.0, 1], [100.0, 100.0, 8], [100.0, 100.0, 2]]",pass,https://dandiarchive.s3.amazonaws.com/blobs/75d/9d0/75d9d091-e7db-47d1-aac4-d41133e29393,615048,1197725774,TH,HPF,"[1330, 907, 1344, 903, 926, 879, 908, 898, 928, 997, 883, 1274, 884, 1325, 902, 886, 892, 976, 954, 877, 882, 887, 1271, 1329]","[1127, 1128, 1121, 1826, 710, 678, 699, 1118, 1795, 680, 1428, 1099, 673, 674, 1429, 1483, 1453, 1048, 1485, 1077, 701, 656, 668, 647]","[""session_time_linear"", ""session_time_quadratic"", ""image_identity:im115_r-1.0"", ""eventual_response_in_window"", ""eventual_response_latency"", ""response_latency_missing""]"
engaged_2,17,24,24,0.026169686404028725,0.026376063260332927,0.00020637685630420233,0.02775419466094664,0.0015845082569179159,-0.0013781314006137135,"[[100.0, 100.0, 1], [100.0, 100.0, 8], [100.0, 100.0, 8], [100.0, 100.0, 1]]","[[100.0, 100.0, 1], [100.0, 100.0, 8], [100.0, 100.0, 8], [100.0, 100.0, 1]]",pass,https://dandiarchive.s3.amazonaws.com/blobs/75d/9d0/75d9d091-e7db-47d1-aac4-d41133e29393,615048,1197725774,TH,HPF,"[1330, 907, 1344, 903, 926, 879, 908, 898, 928, 997, 883, 1274, 884, 1325, 902, 886, 892, 976, 954, 877, 882, 887, 1271, 1329]","[1127, 1128, 1121, 1826, 710, 678, 699, 1118, 1795, 680, 1428, 1099, 673, 674, 1429, 1483, 1453, 1048, 1485, 1077, 701, 656, 668, 647]","[""session_time_linear"", ""session_time_quadratic"", ""image_identity:im115_r-1.0"", ""eventual_response_in_window"", ""eventual_response_latency"", ""response_latency_missing""]"
no_reward,17,24,24,-0.004315315407433129,-0.012474571212872432,-0.008159255805439303,-0.006283151845893675,-0.0019678364384605462,-0.0061914193669787565,"[[100.0, 100.0, 2], [100.0, 100.0, 2], [100.0, 100.0, 1], [100.0, 100.0, 2]]","[[100.0, 100.0, 2], [100.0, 100.0, 2], [100.0, 100.0, 1], [100.0, 100.0, 2]]",pass,https://dandiarchive.s3.amazonaws.com/blobs/75d/9d0/75d9d091-e7db-47d1-aac4-d41133e29393,615048,1197725774,TH,HPF,"[1330, 907, 1344, 903, 926, 879, 908, 898, 928, 997, 883, 1274, 884, 1325, 902, 886, 892, 976, 954, 877, 882, 887, 1271, 1329]","[1127, 1128, 1121, 1826, 710, 678, 699, 1118, 1795, 680, 1428, 1099, 673, 674, 1429, 1483, 1453, 1048, 1485, 1077, 701, 656, 668, 647]","[""session_time_linear"", ""session_time_quadratic"", ""image_identity:im115_r-1.0"", ""eventual_response_in_window"", ""eventual_response_latency"", ""response_latency_missing""]"
engaged_1,18,24,24,-0.0007060277769106449,-0.008434797030620445,-0.0077287692537098,-0.002159014460461961,-0.001452986683551316,-0.0062757825701584835,"[[100.0, 10.0, 1], [100.0, 100.0, 1], [100.0, 100.0, 8], [100.0, 100.0, 4]]","[[100.0, 10.0, 1], [100.0, 100.0, 1], [100.0, 100.0, 8], [100.0, 100.0, 4]]",pass,https://dandiarchive.s3.amazonaws.com/blobs/fe0/9ba/fe09ba54-89e9-4b73-bf95-5127c2ee2ad9,615048,1197514969,TH,HPF,"[1314, 1237, 1274, 1225, 1259, 1254, 1272, 1265, 1227, 1238, 1221, 1266, 1304, 1336, 1342, 1327, 1268, 1285, 1317, 1322, 1312, 1283, 1279, 1255]","[1432, 576, 567, 1532, 1429, 1393, 614, 580, 554, 597, 1366, 1410, 1457, 632, 1427, 1481, 1501, 574, 774, 1426, 1434, 606, 1356, 1513]","[""session_time_linear"", ""session_time_quadratic"", ""image_identity:im115_r-1.0"", ""eventual_response_in_window"", ""eventual_response_latency"", ""response_latency_missing""]"
engaged_2,18,24,24,0.06275015841535259,0.03649630376212443,-0.02625385465322816,0.05403078466559752,-0.008719373749755066,-0.017534480903473093,"[[100.0, 10.0, 1], [100.0, 100.0, 1], [100.0, 100.0, 8], [100.0, 100.0, 1]]","[[100.0, 10.0, 1], [100.0, 100.0, 1], [100.0, 100.0, 8], [100.0, 100.0, 1]]",pass,https://dandiarchive.s3.amazonaws.com/blobs/fe0/9ba/fe09ba54-89e9-4b73-bf95-5127c2ee2ad9,615048,1197514969,TH,HPF,"[1314, 1237, 1274, 1225, 1259, 1254, 1272, 1265, 1227, 1238, 1221, 1266, 1304, 1336, 1342, 1327, 1268, 1285, 1317, 1322, 1312, 1283, 1279, 1255]","[1432, 576, 567, 1532, 1429, 1393, 614, 580, 554, 597, 1366, 1410, 1457, 632, 1427, 1481, 1501, 574, 774, 1426, 1434, 606, 1356, 1513]","[""session_time_linear"", ""session_time_quadratic"", ""image_identity:im115_r-1.0"", ""eventual_response_in_window"", ""eventual_response_latency"", ""response_latency_missing""]"
no_reward,18,24,24,0.09688357696862071,0.08618147305752155,-0.010702103911099159,0.0792040404426384,-0.01767953652598231,0.00697743261488315,"[[100.0, 100.0, 1], [100.0, 100.0, 1], [100.0, 100.0, 2], [100.0, 100.0, 4]]","[[100.0, 100.0, 1], [100.0, 100.0, 1], [100.0, 100.0, 2], [100.0, 100.0, 4]]",pass,https://dandiarchive.s3.amazonaws.com/blobs/fe0/9ba/fe09ba54-89e9-4b73-bf95-5127c2ee2ad9,615048,1197514969,TH,HPF,"[1314, 1237, 1274, 1225, 1259, 1254, 1272, 1265, 1227, 1238, 1221, 1266, 1304, 1336, 1342, 1327, 1268, 1285, 1317, 1322, 1312, 1283, 1279, 1255]","[1432, 576, 567, 1532, 1429, 1393, 614, 580, 554, 597, 1366, 1410, 1457, 632, 1427, 1481, 1501, 574, 774, 1426, 1434, 606, 1356, 1513]","[""session_time_linear"", ""session_time_quadratic"", ""image_identity:im115_r-1.0"", ""eventual_response_in_window"", ""eventual_response_latency"", ""response_latency_missing""]"
engaged_1,16,24,24,0.030524570939346796,-0.0020023431136195757,-0.03252691405296637,-0.002975929834898361,-0.03350050077424516,0.0009735867212787852,"[[100.0, 10.0, 4], [100.0, 100.0, 4], [100.0, 100.0, 1], [100.0, 100.0, 8]]","[[100.0, 10.0, 4], [100.0, 100.0, 4], [100.0, 100.0, 1], [100.0, 100.0, 8]]",pass,https://dandiarchive.s3.amazonaws.com/blobs/3ae/b2f/3aeb2f0d-c1c1-4b50-964b-61caffa07ee9,615564,1198796984,TH,HPF,"[650, 623, 277, 215, 227, 239, 213, 238, 607, 211, 210, 245, 583, 655, 242, 207, 603, 202, 735, 214, 646, 644, 711, 978]","[1157, 1154, 378, 1113, 1117, 798, 1061, 799, 316, 1184, 767, 1176, 337, 365, 377, 787, 783, 322, 1151, 1162, 1436, 1183, 373, 1178]","[""session_time_linear"", ""session_time_quadratic"", ""image_identity:im115_r-1.0"", ""eventual_response_in_window"", ""eventual_response_latency"", ""response_latency_missing""]"
engaged_2,16,24,24,0.019167970937557843,0.01580782650286372,-0.0033601444346941234,0.014909811805189355,-0.004258159132368489,0.0008980146976743653,"[[100.0, 100.0, 8], [100.0, 10.0, 1], [100.0, 100.0, 1], [100.0, 100.0, 2]]","[[100.0, 100.0, 8], [100.0, 10.0, 1], [100.0, 100.0, 1], [100.0, 100.0, 2]]",pass,https://dandiarchive.s3.amazonaws.com/blobs/3ae/b2f/3aeb2f0d-c1c1-4b50-964b-61caffa07ee9,615564,1198796984,TH,HPF,"[650, 623, 277, 215, 227, 239, 213, 238, 607, 211, 210, 245, 583, 655, 242, 207, 603, 202, 735, 214, 646, 644, 711, 978]","[1157, 1154, 378, 1113, 1117, 798, 1061, 799, 316, 1184, 767, 1176, 337, 365, 377, 787, 783, 322, 1151, 1162, 1436, 1183, 373, 1178]","[""session_time_linear"", ""session_time_quadratic"", ""image_identity:im115_r-1.0"", ""eventual_response_in_window"", ""eventual_response_latency"", ""response_latency_missing""]"
no_reward,16,24,24,-0.017223523073641056,-0.08334233038307182,-0.06611880730943076,-0.046613132120680634,-0.029389609047039578,-0.03672919826239118,"[[100.0, 100.0, 8], [100.0, 10.0, 8], [100.0, 100.0, 1], [100.0, 10.0, 1]]","[[100.0, 100.0, 8], [100.0, 10.0, 8], [100.0, 100.0, 1], [100.0, 10.0, 1]]",pass,https://dandiarchive.s3.amazonaws.com/blobs/3ae/b2f/3aeb2f0d-c1c1-4b50-964b-61caffa07ee9,615564,1198796984,TH,HPF,"[650, 623, 277, 215, 227, 239, 213, 238, 607, 211, 210, 245, 583, 655, 242, 207, 603, 202, 735, 214, 646, 644, 711, 978]","[1157, 1154, 378, 1113, 1117, 798, 1061, 799, 316, 1184, 767, 1176, 337, 365, 377, 787, 783, 322, 1151, 1162, 1436, 1183, 373, 1178]","[""session_time_linear"", ""session_time_quadratic"", ""image_identity:im115_r-1.0"", ""eventual_response_in_window"", ""eventual_response_latency"", ""response_latency_missing""]"
engaged_1,17,24,24,-0.006229366013332127,-0.024038498597356073,-0.017809132584023946,-0.009036344589741452,-0.0028069785764093247,-0.015002154007614621,"[[100.0, 100.0, 2], [100.0, 100.0, 1], [100.0, 100.0, 1], [100.0, 100.0, 4]]","[[100.0, 100.0, 2], [100.0, 100.0, 1], [100.0, 100.0, 1], [100.0, 100.0, 4]]",pass,https://dandiarchive.s3.amazonaws.com/blobs/635/68b/63568b8b-5957-4045-b90d-d75108909249,615564,1198995158,TH,HPF,"[66, 1527, 1180, 1183, 15, 2099, 1220, 1237, 22, 1238, 2, 1213, 7, 1282, 1247, 1267, 1271, 1279, 1229, 16, 40, 14, 1273, 1307]","[611, 551, 1682, 1598, 1697, 609, 1659, 1744, 1736, 1720, 555, 544, 1651, 1644, 1649, 605, 597, 1641, 1657, 1660, 607, 547, 1375, 1645]","[""session_time_linear"", ""session_time_quadratic"", ""image_identity:im115_r-1.0"", ""eventual_response_in_window"", ""eventual_response_latency"", ""response_latency_missing""]"
engaged_2,17,24,24,0.03834057312659689,-0.012148415231060472,-0.05048898835765736,0.02266430243253814,-0.015676270694058747,-0.034812717663598614,"[[100.0, 10.0, 1], [100.0, 100.0, 8], [100.0, 100.0, 8], [100.0, 100.0, 1]]","[[100.0, 10.0, 1], [100.0, 100.0, 8], [100.0, 100.0, 8], [100.0, 100.0, 1]]",pass,https://dandiarchive.s3.amazonaws.com/blobs/635/68b/63568b8b-5957-4045-b90d-d75108909249,615564,1198995158,TH,HPF,"[66, 1527, 1180, 1183, 15, 2099, 1220, 1237, 22, 1238, 2, 1213, 7, 1282, 1247, 1267, 1271, 1279, 1229, 16, 40, 14, 1273, 1307]","[611, 551, 1682, 1598, 1697, 609, 1659, 1744, 1736, 1720, 555, 544, 1651, 1644, 1649, 605, 597, 1641, 1657, 1660, 607, 547, 1375, 1645]","[""session_time_linear"", ""session_time_quadratic"", ""image_identity:im115_r-1.0"", ""eventual_response_in_window"", ""eventual_response_latency"", ""response_latency_missing""]"
no_reward,17,24,24,0.03046515219434409,0.024785538139258878,-0.005679614055085214,0.022402957000671297,-0.008062195193672794,0.0023825811385875806,"[[100.0, 100.0, 2], [100.0, 100.0, 1], [100.0, 100.0, 2], [100.0, 100.0, 1]]","[[100.0, 100.0, 2], [100.0, 100.0, 1], [100.0, 100.0, 2], [100.0, 100.0, 1]]",pass,https://dandiarchive.s3.amazonaws.com/blobs/635/68b/63568b8b-5957-4045-b90d-d75108909249,615564,1198995158,TH,HPF,"[66, 1527, 1180, 1183, 15, 2099, 1220, 1237, 22, 1238, 2, 1213, 7, 1282, 1247, 1267, 1271, 1279, 1229, 16, 40, 14, 1273, 1307]","[611, 551, 1682, 1598, 1697, 609, 1659, 1744, 1736, 1720, 555, 544, 1651, 1644, 1649, 605, 597, 1641, 1657, 1660, 607, 547, 1375, 1645]","[""session_time_linear"", ""session_time_quadratic"", ""image_identity:im115_r-1.0"", ""eventual_response_in_window"", ""eventual_response_latency"", ""response_latency_missing""]"
engaged_1,12,24,24,0.06508148259266366,0.06255081250246208,-0.002530670090201581,0.0700941490519501,0.005012666459286441,-0.007543336549488022,"[[100.0, 100.0, 2], [100.0, 100.0, 1], [100.0, 100.0, 1], [100.0, 100.0, 1]]","[[100.0, 100.0, 2], [100.0, 100.0, 1], [100.0, 100.0, 1], [100.0, 100.0, 1]]",pass,https://dandiarchive.s3.amazonaws.com/blobs/9ae/cb7/9aecb778-a5a0-4554-8b06-3af01005fea5,623319,1209073822,TH,HPF,"[266, 239, 1314, 236, 235, 1174, 1187, 1330, 1304, 238, 1317, 285, 1229, 556, 1248, 1213, 1035, 1327, 293, 1116, 1221, 289, 1606, 286]","[328, 1373, 325, 1361, 322, 1420, 362, 356, 388, 1410, 1346, 1376, 1411, 1369, 372, 376, 1343, 1395, 338, 354, 308, 307, 303, 1393]","[""session_time_linear"", ""session_time_quadratic"", ""image_identity:im115_r-1.0"", ""eventual_response_in_window"", ""eventual_response_latency"", ""response_latency_missing""]"
engaged_2,12,24,24,-0.019994329089299434,-0.025287314791551996,-0.005292985702252562,-0.022347387785919492,-0.0023530586966200584,-0.0029399270056325033,"[[100.0, 100.0, 1], [100.0, 100.0, 1], [100.0, 100.0, 2], [100.0, 100.0, 1]]","[[100.0, 100.0, 1], [100.0, 100.0, 1], [100.0, 100.0, 2], [100.0, 100.0, 1]]",pass,https://dandiarchive.s3.amazonaws.com/blobs/9ae/cb7/9aecb778-a5a0-4554-8b06-3af01005fea5,623319,1209073822,TH,HPF,"[266, 239, 1314, 236, 235, 1174, 1187, 1330, 1304, 238, 1317, 285, 1229, 556, 1248, 1213, 1035, 1327, 293, 1116, 1221, 289, 1606, 286]","[328, 1373, 325, 1361, 322, 1420, 362, 356, 388, 1410, 1346, 1376, 1411, 1369, 372, 376, 1343, 1395, 338, 354, 308, 307, 303, 1393]","[""session_time_linear"", ""session_time_quadratic"", ""image_identity:im115_r-1.0"", ""eventual_response_in_window"", ""eventual_response_latency"", ""response_latency_missing""]"
no_reward,12,24,24,-0.021018813061545183,-0.02842636708737567,-0.007407554025830487,-0.01309138904573004,0.007927424015815143,-0.01533497804164563,"[[100.0, 100.0, 8], [100.0, 100.0, 1], [100.0, 10.0, 1], [100.0, 100.0, 2]]","[[100.0, 100.0, 8], [100.0, 100.0, 1], [100.0, 10.0, 1], [100.0, 100.0, 2]]",pass,https://dandiarchive.s3.amazonaws.com/blobs/9ae/cb7/9aecb778-a5a0-4554-8b06-3af01005fea5,623319,1209073822,TH,HPF,"[266, 239, 1314, 236, 235, 1174, 1187, 1330, 1304, 238, 1317, 285, 1229, 556, 1248, 1213, 1035, 1327, 293, 1116, 1221, 289, 1606, 286]","[328, 1373, 325, 1361, 322, 1420, 362, 356, 388, 1410, 1346, 1376, 1411, 1369, 372, 376, 1343, 1395, 338, 354, 308, 307, 303, 1393]","[""session_time_linear"", ""session_time_quadratic"", ""image_identity:im115_r-1.0"", ""eventual_response_in_window"", ""eventual_response_latency"", ""response_latency_missing""]"
engaged_1,21,24,24,0.027549389922874035,0.04024317383849185,0.012693783915617818,0.024603563260604422,-0.0029458266622696128,0.01563961057788743,"[[100.0, 100.0, 1], [100.0, 100.0, 2], [100.0, 100.0, 1], [100.0, 100.0, 1]]","[[100.0, 100.0, 1], [100.0, 100.0, 2], [100.0, 100.0, 1], [100.0, 100.0, 1]]",pass,https://dandiarchive.s3.amazonaws.com/blobs/3d6/dc4/3d6dc44c-8001-467b-be23-96ba4b22da97,623322,1200659846,TH,HPF,"[861, 798, 786, 866, 780, 803, 781, 867, 692, 784, 850, 810, 1126, 77, 783, 751, 802, 812, 791, 782, 859, 1128, 860, 732]","[1190, 900, 910, 318, 905, 889, 943, 955, 1188, 989, 1212, 1367, 921, 888, 1195, 368, 421, 1006, 877, 349, 1382, 1010, 319, 911]","[""session_time_linear"", ""session_time_quadratic"", ""image_identity:im115_r-1.0"", ""eventual_response_in_window"", ""eventual_response_latency"", ""response_latency_missing""]"
engaged_2,21,24,24,0.03483257838049114,0.01684345123495723,-0.017989127145533912,0.009438351269074108,-0.025394227111417034,0.007405099965883122,"[[100.0, 100.0, 4], [100.0, 100.0, 8], [100.0, 100.0, 8], [100.0, 100.0, 8]]","[[100.0, 100.0, 4], [100.0, 100.0, 8], [100.0, 100.0, 8], [100.0, 100.0, 8]]",pass,https://dandiarchive.s3.amazonaws.com/blobs/3d6/dc4/3d6dc44c-8001-467b-be23-96ba4b22da97,623322,1200659846,TH,HPF,"[861, 798, 786, 866, 780, 803, 781, 867, 692, 784, 850, 810, 1126, 77, 783, 751, 802, 812, 791, 782, 859, 1128, 860, 732]","[1190, 900, 910, 318, 905, 889, 943, 955, 1188, 989, 1212, 1367, 921, 888, 1195, 368, 421, 1006, 877, 349, 1382, 1010, 319, 911]","[""session_time_linear"", ""session_time_quadratic"", ""image_identity:im115_r-1.0"", ""eventual_response_in_window"", ""eventual_response_latency"", ""response_latency_missing""]"
no_reward,21,24,24,0.0912094031866344,0.08531445847774843,-0.005894944708885963,0.08349890158415907,-0.007710501602475328,0.0018155568935893651,"[[100.0, 100.0, 1], [100.0, 100.0, 4], [100.0, 100.0, 2], [100.0, 100.0, 1]]","[[100.0, 100.0, 1], [100.0, 100.0, 4], [100.0, 100.0, 2], [100.0, 100.0, 1]]",pass,https://dandiarchive.s3.amazonaws.com/blobs/3d6/dc4/3d6dc44c-8001-467b-be23-96ba4b22da97,623322,1200659846,TH,HPF,"[861, 798, 786, 866, 780, 803, 781, 867, 692, 784, 850, 810, 1126, 77, 783, 751, 802, 812, 791, 782, 859, 1128, 860, 732]","[1190, 900, 910, 318, 905, 889, 943, 955, 1188, 989, 1212, 1367, 921, 888, 1195, 368, 421, 1006, 877, 349, 1382, 1010, 319, 911]","[""session_time_linear"", ""session_time_quadratic"", ""image_identity:im115_r-1.0"", ""eventual_response_in_window"", ""eventual_response_latency"", ""response_latency_missing""]"
engaged_1,22,24,24,0.02093416073626675,0.021972204964832764,0.0010380442285660152,0.02213600181873998,0.0012018410824732317,-0.00016379685390721654,"[[100.0, 100.0, 1], [100.0, 100.0, 1], [100.0, 100.0, 1], [100.0, 100.0, 1]]","[[100.0, 100.0, 1], [100.0, 100.0, 1], [100.0, 100.0, 1], [100.0, 100.0, 1]]",pass,https://dandiarchive.s3.amazonaws.com/blobs/5d9/4f7/5d94f7f7-daa2-4d2d-93a5-1bd2bc02e141,623322,1200471383,TH,HPF,"[192, 1031, 206, 199, 233, 219, 1026, 194, 187, 201, 1021, 531, 588, 216, 203, 503, 1020, 458, 579, 191, 453, 466, 465, 221]","[1122, 260, 1119, 666, 252, 1117, 1085, 278, 1045, 1203, 1176, 734, 253, 673, 1078, 674, 1118, 648, 947, 1092, 1112, 1061, 637, 1157]","[""session_time_linear"", ""session_time_quadratic"", ""image_identity:im115_r-1.0"", ""eventual_response_in_window"", ""eventual_response_latency"", ""response_latency_missing""]"
engaged_2,22,24,24,0.04855095894831529,0.03662245983400447,-0.01192849911431082,0.022332210185002532,-0.02621874876331276,0.01429024964900194,"[[100.0, 10.0, 1], [100.0, 100.0, 1], [100.0, 100.0, 1], [100.0, 10.0, 1]]","[[100.0, 10.0, 1], [100.0, 100.0, 1], [100.0, 100.0, 1], [100.0, 10.0, 1]]",pass,https://dandiarchive.s3.amazonaws.com/blobs/5d9/4f7/5d94f7f7-daa2-4d2d-93a5-1bd2bc02e141,623322,1200471383,TH,HPF,"[192, 1031, 206, 199, 233, 219, 1026, 194, 187, 201, 1021, 531, 588, 216, 203, 503, 1020, 458, 579, 191, 453, 466, 465, 221]","[1122, 260, 1119, 666, 252, 1117, 1085, 278, 1045, 1203, 1176, 734, 253, 673, 1078, 674, 1118, 648, 947, 1092, 1112, 1061, 637, 1157]","[""session_time_linear"", ""session_time_quadratic"", ""image_identity:im115_r-1.0"", ""eventual_response_in_window"", ""eventual_response_latency"", ""response_latency_missing""]"
no_reward,22,24,24,0.0331876258094157,0.024760804813097392,-0.008426820996318307,0.015489930530801388,-0.01769769527861431,0.009270874282296004,"[[100.0, 100.0, 1], [100.0, 100.0, 8], [100.0, 100.0, 2], [100.0, 100.0, 1]]","[[100.0, 100.0, 1], [100.0, 100.0, 8], [100.0, 100.0, 2], [100.0, 100.0, 1]]",pass,https://dandiarchive.s3.amazonaws.com/blobs/5d9/4f7/5d94f7f7-daa2-4d2d-93a5-1bd2bc02e141,623322,1200471383,TH,HPF,"[192, 1031, 206, 199, 233, 219, 1026, 194, 187, 201, 1021, 531, 588, 216, 203, 503, 1020, 458, 579, 191, 453, 466, 465, 221]","[1122, 260, 1119, 666, 252, 1117, 1085, 278, 1045, 1203, 1176, 734, 253, 673, 1078, 674, 1118, 648, 947, 1092, 1112, 1061, 637, 1157]","[""session_time_linear"", ""session_time_quadratic"", ""image_identity:im115_r-1.0"", ""eventual_response_in_window"", ""eventual_response_latency"", ""response_latency_missing""]"
engaged_1,24,24,24,0.02110814665956462,0.015600393704368165,-0.005507752955196454,0.015271694453849238,-0.005836452205715381,0.0003286992505189268,"[[100.0, 100.0, 8], [100.0, 100.0, 2], [100.0, 100.0, 4], [100.0, 100.0, 1]]","[[100.0, 100.0, 8], [100.0, 100.0, 2], [100.0, 100.0, 4], [100.0, 100.0, 1]]",pass,https://dandiarchive.s3.amazonaws.com/blobs/d0e/7e5/d0e7e549-f015-47fe-baa5-db8170c52771,623322,1200878248,TH,HPF,"[921, 360, 267, 176, 899, 147, 152, 321, 312, 162, 898, 427, 345, 344, 317, 326, 418, 335, 398, 153, 875, 430, 310, 396]","[534, 981, 933, 212, 514, 961, 241, 1063, 1036, 557, 235, 968, 598, 950, 1005, 1067, 247, 477, 585, 1208, 1044, 533, 487, 770]","[""session_time_linear"", ""session_time_quadratic"", ""image_identity:im115_r-1.0"", ""eventual_response_in_window"", ""eventual_response_latency"", ""response_latency_missing""]"
engaged_2,24,24,24,-0.0855480719809516,-0.08564737348862694,-0.00009930150767534229,-0.08601974273298829,-0.0004716707520366903,0.000372369244361348,"[[0.1, 0.1, 2], [0.1, 0.1, 8], [100.0, 100.0, 2], [100.0, 100.0, 2]]","[[0.1, 0.1, 2], [0.1, 0.1, 8], [100.0, 100.0, 2], [100.0, 100.0, 2]]",pass,https://dandiarchive.s3.amazonaws.com/blobs/d0e/7e5/d0e7e549-f015-47fe-baa5-db8170c52771,623322,1200878248,TH,HPF,"[921, 360, 267, 176, 899, 147, 152, 321, 312, 162, 898, 427, 345, 344, 317, 326, 418, 335, 398, 153, 875, 430, 310, 396]","[534, 981, 933, 212, 514, 961, 241, 1063, 1036, 557, 235, 968, 598, 950, 1005, 1067, 247, 477, 585, 1208, 1044, 533, 487, 770]","[""session_time_linear"", ""session_time_quadratic"", ""image_identity:im115_r-1.0"", ""eventual_response_in_window"", ""eventual_response_latency"", ""response_latency_missing""]"
no_reward,24,24,24,0.03860628786182352,0.03588558980695222,-0.0027206980548712956,0.027855053527450768,-0.01075123433437275,0.008030536279501455,"[[100.0, 100.0, 1], [100.0, 100.0, 1], [100.0, 100.0, 1], [100.0, 100.0, 2]]","[[100.0, 100.0, 1], [100.0, 100.0, 1], [100.0, 100.0, 1], [100.0, 100.0, 2]]",pass,https://dandiarchive.s3.amazonaws.com/blobs/d0e/7e5/d0e7e549-f015-47fe-baa5-db8170c52771,623322,1200878248,TH,HPF,"[921, 360, 267, 176, 899, 147, 152, 321, 312, 162, 898, 427, 345, 344, 317, 326, 418, 335, 398, 153, 875, 430, 310, 396]","[534, 981, 933, 212, 514, 961, 241, 1063, 1036, 557, 235, 968, 598, 950, 1005, 1067, 247, 477, 585, 1208, 1044, 533, 487, 770]","[""session_time_linear"", ""session_time_quadratic"", ""image_identity:im115_r-1.0"", ""eventual_response_in_window"", ""eventual_response_latency"", ""response_latency_missing""]"
engaged_1,21,24,24,0.03328886501021344,0.021425399685572,-0.011863465324641442,0.03418955939887358,0.0009006943886601393,-0.012764159713301582,"[[100.0, 100.0, 1], [100.0, 100.0, 1], [100.0, 100.0, 1], [100.0, 100.0, 1]]","[[100.0, 100.0, 1], [100.0, 100.0, 1], [100.0, 100.0, 1], [100.0, 100.0, 1]]",pass,https://dandiarchive.s3.amazonaws.com/blobs/4bd/cd2/4bdcd217-633c-4841-a9b1-208c117f5ea3,626279,1214217748,TH,HPF,"[2007, 2001, 1995, 1943, 1958, 1991, 1982, 1947, 1933, 1978, 1961, 1935, 1996, 1226, 1979, 1168, 1202, 645, 1949, 1, 0, 1192, 2158, 2005]","[1278, 1316, 899, 1297, 897, 790, 903, 1287, 913, 870, 871, 860, 849, 1289, 904, 894, 55, 794, 921, 912, 1382, 52, 789, 867]","[""session_time_linear"", ""session_time_quadratic"", ""image_identity:im115_r-1.0"", ""eventual_response_in_window"", ""eventual_response_latency"", ""response_latency_missing""]"
engaged_2,21,24,24,0.0319703565611682,0.027320363214514143,-0.004649993346654058,0.02047179479570782,-0.01149856176546038,0.006848568418806322,"[[100.0, 100.0, 1], [100.0, 100.0, 2], [100.0, 100.0, 1], [100.0, 100.0, 1]]","[[100.0, 100.0, 1], [100.0, 100.0, 2], [100.0, 100.0, 1], [100.0, 100.0, 1]]",pass,https://dandiarchive.s3.amazonaws.com/blobs/4bd/cd2/4bdcd217-633c-4841-a9b1-208c117f5ea3,626279,1214217748,TH,HPF,"[2007, 2001, 1995, 1943, 1958, 1991, 1982, 1947, 1933, 1978, 1961, 1935, 1996, 1226, 1979, 1168, 1202, 645, 1949, 1, 0, 1192, 2158, 2005]","[1278, 1316, 899, 1297, 897, 790, 903, 1287, 913, 870, 871, 860, 849, 1289, 904, 894, 55, 794, 921, 912, 1382, 52, 789, 867]","[""session_time_linear"", ""session_time_quadratic"", ""image_identity:im115_r-1.0"", ""eventual_response_in_window"", ""eventual_response_latency"", ""response_latency_missing""]"
no_reward,21,24,24,-0.05924229969668349,-0.06198931602702662,-0.0027470163303431328,-0.060731199281255144,-0.0014888995845716568,-0.001258116745771476,"[[100.0, 100.0, 2], [100.0, 100.0, 2], [100.0, 100.0, 8], [100.0, 100.0, 1]]","[[100.0, 100.0, 2], [100.0, 100.0, 2], [100.0, 100.0, 8], [100.0, 100.0, 1]]",pass,https://dandiarchive.s3.amazonaws.com/blobs/4bd/cd2/4bdcd217-633c-4841-a9b1-208c117f5ea3,626279,1214217748,TH,HPF,"[2007, 2001, 1995, 1943, 1958, 1991, 1982, 1947, 1933, 1978, 1961, 1935, 1996, 1226, 1979, 1168, 1202, 645, 1949, 1, 0, 1192, 2158, 2005]","[1278, 1316, 899, 1297, 897, 790, 903, 1287, 913, 870, 871, 860, 849, 1289, 904, 894, 55, 794, 921, 912, 1382, 52, 789, 867]","[""session_time_linear"", ""session_time_quadratic"", ""image_identity:im115_r-1.0"", ""eventual_response_in_window"", ""eventual_response_latency"", ""response_latency_missing""]"
engaged_1,14,24,24,0.005678359878535932,0.0007289989440850686,-0.004949360934450864,0.0037981888414823084,-0.001880171037053624,-0.00306918989739724,"[[100.0, 100.0, 1], [100.0, 100.0, 8], [100.0, 100.0, 1], [100.0, 100.0, 1]]","[[100.0, 100.0, 1], [100.0, 100.0, 8], [100.0, 100.0, 1], [100.0, 100.0, 1]]",pass,https://dandiarchive.s3.amazonaws.com/blobs/8bb/124/8bb12481-57e1-4f9d-95f0-c2ec49f2e338,632295,1218795542,TH,HPF,"[1264, 1344, 1304, 1332, 1319, 1368, 1302, 1751, 1262, 1373, 874, 1350, 1294, 1289, 1274, 1307, 1297, 1366, 1410, 1286, 1293, 1295, 1787, 1280]","[1564, 1536, 1057, 1025, 1509, 1468, 980, 1457, 954, 975, 996, 1485, 1437, 955, 1438, 1029, 1016, 1043, 1034, 1549, 952, 1557, 1535, 1030]","[""session_time_linear"", ""session_time_quadratic"", ""image_identity:im115_r-1.0"", ""eventual_response_in_window"", ""eventual_response_latency"", ""response_latency_missing""]"
engaged_2,14,24,24,0.0013187868267405811,-0.0248005731965506,-0.026119360023291183,-0.001588222039941689,-0.00290700886668227,-0.023212351156608912,"[[100.0, 10.0, 4], [100.0, 100.0, 2], [100.0, 100.0, 1], [100.0, 100.0, 8]]","[[100.0, 10.0, 4], [100.0, 100.0, 2], [100.0, 100.0, 1], [100.0, 100.0, 8]]",pass,https://dandiarchive.s3.amazonaws.com/blobs/8bb/124/8bb12481-57e1-4f9d-95f0-c2ec49f2e338,632295,1218795542,TH,HPF,"[1264, 1344, 1304, 1332, 1319, 1368, 1302, 1751, 1262, 1373, 874, 1350, 1294, 1289, 1274, 1307, 1297, 1366, 1410, 1286, 1293, 1295, 1787, 1280]","[1564, 1536, 1057, 1025, 1509, 1468, 980, 1457, 954, 975, 996, 1485, 1437, 955, 1438, 1029, 1016, 1043, 1034, 1549, 952, 1557, 1535, 1030]","[""session_time_linear"", ""session_time_quadratic"", ""image_identity:im115_r-1.0"", ""eventual_response_in_window"", ""eventual_response_latency"", ""response_latency_missing""]"
no_reward,14,24,24,-0.0090152827026313,-0.008101325200707166,0.0009139575019241342,-0.010353144534357428,-0.0013378618317261282,0.0022518193336502623,"[[100.0, 100.0, 2], [100.0, 100.0, 1], [100.0, 100.0, 1], [100.0, 10.0, 4]]","[[100.0, 100.0, 2], [100.0, 100.0, 1], [100.0, 100.0, 1], [100.0, 10.0, 4]]",pass,https://dandiarchive.s3.amazonaws.com/blobs/8bb/124/8bb12481-57e1-4f9d-95f0-c2ec49f2e338,632295,1218795542,TH,HPF,"[1264, 1344, 1304, 1332, 1319, 1368, 1302, 1751, 1262, 1373, 874, 1350, 1294, 1289, 1274, 1307, 1297, 1366, 1410, 1286, 1293, 1295, 1787, 1280]","[1564, 1536, 1057, 1025, 1509, 1468, 980, 1457, 954, 975, 996, 1485, 1437, 955, 1438, 1029, 1016, 1043, 1034, 1549, 952, 1557, 1535, 1030]","[""session_time_linear"", ""session_time_quadratic"", ""image_identity:im115_r-1.0"", ""eventual_response_in_window"", ""eventual_response_latency"", ""response_latency_missing""]"
engaged_1,12,24,24,0.04643203242255389,0.0413441134209811,-0.005087919001572794,0.035886716010051556,-0.010545316412502337,0.005457397410929543,"[[100.0, 100.0, 1], [100.0, 100.0, 1], [100.0, 10.0, 1], [100.0, 100.0, 1]]","[[100.0, 100.0, 1], [100.0, 100.0, 1], [100.0, 10.0, 1], [100.0, 100.0, 1]]",pass,https://dandiarchive.s3.amazonaws.com/blobs/db1/7c5/db17c503-6c6e-44c4-921f-4b0ddfa6dbdb,632295,1219127153,TH,HPF,"[1312, 1306, 36, 1051, 1307, 1115, 530, 1710, 1066, 1054, 1107, 1094, 1063, 1324, 1080, 581, 1305, 1303, 1379, 1048, 1044, 1329, 1266, 1331]","[316, 47, 58, 49, 772, 63, 722, 78, 728, 771, 50, 812, 721, 45, 801, 770, 744, 805, 72, 719, 283, 67, 83, 798]","[""session_time_linear"", ""session_time_quadratic"", ""image_identity:im115_r-1.0"", ""eventual_response_in_window"", ""eventual_response_latency"", ""response_latency_missing""]"
engaged_2,12,24,24,0.03602072595784778,0.0042791945680396015,-0.031741531389808175,-0.039699045575852576,-0.07571977153370035,0.04397824014389218,"[[100.0, 100.0, 1], [100.0, 100.0, 1], [100.0, 0.1, 1], [100.0, 100.0, 1]]","[[100.0, 100.0, 1], [100.0, 100.0, 1], [100.0, 0.1, 1], [100.0, 100.0, 1]]",pass,https://dandiarchive.s3.amazonaws.com/blobs/db1/7c5/db17c503-6c6e-44c4-921f-4b0ddfa6dbdb,632295,1219127153,TH,HPF,"[1312, 1306, 36, 1051, 1307, 1115, 530, 1710, 1066, 1054, 1107, 1094, 1063, 1324, 1080, 581, 1305, 1303, 1379, 1048, 1044, 1329, 1266, 1331]","[316, 47, 58, 49, 772, 63, 722, 78, 728, 771, 50, 812, 721, 45, 801, 770, 744, 805, 72, 719, 283, 67, 83, 798]","[""session_time_linear"", ""session_time_quadratic"", ""image_identity:im115_r-1.0"", ""eventual_response_in_window"", ""eventual_response_latency"", ""response_latency_missing""]"
no_reward,12,24,24,0.07544276532480876,0.06893639008894215,-0.006506375235866613,0.07732282815354496,0.0018800628287362064,-0.00838643806460282,"[[100.0, 100.0, 2], [100.0, 100.0, 1], [100.0, 10.0, 1], [100.0, 100.0, 1]]","[[100.0, 100.0, 2], [100.0, 100.0, 1], [100.0, 10.0, 1], [100.0, 100.0, 1]]",pass,https://dandiarchive.s3.amazonaws.com/blobs/db1/7c5/db17c503-6c6e-44c4-921f-4b0ddfa6dbdb,632295,1219127153,TH,HPF,"[1312, 1306, 36, 1051, 1307, 1115, 530, 1710, 1066, 1054, 1107, 1094, 1063, 1324, 1080, 581, 1305, 1303, 1379, 1048, 1044, 1329, 1266, 1331]","[316, 47, 58, 49, 772, 63, 722, 78, 728, 771, 50, 812, 721, 45, 801, 770, 744, 805, 72, 719, 283, 67, 83, 798]","[""session_time_linear"", ""session_time_quadratic"", ""image_identity:im115_r-1.0"", ""eventual_response_in_window"", ""eventual_response_latency"", ""response_latency_missing""]"
engaged_1,21,24,24,0.00548187732992933,-0.000047885768269306794,-0.005529763098198637,0.005258164305960045,-0.00022371302396928527,-0.0053060500742293515,"[[100.0, 100.0, 1], [100.0, 100.0, 2], [100.0, 100.0, 2], [100.0, 100.0, 1]]","[[100.0, 100.0, 1], [100.0, 100.0, 2], [100.0, 100.0, 2], [100.0, 100.0, 1]]",pass,https://dandiarchive.s3.amazonaws.com/blobs/d8b/8a9/d8b8a9fb-eda0-459f-a722-60a69961c992,638387,1229654875,TH,HPF,"[1466, 1008, 1004, 983, 1010, 1328, 1445, 1260, 1486, 1284, 1352, 1327, 1398, 1330, 1285, 1387, 1300, 1349, 1277, 717, 1374, 685, 1316, 1470]","[1097, 1228, 1042, 1055, 1078, 1058, 1098, 1046, 1101, 1045, 1047, 1090, 1073, 1092, 1227, 1091, 1095, 1233, 1039, 1074, 1225, 1076, 1223, 1079]","[""session_time_linear"", ""session_time_quadratic"", ""image_identity:im115_r-1.0"", ""eventual_response_in_window"", ""eventual_response_latency"", ""response_latency_missing""]"
engaged_2,21,24,24,0.0084276382832843,-0.02526042029401654,-0.03368805857730084,-0.00726474994308135,-0.01569238822636565,-0.01799567035093519,"[[100.0, 100.0, 1], [100.0, 100.0, 2], [100.0, 100.0, 1], [100.0, 10.0, 1]]","[[100.0, 100.0, 1], [100.0, 100.0, 2], [100.0, 100.0, 1], [100.0, 10.0, 1]]",pass,https://dandiarchive.s3.amazonaws.com/blobs/d8b/8a9/d8b8a9fb-eda0-459f-a722-60a69961c992,638387,1229654875,TH,HPF,"[1466, 1008, 1004, 983, 1010, 1328, 1445, 1260, 1486, 1284, 1352, 1327, 1398, 1330, 1285, 1387, 1300, 1349, 1277, 717, 1374, 685, 1316, 1470]","[1097, 1228, 1042, 1055, 1078, 1058, 1098, 1046, 1101, 1045, 1047, 1090, 1073, 1092, 1227, 1091, 1095, 1233, 1039, 1074, 1225, 1076, 1223, 1079]","[""session_time_linear"", ""session_time_quadratic"", ""image_identity:im115_r-1.0"", ""eventual_response_in_window"", ""eventual_response_latency"", ""response_latency_missing""]"
no_reward,21,24,24,0.04630107125414362,0.00713706608053144,-0.03916400517361218,0.04140587615906943,-0.00489519509507419,-0.03426881007853799,"[[100.0, 100.0, 1], [100.0, 10.0, 1], [100.0, 100.0, 1], [100.0, 100.0, 8]]","[[100.0, 100.0, 1], [100.0, 10.0, 1], [100.0, 100.0, 1], [100.0, 100.0, 8]]",pass,https://dandiarchive.s3.amazonaws.com/blobs/d8b/8a9/d8b8a9fb-eda0-459f-a722-60a69961c992,638387,1229654875,TH,HPF,"[1466, 1008, 1004, 983, 1010, 1328, 1445, 1260, 1486, 1284, 1352, 1327, 1398, 1330, 1285, 1387, 1300, 1349, 1277, 717, 1374, 685, 1316, 1470]","[1097, 1228, 1042, 1055, 1078, 1058, 1098, 1046, 1101, 1045, 1047, 1090, 1073, 1092, 1227, 1091, 1095, 1233, 1039, 1074, 1225, 1076, 1223, 1079]","[""session_time_linear"", ""session_time_quadratic"", ""image_identity:im115_r-1.0"", ""eventual_response_in_window"", ""eventual_response_latency"", ""response_latency_missing""]"
engaged_1,23,24,24,0.05489840837241189,0.05046160945839695,-0.004436798914014939,0.01960368164513482,-0.03529472672727707,0.03085792781326213,"[[100.0, 100.0, 8], [100.0, 100.0, 8], [100.0, 100.0, 4], [100.0, 100.0, 8]]","[[100.0, 100.0, 8], [100.0, 100.0, 8], [100.0, 100.0, 4], [100.0, 100.0, 8]]",pass,https://dandiarchive.s3.amazonaws.com/blobs/584/1b8/5841b844-3102-4b4f-8f2c-e4cd23ec8f45,640887,1234203203,TH,HPF,"[1297, 7, 1279, 2, 5, 1314, 1321, 1298, 1308, 1310, 1323, 1550, 1332, 1317, 1307, 1303, 1324, 1549, 1319, 4, 1328, 1333, 1545, 1313]","[1346, 1352, 32, 31, 48, 64, 54, 122, 1426, 105, 63, 1371, 1374, 1410, 115, 107, 248, 1417, 1355, 33, 93, 110, 1429, 53]","[""session_time_linear"", ""session_time_quadratic"", ""image_identity:im115_r-1.0"", ""eventual_response_in_window"", ""eventual_response_latency"", ""response_latency_missing""]"
engaged_2,23,24,24,0.04869520232188185,0.03521154703892693,-0.01348365528295492,0.016255411355705185,-0.03243979096617666,0.018956135683221742,"[[100.0, 10.0, 1], [100.0, 100.0, 8], [100.0, 100.0, 8], [100.0, 100.0, 2]]","[[100.0, 10.0, 1], [100.0, 100.0, 8], [100.0, 100.0, 8], [100.0, 100.0, 2]]",pass,https://dandiarchive.s3.amazonaws.com/blobs/584/1b8/5841b844-3102-4b4f-8f2c-e4cd23ec8f45,640887,1234203203,TH,HPF,"[1297, 7, 1279, 2, 5, 1314, 1321, 1298, 1308, 1310, 1323, 1550, 1332, 1317, 1307, 1303, 1324, 1549, 1319, 4, 1328, 1333, 1545, 1313]","[1346, 1352, 32, 31, 48, 64, 54, 122, 1426, 105, 63, 1371, 1374, 1410, 115, 107, 248, 1417, 1355, 33, 93, 110, 1429, 53]","[""session_time_linear"", ""session_time_quadratic"", ""image_identity:im115_r-1.0"", ""eventual_response_in_window"", ""eventual_response_latency"", ""response_latency_missing""]"
no_reward,23,24,24,0.03992125683028647,0.028937074617653047,-0.01098418221263342,0.048344983047870715,0.008423726217584249,-0.01940790843021767,"[[100.0, 100.0, 1], [100.0, 100.0, 1], [100.0, 100.0, 1], [100.0, 100.0, 1]]","[[100.0, 100.0, 1], [100.0, 100.0, 1], [100.0, 100.0, 1], [100.0, 100.0, 1]]",pass,https://dandiarchive.s3.amazonaws.com/blobs/584/1b8/5841b844-3102-4b4f-8f2c-e4cd23ec8f45,640887,1234203203,TH,HPF,"[1297, 7, 1279, 2, 5, 1314, 1321, 1298, 1308, 1310, 1323, 1550, 1332, 1317, 1307, 1303, 1324, 1549, 1319, 4, 1328, 1333, 1545, 1313]","[1346, 1352, 32, 31, 48, 64, 54, 122, 1426, 105, 63, 1371, 1374, 1410, 115, 107, 248, 1417, 1355, 33, 93, 110, 1429, 53]","[""session_time_linear"", ""session_time_quadratic"", ""image_identity:im115_r-1.0"", ""eventual_response_in_window"", ""eventual_response_latency"", ""response_latency_missing""]"
engaged_1,25,24,24,0.027031161848325547,-0.013382894542403267,-0.040414056390728814,-0.023186684709605165,-0.05021784655793071,0.009803790167201898,"[[100.0, 100.0, 1], [100.0, 10.0, 1], [100.0, 100.0, 4], [100.0, 100.0, 1]]","[[100.0, 100.0, 1], [100.0, 10.0, 1], [100.0, 100.0, 4], [100.0, 100.0, 1]]",pass,https://dandiarchive.s3.amazonaws.com/blobs/cfc/bf1/cfcbf155-cb15-455d-8450-0ef256540990,640887,1234410451,TH,HPF,"[485, 1261, 733, 811, 278, 737, 1644, 294, 1582, 1208, 1246, 407, 1228, 848, 1257, 853, 730, 671, 402, 1227, 740, 385, 712, 282]","[1002, 537, 542, 589, 583, 566, 977, 973, 538, 930, 889, 876, 525, 532, 514, 582, 515, 914, 968, 1127, 982, 678, 1112, 546]","[""session_time_linear"", ""session_time_quadratic"", ""image_identity:im115_r-1.0"", ""eventual_response_in_window"", ""eventual_response_latency"", ""response_latency_missing""]"
engaged_2,25,24,24,0.050651252449593676,0.057272473846611494,0.006621221397017818,0.04233466738831981,-0.008316585061273862,0.01493780645829168,"[[100.0, 100.0, 8], [100.0, 100.0, 8], [100.0, 100.0, 8], [100.0, 100.0, 1]]","[[100.0, 100.0, 8], [100.0, 100.0, 8], [100.0, 100.0, 8], [100.0, 100.0, 1]]",pass,https://dandiarchive.s3.amazonaws.com/blobs/cfc/bf1/cfcbf155-cb15-455d-8450-0ef256540990,640887,1234410451,TH,HPF,"[485, 1261, 733, 811, 278, 737, 1644, 294, 1582, 1208, 1246, 407, 1228, 848, 1257, 853, 730, 671, 402, 1227, 740, 385, 712, 282]","[1002, 537, 542, 589, 583, 566, 977, 973, 538, 930, 889, 876, 525, 532, 514, 582, 515, 914, 968, 1127, 982, 678, 1112, 546]","[""session_time_linear"", ""session_time_quadratic"", ""image_identity:im115_r-1.0"", ""eventual_response_in_window"", ""eventual_response_latency"", ""response_latency_missing""]"
no_reward,25,24,24,0.0511701165370787,0.04742707055305018,-0.0037430459840285257,0.040142360323738635,-0.011027756213340068,0.007284710229311542,"[[100.0, 100.0, 1], [100.0, 100.0, 8], [100.0, 100.0, 1], [100.0, 100.0, 2]]","[[100.0, 100.0, 1], [100.0, 100.0, 8], [100.0, 100.0, 1], [100.0, 100.0, 2]]",pass,https://dandiarchive.s3.amazonaws.com/blobs/cfc/bf1/cfcbf155-cb15-455d-8450-0ef256540990,640887,1234410451,TH,HPF,"[485, 1261, 733, 811, 278, 737, 1644, 294, 1582, 1208, 1246, 407, 1228, 848, 1257, 853, 730, 671, 402, 1227, 740, 385, 712, 282]","[1002, 537, 542, 589, 583, 566, 977, 973, 538, 930, 889, 876, 525, 532, 514, 582, 515, 914, 968, 1127, 982, 678, 1112, 546]","[""session_time_linear"", ""session_time_quadratic"", ""image_identity:im115_r-1.0"", ""eventual_response_in_window"", ""eventual_response_latency"", ""response_latency_missing""]"
engaged_1,27,24,24,0.04399220587996178,0.034677776305062524,-0.009314429574899252,0.03055469572956593,-0.013437510150395848,0.004123080575496596,"[[100.0, 100.0, 1], [100.0, 100.0, 1], [100.0, 100.0, 4], [100.0, 100.0, 1]]","[[100.0, 100.0, 1], [100.0, 100.0, 1], [100.0, 100.0, 4], [100.0, 100.0, 1]]",pass,https://dandiarchive.s3.amazonaws.com/blobs/13d/b29/13db29ff-1454-412d-8680-ecd7a38c6f95,640890,1232430325,TH,HPF,"[1670, 498, 478, 493, 592, 1715, 1718, 806, 812, 918, 491, 522, 492, 1772, 545, 470, 466, 538, 523, 882, 531, 1880, 590, 464]","[1926, 1905, 1915, 654, 696, 1076, 1934, 1895, 2109, 1980, 1006, 1008, 982, 693, 1962, 1897, 2114, 983, 1931, 1948, 1977, 1972, 1960, 975]","[""session_time_linear"", ""session_time_quadratic"", ""image_identity:im115_r-1.0"", ""eventual_response_in_window"", ""eventual_response_latency"", ""response_latency_missing""]"
engaged_2,27,24,24,-0.008545895663103042,-0.019047768305868296,-0.010501872642765253,-0.01141668376791416,-0.0028707881048111172,-0.007631084537954136,"[[100.0, 100.0, 1], [100.0, 100.0, 1], [100.0, 100.0, 8], [100.0, 100.0, 8]]","[[100.0, 100.0, 1], [100.0, 100.0, 1], [100.0, 100.0, 8], [100.0, 100.0, 8]]",pass,https://dandiarchive.s3.amazonaws.com/blobs/13d/b29/13db29ff-1454-412d-8680-ecd7a38c6f95,640890,1232430325,TH,HPF,"[1670, 498, 478, 493, 592, 1715, 1718, 806, 812, 918, 491, 522, 492, 1772, 545, 470, 466, 538, 523, 882, 531, 1880, 590, 464]","[1926, 1905, 1915, 654, 696, 1076, 1934, 1895, 2109, 1980, 1006, 1008, 982, 693, 1962, 1897, 2114, 983, 1931, 1948, 1977, 1972, 1960, 975]","[""session_time_linear"", ""session_time_quadratic"", ""image_identity:im115_r-1.0"", ""eventual_response_in_window"", ""eventual_response_latency"", ""response_latency_missing""]"
no_reward,27,24,24,0.028511457160491305,0.04690065635221663,0.018389199191725325,0.02418553651691191,-0.004325920643579395,0.02271511983530472,"[[100.0, 100.0, 8], [100.0, 100.0, 2], [100.0, 100.0, 8], [100.0, 100.0, 8]]","[[100.0, 100.0, 8], [100.0, 100.0, 2], [100.0, 100.0, 8], [100.0, 100.0, 8]]",pass,https://dandiarchive.s3.amazonaws.com/blobs/13d/b29/13db29ff-1454-412d-8680-ecd7a38c6f95,640890,1232430325,TH,HPF,"[1670, 498, 478, 493, 592, 1715, 1718, 806, 812, 918, 491, 522, 492, 1772, 545, 470, 466, 538, 523, 882, 531, 1880, 590, 464]","[1926, 1905, 1915, 654, 696, 1076, 1934, 1895, 2109, 1980, 1006, 1008, 982, 693, 1962, 1897, 2114, 983, 1931, 1948, 1977, 1972, 1960, 975]","[""session_time_linear"", ""session_time_quadratic"", ""image_identity:im115_r-1.0"", ""eventual_response_in_window"", ""eventual_response_latency"", ""response_latency_missing""]"
engaged_1,22,24,24,0.0673935164705115,0.07337366206774454,0.005980145597233033,0.06481913919992777,-0.0025743772705837387,0.008554522867816772,"[[100.0, 100.0, 8], [100.0, 100.0, 1], [100.0, 100.0, 2], [100.0, 100.0, 1]]","[[100.0, 100.0, 8], [100.0, 100.0, 1], [100.0, 100.0, 2], [100.0, 100.0, 1]]",pass,https://dandiarchive.s3.amazonaws.com/blobs/e3b/977/e3b97777-89fa-4730-8d0e-fae22e471f07,640890,1232725697,TH,HPF,"[794, 418, 800, 837, 775, 454, 763, 476, 475, 465, 470, 779, 835, 467, 828, 427, 805, 490, 811, 769, 485, 827, 449, 478]","[980, 527, 581, 919, 546, 71, 873, 981, 1208, 918, 83, 81, 547, 1210, 913, 862, 1183, 893, 920, 49, 52, 1176, 912, 872]","[""session_time_linear"", ""session_time_quadratic"", ""image_identity:im115_r-1.0"", ""eventual_response_in_window"", ""eventual_response_latency"", ""response_latency_missing""]"
engaged_2,22,24,24,0.05008281432329387,0.03933085579845286,-0.01075195852484101,0.04992263280283982,-0.0001601815204540502,-0.01059177700438696,"[[100.0, 100.0, 1], [100.0, 100.0, 1], [100.0, 100.0, 1], [100.0, 100.0, 1]]","[[100.0, 100.0, 1], [100.0, 100.0, 1], [100.0, 100.0, 1], [100.0, 100.0, 1]]",pass,https://dandiarchive.s3.amazonaws.com/blobs/e3b/977/e3b97777-89fa-4730-8d0e-fae22e471f07,640890,1232725697,TH,HPF,"[794, 418, 800, 837, 775, 454, 763, 476, 475, 465, 470, 779, 835, 467, 828, 427, 805, 490, 811, 769, 485, 827, 449, 478]","[980, 527, 581, 919, 546, 71, 873, 981, 1208, 918, 83, 81, 547, 1210, 913, 862, 1183, 893, 920, 49, 52, 1176, 912, 872]","[""session_time_linear"", ""session_time_quadratic"", ""image_identity:im115_r-1.0"", ""eventual_response_in_window"", ""eventual_response_latency"", ""response_latency_missing""]"
no_reward,22,24,24,0.05000267977690931,0.05356691687013282,0.00356423709322351,0.05727915298215924,0.007276473205249934,-0.0037122361120264236,"[[100.0, 100.0, 8], [100.0, 100.0, 1], [100.0, 100.0, 4], [100.0, 100.0, 4]]","[[100.0, 100.0, 8], [100.0, 100.0, 1], [100.0, 100.0, 4], [100.0, 100.0, 4]]",pass,https://dandiarchive.s3.amazonaws.com/blobs/e3b/977/e3b97777-89fa-4730-8d0e-fae22e471f07,640890,1232725697,TH,HPF,"[794, 418, 800, 837, 775, 454, 763, 476, 475, 465, 470, 779, 835, 467, 828, 427, 805, 490, 811, 769, 485, 827, 449, 478]","[980, 527, 581, 919, 546, 71, 873, 981, 1208, 918, 83, 81, 547, 1210, 913, 862, 1183, 893, 920, 49, 52, 1176, 912, 872]","[""session_time_linear"", ""session_time_quadratic"", ""image_identity:im115_r-1.0"", ""eventual_response_in_window"", ""eventual_response_latency"", ""response_latency_missing""]"
engaged_1,16,24,24,0.014342851960690295,0.009368215972897942,-0.004974635987792353,0.034395086794782204,0.02005223483409191,-0.02502687082188426,"[[100.0, 100.0, 1], [100.0, 100.0, 8], [100.0, 100.0, 8], [100.0, 100.0, 8]]","[[100.0, 100.0, 1], [100.0, 100.0, 8], [100.0, 100.0, 8], [100.0, 100.0, 8]]",pass,https://dandiarchive.s3.amazonaws.com/blobs/559/41e/55941ebd-ef47-4d38-80af-0fabd499db6d,642504,1244070169,TH,HPF,"[1034, 921, 901, 1003, 954, 961, 891, 947, 1177, 955, 931, 887, 477, 980, 599, 520, 1188, 506, 527, 979, 1029, 989, 485, 973]","[1092, 1098, 639, 631, 286, 1094, 1110, 667, 322, 285, 1074, 1038, 1078, 441, 326, 1099, 645, 296, 1077, 628, 659, 1037, 652, 290]","[""session_time_linear"", ""session_time_quadratic"", ""image_identity:im115_r-1.0"", ""eventual_response_in_window"", ""eventual_response_latency"", ""response_latency_missing""]"
engaged_2,16,24,24,0.02683843749506487,0.01703443138528471,-0.009804006109780161,0.017624477445594255,-0.009213960049470615,-0.0005900460603095459,"[[100.0, 100.0, 2], [100.0, 100.0, 2], [100.0, 100.0, 8], [100.0, 100.0, 1]]","[[100.0, 100.0, 2], [100.0, 100.0, 2], [100.0, 100.0, 8], [100.0, 100.0, 1]]",pass,https://dandiarchive.s3.amazonaws.com/blobs/559/41e/55941ebd-ef47-4d38-80af-0fabd499db6d,642504,1244070169,TH,HPF,"[1034, 921, 901, 1003, 954, 961, 891, 947, 1177, 955, 931, 887, 477, 980, 599, 520, 1188, 506, 527, 979, 1029, 989, 485, 973]","[1092, 1098, 639, 631, 286, 1094, 1110, 667, 322, 285, 1074, 1038, 1078, 441, 326, 1099, 645, 296, 1077, 628, 659, 1037, 652, 290]","[""session_time_linear"", ""session_time_quadratic"", ""image_identity:im115_r-1.0"", ""eventual_response_in_window"", ""eventual_response_latency"", ""response_latency_missing""]"
no_reward,16,24,24,-0.030492896409522574,-0.07367685382840738,-0.04318395741888481,-0.04559082259593783,-0.015097926186415256,-0.028086031232469555,"[[100.0, 100.0, 1], [100.0, 1.0, 1], [100.0, 100.0, 8], [100.0, 1.0, 1]]","[[100.0, 100.0, 1], [100.0, 1.0, 1], [100.0, 100.0, 8], [100.0, 1.0, 1]]",pass,https://dandiarchive.s3.amazonaws.com/blobs/559/41e/55941ebd-ef47-4d38-80af-0fabd499db6d,642504,1244070169,TH,HPF,"[1034, 921, 901, 1003, 954, 961, 891, 947, 1177, 955, 931, 887, 477, 980, 599, 520, 1188, 506, 527, 979, 1029, 989, 485, 973]","[1092, 1098, 639, 631, 286, 1094, 1110, 667, 322, 285, 1074, 1038, 1078, 441, 326, 1099, 645, 296, 1077, 628, 659, 1037, 652, 290]","[""session_time_linear"", ""session_time_quadratic"", ""image_identity:im115_r-1.0"", ""eventual_response_in_window"", ""eventual_response_latency"", ""response_latency_missing""]"
engaged_1,18,24,24,0.007668662689074179,0.0026440012371596877,-0.005024661451914492,0.00491418302499369,-0.002754479664080489,-0.0022701817878340025,"[[100.0, 100.0, 4], [100.0, 100.0, 1], [100.0, 100.0, 1], [100.0, 100.0, 8]]","[[100.0, 100.0, 4], [100.0, 100.0, 1], [100.0, 100.0, 1], [100.0, 100.0, 8]]",pass,https://dandiarchive.s3.amazonaws.com/blobs/88d/b29/88db2938-a9e0-491c-8056-f83cc894edf3,642504,1243523806,TH,HPF,"[707, 713, 681, 354, 394, 708, 373, 355, 357, 382, 389, 378, 680, 369, 413, 385, 352, 409, 363, 572, 361, 415, 395, 564]","[803, 816, 741, 487, 492, 110, 500, 739, 482, 812, 186, 453, 467, 498, 447, 440, 505, 786, 199, 830, 445, 192, 856, 847]","[""session_time_linear"", ""session_time_quadratic"", ""image_identity:im115_r-1.0"", ""eventual_response_in_window"", ""eventual_response_latency"", ""response_latency_missing""]"
engaged_2,18,24,24,0.05830019157570843,0.0410864519818156,-0.01721373959389283,0.05697575760083773,-0.001324433974870698,-0.01588930561902213,"[[100.0, 100.0, 1], [100.0, 100.0, 1], [100.0, 100.0, 4], [100.0, 100.0, 1]]","[[100.0, 100.0, 1], [100.0, 100.0, 1], [100.0, 100.0, 4], [100.0, 100.0, 1]]",pass,https://dandiarchive.s3.amazonaws.com/blobs/88d/b29/88db2938-a9e0-491c-8056-f83cc894edf3,642504,1243523806,TH,HPF,"[707, 713, 681, 354, 394, 708, 373, 355, 357, 382, 389, 378, 680, 369, 413, 385, 352, 409, 363, 572, 361, 415, 395, 564]","[803, 816, 741, 487, 492, 110, 500, 739, 482, 812, 186, 453, 467, 498, 447, 440, 505, 786, 199, 830, 445, 192, 856, 847]","[""session_time_linear"", ""session_time_quadratic"", ""image_identity:im115_r-1.0"", ""eventual_response_in_window"", ""eventual_response_latency"", ""response_latency_missing""]"
no_reward,18,24,24,0.02258669507043487,0.014271379494822711,-0.008315315575612159,0.016210311611831063,-0.006376383458603807,-0.0019389321170083518,"[[100.0, 100.0, 2], [100.0, 100.0, 4], [100.0, 100.0, 4], [100.0, 100.0, 1]]","[[100.0, 100.0, 2], [100.0, 100.0, 4], [100.0, 100.0, 4], [100.0, 100.0, 1]]",pass,https://dandiarchive.s3.amazonaws.com/blobs/88d/b29/88db2938-a9e0-491c-8056-f83cc894edf3,642504,1243523806,TH,HPF,"[707, 713, 681, 354, 394, 708, 373, 355, 357, 382, 389, 378, 680, 369, 413, 385, 352, 409, 363, 572, 361, 415, 395, 564]","[803, 816, 741, 487, 492, 110, 500, 739, 482, 812, 186, 453, 467, 498, 447, 440, 505, 786, 199, 830, 445, 192, 856, 847]","[""session_time_linear"", ""session_time_quadratic"", ""image_identity:im115_r-1.0"", ""eventual_response_in_window"", ""eventual_response_latency"", ""response_latency_missing""]"
engaged_1,15,24,24,0.03240326583855824,-0.029018743389121582,-0.06142200922767982,-0.09120882186380075,-0.12361208770235899,0.06219007847467917,"[[100.0, 1.0, 4], [100.0, 100.0, 8], [100.0, 100.0, 4], [100.0, 100.0, 8]]","[[100.0, 1.0, 4], [100.0, 100.0, 8], [100.0, 100.0, 4], [100.0, 100.0, 8]]",pass,https://dandiarchive.s3.amazonaws.com/blobs/c78/ef5/c78ef53f-16de-4f5e-8235-afe87a226203,614547,1181731440,TH,Isocortex,"[1240, 438, 454, 1231, 1243, 1254, 459, 1265, 1184, 1246, 1268, 479, 477, 1270, 1258, 1239, 453, 1242, 445, 1249, 1217, 1244, 1151, 1155]","[629, 1503, 1455, 1603, 1584, 668, 677, 1495, 635, 332, 166, 1648, 938, 953, 1469, 1492, 1449, 1483, 226, 959, 1622, 174, 224, 703]","[""session_time_linear"", ""session_time_quadratic"", ""image_identity:im115_r-1.0"", ""eventual_response_in_window"", ""eventual_response_latency"", ""response_latency_missing""]"
engaged_2,15,24,24,0.014655320872282829,0.0022728809169558772,-0.012382439955326952,-0.03847920366910307,-0.0531345245413859,0.040752084586058945,"[[100.0, 1.0, 1], [100.0, 100.0, 1], [100.0, 100.0, 2], [100.0, 100.0, 1]]","[[100.0, 1.0, 1], [100.0, 100.0, 1], [100.0, 100.0, 2], [100.0, 100.0, 1]]",pass,https://dandiarchive.s3.amazonaws.com/blobs/c78/ef5/c78ef53f-16de-4f5e-8235-afe87a226203,614547,1181731440,TH,Isocortex,"[1240, 438, 454, 1231, 1243, 1254, 459, 1265, 1184, 1246, 1268, 479, 477, 1270, 1258, 1239, 453, 1242, 445, 1249, 1217, 1244, 1151, 1155]","[629, 1503, 1455, 1603, 1584, 668, 677, 1495, 635, 332, 166, 1648, 938, 953, 1469, 1492, 1449, 1483, 226, 959, 1622, 174, 224, 703]","[""session_time_linear"", ""session_time_quadratic"", ""image_identity:im115_r-1.0"", ""eventual_response_in_window"", ""eventual_response_latency"", ""response_latency_missing""]"
no_reward,15,24,24,0.027290583549765768,-0.018660840328934558,-0.045951423878700326,-0.08059922228204863,-0.1078898058318144,0.061938381953114074,"[[100.0, 0.1, 1], [100.0, 10.0, 8], [100.0, 100.0, 8], [100.0, 100.0, 8]]","[[100.0, 0.1, 1], [100.0, 10.0, 8], [100.0, 100.0, 8], [100.0, 100.0, 8]]",pass,https://dandiarchive.s3.amazonaws.com/blobs/c78/ef5/c78ef53f-16de-4f5e-8235-afe87a226203,614547,1181731440,TH,Isocortex,"[1240, 438, 454, 1231, 1243, 1254, 459, 1265, 1184, 1246, 1268, 479, 477, 1270, 1258, 1239, 453, 1242, 445, 1249, 1217, 1244, 1151, 1155]","[629, 1503, 1455, 1603, 1584, 668, 677, 1495, 635, 332, 166, 1648, 938, 953, 1469, 1492, 1449, 1483, 226, 959, 1622, 174, 224, 703]","[""session_time_linear"", ""session_time_quadratic"", ""image_identity:im115_r-1.0"", ""eventual_response_in_window"", ""eventual_response_latency"", ""response_latency_missing""]"
engaged_1,17,24,24,0.019950160211316237,-0.06363994715096899,-0.08359010736228523,-0.0026394475899260694,-0.022589607801242306,-0.06100049956104292,"[[100.0, 100.0, 1], [100.0, 10.0, 4], [100.0, 100.0, 2], [100.0, 100.0, 1]]","[[100.0, 100.0, 1], [100.0, 10.0, 4], [100.0, 100.0, 2], [100.0, 100.0, 1]]",pass,https://dandiarchive.s3.amazonaws.com/blobs/68c/a06/68ca0674-2a8a-4931-8d5b-10a3edfb0cfa,614608,1187475832,TH,Isocortex,"[1430, 946, 1447, 1432, 1431, 1420, 1450, 1453, 915, 861, 948, 880, 1009, 930, 925, 893, 900, 883, 1394, 877, 919, 889, 954, 931]","[593, 1709, 2652, 2235, 2013, 2587, 2471, 1666, 1966, 2375, 2315, 2009, 1668, 2396, 620, 2522, 2488, 2034, 1677, 669, 2292, 646, 1239, 2004]","[""session_time_linear"", ""session_time_quadratic"", ""image_identity:im115_r-1.0"", ""eventual_response_in_window"", ""eventual_response_latency"", ""response_latency_missing""]"
engaged_2,17,24,24,0.03198733486138228,0.02014268033442712,-0.011844654526955156,0.02880281604862911,-0.0031845188127531676,-0.008660135714201989,"[[100.0, 100.0, 8], [100.0, 100.0, 1], [100.0, 100.0, 1], [100.0, 100.0, 1]]","[[100.0, 100.0, 8], [100.0, 100.0, 1], [100.0, 100.0, 1], [100.0, 100.0, 1]]",pass,https://dandiarchive.s3.amazonaws.com/blobs/68c/a06/68ca0674-2a8a-4931-8d5b-10a3edfb0cfa,614608,1187475832,TH,Isocortex,"[1430, 946, 1447, 1432, 1431, 1420, 1450, 1453, 915, 861, 948, 880, 1009, 930, 925, 893, 900, 883, 1394, 877, 919, 889, 954, 931]","[593, 1709, 2652, 2235, 2013, 2587, 2471, 1666, 1966, 2375, 2315, 2009, 1668, 2396, 620, 2522, 2488, 2034, 1677, 669, 2292, 646, 1239, 2004]","[""session_time_linear"", ""session_time_quadratic"", ""image_identity:im115_r-1.0"", ""eventual_response_in_window"", ""eventual_response_latency"", ""response_latency_missing""]"
no_reward,17,24,24,0.058349777030404226,0.05447773461755734,-0.0038720424128468878,0.05366894548782741,-0.004680831542576813,0.0008087891297299254,"[[100.0, 100.0, 1], [100.0, 100.0, 1], [100.0, 100.0, 2], [100.0, 100.0, 1]]","[[100.0, 100.0, 1], [100.0, 100.0, 1], [100.0, 100.0, 2], [100.0, 100.0, 1]]",pass,https://dandiarchive.s3.amazonaws.com/blobs/68c/a06/68ca0674-2a8a-4931-8d5b-10a3edfb0cfa,614608,1187475832,TH,Isocortex,"[1430, 946, 1447, 1432, 1431, 1420, 1450, 1453, 915, 861, 948, 880, 1009, 930, 925, 893, 900, 883, 1394, 877, 919, 889, 954, 931]","[593, 1709, 2652, 2235, 2013, 2587, 2471, 1666, 1966, 2375, 2315, 2009, 1668, 2396, 620, 2522, 2488, 2034, 1677, 669, 2292, 646, 1239, 2004]","[""session_time_linear"", ""session_time_quadratic"", ""image_identity:im115_r-1.0"", ""eventual_response_in_window"", ""eventual_response_latency"", ""response_latency_missing""]"
engaged_1,24,24,24,0.08325713104574017,0.07708375002401113,-0.006173381021729041,0.07495556314280083,-0.008301567902939344,0.0021281868812103033,"[[100.0, 100.0, 8], [100.0, 100.0, 1], [100.0, 100.0, 1], [100.0, 100.0, 2]]","[[100.0, 100.0, 8], [100.0, 100.0, 1], [100.0, 100.0, 1], [100.0, 100.0, 2]]",pass,https://dandiarchive.s3.amazonaws.com/blobs/fd4/c49/fd4c4964-f02b-456e-af4d-b9407877d0de,614608,1187940755,TH,Isocortex,"[983, 978, 964, 425, 918, 460, 872, 927, 474, 449, 524, 489, 472, 423, 450, 436, 515, 466, 514, 476, 452, 457, 519, 463]","[714, 1988, 2155, 1480, 215, 1777, 1496, 173, 289, 1567, 1939, 1497, 154, 1118, 2225, 210, 1523, 195, 1519, 803, 412, 235, 1615, 342]","[""session_time_linear"", ""session_time_quadratic"", ""image_identity:im115_r-1.0"", ""eventual_response_in_window"", ""eventual_response_latency"", ""response_latency_missing""]"
engaged_2,24,24,24,0.04674077563423684,0.04755336975461544,0.0008125941203785958,0.03736303332516433,-0.009377742309072512,0.010190336429451108,"[[100.0, 100.0, 2], [100.0, 100.0, 2], [100.0, 100.0, 4], [100.0, 100.0, 1]]","[[100.0, 100.0, 2], [100.0, 100.0, 2], [100.0, 100.0, 4], [100.0, 100.0, 1]]",pass,https://dandiarchive.s3.amazonaws.com/blobs/fd4/c49/fd4c4964-f02b-456e-af4d-b9407877d0de,614608,1187940755,TH,Isocortex,"[983, 978, 964, 425, 918, 460, 872, 927, 474, 449, 524, 489, 472, 423, 450, 436, 515, 466, 514, 476, 452, 457, 519, 463]","[714, 1988, 2155, 1480, 215, 1777, 1496, 173, 289, 1567, 1939, 1497, 154, 1118, 2225, 210, 1523, 195, 1519, 803, 412, 235, 1615, 342]","[""session_time_linear"", ""session_time_quadratic"", ""image_identity:im115_r-1.0"", ""eventual_response_in_window"", ""eventual_response_latency"", ""response_latency_missing""]"
no_reward,24,24,24,0.05267699892349442,0.04309520677419376,-0.00958179214930066,0.04970257121899335,-0.0029744277045010703,-0.0066073644447995905,"[[100.0, 100.0, 8], [100.0, 100.0, 1], [100.0, 100.0, 1], [100.0, 100.0, 8]]","[[100.0, 100.0, 8], [100.0, 100.0, 1], [100.0, 100.0, 1], [100.0, 100.0, 8]]",pass,https://dandiarchive.s3.amazonaws.com/blobs/fd4/c49/fd4c4964-f02b-456e-af4d-b9407877d0de,614608,1187940755,TH,Isocortex,"[983, 978, 964, 425, 918, 460, 872, 927, 474, 449, 524, 489, 472, 423, 450, 436, 515, 466, 514, 476, 452, 457, 519, 463]","[714, 1988, 2155, 1480, 215, 1777, 1496, 173, 289, 1567, 1939, 1497, 154, 1118, 2225, 210, 1523, 195, 1519, 803, 412, 235, 1615, 342]","[""session_time_linear"", ""session_time_quadratic"", ""image_identity:im115_r-1.0"", ""eventual_response_in_window"", ""eventual_response_latency"", ""response_latency_missing""]"
engaged_1,17,24,24,0.06486931863453327,0.058452866935303716,-0.006416451699229553,0.05503369514392664,-0.009835623490606626,0.0034191717913770736,"[[100.0, 100.0, 1], [100.0, 100.0, 2], [100.0, 100.0, 1], [100.0, 100.0, 1]]","[[100.0, 100.0, 1], [100.0, 100.0, 2], [100.0, 100.0, 1], [100.0, 100.0, 1]]",pass,https://dandiarchive.s3.amazonaws.com/blobs/75d/9d0/75d9d091-e7db-47d1-aac4-d41133e29393,615048,1197725774,TH,Isocortex,"[1330, 907, 1344, 903, 926, 879, 908, 898, 928, 997, 883, 1274, 884, 1325, 902, 886, 892, 976, 954, 877, 882, 887, 1271, 1329]","[741, 1187, 778, 1574, 1920, 743, 1913, 465, 1933, 1951, 228, 722, 1936, 1579, 1984, 2210, 1985, 824, 1912, 1900, 289, 1174, 1642, 1600]","[""session_time_linear"", ""session_time_quadratic"", ""image_identity:im115_r-1.0"", ""eventual_response_in_window"", ""eventual_response_latency"", ""response_latency_missing""]"
engaged_2,17,24,24,0.026658548715288055,0.024929652796489843,-0.0017288959187982123,0.019346559686031273,-0.007311989029256782,0.00558309311045857,"[[100.0, 100.0, 4], [100.0, 100.0, 8], [100.0, 100.0, 1], [100.0, 100.0, 8]]","[[100.0, 100.0, 4], [100.0, 100.0, 8], [100.0, 100.0, 1], [100.0, 100.0, 8]]",pass,https://dandiarchive.s3.amazonaws.com/blobs/75d/9d0/75d9d091-e7db-47d1-aac4-d41133e29393,615048,1197725774,TH,Isocortex,"[1330, 907, 1344, 903, 926, 879, 908, 898, 928, 997, 883, 1274, 884, 1325, 902, 886, 892, 976, 954, 877, 882, 887, 1271, 1329]","[741, 1187, 778, 1574, 1920, 743, 1913, 465, 1933, 1951, 228, 722, 1936, 1579, 1984, 2210, 1985, 824, 1912, 1900, 289, 1174, 1642, 1600]","[""session_time_linear"", ""session_time_quadratic"", ""image_identity:im115_r-1.0"", ""eventual_response_in_window"", ""eventual_response_latency"", ""response_latency_missing""]"
no_reward,17,24,24,-0.08196322880430151,-0.08391681477370572,-0.0019535859694042035,-0.0689366897816428,0.013026539022658712,-0.014980124992062915,"[[10.0, 10.0, 4], [100.0, 100.0, 1], [100.0, 100.0, 1], [100.0, 100.0, 8]]","[[10.0, 10.0, 4], [100.0, 100.0, 1], [100.0, 100.0, 1], [100.0, 100.0, 8]]",pass,https://dandiarchive.s3.amazonaws.com/blobs/75d/9d0/75d9d091-e7db-47d1-aac4-d41133e29393,615048,1197725774,TH,Isocortex,"[1330, 907, 1344, 903, 926, 879, 908, 898, 928, 997, 883, 1274, 884, 1325, 902, 886, 892, 976, 954, 877, 882, 887, 1271, 1329]","[741, 1187, 778, 1574, 1920, 743, 1913, 465, 1933, 1951, 228, 722, 1936, 1579, 1984, 2210, 1985, 824, 1912, 1900, 289, 1174, 1642, 1600]","[""session_time_linear"", ""session_time_quadratic"", ""image_identity:im115_r-1.0"", ""eventual_response_in_window"", ""eventual_response_latency"", ""response_latency_missing""]"
engaged_1,18,24,24,0.048681638224992385,0.043155970821326384,-0.005525667403666001,0.04955749375440188,0.0008758555294094972,-0.006401522933075499,"[[100.0, 100.0, 4], [100.0, 100.0, 1], [100.0, 100.0, 2], [100.0, 100.0, 2]]","[[100.0, 100.0, 4], [100.0, 100.0, 1], [100.0, 100.0, 2], [100.0, 100.0, 2]]",pass,https://dandiarchive.s3.amazonaws.com/blobs/fe0/9ba/fe09ba54-89e9-4b73-bf95-5127c2ee2ad9,615048,1197514969,TH,Isocortex,"[1314, 1237, 1274, 1225, 1259, 1254, 1272, 1265, 1227, 1238, 1221, 1266, 1304, 1336, 1342, 1327, 1268, 1285, 1317, 1322, 1312, 1283, 1279, 1255]","[1892, 637, 1897, 326, 1889, 1890, 640, 1594, 1065, 2310, 1032, 1084, 242, 231, 647, 646, 739, 732, 1086, 322, 1900, 2431, 1951, 318]","[""session_time_linear"", ""session_time_quadratic"", ""image_identity:im115_r-1.0"", ""eventual_response_in_window"", ""eventual_response_latency"", ""response_latency_missing""]"
engaged_2,18,24,24,-0.00023373738748144746,-0.003416446717346311,-0.0031827093298648634,-0.0012546549753009728,-0.0010209175878195254,-0.002161791742045338,"[[100.0, 100.0, 8], [100.0, 100.0, 4], [100.0, 100.0, 8], [100.0, 100.0, 1]]","[[100.0, 100.0, 8], [100.0, 100.0, 4], [100.0, 100.0, 8], [100.0, 100.0, 1]]",pass,https://dandiarchive.s3.amazonaws.com/blobs/fe0/9ba/fe09ba54-89e9-4b73-bf95-5127c2ee2ad9,615048,1197514969,TH,Isocortex,"[1314, 1237, 1274, 1225, 1259, 1254, 1272, 1265, 1227, 1238, 1221, 1266, 1304, 1336, 1342, 1327, 1268, 1285, 1317, 1322, 1312, 1283, 1279, 1255]","[1892, 637, 1897, 326, 1889, 1890, 640, 1594, 1065, 2310, 1032, 1084, 242, 231, 647, 646, 739, 732, 1086, 322, 1900, 2431, 1951, 318]","[""session_time_linear"", ""session_time_quadratic"", ""image_identity:im115_r-1.0"", ""eventual_response_in_window"", ""eventual_response_latency"", ""response_latency_missing""]"
no_reward,18,24,24,-0.018047353652224984,-0.021888144344818228,-0.0038407906925932433,-0.030296589813425756,-0.012249236161200772,0.008408445468607528,"[[100.0, 100.0, 8], [100.0, 100.0, 4], [100.0, 100.0, 2], [10.0, 10.0, 8]]","[[100.0, 100.0, 8], [100.0, 100.0, 4], [100.0, 100.0, 2], [10.0, 10.0, 8]]",pass,https://dandiarchive.s3.amazonaws.com/blobs/fe0/9ba/fe09ba54-89e9-4b73-bf95-5127c2ee2ad9,615048,1197514969,TH,Isocortex,"[1314, 1237, 1274, 1225, 1259, 1254, 1272, 1265, 1227, 1238, 1221, 1266, 1304, 1336, 1342, 1327, 1268, 1285, 1317, 1322, 1312, 1283, 1279, 1255]","[1892, 637, 1897, 326, 1889, 1890, 640, 1594, 1065, 2310, 1032, 1084, 242, 231, 647, 646, 739, 732, 1086, 322, 1900, 2431, 1951, 318]","[""session_time_linear"", ""session_time_quadratic"", ""image_identity:im115_r-1.0"", ""eventual_response_in_window"", ""eventual_response_latency"", ""response_latency_missing""]"
engaged_1,16,24,24,0.04121008604050813,0.04324534289306192,0.0020352568525537906,0.019108058637700265,-0.022102027402807867,0.024137284255361657,"[[100.0, 100.0, 2], [100.0, 100.0, 4], [100.0, 100.0, 8], [100.0, 100.0, 1]]","[[100.0, 100.0, 2], [100.0, 100.0, 4], [100.0, 100.0, 8], [100.0, 100.0, 1]]",pass,https://dandiarchive.s3.amazonaws.com/blobs/3ae/b2f/3aeb2f0d-c1c1-4b50-964b-61caffa07ee9,615564,1198796984,TH,Isocortex,"[650, 623, 277, 215, 227, 239, 213, 238, 607, 211, 210, 245, 583, 655, 242, 207, 603, 202, 735, 214, 646, 644, 711, 978]","[129, 1589, 1577, 1586, 1580, 1581, 99, 1247, 1540, 1198, 1527, 806, 1598, 66, 128, 1575, 844, 49, 1544, 849, 1348, 828, 422, 101]","[""session_time_linear"", ""session_time_quadratic"", ""image_identity:im115_r-1.0"", ""eventual_response_in_window"", ""eventual_response_latency"", ""response_latency_missing""]"
engaged_2,16,24,24,0.04080591398981992,0.03485603226152523,-0.0059498817282946925,0.036057158482143525,-0.004748755507676394,-0.0012011262206182982,"[[100.0, 100.0, 2], [100.0, 100.0, 8], [100.0, 100.0, 2], [100.0, 100.0, 1]]","[[100.0, 100.0, 2], [100.0, 100.0, 8], [100.0, 100.0, 2], [100.0, 100.0, 1]]",pass,https://dandiarchive.s3.amazonaws.com/blobs/3ae/b2f/3aeb2f0d-c1c1-4b50-964b-61caffa07ee9,615564,1198796984,TH,Isocortex,"[650, 623, 277, 215, 227, 239, 213, 238, 607, 211, 210, 245, 583, 655, 242, 207, 603, 202, 735, 214, 646, 644, 711, 978]","[129, 1589, 1577, 1586, 1580, 1581, 99, 1247, 1540, 1198, 1527, 806, 1598, 66, 128, 1575, 844, 49, 1544, 849, 1348, 828, 422, 101]","[""session_time_linear"", ""session_time_quadratic"", ""image_identity:im115_r-1.0"", ""eventual_response_in_window"", ""eventual_response_latency"", ""response_latency_missing""]"
no_reward,16,24,24,0.05677219560445945,0.023014057772007046,-0.033758137832452406,0.03802729116956871,-0.01874490443489074,-0.015013233397561665,"[[100.0, 10.0, 1], [100.0, 100.0, 8], [100.0, 100.0, 1], [100.0, 100.0, 1]]","[[100.0, 10.0, 1], [100.0, 100.0, 8], [100.0, 100.0, 1], [100.0, 100.0, 1]]",pass,https://dandiarchive.s3.amazonaws.com/blobs/3ae/b2f/3aeb2f0d-c1c1-4b50-964b-61caffa07ee9,615564,1198796984,TH,Isocortex,"[650, 623, 277, 215, 227, 239, 213, 238, 607, 211, 210, 245, 583, 655, 242, 207, 603, 202, 735, 214, 646, 644, 711, 978]","[129, 1589, 1577, 1586, 1580, 1581, 99, 1247, 1540, 1198, 1527, 806, 1598, 66, 128, 1575, 844, 49, 1544, 849, 1348, 828, 422, 101]","[""session_time_linear"", ""session_time_quadratic"", ""image_identity:im115_r-1.0"", ""eventual_response_in_window"", ""eventual_response_latency"", ""response_latency_missing""]"
engaged_1,17,24,24,0.06553076695220972,0.06952724261442733,0.003996475662217613,0.04881270844389529,-0.016718058508314426,0.02071453417053204,"[[100.0, 10.0, 1], [100.0, 100.0, 2], [100.0, 100.0, 4], [100.0, 100.0, 4]]","[[100.0, 10.0, 1], [100.0, 100.0, 2], [100.0, 100.0, 4], [100.0, 100.0, 4]]",pass,https://dandiarchive.s3.amazonaws.com/blobs/635/68b/63568b8b-5957-4045-b90d-d75108909249,615564,1198995158,TH,Isocortex,"[66, 1527, 1180, 1183, 15, 2099, 1220, 1237, 22, 1238, 2, 1213, 7, 1282, 1247, 1267, 1271, 1279, 1229, 16, 40, 14, 1273, 1307]","[1843, 2375, 1790, 698, 2274, 2403, 1877, 2382, 1847, 683, 1844, 2469, 2342, 112, 1450, 2476, 1836, 696, 1806, 674, 1446, 2432, 1441, 2453]","[""session_time_linear"", ""session_time_quadratic"", ""image_identity:im115_r-1.0"", ""eventual_response_in_window"", ""eventual_response_latency"", ""response_latency_missing""]"
engaged_2,17,24,24,0.01658046226843657,0.029504995876144968,0.0129245336077084,0.011511863190300398,-0.005068599078136171,0.01799313268584457,"[[100.0, 10.0, 1], [100.0, 100.0, 4], [100.0, 10.0, 2], [100.0, 100.0, 2]]","[[100.0, 10.0, 1], [100.0, 100.0, 4], [100.0, 10.0, 2], [100.0, 100.0, 2]]",pass,https://dandiarchive.s3.amazonaws.com/blobs/635/68b/63568b8b-5957-4045-b90d-d75108909249,615564,1198995158,TH,Isocortex,"[66, 1527, 1180, 1183, 15, 2099, 1220, 1237, 22, 1238, 2, 1213, 7, 1282, 1247, 1267, 1271, 1279, 1229, 16, 40, 14, 1273, 1307]","[1843, 2375, 1790, 698, 2274, 2403, 1877, 2382, 1847, 683, 1844, 2469, 2342, 112, 1450, 2476, 1836, 696, 1806, 674, 1446, 2432, 1441, 2453]","[""session_time_linear"", ""session_time_quadratic"", ""image_identity:im115_r-1.0"", ""eventual_response_in_window"", ""eventual_response_latency"", ""response_latency_missing""]"
no_reward,17,24,24,0.008238430648513928,0.011728774163671796,0.0034903435151578677,0.021236655074463484,0.012998224425949556,-0.009507880910791688,"[[100.0, 100.0, 2], [100.0, 100.0, 8], [100.0, 100.0, 8], [100.0, 100.0, 2]]","[[100.0, 100.0, 2], [100.0, 100.0, 8], [100.0, 100.0, 8], [100.0, 100.0, 2]]",pass,https://dandiarchive.s3.amazonaws.com/blobs/635/68b/63568b8b-5957-4045-b90d-d75108909249,615564,1198995158,TH,Isocortex,"[66, 1527, 1180, 1183, 15, 2099, 1220, 1237, 22, 1238, 2, 1213, 7, 1282, 1247, 1267, 1271, 1279, 1229, 16, 40, 14, 1273, 1307]","[1843, 2375, 1790, 698, 2274, 2403, 1877, 2382, 1847, 683, 1844, 2469, 2342, 112, 1450, 2476, 1836, 696, 1806, 674, 1446, 2432, 1441, 2453]","[""session_time_linear"", ""session_time_quadratic"", ""image_identity:im115_r-1.0"", ""eventual_response_in_window"", ""eventual_response_latency"", ""response_latency_missing""]"
engaged_1,12,24,24,0.03695448435731086,0.03072111198046934,-0.006233372376841517,0.03913148644129638,0.002177002083985524,-0.008410374460827041,"[[100.0, 100.0, 4], [100.0, 100.0, 2], [100.0, 100.0, 1], [100.0, 100.0, 1]]","[[100.0, 100.0, 4], [100.0, 100.0, 2], [100.0, 100.0, 1], [100.0, 100.0, 1]]",pass,https://dandiarchive.s3.amazonaws.com/blobs/9ae/cb7/9aecb778-a5a0-4554-8b06-3af01005fea5,623319,1209073822,TH,Isocortex,"[266, 239, 1314, 236, 235, 1174, 1187, 1330, 1304, 238, 1317, 285, 1229, 556, 1248, 1213, 1035, 1327, 293, 1116, 1221, 289, 1606, 286]","[883, 1467, 2028, 2079, 1472, 455, 1463, 2092, 2201, 1955, 425, 2034, 1433, 437, 1456, 457, 451, 1461, 2158, 450, 2125, 2084, 1475, 2193]","[""session_time_linear"", ""session_time_quadratic"", ""image_identity:im115_r-1.0"", ""eventual_response_in_window"", ""eventual_response_latency"", ""response_latency_missing""]"
engaged_2,12,24,24,0.09432286199108642,0.08612859040848364,-0.008194271582602775,0.07468885243984824,-0.019634009551238174,0.0114397379686354,"[[10.0, 10.0, 2], [10.0, 100.0, 1], [100.0, 10.0, 1], [100.0, 100.0, 8]]","[[10.0, 10.0, 2], [10.0, 100.0, 1], [100.0, 10.0, 1], [100.0, 100.0, 8]]",pass,https://dandiarchive.s3.amazonaws.com/blobs/9ae/cb7/9aecb778-a5a0-4554-8b06-3af01005fea5,623319,1209073822,TH,Isocortex,"[266, 239, 1314, 236, 235, 1174, 1187, 1330, 1304, 238, 1317, 285, 1229, 556, 1248, 1213, 1035, 1327, 293, 1116, 1221, 289, 1606, 286]","[883, 1467, 2028, 2079, 1472, 455, 1463, 2092, 2201, 1955, 425, 2034, 1433, 437, 1456, 457, 451, 1461, 2158, 450, 2125, 2084, 1475, 2193]","[""session_time_linear"", ""session_time_quadratic"", ""image_identity:im115_r-1.0"", ""eventual_response_in_window"", ""eventual_response_latency"", ""response_latency_missing""]"
no_reward,12,24,24,-0.020116043185815613,-0.04221035964868425,-0.022094316462868635,-0.02964306046134646,-0.009527017275530847,-0.012567299187337788,"[[100.0, 100.0, 1], [100.0, 100.0, 1], [100.0, 100.0, 4], [100.0, 100.0, 2]]","[[100.0, 100.0, 1], [100.0, 100.0, 1], [100.0, 100.0, 4], [100.0, 100.0, 2]]",pass,https://dandiarchive.s3.amazonaws.com/blobs/9ae/cb7/9aecb778-a5a0-4554-8b06-3af01005fea5,623319,1209073822,TH,Isocortex,"[266, 239, 1314, 236, 235, 1174, 1187, 1330, 1304, 238, 1317, 285, 1229, 556, 1248, 1213, 1035, 1327, 293, 1116, 1221, 289, 1606, 286]","[883, 1467, 2028, 2079, 1472, 455, 1463, 2092, 2201, 1955, 425, 2034, 1433, 437, 1456, 457, 451, 1461, 2158, 450, 2125, 2084, 1475, 2193]","[""session_time_linear"", ""session_time_quadratic"", ""image_identity:im115_r-1.0"", ""eventual_response_in_window"", ""eventual_response_latency"", ""response_latency_missing""]"
engaged_1,21,24,24,0.07155705923435951,0.06970029038671188,-0.0018567688476476274,0.07155655208777778,-5.071465817296783e-7,-0.0018562617010658977,"[[100.0, 100.0, 8], [100.0, 100.0, 1], [100.0, 100.0, 2], [100.0, 100.0, 4]]","[[100.0, 100.0, 8], [100.0, 100.0, 1], [100.0, 100.0, 2], [100.0, 100.0, 4]]",pass,https://dandiarchive.s3.amazonaws.com/blobs/3d6/dc4/3d6dc44c-8001-467b-be23-96ba4b22da97,623322,1200659846,TH,Isocortex,"[861, 798, 786, 866, 780, 803, 781, 867, 692, 784, 850, 810, 1126, 77, 783, 751, 802, 812, 791, 782, 859, 1128, 860, 732]","[1443, 1426, 514, 543, 1946, 500, 1439, 179, 154, 588, 1457, 1452, 1883, 1878, 168, 182, 134, 1074, 1480, 150, 1447, 151, 1484, 1893]","[""session_time_linear"", ""session_time_quadratic"", ""image_identity:im115_r-1.0"", ""eventual_response_in_window"", ""eventual_response_latency"", ""response_latency_missing""]"
engaged_2,21,24,24,0.05204610891864625,0.04854669688502378,-0.0034994120336224732,0.03571161733543171,-0.01633449158321454,0.012835079549592066,"[[100.0, 100.0, 1], [100.0, 100.0, 2], [100.0, 100.0, 1], [100.0, 100.0, 2]]","[[100.0, 100.0, 1], [100.0, 100.0, 2], [100.0, 100.0, 1], [100.0, 100.0, 2]]",pass,https://dandiarchive.s3.amazonaws.com/blobs/3d6/dc4/3d6dc44c-8001-467b-be23-96ba4b22da97,623322,1200659846,TH,Isocortex,"[861, 798, 786, 866, 780, 803, 781, 867, 692, 784, 850, 810, 1126, 77, 783, 751, 802, 812, 791, 782, 859, 1128, 860, 732]","[1443, 1426, 514, 543, 1946, 500, 1439, 179, 154, 588, 1457, 1452, 1883, 1878, 168, 182, 134, 1074, 1480, 150, 1447, 151, 1484, 1893]","[""session_time_linear"", ""session_time_quadratic"", ""image_identity:im115_r-1.0"", ""eventual_response_in_window"", ""eventual_response_latency"", ""response_latency_missing""]"
no_reward,21,24,24,0.005962434901249369,-0.039780760492253764,-0.04574319539350313,0.017162497301531743,0.011200062400282373,-0.05694325779378551,"[[100.0, 100.0, 1], [100.0, 100.0, 1], [100.0, 100.0, 1], [100.0, 100.0, 8]]","[[100.0, 100.0, 1], [100.0, 100.0, 1], [100.0, 100.0, 1], [100.0, 100.0, 8]]",pass,https://dandiarchive.s3.amazonaws.com/blobs/3d6/dc4/3d6dc44c-8001-467b-be23-96ba4b22da97,623322,1200659846,TH,Isocortex,"[861, 798, 786, 866, 780, 803, 781, 867, 692, 784, 850, 810, 1126, 77, 783, 751, 802, 812, 791, 782, 859, 1128, 860, 732]","[1443, 1426, 514, 543, 1946, 500, 1439, 179, 154, 588, 1457, 1452, 1883, 1878, 168, 182, 134, 1074, 1480, 150, 1447, 151, 1484, 1893]","[""session_time_linear"", ""session_time_quadratic"", ""image_identity:im115_r-1.0"", ""eventual_response_in_window"", ""eventual_response_latency"", ""response_latency_missing""]"
engaged_1,22,24,24,0.055006180525667414,0.0362826197263838,-0.01872356079928361,0.06608781358372895,0.011081633058061535,-0.029805193857345147,"[[100.0, 100.0, 4], [100.0, 100.0, 8], [100.0, 100.0, 2], [100.0, 100.0, 1]]","[[100.0, 100.0, 4], [100.0, 100.0, 8], [100.0, 100.0, 2], [100.0, 100.0, 1]]",pass,https://dandiarchive.s3.amazonaws.com/blobs/5d9/4f7/5d94f7f7-daa2-4d2d-93a5-1bd2bc02e141,623322,1200471383,TH,Isocortex,"[192, 1031, 206, 199, 233, 219, 1026, 194, 187, 201, 1021, 531, 588, 216, 203, 503, 1020, 458, 579, 191, 453, 466, 465, 221]","[293, 1737, 1269, 1785, 1461, 759, 1295, 1444, 48, 394, 1726, 54, 13, 1497, 330, 1733, 74, 1433, 103, 386, 784, 80, 756, 1793]","[""session_time_linear"", ""session_time_quadratic"", ""image_identity:im115_r-1.0"", ""eventual_response_in_window"", ""eventual_response_latency"", ""response_latency_missing""]"
engaged_2,22,24,24,0.050258084173312234,0.05888871114187644,0.008630626968564203,-0.003927014134432971,-0.054185098307745205,0.06281572527630941,"[[100.0, 10.0, 1], [100.0, 100.0, 8], [100.0, 100.0, 2], [100.0, 10.0, 1]]","[[100.0, 10.0, 1], [100.0, 100.0, 8], [100.0, 100.0, 2], [100.0, 10.0, 1]]",pass,https://dandiarchive.s3.amazonaws.com/blobs/5d9/4f7/5d94f7f7-daa2-4d2d-93a5-1bd2bc02e141,623322,1200471383,TH,Isocortex,"[192, 1031, 206, 199, 233, 219, 1026, 194, 187, 201, 1021, 531, 588, 216, 203, 503, 1020, 458, 579, 191, 453, 466, 465, 221]","[293, 1737, 1269, 1785, 1461, 759, 1295, 1444, 48, 394, 1726, 54, 13, 1497, 330, 1733, 74, 1433, 103, 386, 784, 80, 756, 1793]","[""session_time_linear"", ""session_time_quadratic"", ""image_identity:im115_r-1.0"", ""eventual_response_in_window"", ""eventual_response_latency"", ""response_latency_missing""]"
no_reward,22,24,24,0.05378668105367834,0.062015725599215976,0.008229044545537634,0.03153942601728865,-0.02224725503638969,0.030476299581927324,"[[100.0, 100.0, 1], [100.0, 10.0, 1], [100.0, 10.0, 1], [100.0, 100.0, 2]]","[[100.0, 100.0, 1], [100.0, 10.0, 1], [100.0, 10.0, 1], [100.0, 100.0, 2]]",pass,https://dandiarchive.s3.amazonaws.com/blobs/5d9/4f7/5d94f7f7-daa2-4d2d-93a5-1bd2bc02e141,623322,1200471383,TH,Isocortex,"[192, 1031, 206, 199, 233, 219, 1026, 194, 187, 201, 1021, 531, 588, 216, 203, 503, 1020, 458, 579, 191, 453, 466, 465, 221]","[293, 1737, 1269, 1785, 1461, 759, 1295, 1444, 48, 394, 1726, 54, 13, 1497, 330, 1733, 74, 1433, 103, 386, 784, 80, 756, 1793]","[""session_time_linear"", ""session_time_quadratic"", ""image_identity:im115_r-1.0"", ""eventual_response_in_window"", ""eventual_response_latency"", ""response_latency_missing""]"
engaged_1,24,24,24,0.06032493690429275,0.056108049975916674,-0.0042168869283760735,0.05379405759287481,-0.006530879311417936,0.002313992383041863,"[[100.0, 100.0, 1], [100.0, 100.0, 1], [100.0, 100.0, 1], [100.0, 100.0, 4]]","[[100.0, 100.0, 1], [100.0, 100.0, 1], [100.0, 100.0, 1], [100.0, 100.0, 4]]",pass,https://dandiarchive.s3.amazonaws.com/blobs/d0e/7e5/d0e7e549-f015-47fe-baa5-db8170c52771,623322,1200878248,TH,Isocortex,"[921, 360, 267, 176, 899, 147, 152, 321, 312, 162, 898, 427, 345, 344, 317, 326, 418, 335, 398, 153, 875, 430, 310, 396]","[1287, 1314, 1298, 1689, 1398, 1610, 1130, 1661, 1664, 1415, 1305, 1374, 82, 650, 1364, 1097, 1537, 1367, 1356, 1292, 1695, 1377, 1584, 77]","[""session_time_linear"", ""session_time_quadratic"", ""image_identity:im115_r-1.0"", ""eventual_response_in_window"", ""eventual_response_latency"", ""response_latency_missing""]"
engaged_2,24,24,24,-0.08831667332827897,-0.08583947449961782,0.0024771988286611535,-0.08829910420313825,0.000017569125140726172,0.0024596297035204273,"[[0.1, 0.1, 2], [0.1, 0.1, 8], [100.0, 10.0, 2], [100.0, 10.0, 2]]","[[0.1, 0.1, 2], [0.1, 0.1, 8], [100.0, 10.0, 2], [100.0, 10.0, 2]]",pass,https://dandiarchive.s3.amazonaws.com/blobs/d0e/7e5/d0e7e549-f015-47fe-baa5-db8170c52771,623322,1200878248,TH,Isocortex,"[921, 360, 267, 176, 899, 147, 152, 321, 312, 162, 898, 427, 345, 344, 317, 326, 418, 335, 398, 153, 875, 430, 310, 396]","[1287, 1314, 1298, 1689, 1398, 1610, 1130, 1661, 1664, 1415, 1305, 1374, 82, 650, 1364, 1097, 1537, 1367, 1356, 1292, 1695, 1377, 1584, 77]","[""session_time_linear"", ""session_time_quadratic"", ""image_identity:im115_r-1.0"", ""eventual_response_in_window"", ""eventual_response_latency"", ""response_latency_missing""]"
no_reward,24,24,24,0.010927099908492943,-0.008628673056590763,-0.019555772965083706,-0.0077899888257535466,-0.01871708873424649,-0.0008386842308372167,"[[100.0, 100.0, 2], [100.0, 100.0, 4], [100.0, 100.0, 2], [100.0, 10.0, 1]]","[[100.0, 100.0, 2], [100.0, 100.0, 4], [100.0, 100.0, 2], [100.0, 10.0, 1]]",pass,https://dandiarchive.s3.amazonaws.com/blobs/d0e/7e5/d0e7e549-f015-47fe-baa5-db8170c52771,623322,1200878248,TH,Isocortex,"[921, 360, 267, 176, 899, 147, 152, 321, 312, 162, 898, 427, 345, 344, 317, 326, 418, 335, 398, 153, 875, 430, 310, 396]","[1287, 1314, 1298, 1689, 1398, 1610, 1130, 1661, 1664, 1415, 1305, 1374, 82, 650, 1364, 1097, 1537, 1367, 1356, 1292, 1695, 1377, 1584, 77]","[""session_time_linear"", ""session_time_quadratic"", ""image_identity:im115_r-1.0"", ""eventual_response_in_window"", ""eventual_response_latency"", ""response_latency_missing""]"
engaged_1,21,24,24,0.07833711626589968,0.06759156228815211,-0.010745553977747568,0.08898212485663837,0.010645008590738692,-0.02139056256848626,"[[100.0, 100.0, 1], [100.0, 100.0, 1], [100.0, 100.0, 1], [100.0, 100.0, 1]]","[[100.0, 100.0, 1], [100.0, 100.0, 1], [100.0, 100.0, 1], [100.0, 100.0, 1]]",pass,https://dandiarchive.s3.amazonaws.com/blobs/4bd/cd2/4bdcd217-633c-4841-a9b1-208c117f5ea3,626279,1214217748,TH,Isocortex,"[2007, 2001, 1995, 1943, 1958, 1991, 1982, 1947, 1933, 1978, 1961, 1935, 1996, 1226, 1979, 1168, 1202, 645, 1949, 1, 0, 1192, 2158, 2005]","[1402, 144, 947, 547, 1739, 441, 93, 1723, 460, 2100, 1803, 944, 955, 1636, 497, 1706, 1665, 1045, 1014, 1752, 2063, 1412, 156, 163]","[""session_time_linear"", ""session_time_quadratic"", ""image_identity:im115_r-1.0"", ""eventual_response_in_window"", ""eventual_response_latency"", ""response_latency_missing""]"
engaged_2,21,24,24,0.07013194204191098,0.05887537837540879,-0.011256563666502184,0.0640546996193645,-0.0060772424225464805,-0.0051793212439557035,"[[10.0, 100.0, 2], [100.0, 100.0, 8], [100.0, 100.0, 1], [100.0, 100.0, 4]]","[[10.0, 100.0, 2], [100.0, 100.0, 8], [100.0, 100.0, 1], [100.0, 100.0, 4]]",pass,https://dandiarchive.s3.amazonaws.com/blobs/4bd/cd2/4bdcd217-633c-4841-a9b1-208c117f5ea3,626279,1214217748,TH,Isocortex,"[2007, 2001, 1995, 1943, 1958, 1991, 1982, 1947, 1933, 1978, 1961, 1935, 1996, 1226, 1979, 1168, 1202, 645, 1949, 1, 0, 1192, 2158, 2005]","[1402, 144, 947, 547, 1739, 441, 93, 1723, 460, 2100, 1803, 944, 955, 1636, 497, 1706, 1665, 1045, 1014, 1752, 2063, 1412, 156, 163]","[""session_time_linear"", ""session_time_quadratic"", ""image_identity:im115_r-1.0"", ""eventual_response_in_window"", ""eventual_response_latency"", ""response_latency_missing""]"
no_reward,21,24,24,-0.008339453031169786,-0.019094708958727225,-0.010755255927557439,-0.024074216862698394,-0.01573476383152861,0.00497950790397117,"[[100.0, 100.0, 1], [100.0, 100.0, 8], [100.0, 100.0, 8], [100.0, 100.0, 2]]","[[100.0, 100.0, 1], [100.0, 100.0, 8], [100.0, 100.0, 8], [100.0, 100.0, 2]]",pass,https://dandiarchive.s3.amazonaws.com/blobs/4bd/cd2/4bdcd217-633c-4841-a9b1-208c117f5ea3,626279,1214217748,TH,Isocortex,"[2007, 2001, 1995, 1943, 1958, 1991, 1982, 1947, 1933, 1978, 1961, 1935, 1996, 1226, 1979, 1168, 1202, 645, 1949, 1, 0, 1192, 2158, 2005]","[1402, 144, 947, 547, 1739, 441, 93, 1723, 460, 2100, 1803, 944, 955, 1636, 497, 1706, 1665, 1045, 1014, 1752, 2063, 1412, 156, 163]","[""session_time_linear"", ""session_time_quadratic"", ""image_identity:im115_r-1.0"", ""eventual_response_in_window"", ""eventual_response_latency"", ""response_latency_missing""]"
engaged_1,14,24,24,0.059931958133074725,0.05733081048058042,-0.0026011476524943067,0.06062701128447645,0.0006950531514017255,-0.003296200803896032,"[[100.0, 100.0, 1], [100.0, 100.0, 8], [100.0, 100.0, 1], [100.0, 100.0, 8]]","[[100.0, 100.0, 1], [100.0, 100.0, 8], [100.0, 100.0, 1], [100.0, 100.0, 8]]",pass,https://dandiarchive.s3.amazonaws.com/blobs/8bb/124/8bb12481-57e1-4f9d-95f0-c2ec49f2e338,632295,1218795542,TH,Isocortex,"[1264, 1344, 1304, 1332, 1319, 1368, 1302, 1751, 1262, 1373, 874, 1350, 1294, 1289, 1274, 1307, 1297, 1366, 1410, 1286, 1293, 1295, 1787, 1280]","[1631, 1088, 773, 480, 710, 717, 2045, 483, 2192, 454, 1127, 69, 2122, 731, 1100, 1098, 1109, 1157, 1158, 1102, 2161, 736, 1699, 492]","[""session_time_linear"", ""session_time_quadratic"", ""image_identity:im115_r-1.0"", ""eventual_response_in_window"", ""eventual_response_latency"", ""response_latency_missing""]"
engaged_2,14,24,24,0.02854998034332612,0.03696303099697662,0.0084130506536505,0.0014261053472347518,-0.02712387499609137,0.03553692564974187,"[[100.0, 100.0, 8], [100.0, 100.0, 1], [100.0, 10.0, 2], [100.0, 100.0, 1]]","[[100.0, 100.0, 8], [100.0, 100.0, 1], [100.0, 10.0, 2], [100.0, 100.0, 1]]",pass,https://dandiarchive.s3.amazonaws.com/blobs/8bb/124/8bb12481-57e1-4f9d-95f0-c2ec49f2e338,632295,1218795542,TH,Isocortex,"[1264, 1344, 1304, 1332, 1319, 1368, 1302, 1751, 1262, 1373, 874, 1350, 1294, 1289, 1274, 1307, 1297, 1366, 1410, 1286, 1293, 1295, 1787, 1280]","[1631, 1088, 773, 480, 710, 717, 2045, 483, 2192, 454, 1127, 69, 2122, 731, 1100, 1098, 1109, 1157, 1158, 1102, 2161, 736, 1699, 492]","[""session_time_linear"", ""session_time_quadratic"", ""image_identity:im115_r-1.0"", ""eventual_response_in_window"", ""eventual_response_latency"", ""response_latency_missing""]"
no_reward,14,24,24,-0.1869714048477864,-0.16466731427331305,0.022304090574473356,-0.18770415350570824,-0.0007327486579218334,0.02303683923239519,"[[10.0, 0.1, 1], [100.0, 100.0, 4], [100.0, 100.0, 1], [100.0, 100.0, 1]]","[[10.0, 0.1, 1], [100.0, 100.0, 4], [100.0, 100.0, 1], [100.0, 100.0, 1]]",pass,https://dandiarchive.s3.amazonaws.com/blobs/8bb/124/8bb12481-57e1-4f9d-95f0-c2ec49f2e338,632295,1218795542,TH,Isocortex,"[1264, 1344, 1304, 1332, 1319, 1368, 1302, 1751, 1262, 1373, 874, 1350, 1294, 1289, 1274, 1307, 1297, 1366, 1410, 1286, 1293, 1295, 1787, 1280]","[1631, 1088, 773, 480, 710, 717, 2045, 483, 2192, 454, 1127, 69, 2122, 731, 1100, 1098, 1109, 1157, 1158, 1102, 2161, 736, 1699, 492]","[""session_time_linear"", ""session_time_quadratic"", ""image_identity:im115_r-1.0"", ""eventual_response_in_window"", ""eventual_response_latency"", ""response_latency_missing""]"
engaged_1,12,24,24,0.024284983827230877,0.005275279775457387,-0.01900970405177349,0.010685529728170162,-0.013599454099060715,-0.005410249952712776,"[[100.0, 10.0, 1], [10.0, 100.0, 2], [100.0, 100.0, 1], [100.0, 100.0, 8]]","[[100.0, 10.0, 1], [10.0, 100.0, 2], [100.0, 100.0, 1], [100.0, 100.0, 8]]",pass,https://dandiarchive.s3.amazonaws.com/blobs/db1/7c5/db17c503-6c6e-44c4-921f-4b0ddfa6dbdb,632295,1219127153,TH,Isocortex,"[1312, 1306, 36, 1051, 1307, 1115, 530, 1710, 1066, 1054, 1107, 1094, 1063, 1324, 1080, 581, 1305, 1303, 1379, 1048, 1044, 1329, 1266, 1331]","[1552, 130, 352, 1152, 888, 98, 866, 386, 1182, 877, 864, 852, 1190, 1196, 337, 1551, 117, 1508, 907, 1238, 906, 1183, 922, 149]","[""session_time_linear"", ""session_time_quadratic"", ""image_identity:im115_r-1.0"", ""eventual_response_in_window"", ""eventual_response_latency"", ""response_latency_missing""]"
engaged_2,12,24,24,0.014186061789291271,-0.024587762426478532,-0.0387738242157698,-0.01995370086531434,-0.03413976265460561,-0.004634061561164193,"[[100.0, 10.0, 2], [100.0, 100.0, 1], [100.0, 10.0, 4], [100.0, 100.0, 2]]","[[100.0, 10.0, 2], [100.0, 100.0, 1], [100.0, 10.0, 4], [100.0, 100.0, 2]]",pass,https://dandiarchive.s3.amazonaws.com/blobs/db1/7c5/db17c503-6c6e-44c4-921f-4b0ddfa6dbdb,632295,1219127153,TH,Isocortex,"[1312, 1306, 36, 1051, 1307, 1115, 530, 1710, 1066, 1054, 1107, 1094, 1063, 1324, 1080, 581, 1305, 1303, 1379, 1048, 1044, 1329, 1266, 1331]","[1552, 130, 352, 1152, 888, 98, 866, 386, 1182, 877, 864, 852, 1190, 1196, 337, 1551, 117, 1508, 907, 1238, 906, 1183, 922, 149]","[""session_time_linear"", ""session_time_quadratic"", ""image_identity:im115_r-1.0"", ""eventual_response_in_window"", ""eventual_response_latency"", ""response_latency_missing""]"
no_reward,12,24,24,-0.0678990607897505,-0.06441523776897662,0.0034838230207738796,-0.06761563154247585,0.0002834292472746469,0.0032003937734992327,"[[100.0, 100.0, 2], [100.0, 100.0, 8], [100.0, 100.0, 8], [10.0, 100.0, 8]]","[[100.0, 100.0, 2], [100.0, 100.0, 8], [100.0, 100.0, 8], [10.0, 100.0, 8]]",pass,https://dandiarchive.s3.amazonaws.com/blobs/db1/7c5/db17c503-6c6e-44c4-921f-4b0ddfa6dbdb,632295,1219127153,TH,Isocortex,"[1312, 1306, 36, 1051, 1307, 1115, 530, 1710, 1066, 1054, 1107, 1094, 1063, 1324, 1080, 581, 1305, 1303, 1379, 1048, 1044, 1329, 1266, 1331]","[1552, 130, 352, 1152, 888, 98, 866, 386, 1182, 877, 864, 852, 1190, 1196, 337, 1551, 117, 1508, 907, 1238, 906, 1183, 922, 149]","[""session_time_linear"", ""session_time_quadratic"", ""image_identity:im115_r-1.0"", ""eventual_response_in_window"", ""eventual_response_latency"", ""response_latency_missing""]"
engaged_1,21,24,24,0.020332611000976164,0.014181237054669671,-0.006151373946306493,0.018880597902383167,-0.0014520130985929969,-0.004699360847713496,"[[100.0, 100.0, 1], [100.0, 100.0, 2], [100.0, 10.0, 1], [100.0, 100.0, 1]]","[[100.0, 100.0, 1], [100.0, 100.0, 2], [100.0, 10.0, 1], [100.0, 100.0, 1]]",pass,https://dandiarchive.s3.amazonaws.com/blobs/d8b/8a9/d8b8a9fb-eda0-459f-a722-60a69961c992,638387,1229654875,TH,Isocortex,"[1466, 1008, 1004, 983, 1010, 1328, 1445, 1260, 1486, 1284, 1352, 1327, 1398, 1330, 1285, 1387, 1300, 1349, 1277, 717, 1374, 685, 1316, 1470]","[153, 1559, 425, 848, 333, 147, 820, 1542, 1144, 271, 340, 1146, 811, 765, 159, 1561, 1745, 1126, 381, 1138, 393, 808, 800, 1736]","[""session_time_linear"", ""session_time_quadratic"", ""image_identity:im115_r-1.0"", ""eventual_response_in_window"", ""eventual_response_latency"", ""response_latency_missing""]"
engaged_2,21,24,24,0.04686594389416754,0.055816078588832085,0.008950134694664547,0.03945684613659084,-0.007409097757576699,0.016359232452241246,"[[100.0, 100.0, 4], [100.0, 100.0, 8], [100.0, 100.0, 8], [100.0, 100.0, 2]]","[[100.0, 100.0, 4], [100.0, 100.0, 8], [100.0, 100.0, 8], [100.0, 100.0, 2]]",pass,https://dandiarchive.s3.amazonaws.com/blobs/d8b/8a9/d8b8a9fb-eda0-459f-a722-60a69961c992,638387,1229654875,TH,Isocortex,"[1466, 1008, 1004, 983, 1010, 1328, 1445, 1260, 1486, 1284, 1352, 1327, 1398, 1330, 1285, 1387, 1300, 1349, 1277, 717, 1374, 685, 1316, 1470]","[153, 1559, 425, 848, 333, 147, 820, 1542, 1144, 271, 340, 1146, 811, 765, 159, 1561, 1745, 1126, 381, 1138, 393, 808, 800, 1736]","[""session_time_linear"", ""session_time_quadratic"", ""image_identity:im115_r-1.0"", ""eventual_response_in_window"", ""eventual_response_latency"", ""response_latency_missing""]"
no_reward,21,24,24,0.02034378035232698,0.013277149767363272,-0.007066630584963707,0.014888308236986503,-0.005455472115340476,-0.0016111584696232306,"[[100.0, 100.0, 1], [100.0, 100.0, 1], [100.0, 100.0, 2], [100.0, 100.0, 4]]","[[100.0, 100.0, 1], [100.0, 100.0, 1], [100.0, 100.0, 2], [100.0, 100.0, 4]]",pass,https://dandiarchive.s3.amazonaws.com/blobs/d8b/8a9/d8b8a9fb-eda0-459f-a722-60a69961c992,638387,1229654875,TH,Isocortex,"[1466, 1008, 1004, 983, 1010, 1328, 1445, 1260, 1486, 1284, 1352, 1327, 1398, 1330, 1285, 1387, 1300, 1349, 1277, 717, 1374, 685, 1316, 1470]","[153, 1559, 425, 848, 333, 147, 820, 1542, 1144, 271, 340, 1146, 811, 765, 159, 1561, 1745, 1126, 381, 1138, 393, 808, 800, 1736]","[""session_time_linear"", ""session_time_quadratic"", ""image_identity:im115_r-1.0"", ""eventual_response_in_window"", ""eventual_response_latency"", ""response_latency_missing""]"
engaged_1,23,24,24,0.012753138834227129,0.011873909661448412,-0.0008792291727787171,0.001789076380920518,-0.010964062453306611,0.010084833280527894,"[[100.0, 100.0, 1], [100.0, 100.0, 2], [100.0, 100.0, 1], [100.0, 100.0, 1]]","[[100.0, 100.0, 1], [100.0, 100.0, 2], [100.0, 100.0, 1], [100.0, 100.0, 1]]",pass,https://dandiarchive.s3.amazonaws.com/blobs/584/1b8/5841b844-3102-4b4f-8f2c-e4cd23ec8f45,640887,1234203203,TH,Isocortex,"[1297, 7, 1279, 2, 5, 1314, 1321, 1298, 1308, 1310, 1323, 1550, 1332, 1317, 1307, 1303, 1324, 1549, 1319, 4, 1328, 1333, 1545, 1313]","[1829, 1822, 932, 1878, 1036, 1874, 1490, 1012, 1891, 1480, 209, 1078, 1052, 492, 1834, 582, 218, 1807, 1893, 503, 580, 1056, 1028, 965]","[""session_time_linear"", ""session_time_quadratic"", ""image_identity:im115_r-1.0"", ""eventual_response_in_window"", ""eventual_response_latency"", ""response_latency_missing""]"
engaged_2,23,24,24,0.0550737554424543,0.04743801856037322,-0.007635736882081079,0.048812376608472596,-0.006261378833981701,-0.0013743580480993778,"[[100.0, 10.0, 1], [100.0, 100.0, 1], [100.0, 100.0, 2], [100.0, 100.0, 1]]","[[100.0, 10.0, 1], [100.0, 100.0, 1], [100.0, 100.0, 2], [100.0, 100.0, 1]]",pass,https://dandiarchive.s3.amazonaws.com/blobs/584/1b8/5841b844-3102-4b4f-8f2c-e4cd23ec8f45,640887,1234203203,TH,Isocortex,"[1297, 7, 1279, 2, 5, 1314, 1321, 1298, 1308, 1310, 1323, 1550, 1332, 1317, 1307, 1303, 1324, 1549, 1319, 4, 1328, 1333, 1545, 1313]","[1829, 1822, 932, 1878, 1036, 1874, 1490, 1012, 1891, 1480, 209, 1078, 1052, 492, 1834, 582, 218, 1807, 1893, 503, 580, 1056, 1028, 965]","[""session_time_linear"", ""session_time_quadratic"", ""image_identity:im115_r-1.0"", ""eventual_response_in_window"", ""eventual_response_latency"", ""response_latency_missing""]"
no_reward,23,24,24,0.04179867095297385,0.03073900715705069,-0.011059663795923158,0.047983890231208304,0.006185219278234455,-0.017244883074157613,"[[100.0, 100.0, 8], [100.0, 100.0, 8], [100.0, 100.0, 8], [100.0, 100.0, 1]]","[[100.0, 100.0, 8], [100.0, 100.0, 8], [100.0, 100.0, 8], [100.0, 100.0, 1]]",pass,https://dandiarchive.s3.amazonaws.com/blobs/584/1b8/5841b844-3102-4b4f-8f2c-e4cd23ec8f45,640887,1234203203,TH,Isocortex,"[1297, 7, 1279, 2, 5, 1314, 1321, 1298, 1308, 1310, 1323, 1550, 1332, 1317, 1307, 1303, 1324, 1549, 1319, 4, 1328, 1333, 1545, 1313]","[1829, 1822, 932, 1878, 1036, 1874, 1490, 1012, 1891, 1480, 209, 1078, 1052, 492, 1834, 582, 218, 1807, 1893, 503, 580, 1056, 1028, 965]","[""session_time_linear"", ""session_time_quadratic"", ""image_identity:im115_r-1.0"", ""eventual_response_in_window"", ""eventual_response_latency"", ""response_latency_missing""]"
engaged_1,25,24,24,0.07505366507686007,0.10304679862861221,0.027993133551752147,0.0995731864938395,0.02451952141697944,0.003473612134772708,"[[10.0, 10.0, 8], [100.0, 100.0, 1], [100.0, 100.0, 1], [100.0, 100.0, 4]]","[[10.0, 10.0, 8], [100.0, 100.0, 1], [100.0, 100.0, 1], [100.0, 100.0, 4]]",pass,https://dandiarchive.s3.amazonaws.com/blobs/cfc/bf1/cfcbf155-cb15-455d-8450-0ef256540990,640887,1234410451,TH,Isocortex,"[485, 1261, 733, 811, 278, 737, 1644, 294, 1582, 1208, 1246, 407, 1228, 848, 1257, 853, 730, 671, 402, 1227, 740, 385, 712, 282]","[85, 112, 1812, 1504, 1878, 1072, 1536, 1013, 1497, 1899, 193, 1926, 1919, 1528, 216, 1555, 169, 1905, 1987, 86, 1073, 1967, 1963, 100]","[""session_time_linear"", ""session_time_quadratic"", ""image_identity:im115_r-1.0"", ""eventual_response_in_window"", ""eventual_response_latency"", ""response_latency_missing""]"
engaged_2,25,24,24,0.04216833230512662,0.028200041371917117,-0.013968290933209504,0.043642162962993614,0.0014738306578669924,-0.015442121591076496,"[[100.0, 100.0, 2], [100.0, 100.0, 1], [100.0, 10.0, 1], [100.0, 100.0, 1]]","[[100.0, 100.0, 2], [100.0, 100.0, 1], [100.0, 10.0, 1], [100.0, 100.0, 1]]",pass,https://dandiarchive.s3.amazonaws.com/blobs/cfc/bf1/cfcbf155-cb15-455d-8450-0ef256540990,640887,1234410451,TH,Isocortex,"[485, 1261, 733, 811, 278, 737, 1644, 294, 1582, 1208, 1246, 407, 1228, 848, 1257, 853, 730, 671, 402, 1227, 740, 385, 712, 282]","[85, 112, 1812, 1504, 1878, 1072, 1536, 1013, 1497, 1899, 193, 1926, 1919, 1528, 216, 1555, 169, 1905, 1987, 86, 1073, 1967, 1963, 100]","[""session_time_linear"", ""session_time_quadratic"", ""image_identity:im115_r-1.0"", ""eventual_response_in_window"", ""eventual_response_latency"", ""response_latency_missing""]"
no_reward,25,24,24,0.07943374700858585,0.0660287801330488,-0.01340496687553705,0.07612572723729816,-0.0033080197712876958,-0.010096947104249354,"[[100.0, 100.0, 1], [100.0, 100.0, 4], [100.0, 100.0, 1], [100.0, 100.0, 8]]","[[100.0, 100.0, 1], [100.0, 100.0, 4], [100.0, 100.0, 1], [100.0, 100.0, 8]]",pass,https://dandiarchive.s3.amazonaws.com/blobs/cfc/bf1/cfcbf155-cb15-455d-8450-0ef256540990,640887,1234410451,TH,Isocortex,"[485, 1261, 733, 811, 278, 737, 1644, 294, 1582, 1208, 1246, 407, 1228, 848, 1257, 853, 730, 671, 402, 1227, 740, 385, 712, 282]","[85, 112, 1812, 1504, 1878, 1072, 1536, 1013, 1497, 1899, 193, 1926, 1919, 1528, 216, 1555, 169, 1905, 1987, 86, 1073, 1967, 1963, 100]","[""session_time_linear"", ""session_time_quadratic"", ""image_identity:im115_r-1.0"", ""eventual_response_in_window"", ""eventual_response_latency"", ""response_latency_missing""]"
engaged_1,27,24,24,0.0904884236358896,0.0842694845204961,-0.006218939115393507,0.08987128698335378,-0.0006171366525358213,-0.005601802462857686,"[[100.0, 100.0, 4], [100.0, 100.0, 2], [100.0, 100.0, 4], [100.0, 100.0, 1]]","[[100.0, 100.0, 4], [100.0, 100.0, 2], [100.0, 100.0, 4], [100.0, 100.0, 1]]",pass,https://dandiarchive.s3.amazonaws.com/blobs/13d/b29/13db29ff-1454-412d-8680-ecd7a38c6f95,640890,1232430325,TH,Isocortex,"[1670, 498, 478, 493, 592, 1715, 1718, 806, 812, 918, 491, 522, 492, 1772, 545, 470, 466, 538, 523, 882, 531, 1880, 590, 464]","[1416, 1481, 2410, 2446, 1411, 2357, 1524, 366, 702, 1396, 1123, 1382, 2369, 1391, 735, 2333, 1385, 1483, 1387, 1469, 1500, 2425, 2025, 2359]","[""session_time_linear"", ""session_time_quadratic"", ""image_identity:im115_r-1.0"", ""eventual_response_in_window"", ""eventual_response_latency"", ""response_latency_missing""]"
engaged_2,27,24,24,0.07615450292438997,0.07115758230970348,-0.004996920614686484,0.07592396295838055,-0.00023053996600941318,-0.004766380648677071,"[[100.0, 100.0, 4], [100.0, 100.0, 1], [100.0, 100.0, 1], [100.0, 100.0, 2]]","[[100.0, 100.0, 4], [100.0, 100.0, 1], [100.0, 100.0, 1], [100.0, 100.0, 2]]",pass,https://dandiarchive.s3.amazonaws.com/blobs/13d/b29/13db29ff-1454-412d-8680-ecd7a38c6f95,640890,1232430325,TH,Isocortex,"[1670, 498, 478, 493, 592, 1715, 1718, 806, 812, 918, 491, 522, 492, 1772, 545, 470, 466, 538, 523, 882, 531, 1880, 590, 464]","[1416, 1481, 2410, 2446, 1411, 2357, 1524, 366, 702, 1396, 1123, 1382, 2369, 1391, 735, 2333, 1385, 1483, 1387, 1469, 1500, 2425, 2025, 2359]","[""session_time_linear"", ""session_time_quadratic"", ""image_identity:im115_r-1.0"", ""eventual_response_in_window"", ""eventual_response_latency"", ""response_latency_missing""]"
no_reward,27,24,24,0.08871720495612401,0.08772152969951763,-0.0009956752566063765,0.07481669374973365,-0.013900511206390354,0.012904835949783977,"[[100.0, 100.0, 2], [100.0, 100.0, 8], [100.0, 100.0, 1], [100.0, 100.0, 1]]","[[100.0, 100.0, 2], [100.0, 100.0, 8], [100.0, 100.0, 1], [100.0, 100.0, 1]]",pass,https://dandiarchive.s3.amazonaws.com/blobs/13d/b29/13db29ff-1454-412d-8680-ecd7a38c6f95,640890,1232430325,TH,Isocortex,"[1670, 498, 478, 493, 592, 1715, 1718, 806, 812, 918, 491, 522, 492, 1772, 545, 470, 466, 538, 523, 882, 531, 1880, 590, 464]","[1416, 1481, 2410, 2446, 1411, 2357, 1524, 366, 702, 1396, 1123, 1382, 2369, 1391, 735, 2333, 1385, 1483, 1387, 1469, 1500, 2425, 2025, 2359]","[""session_time_linear"", ""session_time_quadratic"", ""image_identity:im115_r-1.0"", ""eventual_response_in_window"", ""eventual_response_latency"", ""response_latency_missing""]"
engaged_1,22,24,24,0.011230439091714062,-0.0040710565474295635,-0.015301495639143625,0.01157149901389376,0.0003410599221796984,-0.015642555561323324,"[[100.0, 100.0, 1], [100.0, 100.0, 8], [100.0, 100.0, 4], [100.0, 100.0, 2]]","[[100.0, 100.0, 1], [100.0, 100.0, 8], [100.0, 100.0, 4], [100.0, 100.0, 2]]",pass,https://dandiarchive.s3.amazonaws.com/blobs/e3b/977/e3b97777-89fa-4730-8d0e-fae22e471f07,640890,1232725697,TH,Isocortex,"[794, 418, 800, 837, 775, 454, 763, 476, 475, 465, 470, 779, 835, 467, 828, 427, 805, 490, 811, 769, 485, 827, 449, 478]","[1287, 1831, 176, 116, 103, 148, 1766, 255, 1353, 984, 120, 1307, 170, 221, 1789, 1305, 1780, 251, 142, 147, 159, 1801, 1640, 100]","[""session_time_linear"", ""session_time_quadratic"", ""image_identity:im115_r-1.0"", ""eventual_response_in_window"", ""eventual_response_latency"", ""response_latency_missing""]"
engaged_2,22,24,24,0.1353583641583027,0.12926781955598765,-0.006090544602315062,0.132718657955868,-0.0026397062024346996,-0.0034508383998803627,"[[100.0, 100.0, 1], [100.0, 100.0, 1], [100.0, 100.0, 1], [100.0, 100.0, 1]]","[[100.0, 100.0, 1], [100.0, 100.0, 1], [100.0, 100.0, 1], [100.0, 100.0, 1]]",pass,https://dandiarchive.s3.amazonaws.com/blobs/e3b/977/e3b97777-89fa-4730-8d0e-fae22e471f07,640890,1232725697,TH,Isocortex,"[794, 418, 800, 837, 775, 454, 763, 476, 475, 465, 470, 779, 835, 467, 828, 427, 805, 490, 811, 769, 485, 827, 449, 478]","[1287, 1831, 176, 116, 103, 148, 1766, 255, 1353, 984, 120, 1307, 170, 221, 1789, 1305, 1780, 251, 142, 147, 159, 1801, 1640, 100]","[""session_time_linear"", ""session_time_quadratic"", ""image_identity:im115_r-1.0"", ""eventual_response_in_window"", ""eventual_response_latency"", ""response_latency_missing""]"
no_reward,22,24,24,-0.004212791755027645,-0.007543015353139504,-0.003330223598111859,0.006175938597107633,0.010388730352135278,-0.013718953950247137,"[[100.0, 100.0, 8], [100.0, 100.0, 1], [100.0, 100.0, 2], [100.0, 100.0, 1]]","[[100.0, 100.0, 8], [100.0, 100.0, 1], [100.0, 100.0, 2], [100.0, 100.0, 1]]",pass,https://dandiarchive.s3.amazonaws.com/blobs/e3b/977/e3b97777-89fa-4730-8d0e-fae22e471f07,640890,1232725697,TH,Isocortex,"[794, 418, 800, 837, 775, 454, 763, 476, 475, 465, 470, 779, 835, 467, 828, 427, 805, 490, 811, 769, 485, 827, 449, 478]","[1287, 1831, 176, 116, 103, 148, 1766, 255, 1353, 984, 120, 1307, 170, 221, 1789, 1305, 1780, 251, 142, 147, 159, 1801, 1640, 100]","[""session_time_linear"", ""session_time_quadratic"", ""image_identity:im115_r-1.0"", ""eventual_response_in_window"", ""eventual_response_latency"", ""response_latency_missing""]"
engaged_1,16,24,24,0.009613663162894026,-0.021667847480637548,-0.031281510643531574,0.020047377510753916,0.01043371434785989,-0.041715224991391464,"[[100.0, 10.0, 1], [100.0, 100.0, 8], [100.0, 10.0, 4], [100.0, 100.0, 8]]","[[100.0, 10.0, 1], [100.0, 100.0, 8], [100.0, 10.0, 4], [100.0, 100.0, 8]]",pass,https://dandiarchive.s3.amazonaws.com/blobs/559/41e/55941ebd-ef47-4d38-80af-0fabd499db6d,642504,1244070169,TH,Isocortex,"[1034, 921, 901, 1003, 954, 961, 891, 947, 1177, 955, 931, 887, 477, 980, 599, 520, 1188, 506, 527, 979, 1029, 989, 485, 973]","[1589, 1206, 344, 1470, 1466, 1534, 65, 424, 391, 340, 1545, 1140, 1505, 1153, 1207, 351, 1462, 368, 1502, 1120, 1475, 1486, 182, 1483]","[""session_time_linear"", ""session_time_quadratic"", ""image_identity:im115_r-1.0"", ""eventual_response_in_window"", ""eventual_response_latency"", ""response_latency_missing""]"
engaged_2,16,24,24,0.042267348818040285,0.03983346960920453,-0.002433879208835754,0.04513393131490595,0.002866582496865666,-0.00530046170570142,"[[100.0, 100.0, 1], [10.0, 10.0, 2], [100.0, 100.0, 1], [100.0, 100.0, 1]]","[[100.0, 100.0, 1], [10.0, 10.0, 2], [100.0, 100.0, 1], [100.0, 100.0, 1]]",pass,https://dandiarchive.s3.amazonaws.com/blobs/559/41e/55941ebd-ef47-4d38-80af-0fabd499db6d,642504,1244070169,TH,Isocortex,"[1034, 921, 901, 1003, 954, 961, 891, 947, 1177, 955, 931, 887, 477, 980, 599, 520, 1188, 506, 527, 979, 1029, 989, 485, 973]","[1589, 1206, 344, 1470, 1466, 1534, 65, 424, 391, 340, 1545, 1140, 1505, 1153, 1207, 351, 1462, 368, 1502, 1120, 1475, 1486, 182, 1483]","[""session_time_linear"", ""session_time_quadratic"", ""image_identity:im115_r-1.0"", ""eventual_response_in_window"", ""eventual_response_latency"", ""response_latency_missing""]"
no_reward,16,24,24,0.03176493753809617,0.013480331312644922,-0.01828460622545125,0.030630060037155404,-0.0011348775009407674,-0.017149728724510482,"[[100.0, 100.0, 4], [100.0, 100.0, 8], [100.0, 10.0, 1], [100.0, 100.0, 1]]","[[100.0, 100.0, 4], [100.0, 100.0, 8], [100.0, 10.0, 1], [100.0, 100.0, 1]]",pass,https://dandiarchive.s3.amazonaws.com/blobs/559/41e/55941ebd-ef47-4d38-80af-0fabd499db6d,642504,1244070169,TH,Isocortex,"[1034, 921, 901, 1003, 954, 961, 891, 947, 1177, 955, 931, 887, 477, 980, 599, 520, 1188, 506, 527, 979, 1029, 989, 485, 973]","[1589, 1206, 344, 1470, 1466, 1534, 65, 424, 391, 340, 1545, 1140, 1505, 1153, 1207, 351, 1462, 368, 1502, 1120, 1475, 1486, 182, 1483]","[""session_time_linear"", ""session_time_quadratic"", ""image_identity:im115_r-1.0"", ""eventual_response_in_window"", ""eventual_response_latency"", ""response_latency_missing""]"
engaged_1,18,24,24,0.07538774435893658,0.05486463603822522,-0.02052310832071136,0.07559213701744527,0.0002043926585086897,-0.020727500979220048,"[[100.0, 100.0, 2], [100.0, 100.0, 8], [100.0, 100.0, 1], [100.0, 100.0, 4]]","[[100.0, 100.0, 2], [100.0, 100.0, 8], [100.0, 100.0, 1], [100.0, 100.0, 4]]",pass,https://dandiarchive.s3.amazonaws.com/blobs/88d/b29/88db2938-a9e0-491c-8056-f83cc894edf3,642504,1243523806,TH,Isocortex,"[707, 713, 681, 354, 394, 708, 373, 355, 357, 382, 389, 378, 680, 369, 413, 385, 352, 409, 363, 572, 361, 415, 395, 564]","[1204, 892, 918, 901, 253, 1226, 891, 924, 248, 889, 53, 255, 1299, 66, 886, 938, 1211, 67, 201, 871, 259, 251, 904, 219]","[""session_time_linear"", ""session_time_quadratic"", ""image_identity:im115_r-1.0"", ""eventual_response_in_window"", ""eventual_response_latency"", ""response_latency_missing""]"
engaged_2,18,24,24,0.04986857986775517,0.03516034509081867,-0.014708234776936502,0.03734173210659775,-0.012526847761157422,-0.0021813870157790793,"[[100.0, 100.0, 8], [100.0, 100.0, 8], [100.0, 100.0, 1], [100.0, 100.0, 1]]","[[100.0, 100.0, 8], [100.0, 100.0, 8], [100.0, 100.0, 1], [100.0, 100.0, 1]]",pass,https://dandiarchive.s3.amazonaws.com/blobs/88d/b29/88db2938-a9e0-491c-8056-f83cc894edf3,642504,1243523806,TH,Isocortex,"[707, 713, 681, 354, 394, 708, 373, 355, 357, 382, 389, 378, 680, 369, 413, 385, 352, 409, 363, 572, 361, 415, 395, 564]","[1204, 892, 918, 901, 253, 1226, 891, 924, 248, 889, 53, 255, 1299, 66, 886, 938, 1211, 67, 201, 871, 259, 251, 904, 219]","[""session_time_linear"", ""session_time_quadratic"", ""image_identity:im115_r-1.0"", ""eventual_response_in_window"", ""eventual_response_latency"", ""response_latency_missing""]"
no_reward,18,24,24,0.1115888472026324,0.10898112911022872,-0.002607718092403677,0.10277378512002344,-0.00881506208260896,0.006207343990205283,"[[100.0, 100.0, 8], [100.0, 100.0, 8], [100.0, 100.0, 8], [100.0, 100.0, 2]]","[[100.0, 100.0, 8], [100.0, 100.0, 8], [100.0, 100.0, 8], [100.0, 100.0, 2]]",pass,https://dandiarchive.s3.amazonaws.com/blobs/88d/b29/88db2938-a9e0-491c-8056-f83cc894edf3,642504,1243523806,TH,Isocortex,"[707, 713, 681, 354, 394, 708, 373, 355, 357, 382, 389, 378, 680, 369, 413, 385, 352, 409, 363, 572, 361, 415, 395, 564]","[1204, 892, 918, 901, 253, 1226, 891, 924, 248, 889, 53, 255, 1299, 66, 886, 938, 1211, 67, 201, 871, 259, 251, 904, 219]","[""session_time_linear"", ""session_time_quadratic"", ""image_identity:im115_r-1.0"", ""eventual_response_in_window"", ""eventual_response_latency"", ""response_latency_missing""]"
engaged_1,17,24,24,0.03498454850186772,0.01830737061903387,-0.01667717788283385,0.015888125109297158,-0.01909642339257056,0.0024192455097367116,"[[100.0, 100.0, 2], [100.0, 10.0, 1], [100.0, 100.0, 8], [100.0, 10.0, 1]]","[[100.0, 100.0, 2], [100.0, 10.0, 1], [100.0, 100.0, 8], [100.0, 10.0, 1]]",pass,https://dandiarchive.s3.amazonaws.com/blobs/68c/a06/68ca0674-2a8a-4931-8d5b-10a3edfb0cfa,614608,1187475832,TH,MB,"[1430, 946, 1447, 1432, 1431, 1420, 1450, 1453, 915, 861, 948, 880, 1009, 930, 925, 893, 900, 883, 1394, 877, 919, 889, 954, 931]","[403, 439, 435, 3, 429, 437, 833, 431, 2, 464, 34, 465, 432, 408, 832, 463, 1, 458, 533, 412, 410, 415, 514, 528]","[""session_time_linear"", ""session_time_quadratic"", ""image_identity:im115_r-1.0"", ""eventual_response_in_window"", ""eventual_response_latency"", ""response_latency_missing""]"
engaged_2,17,24,24,0.11865280142864176,0.07990706759325139,-0.03874573383539037,0.08184830492634454,-0.036804496502297224,-0.0019412373330931487,"[[100.0, 100.0, 1], [10.0, 10.0, 4], [100.0, 100.0, 1], [10.0, 0.1, 1]]","[[100.0, 100.0, 1], [10.0, 10.0, 4], [100.0, 100.0, 1], [10.0, 0.1, 1]]",pass,https://dandiarchive.s3.amazonaws.com/blobs/68c/a06/68ca0674-2a8a-4931-8d5b-10a3edfb0cfa,614608,1187475832,TH,MB,"[1430, 946, 1447, 1432, 1431, 1420, 1450, 1453, 915, 861, 948, 880, 1009, 930, 925, 893, 900, 883, 1394, 877, 919, 889, 954, 931]","[403, 439, 435, 3, 429, 437, 833, 431, 2, 464, 34, 465, 432, 408, 832, 463, 1, 458, 533, 412, 410, 415, 514, 528]","[""session_time_linear"", ""session_time_quadratic"", ""image_identity:im115_r-1.0"", ""eventual_response_in_window"", ""eventual_response_latency"", ""response_latency_missing""]"
no_reward,17,24,24,0.05116830987155774,0.038190455192034456,-0.012977854679523282,0.04815711330124561,-0.0030111965703121246,-0.009966658109211157,"[[100.0, 100.0, 4], [100.0, 100.0, 1], [10.0, 100.0, 1], [100.0, 100.0, 1]]","[[100.0, 100.0, 4], [100.0, 100.0, 1], [10.0, 100.0, 1], [100.0, 100.0, 1]]",pass,https://dandiarchive.s3.amazonaws.com/blobs/68c/a06/68ca0674-2a8a-4931-8d5b-10a3edfb0cfa,614608,1187475832,TH,MB,"[1430, 946, 1447, 1432, 1431, 1420, 1450, 1453, 915, 861, 948, 880, 1009, 930, 925, 893, 900, 883, 1394, 877, 919, 889, 954, 931]","[403, 439, 435, 3, 429, 437, 833, 431, 2, 464, 34, 465, 432, 408, 832, 463, 1, 458, 533, 412, 410, 415, 514, 528]","[""session_time_linear"", ""session_time_quadratic"", ""image_identity:im115_r-1.0"", ""eventual_response_in_window"", ""eventual_response_latency"", ""response_latency_missing""]"
engaged_1,24,24,24,0.06883229074238628,0.05742736425035122,-0.011404926492035061,0.05711808620036718,-0.011714204542019102,0.00030927804998404085,"[[100.0, 100.0, 1], [100.0, 100.0, 1], [100.0, 100.0, 1], [100.0, 100.0, 2]]","[[100.0, 100.0, 1], [100.0, 100.0, 1], [100.0, 100.0, 1], [100.0, 100.0, 2]]",pass,https://dandiarchive.s3.amazonaws.com/blobs/fd4/c49/fd4c4964-f02b-456e-af4d-b9407877d0de,614608,1187940755,TH,MB,"[983, 978, 964, 425, 918, 460, 872, 927, 474, 449, 524, 489, 472, 423, 450, 436, 515, 466, 514, 476, 452, 457, 519, 463]","[112, 8, 62, 22, 401, 100, 18, 24, 14, 9, 25, 31, 59, 54, 26, 65, 57, 63, 7, 64, 55, 10, 34, 76]","[""session_time_linear"", ""session_time_quadratic"", ""image_identity:im115_r-1.0"", ""eventual_response_in_window"", ""eventual_response_latency"", ""response_latency_missing""]"
engaged_2,24,24,24,0.09050805703907272,0.09071807994710468,0.00021002290803195933,0.08448919812044786,-0.006018858918624859,0.006228881826656818,"[[100.0, 100.0, 1], [100.0, 100.0, 2], [100.0, 100.0, 1], [100.0, 100.0, 1]]","[[100.0, 100.0, 1], [100.0, 100.0, 2], [100.0, 100.0, 1], [100.0, 100.0, 1]]",pass,https://dandiarchive.s3.amazonaws.com/blobs/fd4/c49/fd4c4964-f02b-456e-af4d-b9407877d0de,614608,1187940755,TH,MB,"[983, 978, 964, 425, 918, 460, 872, 927, 474, 449, 524, 489, 472, 423, 450, 436, 515, 466, 514, 476, 452, 457, 519, 463]","[112, 8, 62, 22, 401, 100, 18, 24, 14, 9, 25, 31, 59, 54, 26, 65, 57, 63, 7, 64, 55, 10, 34, 76]","[""session_time_linear"", ""session_time_quadratic"", ""image_identity:im115_r-1.0"", ""eventual_response_in_window"", ""eventual_response_latency"", ""response_latency_missing""]"
no_reward,24,24,24,0.11020550251031469,0.10791300796052472,-0.0022924945497899696,0.11079854367371023,0.0005930411633955357,-0.0028855357131855053,"[[100.0, 100.0, 2], [100.0, 100.0, 2], [100.0, 100.0, 1], [100.0, 100.0, 2]]","[[100.0, 100.0, 2], [100.0, 100.0, 2], [100.0, 100.0, 1], [100.0, 100.0, 2]]",pass,https://dandiarchive.s3.amazonaws.com/blobs/fd4/c49/fd4c4964-f02b-456e-af4d-b9407877d0de,614608,1187940755,TH,MB,"[983, 978, 964, 425, 918, 460, 872, 927, 474, 449, 524, 489, 472, 423, 450, 436, 515, 466, 514, 476, 452, 457, 519, 463]","[112, 8, 62, 22, 401, 100, 18, 24, 14, 9, 25, 31, 59, 54, 26, 65, 57, 63, 7, 64, 55, 10, 34, 76]","[""session_time_linear"", ""session_time_quadratic"", ""image_identity:im115_r-1.0"", ""eventual_response_in_window"", ""eventual_response_latency"", ""response_latency_missing""]"
engaged_1,17,24,24,0.015687094495831944,0.016847833909065746,0.0011607394132338023,0.001162127276085556,-0.014524967219746387,0.01568570663298019,"[[100.0, 100.0, 2], [100.0, 100.0, 1], [100.0, 100.0, 2], [100.0, 100.0, 1]]","[[100.0, 100.0, 2], [100.0, 100.0, 1], [100.0, 100.0, 2], [100.0, 100.0, 1]]",pass,https://dandiarchive.s3.amazonaws.com/blobs/75d/9d0/75d9d091-e7db-47d1-aac4-d41133e29393,615048,1197725774,TH,MB,"[1330, 907, 1344, 903, 926, 879, 908, 898, 928, 997, 883, 1274, 884, 1325, 902, 886, 892, 976, 954, 877, 882, 887, 1271, 1329]","[575, 601, 571, 609, 605, 846, 545, 610, 625, 543, 600, 578, 577, 550, 518, 597, 586, 535, 528, 611, 511, 599, 582, 603]","[""session_time_linear"", ""session_time_quadratic"", ""image_identity:im115_r-1.0"", ""eventual_response_in_window"", ""eventual_response_latency"", ""response_latency_missing""]"
engaged_2,17,24,24,0.03965691056340004,0.0010212875454249648,-0.038635623017975074,-0.0064837834452662335,-0.04614069400866627,0.007505070990691198,"[[100.0, 100.0, 4], [100.0, 100.0, 1], [100.0, 10.0, 1], [100.0, 100.0, 8]]","[[100.0, 100.0, 4], [100.0, 100.0, 1], [100.0, 10.0, 1], [100.0, 100.0, 8]]",pass,https://dandiarchive.s3.amazonaws.com/blobs/75d/9d0/75d9d091-e7db-47d1-aac4-d41133e29393,615048,1197725774,TH,MB,"[1330, 907, 1344, 903, 926, 879, 908, 898, 928, 997, 883, 1274, 884, 1325, 902, 886, 892, 976, 954, 877, 882, 887, 1271, 1329]","[575, 601, 571, 609, 605, 846, 545, 610, 625, 543, 600, 578, 577, 550, 518, 597, 586, 535, 528, 611, 511, 599, 582, 603]","[""session_time_linear"", ""session_time_quadratic"", ""image_identity:im115_r-1.0"", ""eventual_response_in_window"", ""eventual_response_latency"", ""response_latency_missing""]"
no_reward,17,24,24,0.049559254241870576,0.051341131352407476,0.0017818771105369002,0.025578237949527183,-0.023981016292343393,0.025762893402880294,"[[100.0, 100.0, 1], [100.0, 100.0, 4], [100.0, 100.0, 8], [100.0, 1.0, 1]]","[[100.0, 100.0, 1], [100.0, 100.0, 4], [100.0, 100.0, 8], [100.0, 1.0, 1]]",pass,https://dandiarchive.s3.amazonaws.com/blobs/75d/9d0/75d9d091-e7db-47d1-aac4-d41133e29393,615048,1197725774,TH,MB,"[1330, 907, 1344, 903, 926, 879, 908, 898, 928, 997, 883, 1274, 884, 1325, 902, 886, 892, 976, 954, 877, 882, 887, 1271, 1329]","[575, 601, 571, 609, 605, 846, 545, 610, 625, 543, 600, 578, 577, 550, 518, 597, 586, 535, 528, 611, 511, 599, 582, 603]","[""session_time_linear"", ""session_time_quadratic"", ""image_identity:im115_r-1.0"", ""eventual_response_in_window"", ""eventual_response_latency"", ""response_latency_missing""]"
engaged_1,18,24,24,0.06720362133146052,0.04958140101172892,-0.017622220319731596,0.04749187284704015,-0.019711748484420366,0.00208952816468877,"[[100.0, 100.0, 1], [100.0, 100.0, 8], [100.0, 100.0, 1], [100.0, 100.0, 1]]","[[100.0, 100.0, 1], [100.0, 100.0, 8], [100.0, 100.0, 1], [100.0, 100.0, 1]]",pass,https://dandiarchive.s3.amazonaws.com/blobs/fe0/9ba/fe09ba54-89e9-4b73-bf95-5127c2ee2ad9,615048,1197514969,TH,MB,"[1314, 1237, 1274, 1225, 1259, 1254, 1272, 1265, 1227, 1238, 1221, 1266, 1304, 1336, 1342, 1327, 1268, 1285, 1317, 1322, 1312, 1283, 1279, 1255]","[896, 887, 862, 959, 1168, 871, 856, 904, 927, 892, 830, 934, 906, 881, 805, 945, 931, 851, 910, 963, 888, 923, 849, 848]","[""session_time_linear"", ""session_time_quadratic"", ""image_identity:im115_r-1.0"", ""eventual_response_in_window"", ""eventual_response_latency"", ""response_latency_missing""]"
engaged_2,18,24,24,0.017528588793908617,0.00829560150069697,-0.009232987293211647,-0.02087812255018684,-0.03840671134409546,0.02917372405088381,"[[10.0, 10.0, 2], [100.0, 10.0, 1], [100.0, 100.0, 1], [100.0, 10.0, 1]]","[[10.0, 10.0, 2], [100.0, 10.0, 1], [100.0, 100.0, 1], [100.0, 10.0, 1]]",pass,https://dandiarchive.s3.amazonaws.com/blobs/fe0/9ba/fe09ba54-89e9-4b73-bf95-5127c2ee2ad9,615048,1197514969,TH,MB,"[1314, 1237, 1274, 1225, 1259, 1254, 1272, 1265, 1227, 1238, 1221, 1266, 1304, 1336, 1342, 1327, 1268, 1285, 1317, 1322, 1312, 1283, 1279, 1255]","[896, 887, 862, 959, 1168, 871, 856, 904, 927, 892, 830, 934, 906, 881, 805, 945, 931, 851, 910, 963, 888, 923, 849, 848]","[""session_time_linear"", ""session_time_quadratic"", ""image_identity:im115_r-1.0"", ""eventual_response_in_window"", ""eventual_response_latency"", ""response_latency_missing""]"
no_reward,18,24,24,0.014085450509721764,0.0039355730977787,-0.010149877411943065,0.0176279664875294,0.0035425159778076365,-0.013692393389750701,"[[100.0, 100.0, 1], [100.0, 100.0, 2], [100.0, 100.0, 1], [10.0, 100.0, 8]]","[[100.0, 100.0, 1], [100.0, 100.0, 2], [100.0, 100.0, 1], [10.0, 100.0, 8]]",pass,https://dandiarchive.s3.amazonaws.com/blobs/fe0/9ba/fe09ba54-89e9-4b73-bf95-5127c2ee2ad9,615048,1197514969,TH,MB,"[1314, 1237, 1274, 1225, 1259, 1254, 1272, 1265, 1227, 1238, 1221, 1266, 1304, 1336, 1342, 1327, 1268, 1285, 1317, 1322, 1312, 1283, 1279, 1255]","[896, 887, 862, 959, 1168, 871, 856, 904, 927, 892, 830, 934, 906, 881, 805, 945, 931, 851, 910, 963, 888, 923, 849, 848]","[""session_time_linear"", ""session_time_quadratic"", ""image_identity:im115_r-1.0"", ""eventual_response_in_window"", ""eventual_response_latency"", ""response_latency_missing""]"
engaged_1,17,24,24,0.08138443346606083,0.06802112475820699,-0.01336330870785385,0.08165414565314,0.000269712187079163,-0.013633020894933012,"[[100.0, 100.0, 1], [100.0, 100.0, 2], [10.0, 10.0, 8], [100.0, 100.0, 4]]","[[100.0, 100.0, 1], [100.0, 100.0, 2], [10.0, 10.0, 8], [100.0, 100.0, 4]]",pass,https://dandiarchive.s3.amazonaws.com/blobs/635/68b/63568b8b-5957-4045-b90d-d75108909249,615564,1198995158,TH,MB,"[66, 1527, 1180, 1183, 15, 2099, 1220, 1237, 22, 1238, 2, 1213, 7, 1282, 1247, 1267, 1271, 1279, 1229, 16, 40, 14, 1273, 1307]","[496, 333, 308, 369, 508, 350, 500, 296, 450, 459, 476, 387, 462, 313, 335, 323, 301, 319, 331, 460, 397, 429, 724, 484]","[""session_time_linear"", ""session_time_quadratic"", ""image_identity:im115_r-1.0"", ""eventual_response_in_window"", ""eventual_response_latency"", ""response_latency_missing""]"
engaged_2,17,24,24,0.017541660343164733,-0.009858896582960464,-0.027400556926125197,-0.07989263731114904,-0.09743429765431377,0.07003374072818858,"[[100.0, 10.0, 1], [100.0, 100.0, 1], [100.0, 100.0, 1], [100.0, 10.0, 2]]","[[100.0, 10.0, 1], [100.0, 100.0, 1], [100.0, 100.0, 1], [100.0, 10.0, 2]]",pass,https://dandiarchive.s3.amazonaws.com/blobs/635/68b/63568b8b-5957-4045-b90d-d75108909249,615564,1198995158,TH,MB,"[66, 1527, 1180, 1183, 15, 2099, 1220, 1237, 22, 1238, 2, 1213, 7, 1282, 1247, 1267, 1271, 1279, 1229, 16, 40, 14, 1273, 1307]","[496, 333, 308, 369, 508, 350, 500, 296, 450, 459, 476, 387, 462, 313, 335, 323, 301, 319, 331, 460, 397, 429, 724, 484]","[""session_time_linear"", ""session_time_quadratic"", ""image_identity:im115_r-1.0"", ""eventual_response_in_window"", ""eventual_response_latency"", ""response_latency_missing""]"
no_reward,17,24,24,0.05602154556060146,0.06637120814167408,0.010349662581072616,0.055888372985763546,-0.00013317257483791423,0.01048283515591053,"[[100.0, 100.0, 4], [100.0, 100.0, 8], [100.0, 100.0, 4], [100.0, 100.0, 8]]","[[100.0, 100.0, 4], [100.0, 100.0, 8], [100.0, 100.0, 4], [100.0, 100.0, 8]]",pass,https://dandiarchive.s3.amazonaws.com/blobs/635/68b/63568b8b-5957-4045-b90d-d75108909249,615564,1198995158,TH,MB,"[66, 1527, 1180, 1183, 15, 2099, 1220, 1237, 22, 1238, 2, 1213, 7, 1282, 1247, 1267, 1271, 1279, 1229, 16, 40, 14, 1273, 1307]","[496, 333, 308, 369, 508, 350, 500, 296, 450, 459, 476, 387, 462, 313, 335, 323, 301, 319, 331, 460, 397, 429, 724, 484]","[""session_time_linear"", ""session_time_quadratic"", ""image_identity:im115_r-1.0"", ""eventual_response_in_window"", ""eventual_response_latency"", ""response_latency_missing""]"
engaged_1,12,24,24,0.0018272687716578417,-0.011157539776505798,-0.01298480854816364,-0.0007224469517099763,-0.002549715723367818,-0.010435092824795822,"[[100.0, 100.0, 1], [100.0, 100.0, 8], [100.0, 100.0, 1], [100.0, 100.0, 1]]","[[100.0, 100.0, 1], [100.0, 100.0, 8], [100.0, 100.0, 1], [100.0, 100.0, 1]]",pass,https://dandiarchive.s3.amazonaws.com/blobs/9ae/cb7/9aecb778-a5a0-4554-8b06-3af01005fea5,623319,1209073822,TH,MB,"[266, 239, 1314, 236, 235, 1174, 1187, 1330, 1304, 238, 1317, 285, 1229, 556, 1248, 1213, 1035, 1327, 293, 1116, 1221, 289, 1606, 286]","[712, 639, 833, 684, 647, 628, 681, 661, 624, 665, 611, 693, 619, 797, 616, 642, 677, 644, 781, 673, 718, 705, 840, 606]","[""session_time_linear"", ""session_time_quadratic"", ""image_identity:im115_r-1.0"", ""eventual_response_in_window"", ""eventual_response_latency"", ""response_latency_missing""]"
engaged_2,12,24,24,0.025361831076656682,0.02019582669770903,-0.005166004378947653,0.015238383946332812,-0.01012344713032387,0.004957442751376218,"[[100.0, 100.0, 4], [100.0, 100.0, 2], [100.0, 100.0, 4], [100.0, 100.0, 8]]","[[100.0, 100.0, 4], [100.0, 100.0, 2], [100.0, 100.0, 4], [100.0, 100.0, 8]]",pass,https://dandiarchive.s3.amazonaws.com/blobs/9ae/cb7/9aecb778-a5a0-4554-8b06-3af01005fea5,623319,1209073822,TH,MB,"[266, 239, 1314, 236, 235, 1174, 1187, 1330, 1304, 238, 1317, 285, 1229, 556, 1248, 1213, 1035, 1327, 293, 1116, 1221, 289, 1606, 286]","[712, 639, 833, 684, 647, 628, 681, 661, 624, 665, 611, 693, 619, 797, 616, 642, 677, 644, 781, 673, 718, 705, 840, 606]","[""session_time_linear"", ""session_time_quadratic"", ""image_identity:im115_r-1.0"", ""eventual_response_in_window"", ""eventual_response_latency"", ""response_latency_missing""]"
no_reward,12,24,24,0.03383840879540145,0.028672166970901913,-0.00516624182449954,0.04181539249430155,0.007976983698900098,-0.013143225523399638,"[[100.0, 100.0, 2], [100.0, 100.0, 8], [100.0, 100.0, 2], [100.0, 100.0, 1]]","[[100.0, 100.0, 2], [100.0, 100.0, 8], [100.0, 100.0, 2], [100.0, 100.0, 1]]",pass,https://dandiarchive.s3.amazonaws.com/blobs/9ae/cb7/9aecb778-a5a0-4554-8b06-3af01005fea5,623319,1209073822,TH,MB,"[266, 239, 1314, 236, 235, 1174, 1187, 1330, 1304, 238, 1317, 285, 1229, 556, 1248, 1213, 1035, 1327, 293, 1116, 1221, 289, 1606, 286]","[712, 639, 833, 684, 647, 628, 681, 661, 624, 665, 611, 693, 619, 797, 616, 642, 677, 644, 781, 673, 718, 705, 840, 606]","[""session_time_linear"", ""session_time_quadratic"", ""image_identity:im115_r-1.0"", ""eventual_response_in_window"", ""eventual_response_latency"", ""response_latency_missing""]"
engaged_1,22,18,18,0.0018680346049049223,-0.040040505424821404,-0.04190854002972633,-0.023220247205248512,-0.025088281810153434,-0.016820258219572892,"[[100.0, 100.0, 4], [100.0, 100.0, 1], [100.0, 100.0, 1], [100.0, 10.0, 1]]","[[100.0, 100.0, 4], [100.0, 100.0, 1], [100.0, 100.0, 1], [100.0, 10.0, 1]]",pass,https://dandiarchive.s3.amazonaws.com/blobs/5d9/4f7/5d94f7f7-daa2-4d2d-93a5-1bd2bc02e141,623322,1200471383,TH,MB,"[192, 1031, 206, 199, 233, 219, 1026, 194, 187, 201, 1021, 531, 588, 216, 203, 503, 1020, 458]","[997, 1009, 1003, 1011, 1010, 990, 989, 987, 984, 1004, 994, 1001, 991, 988, 1018, 986, 1013, 1012]","[""session_time_linear"", ""session_time_quadratic"", ""image_identity:im115_r-1.0"", ""eventual_response_in_window"", ""eventual_response_latency"", ""response_latency_missing""]"
engaged_2,22,18,18,0.061087355889278494,0.06214865049231744,0.0010612946030389425,0.056120522881410895,-0.004966833007867599,0.006028127610906542,"[[100.0, 100.0, 1], [100.0, 100.0, 2], [100.0, 10.0, 1], [100.0, 100.0, 1]]","[[100.0, 100.0, 1], [100.0, 100.0, 2], [100.0, 10.0, 1], [100.0, 100.0, 1]]",pass,https://dandiarchive.s3.amazonaws.com/blobs/5d9/4f7/5d94f7f7-daa2-4d2d-93a5-1bd2bc02e141,623322,1200471383,TH,MB,"[192, 1031, 206, 199, 233, 219, 1026, 194, 187, 201, 1021, 531, 588, 216, 203, 503, 1020, 458]","[997, 1009, 1003, 1011, 1010, 990, 989, 987, 984, 1004, 994, 1001, 991, 988, 1018, 986, 1013, 1012]","[""session_time_linear"", ""session_time_quadratic"", ""image_identity:im115_r-1.0"", ""eventual_response_in_window"", ""eventual_response_latency"", ""response_latency_missing""]"
no_reward,22,18,18,0.06512841037950279,-0.012418355023451566,-0.07754676540295435,-0.2673842144812071,-0.33251262486070987,0.2549658594577555,"[[100.0, 100.0, 1], [100.0, 100.0, 4], [100.0, 100.0, 2], [100.0, 0.1, 1]]","[[100.0, 100.0, 1], [100.0, 100.0, 4], [100.0, 100.0, 2], [100.0, 0.1, 1]]",pass,https://dandiarchive.s3.amazonaws.com/blobs/5d9/4f7/5d94f7f7-daa2-4d2d-93a5-1bd2bc02e141,623322,1200471383,TH,MB,"[192, 1031, 206, 199, 233, 219, 1026, 194, 187, 201, 1021, 531, 588, 216, 203, 503, 1020, 458]","[997, 1009, 1003, 1011, 1010, 990, 989, 987, 984, 1004, 994, 1001, 991, 988, 1018, 986, 1013, 1012]","[""session_time_linear"", ""session_time_quadratic"", ""image_identity:im115_r-1.0"", ""eventual_response_in_window"", ""eventual_response_latency"", ""response_latency_missing""]"
engaged_1,21,24,24,-0.016569294239393795,-0.05548912483963453,-0.038919830600240735,-0.010259410181015172,0.006309884058378623,-0.04522971465861936,"[[100.0, 100.0, 2], [100.0, 10.0, 2], [100.0, 100.0, 1], [100.0, 100.0, 1]]","[[100.0, 100.0, 2], [100.0, 10.0, 2], [100.0, 100.0, 1], [100.0, 100.0, 1]]",pass,https://dandiarchive.s3.amazonaws.com/blobs/4bd/cd2/4bdcd217-633c-4841-a9b1-208c117f5ea3,626279,1214217748,TH,MB,"[2007, 2001, 1995, 1943, 1958, 1991, 1982, 1947, 1933, 1978, 1961, 1935, 1996, 1226, 1979, 1168, 1202, 645, 1949, 1, 0, 1192, 2158, 2005]","[254, 285, 270, 401, 281, 260, 314, 393, 278, 411, 297, 280, 330, 301, 403, 226, 372, 407, 566, 568, 287, 380, 328, 352]","[""session_time_linear"", ""session_time_quadratic"", ""image_identity:im115_r-1.0"", ""eventual_response_in_window"", ""eventual_response_latency"", ""response_latency_missing""]"
engaged_2,21,24,24,0.07138568254302158,0.03848070376627477,-0.03290497877674681,0.0027282139014686013,-0.06865746864155298,0.03575248986480617,"[[100.0, 10.0, 2], [100.0, 100.0, 8], [100.0, 100.0, 1], [100.0, 100.0, 1]]","[[100.0, 10.0, 2], [100.0, 100.0, 8], [100.0, 100.0, 1], [100.0, 100.0, 1]]",pass,https://dandiarchive.s3.amazonaws.com/blobs/4bd/cd2/4bdcd217-633c-4841-a9b1-208c117f5ea3,626279,1214217748,TH,MB,"[2007, 2001, 1995, 1943, 1958, 1991, 1982, 1947, 1933, 1978, 1961, 1935, 1996, 1226, 1979, 1168, 1202, 645, 1949, 1, 0, 1192, 2158, 2005]","[254, 285, 270, 401, 281, 260, 314, 393, 278, 411, 297, 280, 330, 301, 403, 226, 372, 407, 566, 568, 287, 380, 328, 352]","[""session_time_linear"", ""session_time_quadratic"", ""image_identity:im115_r-1.0"", ""eventual_response_in_window"", ""eventual_response_latency"", ""response_latency_missing""]"
no_reward,21,24,24,0.11334375376852879,0.09814133977518547,-0.015202413993343322,0.11636403132405693,0.003020277555528139,-0.01822269154887146,"[[100.0, 100.0, 8], [100.0, 100.0, 1], [100.0, 100.0, 1], [100.0, 100.0, 1]]","[[100.0, 100.0, 8], [100.0, 100.0, 1], [100.0, 100.0, 1], [100.0, 100.0, 1]]",pass,https://dandiarchive.s3.amazonaws.com/blobs/4bd/cd2/4bdcd217-633c-4841-a9b1-208c117f5ea3,626279,1214217748,TH,MB,"[2007, 2001, 1995, 1943, 1958, 1991, 1982, 1947, 1933, 1978, 1961, 1935, 1996, 1226, 1979, 1168, 1202, 645, 1949, 1, 0, 1192, 2158, 2005]","[254, 285, 270, 401, 281, 260, 314, 393, 278, 411, 297, 280, 330, 301, 403, 226, 372, 407, 566, 568, 287, 380, 328, 352]","[""session_time_linear"", ""session_time_quadratic"", ""image_identity:im115_r-1.0"", ""eventual_response_in_window"", ""eventual_response_latency"", ""response_latency_missing""]"
engaged_1,14,24,24,0.016491474152025565,0.025927157702571257,0.009435683550545693,-0.009689959835841977,-0.02618143398786754,0.035617117538413234,"[[100.0, 100.0, 2], [100.0, 10.0, 1], [100.0, 100.0, 2], [10.0, 10.0, 8]]","[[100.0, 100.0, 2], [100.0, 10.0, 1], [100.0, 100.0, 2], [10.0, 10.0, 8]]",pass,https://dandiarchive.s3.amazonaws.com/blobs/8bb/124/8bb12481-57e1-4f9d-95f0-c2ec49f2e338,632295,1218795542,TH,MB,"[1264, 1344, 1304, 1332, 1319, 1368, 1302, 1751, 1262, 1373, 874, 1350, 1294, 1289, 1274, 1307, 1297, 1366, 1410, 1286, 1293, 1295, 1787, 1280]","[281, 363, 382, 245, 286, 298, 331, 294, 304, 244, 344, 384, 375, 254, 380, 357, 295, 657, 284, 238, 279, 329, 589, 372]","[""session_time_linear"", ""session_time_quadratic"", ""image_identity:im115_r-1.0"", ""eventual_response_in_window"", ""eventual_response_latency"", ""response_latency_missing""]"
engaged_2,14,24,24,0.0479689607525664,0.016503205105182217,-0.031465755647384186,0.03522034995743717,-0.012748610795129234,-0.018717144852254952,"[[100.0, 10.0, 8], [100.0, 100.0, 4], [100.0, 10.0, 2], [100.0, 100.0, 2]]","[[100.0, 10.0, 8], [100.0, 100.0, 4], [100.0, 10.0, 2], [100.0, 100.0, 2]]",pass,https://dandiarchive.s3.amazonaws.com/blobs/8bb/124/8bb12481-57e1-4f9d-95f0-c2ec49f2e338,632295,1218795542,TH,MB,"[1264, 1344, 1304, 1332, 1319, 1368, 1302, 1751, 1262, 1373, 874, 1350, 1294, 1289, 1274, 1307, 1297, 1366, 1410, 1286, 1293, 1295, 1787, 1280]","[281, 363, 382, 245, 286, 298, 331, 294, 304, 244, 344, 384, 375, 254, 380, 357, 295, 657, 284, 238, 279, 329, 589, 372]","[""session_time_linear"", ""session_time_quadratic"", ""image_identity:im115_r-1.0"", ""eventual_response_in_window"", ""eventual_response_latency"", ""response_latency_missing""]"
no_reward,14,24,24,-0.08152551541606323,-0.09168295136219218,-0.010157435946128945,-0.0692444103725296,0.012281105043533636,-0.02243854098966258,"[[10.0, 10.0, 1], [100.0, 100.0, 1], [100.0, 100.0, 1], [100.0, 100.0, 2]]","[[10.0, 10.0, 1], [100.0, 100.0, 1], [100.0, 100.0, 1], [100.0, 100.0, 2]]",pass,https://dandiarchive.s3.amazonaws.com/blobs/8bb/124/8bb12481-57e1-4f9d-95f0-c2ec49f2e338,632295,1218795542,TH,MB,"[1264, 1344, 1304, 1332, 1319, 1368, 1302, 1751, 1262, 1373, 874, 1350, 1294, 1289, 1274, 1307, 1297, 1366, 1410, 1286, 1293, 1295, 1787, 1280]","[281, 363, 382, 245, 286, 298, 331, 294, 304, 244, 344, 384, 375, 254, 380, 357, 295, 657, 284, 238, 279, 329, 589, 372]","[""session_time_linear"", ""session_time_quadratic"", ""image_identity:im115_r-1.0"", ""eventual_response_in_window"", ""eventual_response_latency"", ""response_latency_missing""]"
engaged_1,23,24,24,0.024818028322357577,0.007341388340855515,-0.017476639981502062,0.0022967913026541442,-0.022521237019703433,0.0050445970382013705,"[[100.0, 10.0, 1], [100.0, 10.0, 1], [100.0, 100.0, 8], [100.0, 100.0, 1]]","[[100.0, 10.0, 1], [100.0, 10.0, 1], [100.0, 100.0, 8], [100.0, 100.0, 1]]",pass,https://dandiarchive.s3.amazonaws.com/blobs/584/1b8/5841b844-3102-4b4f-8f2c-e4cd23ec8f45,640887,1234203203,TH,MB,"[1297, 7, 1279, 2, 5, 1314, 1321, 1298, 1308, 1310, 1323, 1550, 1332, 1317, 1307, 1303, 1324, 1549, 1319, 4, 1328, 1333, 1545, 1313]","[837, 1254, 775, 755, 852, 329, 328, 723, 843, 810, 787, 800, 1274, 747, 816, 720, 814, 1260, 808, 297, 336, 874, 789, 886]","[""session_time_linear"", ""session_time_quadratic"", ""image_identity:im115_r-1.0"", ""eventual_response_in_window"", ""eventual_response_latency"", ""response_latency_missing""]"
engaged_2,23,24,24,0.10914780217831976,0.09756206980095505,-0.01158573237736471,0.11105263780838048,0.0019048356300607194,-0.01349056800742543,"[[100.0, 100.0, 8], [100.0, 100.0, 1], [100.0, 100.0, 1], [10.0, 100.0, 1]]","[[100.0, 100.0, 8], [100.0, 100.0, 1], [100.0, 100.0, 1], [10.0, 100.0, 1]]",pass,https://dandiarchive.s3.amazonaws.com/blobs/584/1b8/5841b844-3102-4b4f-8f2c-e4cd23ec8f45,640887,1234203203,TH,MB,"[1297, 7, 1279, 2, 5, 1314, 1321, 1298, 1308, 1310, 1323, 1550, 1332, 1317, 1307, 1303, 1324, 1549, 1319, 4, 1328, 1333, 1545, 1313]","[837, 1254, 775, 755, 852, 329, 328, 723, 843, 810, 787, 800, 1274, 747, 816, 720, 814, 1260, 808, 297, 336, 874, 789, 886]","[""session_time_linear"", ""session_time_quadratic"", ""image_identity:im115_r-1.0"", ""eventual_response_in_window"", ""eventual_response_latency"", ""response_latency_missing""]"
no_reward,23,24,24,0.027232005418324823,0.021674710983719092,-0.005557294434605731,0.02553543350613452,-0.0016965719121903033,-0.0038607225224154273,"[[100.0, 100.0, 1], [100.0, 100.0, 1], [100.0, 100.0, 2], [100.0, 100.0, 1]]","[[100.0, 100.0, 1], [100.0, 100.0, 1], [100.0, 100.0, 2], [100.0, 100.0, 1]]",pass,https://dandiarchive.s3.amazonaws.com/blobs/584/1b8/5841b844-3102-4b4f-8f2c-e4cd23ec8f45,640887,1234203203,TH,MB,"[1297, 7, 1279, 2, 5, 1314, 1321, 1298, 1308, 1310, 1323, 1550, 1332, 1317, 1307, 1303, 1324, 1549, 1319, 4, 1328, 1333, 1545, 1313]","[837, 1254, 775, 755, 852, 329, 328, 723, 843, 810, 787, 800, 1274, 747, 816, 720, 814, 1260, 808, 297, 336, 874, 789, 886]","[""session_time_linear"", ""session_time_quadratic"", ""image_identity:im115_r-1.0"", ""eventual_response_in_window"", ""eventual_response_latency"", ""response_latency_missing""]"
engaged_1,27,24,24,0.026946756846617403,0.04363956983693551,0.016692812990318107,0.01900895821453219,-0.007937798632085213,0.02463061162240332,"[[100.0, 10.0, 1], [100.0, 10.0, 1], [100.0, 100.0, 1], [100.0, 100.0, 8]]","[[100.0, 10.0, 1], [100.0, 10.0, 1], [100.0, 100.0, 1], [100.0, 100.0, 8]]",pass,https://dandiarchive.s3.amazonaws.com/blobs/13d/b29/13db29ff-1454-412d-8680-ecd7a38c6f95,640890,1232430325,TH,MB,"[1670, 498, 478, 493, 592, 1715, 1718, 806, 812, 918, 491, 522, 492, 1772, 545, 470, 466, 538, 523, 882, 531, 1880, 590, 464]","[1279, 1289, 1331, 1315, 1335, 1278, 1330, 1257, 1263, 1308, 1267, 1313, 1261, 1368, 1323, 1286, 1337, 1282, 1285, 1344, 1567, 1277, 1364, 1669]","[""session_time_linear"", ""session_time_quadratic"", ""image_identity:im115_r-1.0"", ""eventual_response_in_window"", ""eventual_response_latency"", ""response_latency_missing""]"
engaged_2,27,24,24,0.10663737147666574,0.09495590316814273,-0.011681468308523013,0.10689768406429156,0.00026031258762582166,-0.011941780896148835,"[[100.0, 100.0, 1], [100.0, 100.0, 4], [100.0, 100.0, 1], [100.0, 100.0, 1]]","[[100.0, 100.0, 1], [100.0, 100.0, 4], [100.0, 100.0, 1], [100.0, 100.0, 1]]",pass,https://dandiarchive.s3.amazonaws.com/blobs/13d/b29/13db29ff-1454-412d-8680-ecd7a38c6f95,640890,1232430325,TH,MB,"[1670, 498, 478, 493, 592, 1715, 1718, 806, 812, 918, 491, 522, 492, 1772, 545, 470, 466, 538, 523, 882, 531, 1880, 590, 464]","[1279, 1289, 1331, 1315, 1335, 1278, 1330, 1257, 1263, 1308, 1267, 1313, 1261, 1368, 1323, 1286, 1337, 1282, 1285, 1344, 1567, 1277, 1364, 1669]","[""session_time_linear"", ""session_time_quadratic"", ""image_identity:im115_r-1.0"", ""eventual_response_in_window"", ""eventual_response_latency"", ""response_latency_missing""]"
no_reward,27,24,24,0.07035402755353093,0.05784650350401721,-0.012507524049513719,0.06935169146521425,-0.0010023360883166799,-0.011505187961197039,"[[100.0, 100.0, 1], [100.0, 100.0, 1], [100.0, 100.0, 1], [100.0, 100.0, 1]]","[[100.0, 100.0, 1], [100.0, 100.0, 1], [100.0, 100.0, 1], [100.0, 100.0, 1]]",pass,https://dandiarchive.s3.amazonaws.com/blobs/13d/b29/13db29ff-1454-412d-8680-ecd7a38c6f95,640890,1232430325,TH,MB,"[1670, 498, 478, 493, 592, 1715, 1718, 806, 812, 918, 491, 522, 492, 1772, 545, 470, 466, 538, 523, 882, 531, 1880, 590, 464]","[1279, 1289, 1331, 1315, 1335, 1278, 1330, 1257, 1263, 1308, 1267, 1313, 1261, 1368, 1323, 1286, 1337, 1282, 1285, 1344, 1567, 1277, 1364, 1669]","[""session_time_linear"", ""session_time_quadratic"", ""image_identity:im115_r-1.0"", ""eventual_response_in_window"", ""eventual_response_latency"", ""response_latency_missing""]"
engaged_1,16,24,24,0.017295573224422434,0.02054150986561698,0.0032459366411945467,0.010966305921435882,-0.006329267302986552,0.009575203944181099,"[[100.0, 100.0, 8], [100.0, 100.0, 8], [100.0, 100.0, 4], [100.0, 100.0, 1]]","[[100.0, 100.0, 8], [100.0, 100.0, 8], [100.0, 100.0, 4], [100.0, 100.0, 1]]",pass,https://dandiarchive.s3.amazonaws.com/blobs/559/41e/55941ebd-ef47-4d38-80af-0fabd499db6d,642504,1244070169,TH,MB,"[1034, 921, 901, 1003, 954, 961, 891, 947, 1177, 955, 931, 887, 477, 980, 599, 520, 1188, 506, 527, 979, 1029, 989, 485, 973]","[849, 1218, 1163, 855, 842, 857, 856, 840, 834, 844, 854, 1161, 1167, 1162, 862, 843, 846, 1169, 858, 850, 836, 1164, 859, 1160]","[""session_time_linear"", ""session_time_quadratic"", ""image_identity:im115_r-1.0"", ""eventual_response_in_window"", ""eventual_response_latency"", ""response_latency_missing""]"
engaged_2,16,24,24,0.026812993305159294,0.012451079927366826,-0.014361913377792468,0.03285290054813894,0.006039907242979647,-0.020401820620772115,"[[100.0, 100.0, 8], [100.0, 100.0, 1], [100.0, 100.0, 1], [100.0, 100.0, 2]]","[[100.0, 100.0, 8], [100.0, 100.0, 1], [100.0, 100.0, 1], [100.0, 100.0, 2]]",pass,https://dandiarchive.s3.amazonaws.com/blobs/559/41e/55941ebd-ef47-4d38-80af-0fabd499db6d,642504,1244070169,TH,MB,"[1034, 921, 901, 1003, 954, 961, 891, 947, 1177, 955, 931, 887, 477, 980, 599, 520, 1188, 506, 527, 979, 1029, 989, 485, 973]","[849, 1218, 1163, 855, 842, 857, 856, 840, 834, 844, 854, 1161, 1167, 1162, 862, 843, 846, 1169, 858, 850, 836, 1164, 859, 1160]","[""session_time_linear"", ""session_time_quadratic"", ""image_identity:im115_r-1.0"", ""eventual_response_in_window"", ""eventual_response_latency"", ""response_latency_missing""]"
no_reward,16,24,24,-0.01829980024922606,-0.027096348987260654,-0.008796548738034593,-0.01900051865378627,-0.0007007184045602077,-0.008095830333474385,"[[100.0, 100.0, 8], [100.0, 100.0, 1], [100.0, 100.0, 2], [100.0, 100.0, 4]]","[[100.0, 100.0, 8], [100.0, 100.0, 1], [100.0, 100.0, 2], [100.0, 100.0, 4]]",pass,https://dandiarchive.s3.amazonaws.com/blobs/559/41e/55941ebd-ef47-4d38-80af-0fabd499db6d,642504,1244070169,TH,MB,"[1034, 921, 901, 1003, 954, 961, 891, 947, 1177, 955, 931, 887, 477, 980, 599, 520, 1188, 506, 527, 979, 1029, 989, 485, 973]","[849, 1218, 1163, 855, 842, 857, 856, 840, 834, 844, 854, 1161, 1167, 1162, 862, 843, 846, 1169, 858, 850, 836, 1164, 859, 1160]","[""session_time_linear"", ""session_time_quadratic"", ""image_identity:im115_r-1.0"", ""eventual_response_in_window"", ""eventual_response_latency"", ""response_latency_missing""]"
engaged_1,18,8,8,-0.030295905971135628,-0.06009022359299565,-0.029794317621860023,-0.047793512372483526,-0.017497606401347898,-0.012296711220512124,"[[100.0, 100.0, 2], [100.0, 100.0, 2], [100.0, 1.0, 1], [100.0, 100.0, 1]]","[[100.0, 100.0, 2], [100.0, 100.0, 2], [100.0, 1.0, 1], [100.0, 100.0, 1]]",pass,https://dandiarchive.s3.amazonaws.com/blobs/88d/b29/88db2938-a9e0-491c-8056-f83cc894edf3,642504,1243523806,TH,MB,"[707, 713, 681, 354, 394, 708, 373, 355]","[663, 1041, 668, 966, 965, 688, 969, 654]","[""session_time_linear"", ""session_time_quadratic"", ""image_identity:im115_r-1.0"", ""eventual_response_in_window"", ""eventual_response_latency"", ""response_latency_missing""]"
engaged_2,18,8,8,0.020691610517201697,0.008419211590632192,-0.012272398926569505,0.054829481773675526,0.03413787125647383,-0.046410270183043334,"[[100.0, 100.0, 2], [100.0, 10.0, 2], [100.0, 10.0, 1], [100.0, 10.0, 4]]","[[100.0, 100.0, 2], [100.0, 10.0, 2], [100.0, 10.0, 1], [100.0, 10.0, 4]]",pass,https://dandiarchive.s3.amazonaws.com/blobs/88d/b29/88db2938-a9e0-491c-8056-f83cc894edf3,642504,1243523806,TH,MB,"[707, 713, 681, 354, 394, 708, 373, 355]","[663, 1041, 668, 966, 965, 688, 969, 654]","[""session_time_linear"", ""session_time_quadratic"", ""image_identity:im115_r-1.0"", ""eventual_response_in_window"", ""eventual_response_latency"", ""response_latency_missing""]"
no_reward,18,8,8,0.04894157251072273,0.027461250314809504,-0.021480322195913226,0.024863366540286314,-0.024078205970436417,0.002597883774523191,"[[100.0, 100.0, 1], [100.0, 100.0, 1], [100.0, 100.0, 1], [100.0, 100.0, 1]]","[[100.0, 100.0, 1], [100.0, 100.0, 1], [100.0, 100.0, 1], [100.0, 100.0, 1]]",pass,https://dandiarchive.s3.amazonaws.com/blobs/88d/b29/88db2938-a9e0-491c-8056-f83cc894edf3,642504,1243523806,TH,MB,"[707, 713, 681, 354, 394, 708, 373, 355]","[663, 1041, 668, 966, 965, 688, 969, 654]","[""session_time_linear"", ""session_time_quadratic"", ""image_identity:im115_r-1.0"", ""eventual_response_in_window"", ""eventual_response_latency"", ""response_latency_missing""]"
engaged_1,15,24,24,0.023324111557591176,0.017947874068085845,-0.005376237489505331,-0.09141482930352218,-0.11473894086111336,0.10936270337160803,"[[100.0, 10.0, 8], [100.0, 100.0, 8], [100.0, 10.0, 8], [100.0, 0.1, 1]]","[[100.0, 10.0, 8], [100.0, 100.0, 8], [100.0, 10.0, 8], [100.0, 0.1, 1]]",pass,https://dandiarchive.s3.amazonaws.com/blobs/c78/ef5/c78ef53f-16de-4f5e-8235-afe87a226203,614547,1181731440,TH,STR,"[1240, 438, 454, 1231, 1243, 1254, 459, 1265, 1184, 1246, 1268, 479, 477, 1270, 1258, 1239, 453, 1242, 445, 1249, 1217, 1244, 1151, 1155]","[41, 25, 142, 137, 49, 357, 94, 44, 43, 22, 57, 23, 26, 85, 127, 46, 124, 27, 366, 126, 53, 108, 50, 377]","[""session_time_linear"", ""session_time_quadratic"", ""image_identity:im115_r-1.0"", ""eventual_response_in_window"", ""eventual_response_latency"", ""response_latency_missing""]"
engaged_2,15,24,24,0.013034625337282058,0.009120502383978768,-0.0039141229533032895,0.008895938858217933,-0.004138686479064124,0.00022456352576083471,"[[100.0, 100.0, 4], [100.0, 100.0, 4], [100.0, 100.0, 4], [100.0, 100.0, 4]]","[[100.0, 100.0, 4], [100.0, 100.0, 4], [100.0, 100.0, 4], [100.0, 100.0, 4]]",pass,https://dandiarchive.s3.amazonaws.com/blobs/c78/ef5/c78ef53f-16de-4f5e-8235-afe87a226203,614547,1181731440,TH,STR,"[1240, 438, 454, 1231, 1243, 1254, 459, 1265, 1184, 1246, 1268, 479, 477, 1270, 1258, 1239, 453, 1242, 445, 1249, 1217, 1244, 1151, 1155]","[41, 25, 142, 137, 49, 357, 94, 44, 43, 22, 57, 23, 26, 85, 127, 46, 124, 27, 366, 126, 53, 108, 50, 377]","[""session_time_linear"", ""session_time_quadratic"", ""image_identity:im115_r-1.0"", ""eventual_response_in_window"", ""eventual_response_latency"", ""response_latency_missing""]"
no_reward,15,24,24,0.006644069040216194,-0.009501543700967563,-0.016145612741183757,0.00937109354596899,0.0027270245057527953,-0.018872637246936552,"[[100.0, 100.0, 1], [100.0, 100.0, 2], [100.0, 100.0, 1], [100.0, 100.0, 1]]","[[100.0, 100.0, 1], [100.0, 100.0, 2], [100.0, 100.0, 1], [100.0, 100.0, 1]]",pass,https://dandiarchive.s3.amazonaws.com/blobs/c78/ef5/c78ef53f-16de-4f5e-8235-afe87a226203,614547,1181731440,TH,STR,"[1240, 438, 454, 1231, 1243, 1254, 459, 1265, 1184, 1246, 1268, 479, 477, 1270, 1258, 1239, 453, 1242, 445, 1249, 1217, 1244, 1151, 1155]","[41, 25, 142, 137, 49, 357, 94, 44, 43, 22, 57, 23, 26, 85, 127, 46, 124, 27, 366, 126, 53, 108, 50, 377]","[""session_time_linear"", ""session_time_quadratic"", ""image_identity:im115_r-1.0"", ""eventual_response_in_window"", ""eventual_response_latency"", ""response_latency_missing""]"
engaged_1,17,24,24,0.013144105018216945,0.0037118676109045845,-0.00943223740731236,0.014592624133441867,0.0014485191152249222,-0.010880756522537283,"[[10.0, 100.0, 4], [100.0, 100.0, 1], [100.0, 100.0, 8], [100.0, 100.0, 1]]","[[10.0, 100.0, 4], [100.0, 100.0, 1], [100.0, 100.0, 8], [100.0, 100.0, 1]]",pass,https://dandiarchive.s3.amazonaws.com/blobs/68c/a06/68ca0674-2a8a-4931-8d5b-10a3edfb0cfa,614608,1187475832,TH,STR,"[1430, 946, 1447, 1432, 1431, 1420, 1450, 1453, 915, 861, 948, 880, 1009, 930, 925, 893, 900, 883, 1394, 877, 919, 889, 954, 931]","[1910, 1909, 1907, 1888, 1894, 1896, 1899, 2096, 1895, 1866, 1869, 2095, 2100, 1897, 2093, 1889, 1904, 1867, 1885, 1881, 1878, 2103, 1873, 1898]","[""session_time_linear"", ""session_time_quadratic"", ""image_identity:im115_r-1.0"", ""eventual_response_in_window"", ""eventual_response_latency"", ""response_latency_missing""]"
engaged_2,17,24,24,0.011994092820195701,0.006364736668331705,-0.005629356151863996,0.004492727192130341,-0.0075013656280653596,0.001872009476201364,"[[100.0, 100.0, 2], [100.0, 100.0, 1], [100.0, 100.0, 8], [100.0, 100.0, 4]]","[[100.0, 100.0, 2], [100.0, 100.0, 1], [100.0, 100.0, 8], [100.0, 100.0, 4]]",pass,https://dandiarchive.s3.amazonaws.com/blobs/68c/a06/68ca0674-2a8a-4931-8d5b-10a3edfb0cfa,614608,1187475832,TH,STR,"[1430, 946, 1447, 1432, 1431, 1420, 1450, 1453, 915, 861, 948, 880, 1009, 930, 925, 893, 900, 883, 1394, 877, 919, 889, 954, 931]","[1910, 1909, 1907, 1888, 1894, 1896, 1899, 2096, 1895, 1866, 1869, 2095, 2100, 1897, 2093, 1889, 1904, 1867, 1885, 1881, 1878, 2103, 1873, 1898]","[""session_time_linear"", ""session_time_quadratic"", ""image_identity:im115_r-1.0"", ""eventual_response_in_window"", ""eventual_response_latency"", ""response_latency_missing""]"
no_reward,17,24,24,0.012246936250926765,0.012505241993436833,0.00025830574251006766,0.017621080615078277,0.005374144364151512,-0.005115838621641444,"[[100.0, 100.0, 8], [100.0, 100.0, 1], [100.0, 100.0, 8], [10.0, 10.0, 2]]","[[100.0, 100.0, 8], [100.0, 100.0, 1], [100.0, 100.0, 8], [10.0, 10.0, 2]]",pass,https://dandiarchive.s3.amazonaws.com/blobs/68c/a06/68ca0674-2a8a-4931-8d5b-10a3edfb0cfa,614608,1187475832,TH,STR,"[1430, 946, 1447, 1432, 1431, 1420, 1450, 1453, 915, 861, 948, 880, 1009, 930, 925, 893, 900, 883, 1394, 877, 919, 889, 954, 931]","[1910, 1909, 1907, 1888, 1894, 1896, 1899, 2096, 1895, 1866, 1869, 2095, 2100, 1897, 2093, 1889, 1904, 1867, 1885, 1881, 1878, 2103, 1873, 1898]","[""session_time_linear"", ""session_time_quadratic"", ""image_identity:im115_r-1.0"", ""eventual_response_in_window"", ""eventual_response_latency"", ""response_latency_missing""]"
engaged_1,24,24,24,0.07064565546904455,0.05452352766140689,-0.016122127807637665,0.0670223198512192,-0.0036233356178253517,-0.012498792189812313,"[[100.0, 100.0, 4], [100.0, 100.0, 1], [100.0, 100.0, 1], [100.0, 100.0, 1]]","[[100.0, 100.0, 4], [100.0, 100.0, 1], [100.0, 100.0, 1], [100.0, 100.0, 1]]",pass,https://dandiarchive.s3.amazonaws.com/blobs/fd4/c49/fd4c4964-f02b-456e-af4d-b9407877d0de,614608,1187940755,TH,STR,"[983, 978, 964, 425, 918, 460, 872, 927, 474, 449, 524, 489, 472, 423, 450, 436, 515, 466, 514, 476, 452, 457, 519, 463]","[1311, 1439, 1446, 1412, 1385, 1288, 1356, 1290, 1269, 1371, 1353, 1443, 1306, 1336, 1312, 1313, 1285, 1442, 1373, 1367, 1421, 1417, 1420, 1444]","[""session_time_linear"", ""session_time_quadratic"", ""image_identity:im115_r-1.0"", ""eventual_response_in_window"", ""eventual_response_latency"", ""response_latency_missing""]"
engaged_2,24,24,24,0.02103994971154266,0.011098271611235444,-0.009941678100307216,-0.00010062299096325056,-0.02114057270250591,0.011198894602198695,"[[100.0, 10.0, 1], [100.0, 10.0, 2], [100.0, 100.0, 2], [100.0, 100.0, 2]]","[[100.0, 10.0, 1], [100.0, 10.0, 2], [100.0, 100.0, 2], [100.0, 100.0, 2]]",pass,https://dandiarchive.s3.amazonaws.com/blobs/fd4/c49/fd4c4964-f02b-456e-af4d-b9407877d0de,614608,1187940755,TH,STR,"[983, 978, 964, 425, 918, 460, 872, 927, 474, 449, 524, 489, 472, 423, 450, 436, 515, 466, 514, 476, 452, 457, 519, 463]","[1311, 1439, 1446, 1412, 1385, 1288, 1356, 1290, 1269, 1371, 1353, 1443, 1306, 1336, 1312, 1313, 1285, 1442, 1373, 1367, 1421, 1417, 1420, 1444]","[""session_time_linear"", ""session_time_quadratic"", ""image_identity:im115_r-1.0"", ""eventual_response_in_window"", ""eventual_response_latency"", ""response_latency_missing""]"
no_reward,24,24,24,0.07688049488421789,0.06926553835747307,-0.0076149565267448205,0.07432076247877761,-0.0025597324054402737,-0.005055224121304547,"[[100.0, 100.0, 1], [100.0, 100.0, 1], [100.0, 100.0, 4], [100.0, 100.0, 8]]","[[100.0, 100.0, 1], [100.0, 100.0, 1], [100.0, 100.0, 4], [100.0, 100.0, 8]]",pass,https://dandiarchive.s3.amazonaws.com/blobs/fd4/c49/fd4c4964-f02b-456e-af4d-b9407877d0de,614608,1187940755,TH,STR,"[983, 978, 964, 425, 918, 460, 872, 927, 474, 449, 524, 489, 472, 423, 450, 436, 515, 466, 514, 476, 452, 457, 519, 463]","[1311, 1439, 1446, 1412, 1385, 1288, 1356, 1290, 1269, 1371, 1353, 1443, 1306, 1336, 1312, 1313, 1285, 1442, 1373, 1367, 1421, 1417, 1420, 1444]","[""session_time_linear"", ""session_time_quadratic"", ""image_identity:im115_r-1.0"", ""eventual_response_in_window"", ""eventual_response_latency"", ""response_latency_missing""]"
engaged_1,17,24,24,0.014799475322884836,0.014127424456273685,-0.0006720508666111513,0.018459229548384415,0.0036597542254995785,-0.00433180509211073,"[[100.0, 100.0, 8], [100.0, 100.0, 1], [100.0, 100.0, 1], [100.0, 100.0, 1]]","[[100.0, 100.0, 8], [100.0, 100.0, 1], [100.0, 100.0, 1], [100.0, 100.0, 1]]",pass,https://dandiarchive.s3.amazonaws.com/blobs/75d/9d0/75d9d091-e7db-47d1-aac4-d41133e29393,615048,1197725774,TH,STR,"[1330, 907, 1344, 903, 926, 879, 908, 898, 928, 997, 883, 1274, 884, 1325, 902, 886, 892, 976, 954, 877, 882, 887, 1271, 1329]","[79, 78, 82, 95, 151, 92, 168, 143, 88, 87, 103, 173, 108, 138, 135, 81, 129, 137, 169, 109, 84, 458, 165, 86]","[""session_time_linear"", ""session_time_quadratic"", ""image_identity:im115_r-1.0"", ""eventual_response_in_window"", ""eventual_response_latency"", ""response_latency_missing""]"
engaged_2,17,24,24,-0.0114772721930394,-0.019328178267199014,-0.007850906074159614,-0.02829506736274734,-0.01681779516970794,0.008966889095548325,"[[100.0, 100.0, 4], [100.0, 100.0, 8], [100.0, 100.0, 1], [100.0, 100.0, 4]]","[[100.0, 100.0, 4], [100.0, 100.0, 8], [100.0, 100.0, 1], [100.0, 100.0, 4]]",pass,https://dandiarchive.s3.amazonaws.com/blobs/75d/9d0/75d9d091-e7db-47d1-aac4-d41133e29393,615048,1197725774,TH,STR,"[1330, 907, 1344, 903, 926, 879, 908, 898, 928, 997, 883, 1274, 884, 1325, 902, 886, 892, 976, 954, 877, 882, 887, 1271, 1329]","[79, 78, 82, 95, 151, 92, 168, 143, 88, 87, 103, 173, 108, 138, 135, 81, 129, 137, 169, 109, 84, 458, 165, 86]","[""session_time_linear"", ""session_time_quadratic"", ""image_identity:im115_r-1.0"", ""eventual_response_in_window"", ""eventual_response_latency"", ""response_latency_missing""]"
no_reward,17,24,24,0.012744171434950102,0.007579257785385374,-0.0051649136495647285,-0.009426258207008154,-0.022170429641958256,0.017005515992393527,"[[100.0, 100.0, 8], [100.0, 100.0, 8], [100.0, 100.0, 4], [100.0, 100.0, 8]]","[[100.0, 100.0, 8], [100.0, 100.0, 8], [100.0, 100.0, 4], [100.0, 100.0, 8]]",pass,https://dandiarchive.s3.amazonaws.com/blobs/75d/9d0/75d9d091-e7db-47d1-aac4-d41133e29393,615048,1197725774,TH,STR,"[1330, 907, 1344, 903, 926, 879, 908, 898, 928, 997, 883, 1274, 884, 1325, 902, 886, 892, 976, 954, 877, 882, 887, 1271, 1329]","[79, 78, 82, 95, 151, 92, 168, 143, 88, 87, 103, 173, 108, 138, 135, 81, 129, 137, 169, 109, 84, 458, 165, 86]","[""session_time_linear"", ""session_time_quadratic"", ""image_identity:im115_r-1.0"", ""eventual_response_in_window"", ""eventual_response_latency"", ""response_latency_missing""]"
engaged_1,18,24,24,0.0105665154360286,-0.025827156180078026,-0.036393671616106626,0.016575182427000068,0.006008666990971467,-0.042402338607078094,"[[100.0, 100.0, 8], [100.0, 10.0, 1], [100.0, 100.0, 4], [100.0, 100.0, 1]]","[[100.0, 100.0, 8], [100.0, 10.0, 1], [100.0, 100.0, 4], [100.0, 100.0, 1]]",pass,https://dandiarchive.s3.amazonaws.com/blobs/fe0/9ba/fe09ba54-89e9-4b73-bf95-5127c2ee2ad9,615048,1197514969,TH,STR,"[1314, 1237, 1274, 1225, 1259, 1254, 1272, 1265, 1227, 1238, 1221, 1266, 1304, 1336, 1342, 1327, 1268, 1285, 1317, 1322, 1312, 1283, 1279, 1255]","[1788, 60, 56, 1829, 44, 1818, 52, 2076, 54, 148, 2093, 127, 2280, 2101, 2071, 2258, 2212, 63, 2086, 1800, 2092, 2055, 1774, 2090]","[""session_time_linear"", ""session_time_quadratic"", ""image_identity:im115_r-1.0"", ""eventual_response_in_window"", ""eventual_response_latency"", ""response_latency_missing""]"
engaged_2,18,24,24,-0.002778364396596844,0.00912950135569568,0.011907865752292524,-0.04499835063834201,-0.04221998624174517,0.05412785199403769,"[[100.0, 100.0, 4], [100.0, 100.0, 8], [100.0, 100.0, 8], [100.0, 10.0, 8]]","[[100.0, 100.0, 4], [100.0, 100.0, 8], [100.0, 100.0, 8], [100.0, 10.0, 8]]",pass,https://dandiarchive.s3.amazonaws.com/blobs/fe0/9ba/fe09ba54-89e9-4b73-bf95-5127c2ee2ad9,615048,1197514969,TH,STR,"[1314, 1237, 1274, 1225, 1259, 1254, 1272, 1265, 1227, 1238, 1221, 1266, 1304, 1336, 1342, 1327, 1268, 1285, 1317, 1322, 1312, 1283, 1279, 1255]","[1788, 60, 56, 1829, 44, 1818, 52, 2076, 54, 148, 2093, 127, 2280, 2101, 2071, 2258, 2212, 63, 2086, 1800, 2092, 2055, 1774, 2090]","[""session_time_linear"", ""session_time_quadratic"", ""image_identity:im115_r-1.0"", ""eventual_response_in_window"", ""eventual_response_latency"", ""response_latency_missing""]"
no_reward,18,24,24,-0.0006701297316478172,-0.0020721718839520342,-0.001402042152304217,-0.0006246750603922102,0.00004545467125560698,-0.001447496823559824,"[[100.0, 100.0, 1], [100.0, 100.0, 2], [100.0, 100.0, 1], [100.0, 100.0, 2]]","[[100.0, 100.0, 1], [100.0, 100.0, 2], [100.0, 100.0, 1], [100.0, 100.0, 2]]",pass,https://dandiarchive.s3.amazonaws.com/blobs/fe0/9ba/fe09ba54-89e9-4b73-bf95-5127c2ee2ad9,615048,1197514969,TH,STR,"[1314, 1237, 1274, 1225, 1259, 1254, 1272, 1265, 1227, 1238, 1221, 1266, 1304, 1336, 1342, 1327, 1268, 1285, 1317, 1322, 1312, 1283, 1279, 1255]","[1788, 60, 56, 1829, 44, 1818, 52, 2076, 54, 148, 2093, 127, 2280, 2101, 2071, 2258, 2212, 63, 2086, 1800, 2092, 2055, 1774, 2090]","[""session_time_linear"", ""session_time_quadratic"", ""image_identity:im115_r-1.0"", ""eventual_response_in_window"", ""eventual_response_latency"", ""response_latency_missing""]"
engaged_1,16,24,24,0.003857897222814821,0.01129509405733975,0.007437196834524928,-0.013160545574201654,-0.017018442797016475,0.024455639631541404,"[[100.0, 100.0, 8], [100.0, 100.0, 1], [100.0, 1.0, 1], [100.0, 100.0, 4]]","[[100.0, 100.0, 8], [100.0, 100.0, 1], [100.0, 1.0, 1], [100.0, 100.0, 4]]",pass,https://dandiarchive.s3.amazonaws.com/blobs/3ae/b2f/3aeb2f0d-c1c1-4b50-964b-61caffa07ee9,615564,1198796984,TH,STR,"[650, 623, 277, 215, 227, 239, 213, 238, 607, 211, 210, 245, 583, 655, 242, 207, 603, 202, 735, 214, 646, 644, 711, 978]","[1495, 1482, 1453, 1507, 1494, 1449, 1504, 1506, 1500, 1503, 1476, 1479, 1465, 1462, 1739, 1478, 1466, 9, 6, 1480, 1464, 1460, 1496, 1489]","[""session_time_linear"", ""session_time_quadratic"", ""image_identity:im115_r-1.0"", ""eventual_response_in_window"", ""eventual_response_latency"", ""response_latency_missing""]"
engaged_2,16,24,24,0.01089062966922194,-0.004738560559114369,-0.01562919022833631,0.020779765604696854,0.009889135935474913,-0.025518326163811222,"[[100.0, 100.0, 4], [100.0, 10.0, 1], [100.0, 1.0, 1], [100.0, 100.0, 1]]","[[100.0, 100.0, 4], [100.0, 10.0, 1], [100.0, 1.0, 1], [100.0, 100.0, 1]]",pass,https://dandiarchive.s3.amazonaws.com/blobs/3ae/b2f/3aeb2f0d-c1c1-4b50-964b-61caffa07ee9,615564,1198796984,TH,STR,"[650, 623, 277, 215, 227, 239, 213, 238, 607, 211, 210, 245, 583, 655, 242, 207, 603, 202, 735, 214, 646, 644, 711, 978]","[1495, 1482, 1453, 1507, 1494, 1449, 1504, 1506, 1500, 1503, 1476, 1479, 1465, 1462, 1739, 1478, 1466, 9, 6, 1480, 1464, 1460, 1496, 1489]","[""session_time_linear"", ""session_time_quadratic"", ""image_identity:im115_r-1.0"", ""eventual_response_in_window"", ""eventual_response_latency"", ""response_latency_missing""]"
no_reward,16,24,24,0.025905488313199165,0.020166409427772036,-0.005739078885427129,0.02827705662946134,0.0023715683162621737,-0.008110647201689303,"[[100.0, 100.0, 1], [100.0, 100.0, 8], [100.0, 10.0, 1], [100.0, 100.0, 2]]","[[100.0, 100.0, 1], [100.0, 100.0, 8], [100.0, 10.0, 1], [100.0, 100.0, 2]]",pass,https://dandiarchive.s3.amazonaws.com/blobs/3ae/b2f/3aeb2f0d-c1c1-4b50-964b-61caffa07ee9,615564,1198796984,TH,STR,"[650, 623, 277, 215, 227, 239, 213, 238, 607, 211, 210, 245, 583, 655, 242, 207, 603, 202, 735, 214, 646, 644, 711, 978]","[1495, 1482, 1453, 1507, 1494, 1449, 1504, 1506, 1500, 1503, 1476, 1479, 1465, 1462, 1739, 1478, 1466, 9, 6, 1480, 1464, 1460, 1496, 1489]","[""session_time_linear"", ""session_time_quadratic"", ""image_identity:im115_r-1.0"", ""eventual_response_in_window"", ""eventual_response_latency"", ""response_latency_missing""]"
engaged_1,17,24,24,0.05014628876747884,0.022089776818035256,-0.028056511949443586,0.029297284919033273,-0.02084900384844557,-0.007207508100998017,"[[100.0, 100.0, 2], [100.0, 10.0, 4], [100.0, 100.0, 1], [100.0, 100.0, 2]]","[[100.0, 100.0, 2], [100.0, 10.0, 4], [100.0, 100.0, 1], [100.0, 100.0, 2]]",pass,https://dandiarchive.s3.amazonaws.com/blobs/635/68b/63568b8b-5957-4045-b90d-d75108909249,615564,1198995158,TH,STR,"[66, 1527, 1180, 1183, 15, 2099, 1220, 1237, 22, 1238, 2, 1213, 7, 1282, 1247, 1267, 1271, 1279, 1229, 16, 40, 14, 1273, 1307]","[2225, 2147, 2242, 2241, 2161, 2255, 2208, 2155, 2123, 2125, 2143, 2113, 2215, 2163, 2156, 2555, 2146, 2206, 2131, 2232, 2598, 2137, 2198, 2127]","[""session_time_linear"", ""session_time_quadratic"", ""image_identity:im115_r-1.0"", ""eventual_response_in_window"", ""eventual_response_latency"", ""response_latency_missing""]"
engaged_2,17,24,24,0.07208477094071608,0.06983290120779184,-0.0022518697329242388,0.028167967174152042,-0.04391680376656404,0.0416649340336398,"[[100.0, 10.0, 2], [100.0, 1.0, 1], [10.0, 10.0, 8], [10.0, 100.0, 8]]","[[100.0, 10.0, 2], [100.0, 1.0, 1], [10.0, 10.0, 8], [10.0, 100.0, 8]]",pass,https://dandiarchive.s3.amazonaws.com/blobs/635/68b/63568b8b-5957-4045-b90d-d75108909249,615564,1198995158,TH,STR,"[66, 1527, 1180, 1183, 15, 2099, 1220, 1237, 22, 1238, 2, 1213, 7, 1282, 1247, 1267, 1271, 1279, 1229, 16, 40, 14, 1273, 1307]","[2225, 2147, 2242, 2241, 2161, 2255, 2208, 2155, 2123, 2125, 2143, 2113, 2215, 2163, 2156, 2555, 2146, 2206, 2131, 2232, 2598, 2137, 2198, 2127]","[""session_time_linear"", ""session_time_quadratic"", ""image_identity:im115_r-1.0"", ""eventual_response_in_window"", ""eventual_response_latency"", ""response_latency_missing""]"
no_reward,17,24,24,0.012447829387169262,0.01732736400300572,0.004879534615836456,0.017772389794209476,0.005324560407040213,-0.00044502579120375696,"[[100.0, 100.0, 2], [100.0, 100.0, 1], [100.0, 100.0, 1], [100.0, 100.0, 1]]","[[100.0, 100.0, 2], [100.0, 100.0, 1], [100.0, 100.0, 1], [100.0, 100.0, 1]]",pass,https://dandiarchive.s3.amazonaws.com/blobs/635/68b/63568b8b-5957-4045-b90d-d75108909249,615564,1198995158,TH,STR,"[66, 1527, 1180, 1183, 15, 2099, 1220, 1237, 22, 1238, 2, 1213, 7, 1282, 1247, 1267, 1271, 1279, 1229, 16, 40, 14, 1273, 1307]","[2225, 2147, 2242, 2241, 2161, 2255, 2208, 2155, 2123, 2125, 2143, 2113, 2215, 2163, 2156, 2555, 2146, 2206, 2131, 2232, 2598, 2137, 2198, 2127]","[""session_time_linear"", ""session_time_quadratic"", ""image_identity:im115_r-1.0"", ""eventual_response_in_window"", ""eventual_response_latency"", ""response_latency_missing""]"
engaged_1,12,24,24,0.05056841713921367,0.053829166306258114,0.003260749167044441,0.05528621879837847,0.0047178016591648,-0.0014570524921203587,"[[100.0, 100.0, 2], [100.0, 100.0, 4], [100.0, 100.0, 2], [100.0, 100.0, 4]]","[[100.0, 100.0, 2], [100.0, 100.0, 4], [100.0, 100.0, 2], [100.0, 100.0, 4]]",pass,https://dandiarchive.s3.amazonaws.com/blobs/9ae/cb7/9aecb778-a5a0-4554-8b06-3af01005fea5,623319,1209073822,TH,STR,"[266, 239, 1314, 236, 235, 1174, 1187, 1330, 1304, 238, 1317, 285, 1229, 556, 1248, 1213, 1035, 1327, 293, 1116, 1221, 289, 1606, 286]","[1657, 1783, 1740, 1737, 1743, 1738, 1734, 1648, 1655, 1771, 1730, 1663, 1837, 1839, 2386, 1835, 1736, 2263, 1820, 1816, 1721, 1652, 1662, 1749]","[""session_time_linear"", ""session_time_quadratic"", ""image_identity:im115_r-1.0"", ""eventual_response_in_window"", ""eventual_response_latency"", ""response_latency_missing""]"
engaged_2,12,24,24,0.03401592245167262,0.01688460718987206,-0.01713131526180056,-0.005956425634190632,-0.03997234808586325,0.02284103282406269,"[[100.0, 10.0, 2], [100.0, 100.0, 2], [100.0, 100.0, 1], [100.0, 100.0, 1]]","[[100.0, 10.0, 2], [100.0, 100.0, 2], [100.0, 100.0, 1], [100.0, 100.0, 1]]",pass,https://dandiarchive.s3.amazonaws.com/blobs/9ae/cb7/9aecb778-a5a0-4554-8b06-3af01005fea5,623319,1209073822,TH,STR,"[266, 239, 1314, 236, 235, 1174, 1187, 1330, 1304, 238, 1317, 285, 1229, 556, 1248, 1213, 1035, 1327, 293, 1116, 1221, 289, 1606, 286]","[1657, 1783, 1740, 1737, 1743, 1738, 1734, 1648, 1655, 1771, 1730, 1663, 1837, 1839, 2386, 1835, 1736, 2263, 1820, 1816, 1721, 1652, 1662, 1749]","[""session_time_linear"", ""session_time_quadratic"", ""image_identity:im115_r-1.0"", ""eventual_response_in_window"", ""eventual_response_latency"", ""response_latency_missing""]"
no_reward,12,24,24,0.018819204271661616,0.008033160434049003,-0.010786043837612613,-0.022221406707847446,-0.04104061097950906,0.03025456714189645,"[[100.0, 10.0, 1], [100.0, 10.0, 1], [100.0, 100.0, 1], [100.0, 100.0, 2]]","[[100.0, 10.0, 1], [100.0, 10.0, 1], [100.0, 100.0, 1], [100.0, 100.0, 2]]",pass,https://dandiarchive.s3.amazonaws.com/blobs/9ae/cb7/9aecb778-a5a0-4554-8b06-3af01005fea5,623319,1209073822,TH,STR,"[266, 239, 1314, 236, 235, 1174, 1187, 1330, 1304, 238, 1317, 285, 1229, 556, 1248, 1213, 1035, 1327, 293, 1116, 1221, 289, 1606, 286]","[1657, 1783, 1740, 1737, 1743, 1738, 1734, 1648, 1655, 1771, 1730, 1663, 1837, 1839, 2386, 1835, 1736, 2263, 1820, 1816, 1721, 1652, 1662, 1749]","[""session_time_linear"", ""session_time_quadratic"", ""image_identity:im115_r-1.0"", ""eventual_response_in_window"", ""eventual_response_latency"", ""response_latency_missing""]"
engaged_1,22,24,24,0.027786403144568594,0.02481621950121815,-0.0029701836433504436,0.02164820853715288,-0.0061381946074157145,0.003168010964065271,"[[100.0, 100.0, 2], [100.0, 100.0, 2], [100.0, 100.0, 1], [100.0, 100.0, 4]]","[[100.0, 100.0, 2], [100.0, 100.0, 2], [100.0, 100.0, 1], [100.0, 100.0, 4]]",pass,https://dandiarchive.s3.amazonaws.com/blobs/5d9/4f7/5d94f7f7-daa2-4d2d-93a5-1bd2bc02e141,623322,1200471383,TH,STR,"[192, 1031, 206, 199, 233, 219, 1026, 194, 187, 201, 1021, 531, 588, 216, 203, 503, 1020, 458, 579, 191, 453, 466, 465, 221]","[1602, 1567, 1571, 1576, 1592, 1599, 1583, 1566, 1587, 1568, 1600, 1596, 1589, 1584, 1594, 1579, 1870, 1593, 141, 1572, 1617, 1595, 1869, 1578]","[""session_time_linear"", ""session_time_quadratic"", ""image_identity:im115_r-1.0"", ""eventual_response_in_window"", ""eventual_response_latency"", ""response_latency_missing""]"
engaged_2,22,24,24,0.038362755224262135,0.030388516269749366,-0.007974238954512769,0.034763786880185554,-0.0035989683440765807,-0.004375270610436188,"[[100.0, 100.0, 1], [100.0, 100.0, 1], [100.0, 100.0, 1], [100.0, 100.0, 4]]","[[100.0, 100.0, 1], [100.0, 100.0, 1], [100.0, 100.0, 1], [100.0, 100.0, 4]]",pass,https://dandiarchive.s3.amazonaws.com/blobs/5d9/4f7/5d94f7f7-daa2-4d2d-93a5-1bd2bc02e141,623322,1200471383,TH,STR,"[192, 1031, 206, 199, 233, 219, 1026, 194, 187, 201, 1021, 531, 588, 216, 203, 503, 1020, 458, 579, 191, 453, 466, 465, 221]","[1602, 1567, 1571, 1576, 1592, 1599, 1583, 1566, 1587, 1568, 1600, 1596, 1589, 1584, 1594, 1579, 1870, 1593, 141, 1572, 1617, 1595, 1869, 1578]","[""session_time_linear"", ""session_time_quadratic"", ""image_identity:im115_r-1.0"", ""eventual_response_in_window"", ""eventual_response_latency"", ""response_latency_missing""]"
no_reward,22,24,24,0.02491882296367809,0.029365909098433507,0.004447086134755418,0.008212200542729864,-0.016706622420948225,0.021153708555703643,"[[100.0, 100.0, 8], [100.0, 100.0, 8], [100.0, 100.0, 2], [100.0, 100.0, 8]]","[[100.0, 100.0, 8], [100.0, 100.0, 8], [100.0, 100.0, 2], [100.0, 100.0, 8]]",pass,https://dandiarchive.s3.amazonaws.com/blobs/5d9/4f7/5d94f7f7-daa2-4d2d-93a5-1bd2bc02e141,623322,1200471383,TH,STR,"[192, 1031, 206, 199, 233, 219, 1026, 194, 187, 201, 1021, 531, 588, 216, 203, 503, 1020, 458, 579, 191, 453, 466, 465, 221]","[1602, 1567, 1571, 1576, 1592, 1599, 1583, 1566, 1587, 1568, 1600, 1596, 1589, 1584, 1594, 1579, 1870, 1593, 141, 1572, 1617, 1595, 1869, 1578]","[""session_time_linear"", ""session_time_quadratic"", ""image_identity:im115_r-1.0"", ""eventual_response_in_window"", ""eventual_response_latency"", ""response_latency_missing""]"
engaged_1,14,24,24,-0.060691095616452584,-0.062033112578289584,-0.0013420169618370004,-0.051230872982319875,0.009460222634132709,-0.01080223959596971,"[[10.0, 1.0, 1], [100.0, 100.0, 1], [100.0, 100.0, 4], [100.0, 100.0, 1]]","[[10.0, 1.0, 1], [100.0, 100.0, 1], [100.0, 100.0, 4], [100.0, 100.0, 1]]",pass,https://dandiarchive.s3.amazonaws.com/blobs/8bb/124/8bb12481-57e1-4f9d-95f0-c2ec49f2e338,632295,1218795542,TH,STR,"[1264, 1344, 1304, 1332, 1319, 1368, 1302, 1751, 1262, 1373, 874, 1350, 1294, 1289, 1274, 1307, 1297, 1366, 1410, 1286, 1293, 1295, 1787, 1280]","[1832, 1958, 1847, 1893, 1976, 1895, 1837, 1933, 1890, 1962, 2313, 1924, 1949, 2326, 1922, 1867, 1823, 1839, 1908, 1853, 1909, 1873, 1901, 1868]","[""session_time_linear"", ""session_time_quadratic"", ""image_identity:im115_r-1.0"", ""eventual_response_in_window"", ""eventual_response_latency"", ""response_latency_missing""]"
engaged_2,14,24,24,0.00871482638636889,0.009060559903079635,0.0003457335167107445,0.00858532358170594,-0.00012950280466295094,0.0004752363213736954,"[[100.0, 100.0, 1], [100.0, 100.0, 1], [100.0, 100.0, 1], [100.0, 100.0, 1]]","[[100.0, 100.0, 1], [100.0, 100.0, 1], [100.0, 100.0, 1], [100.0, 100.0, 1]]",pass,https://dandiarchive.s3.amazonaws.com/blobs/8bb/124/8bb12481-57e1-4f9d-95f0-c2ec49f2e338,632295,1218795542,TH,STR,"[1264, 1344, 1304, 1332, 1319, 1368, 1302, 1751, 1262, 1373, 874, 1350, 1294, 1289, 1274, 1307, 1297, 1366, 1410, 1286, 1293, 1295, 1787, 1280]","[1832, 1958, 1847, 1893, 1976, 1895, 1837, 1933, 1890, 1962, 2313, 1924, 1949, 2326, 1922, 1867, 1823, 1839, 1908, 1853, 1909, 1873, 1901, 1868]","[""session_time_linear"", ""session_time_quadratic"", ""image_identity:im115_r-1.0"", ""eventual_response_in_window"", ""eventual_response_latency"", ""response_latency_missing""]"
no_reward,14,24,24,-0.004546260304658434,-0.032285036990975735,-0.0277387766863173,-0.004756954031382321,-0.0002106937267238873,-0.027528082959593414,"[[100.0, 100.0, 1], [100.0, 100.0, 1], [100.0, 100.0, 4], [100.0, 100.0, 8]]","[[100.0, 100.0, 1], [100.0, 100.0, 1], [100.0, 100.0, 4], [100.0, 100.0, 8]]",pass,https://dandiarchive.s3.amazonaws.com/blobs/8bb/124/8bb12481-57e1-4f9d-95f0-c2ec49f2e338,632295,1218795542,TH,STR,"[1264, 1344, 1304, 1332, 1319, 1368, 1302, 1751, 1262, 1373, 874, 1350, 1294, 1289, 1274, 1307, 1297, 1366, 1410, 1286, 1293, 1295, 1787, 1280]","[1832, 1958, 1847, 1893, 1976, 1895, 1837, 1933, 1890, 1962, 2313, 1924, 1949, 2326, 1922, 1867, 1823, 1839, 1908, 1853, 1909, 1873, 1901, 1868]","[""session_time_linear"", ""session_time_quadratic"", ""image_identity:im115_r-1.0"", ""eventual_response_in_window"", ""eventual_response_latency"", ""response_latency_missing""]"
engaged_1,12,24,24,0.013220632394830067,-0.016942884961061333,-0.0301635173558914,-0.04457891284107185,-0.05779954523590192,0.027636027880010516,"[[100.0, 100.0, 1], [100.0, 10.0, 4], [100.0, 0.1, 1], [100.0, 100.0, 4]]","[[100.0, 100.0, 1], [100.0, 10.0, 4], [100.0, 0.1, 1], [100.0, 100.0, 4]]",pass,https://dandiarchive.s3.amazonaws.com/blobs/db1/7c5/db17c503-6c6e-44c4-921f-4b0ddfa6dbdb,632295,1219127153,TH,STR,"[1312, 1306, 36, 1051, 1307, 1115, 530, 1710, 1066, 1054, 1107, 1094, 1063, 1324, 1080, 581, 1305, 1303, 1379, 1048, 1044, 1329, 1266, 1331]","[1408, 1466, 1409, 1431, 1461, 1403, 1446, 1662, 1487, 1415, 1711, 1476, 1429, 1485, 1430, 1463, 1678, 1441, 1449, 1462, 1407, 1668, 1679, 1468]","[""session_time_linear"", ""session_time_quadratic"", ""image_identity:im115_r-1.0"", ""eventual_response_in_window"", ""eventual_response_latency"", ""response_latency_missing""]"
engaged_2,12,24,24,0.01637334133863433,0.014616432144936242,-0.0017569091936980863,0.021678291022275142,0.005304949683640814,-0.0070618588773389,"[[100.0, 100.0, 2], [100.0, 100.0, 2], [100.0, 100.0, 2], [100.0, 100.0, 1]]","[[100.0, 100.0, 2], [100.0, 100.0, 2], [100.0, 100.0, 2], [100.0, 100.0, 1]]",pass,https://dandiarchive.s3.amazonaws.com/blobs/db1/7c5/db17c503-6c6e-44c4-921f-4b0ddfa6dbdb,632295,1219127153,TH,STR,"[1312, 1306, 36, 1051, 1307, 1115, 530, 1710, 1066, 1054, 1107, 1094, 1063, 1324, 1080, 581, 1305, 1303, 1379, 1048, 1044, 1329, 1266, 1331]","[1408, 1466, 1409, 1431, 1461, 1403, 1446, 1662, 1487, 1415, 1711, 1476, 1429, 1485, 1430, 1463, 1678, 1441, 1449, 1462, 1407, 1668, 1679, 1468]","[""session_time_linear"", ""session_time_quadratic"", ""image_identity:im115_r-1.0"", ""eventual_response_in_window"", ""eventual_response_latency"", ""response_latency_missing""]"
no_reward,12,24,24,0.02810387404454462,-0.0022208390095594943,-0.030324713054104113,-0.0011685480794838554,-0.029272422124028474,-0.001052290930075639,"[[10.0, 100.0, 4], [100.0, 10.0, 2], [10.0, 100.0, 4], [100.0, 100.0, 1]]","[[10.0, 100.0, 4], [100.0, 10.0, 2], [10.0, 100.0, 4], [100.0, 100.0, 1]]",pass,https://dandiarchive.s3.amazonaws.com/blobs/db1/7c5/db17c503-6c6e-44c4-921f-4b0ddfa6dbdb,632295,1219127153,TH,STR,"[1312, 1306, 36, 1051, 1307, 1115, 530, 1710, 1066, 1054, 1107, 1094, 1063, 1324, 1080, 581, 1305, 1303, 1379, 1048, 1044, 1329, 1266, 1331]","[1408, 1466, 1409, 1431, 1461, 1403, 1446, 1662, 1487, 1415, 1711, 1476, 1429, 1485, 1430, 1463, 1678, 1441, 1449, 1462, 1407, 1668, 1679, 1468]","[""session_time_linear"", ""session_time_quadratic"", ""image_identity:im115_r-1.0"", ""eventual_response_in_window"", ""eventual_response_latency"", ""response_latency_missing""]"
engaged_1,21,24,24,0.04286049251755453,0.0335447883772616,-0.009315704140292924,0.02535234773755657,-0.01750814477999796,0.008192440639705034,"[[100.0, 100.0, 1], [100.0, 100.0, 1], [100.0, 100.0, 8], [100.0, 100.0, 8]]","[[100.0, 100.0, 1], [100.0, 100.0, 1], [100.0, 100.0, 8], [100.0, 100.0, 8]]",pass,https://dandiarchive.s3.amazonaws.com/blobs/d8b/8a9/d8b8a9fb-eda0-459f-a722-60a69961c992,638387,1229654875,TH,STR,"[1466, 1008, 1004, 983, 1010, 1328, 1445, 1260, 1486, 1284, 1352, 1327, 1398, 1330, 1285, 1387, 1300, 1349, 1277, 717, 1374, 685, 1316, 1470]","[6, 3, 67, 35, 12, 0, 109, 18, 11, 1634, 14, 1621, 16, 40, 78, 1637, 584, 46, 575, 25, 50, 10, 570, 9]","[""session_time_linear"", ""session_time_quadratic"", ""image_identity:im115_r-1.0"", ""eventual_response_in_window"", ""eventual_response_latency"", ""response_latency_missing""]"
engaged_2,21,24,24,0.05421647588825507,0.0486777781413954,-0.0055386977468596665,0.0407617897113397,-0.013454686176915365,0.007915988430055698,"[[100.0, 100.0, 1], [100.0, 100.0, 8], [100.0, 100.0, 1], [100.0, 100.0, 1]]","[[100.0, 100.0, 1], [100.0, 100.0, 8], [100.0, 100.0, 1], [100.0, 100.0, 1]]",pass,https://dandiarchive.s3.amazonaws.com/blobs/d8b/8a9/d8b8a9fb-eda0-459f-a722-60a69961c992,638387,1229654875,TH,STR,"[1466, 1008, 1004, 983, 1010, 1328, 1445, 1260, 1486, 1284, 1352, 1327, 1398, 1330, 1285, 1387, 1300, 1349, 1277, 717, 1374, 685, 1316, 1470]","[6, 3, 67, 35, 12, 0, 109, 18, 11, 1634, 14, 1621, 16, 40, 78, 1637, 584, 46, 575, 25, 50, 10, 570, 9]","[""session_time_linear"", ""session_time_quadratic"", ""image_identity:im115_r-1.0"", ""eventual_response_in_window"", ""eventual_response_latency"", ""response_latency_missing""]"
no_reward,21,24,24,-0.03194762749021729,-0.013557817404252326,0.018389810085964964,-0.039420084921536036,-0.007472457431318746,0.02586226751728371,"[[100.0, 100.0, 2], [100.0, 100.0, 8], [100.0, 100.0, 8], [100.0, 100.0, 8]]","[[100.0, 100.0, 2], [100.0, 100.0, 8], [100.0, 100.0, 8], [100.0, 100.0, 8]]",pass,https://dandiarchive.s3.amazonaws.com/blobs/d8b/8a9/d8b8a9fb-eda0-459f-a722-60a69961c992,638387,1229654875,TH,STR,"[1466, 1008, 1004, 983, 1010, 1328, 1445, 1260, 1486, 1284, 1352, 1327, 1398, 1330, 1285, 1387, 1300, 1349, 1277, 717, 1374, 685, 1316, 1470]","[6, 3, 67, 35, 12, 0, 109, 18, 11, 1634, 14, 1621, 16, 40, 78, 1637, 584, 46, 575, 25, 50, 10, 570, 9]","[""session_time_linear"", ""session_time_quadratic"", ""image_identity:im115_r-1.0"", ""eventual_response_in_window"", ""eventual_response_latency"", ""response_latency_missing""]"
engaged_1,23,24,24,0.06578080334653935,0.057381657658601926,-0.008399145687937426,-0.003104614269167749,-0.0688854176157071,0.060486271927769675,"[[10.0, 10.0, 8], [100.0, 0.1, 1], [100.0, 10.0, 1], [100.0, 100.0, 1]]","[[10.0, 10.0, 8], [100.0, 0.1, 1], [100.0, 10.0, 1], [100.0, 100.0, 1]]",pass,https://dandiarchive.s3.amazonaws.com/blobs/584/1b8/5841b844-3102-4b4f-8f2c-e4cd23ec8f45,640887,1234203203,TH,STR,"[1297, 7, 1279, 2, 5, 1314, 1321, 1298, 1308, 1310, 1323, 1550, 1332, 1317, 1307, 1303, 1324, 1549, 1319, 4, 1328, 1333, 1545, 1313]","[1588, 1569, 1656, 1605, 1770, 1755, 1695, 1709, 1674, 1735, 1785, 1597, 2073, 1734, 1663, 1756, 1732, 1694, 1662, 1728, 1737, 1671, 1608, 1635]","[""session_time_linear"", ""session_time_quadratic"", ""image_identity:im115_r-1.0"", ""eventual_response_in_window"", ""eventual_response_latency"", ""response_latency_missing""]"
engaged_2,23,24,24,0.058351540549076875,0.019066163536596514,-0.03928537701248036,0.03623815895642524,-0.022113381592651637,-0.017171995419828723,"[[100.0, 10.0, 2], [100.0, 10.0, 1], [100.0, 100.0, 2], [100.0, 100.0, 1]]","[[100.0, 10.0, 2], [100.0, 10.0, 1], [100.0, 100.0, 2], [100.0, 100.0, 1]]",pass,https://dandiarchive.s3.amazonaws.com/blobs/584/1b8/5841b844-3102-4b4f-8f2c-e4cd23ec8f45,640887,1234203203,TH,STR,"[1297, 7, 1279, 2, 5, 1314, 1321, 1298, 1308, 1310, 1323, 1550, 1332, 1317, 1307, 1303, 1324, 1549, 1319, 4, 1328, 1333, 1545, 1313]","[1588, 1569, 1656, 1605, 1770, 1755, 1695, 1709, 1674, 1735, 1785, 1597, 2073, 1734, 1663, 1756, 1732, 1694, 1662, 1728, 1737, 1671, 1608, 1635]","[""session_time_linear"", ""session_time_quadratic"", ""image_identity:im115_r-1.0"", ""eventual_response_in_window"", ""eventual_response_latency"", ""response_latency_missing""]"
no_reward,23,24,24,-0.004317145738151229,-0.007620462238073333,-0.0033033164999221043,-0.017579066180740677,-0.013261920442589448,0.009958603942667343,"[[100.0, 100.0, 1], [100.0, 100.0, 1], [100.0, 100.0, 1], [100.0, 100.0, 1]]","[[100.0, 100.0, 1], [100.0, 100.0, 1], [100.0, 100.0, 1], [100.0, 100.0, 1]]",pass,https://dandiarchive.s3.amazonaws.com/blobs/584/1b8/5841b844-3102-4b4f-8f2c-e4cd23ec8f45,640887,1234203203,TH,STR,"[1297, 7, 1279, 2, 5, 1314, 1321, 1298, 1308, 1310, 1323, 1550, 1332, 1317, 1307, 1303, 1324, 1549, 1319, 4, 1328, 1333, 1545, 1313]","[1588, 1569, 1656, 1605, 1770, 1755, 1695, 1709, 1674, 1735, 1785, 1597, 2073, 1734, 1663, 1756, 1732, 1694, 1662, 1728, 1737, 1671, 1608, 1635]","[""session_time_linear"", ""session_time_quadratic"", ""image_identity:im115_r-1.0"", ""eventual_response_in_window"", ""eventual_response_latency"", ""response_latency_missing""]"
engaged_1,25,24,24,0.038939004993809756,0.0428858604277742,0.003946855433964447,0.04194235987626038,0.003003354882450626,0.0009435005515138206,"[[100.0, 100.0, 1], [100.0, 100.0, 2], [100.0, 100.0, 1], [10.0, 10.0, 1]]","[[100.0, 100.0, 1], [100.0, 100.0, 2], [100.0, 100.0, 1], [10.0, 10.0, 1]]",pass,https://dandiarchive.s3.amazonaws.com/blobs/cfc/bf1/cfcbf155-cb15-455d-8450-0ef256540990,640887,1234410451,TH,STR,"[485, 1261, 733, 811, 278, 737, 1644, 294, 1582, 1208, 1246, 407, 1228, 848, 1257, 853, 730, 671, 402, 1227, 740, 385, 712, 282]","[1343, 1319, 1405, 1344, 1647, 1443, 1305, 1396, 1340, 1297, 1342, 1774, 1496, 1301, 1606, 1718, 1388, 1316, 1304, 1302, 1435, 1475, 1298, 1294]","[""session_time_linear"", ""session_time_quadratic"", ""image_identity:im115_r-1.0"", ""eventual_response_in_window"", ""eventual_response_latency"", ""response_latency_missing""]"
engaged_2,25,24,24,0.03115621807212665,0.025820073590972492,-0.005336144481154159,0.00916929857370996,-0.02198691949841669,0.01665077501726253,"[[100.0, 100.0, 1], [100.0, 100.0, 2], [100.0, 10.0, 1], [100.0, 10.0, 1]]","[[100.0, 100.0, 1], [100.0, 100.0, 2], [100.0, 10.0, 1], [100.0, 10.0, 1]]",pass,https://dandiarchive.s3.amazonaws.com/blobs/cfc/bf1/cfcbf155-cb15-455d-8450-0ef256540990,640887,1234410451,TH,STR,"[485, 1261, 733, 811, 278, 737, 1644, 294, 1582, 1208, 1246, 407, 1228, 848, 1257, 853, 730, 671, 402, 1227, 740, 385, 712, 282]","[1343, 1319, 1405, 1344, 1647, 1443, 1305, 1396, 1340, 1297, 1342, 1774, 1496, 1301, 1606, 1718, 1388, 1316, 1304, 1302, 1435, 1475, 1298, 1294]","[""session_time_linear"", ""session_time_quadratic"", ""image_identity:im115_r-1.0"", ""eventual_response_in_window"", ""eventual_response_latency"", ""response_latency_missing""]"
no_reward,25,24,24,0.06188770855017611,0.05367032980304176,-0.008217378747134352,0.038155073274003026,-0.023732635276173086,0.015515256529038735,"[[100.0, 10.0, 1], [100.0, 100.0, 2], [100.0, 100.0, 1], [100.0, 100.0, 2]]","[[100.0, 10.0, 1], [100.0, 100.0, 2], [100.0, 100.0, 1], [100.0, 100.0, 2]]",pass,https://dandiarchive.s3.amazonaws.com/blobs/cfc/bf1/cfcbf155-cb15-455d-8450-0ef256540990,640887,1234410451,TH,STR,"[485, 1261, 733, 811, 278, 737, 1644, 294, 1582, 1208, 1246, 407, 1228, 848, 1257, 853, 730, 671, 402, 1227, 740, 385, 712, 282]","[1343, 1319, 1405, 1344, 1647, 1443, 1305, 1396, 1340, 1297, 1342, 1774, 1496, 1301, 1606, 1718, 1388, 1316, 1304, 1302, 1435, 1475, 1298, 1294]","[""session_time_linear"", ""session_time_quadratic"", ""image_identity:im115_r-1.0"", ""eventual_response_in_window"", ""eventual_response_latency"", ""response_latency_missing""]"
engaged_1,27,24,24,0.0803971181318186,0.08098791214659218,0.0005907940147735768,0.07048437483847125,-0.009912743293347348,0.010503537308120925,"[[100.0, 100.0, 2], [100.0, 100.0, 2], [100.0, 100.0, 2], [100.0, 100.0, 1]]","[[100.0, 100.0, 2], [100.0, 100.0, 2], [100.0, 100.0, 2], [100.0, 100.0, 1]]",pass,https://dandiarchive.s3.amazonaws.com/blobs/13d/b29/13db29ff-1454-412d-8680-ecd7a38c6f95,640890,1232430325,TH,STR,"[1670, 498, 478, 493, 592, 1715, 1718, 806, 812, 918, 491, 522, 492, 1772, 545, 470, 466, 538, 523, 882, 531, 1880, 590, 464]","[3, 2314, 49, 35, 376, 45, 42, 126, 38, 34, 97, 84, 89, 117, 104, 44, 162, 387, 23, 142, 2195, 39, 69, 2269]","[""session_time_linear"", ""session_time_quadratic"", ""image_identity:im115_r-1.0"", ""eventual_response_in_window"", ""eventual_response_latency"", ""response_latency_missing""]"
engaged_2,27,24,24,0.05695772676582378,0.03695763172819422,-0.02000009503762956,0.046278933045969306,-0.010678793719854474,-0.009321301317775088,"[[100.0, 100.0, 1], [100.0, 100.0, 8], [100.0, 100.0, 8], [100.0, 100.0, 1]]","[[100.0, 100.0, 1], [100.0, 100.0, 8], [100.0, 100.0, 8], [100.0, 100.0, 1]]",pass,https://dandiarchive.s3.amazonaws.com/blobs/13d/b29/13db29ff-1454-412d-8680-ecd7a38c6f95,640890,1232430325,TH,STR,"[1670, 498, 478, 493, 592, 1715, 1718, 806, 812, 918, 491, 522, 492, 1772, 545, 470, 466, 538, 523, 882, 531, 1880, 590, 464]","[3, 2314, 49, 35, 376, 45, 42, 126, 38, 34, 97, 84, 89, 117, 104, 44, 162, 387, 23, 142, 2195, 39, 69, 2269]","[""session_time_linear"", ""session_time_quadratic"", ""image_identity:im115_r-1.0"", ""eventual_response_in_window"", ""eventual_response_latency"", ""response_latency_missing""]"
no_reward,27,24,24,0.003942436755238199,0.00993494663663863,0.005992509881400432,-0.0010810969953856109,-0.00502353375062381,0.011016043632024242,"[[100.0, 100.0, 4], [100.0, 100.0, 2], [100.0, 100.0, 2], [100.0, 100.0, 1]]","[[100.0, 100.0, 4], [100.0, 100.0, 2], [100.0, 100.0, 2], [100.0, 100.0, 1]]",pass,https://dandiarchive.s3.amazonaws.com/blobs/13d/b29/13db29ff-1454-412d-8680-ecd7a38c6f95,640890,1232430325,TH,STR,"[1670, 498, 478, 493, 592, 1715, 1718, 806, 812, 918, 491, 522, 492, 1772, 545, 470, 466, 538, 523, 882, 531, 1880, 590, 464]","[3, 2314, 49, 35, 376, 45, 42, 126, 38, 34, 97, 84, 89, 117, 104, 44, 162, 387, 23, 142, 2195, 39, 69, 2269]","[""session_time_linear"", ""session_time_quadratic"", ""image_identity:im115_r-1.0"", ""eventual_response_in_window"", ""eventual_response_latency"", ""response_latency_missing""]"
engaged_1,22,24,24,-0.009780680909493356,-0.037831606744373136,-0.02805092583487978,-0.043697969826828054,-0.0339172889173347,0.005866363082454917,"[[100.0, 100.0, 4], [100.0, 100.0, 1], [100.0, 1.0, 1], [100.0, 100.0, 8]]","[[100.0, 100.0, 4], [100.0, 100.0, 1], [100.0, 1.0, 1], [100.0, 100.0, 8]]",pass,https://dandiarchive.s3.amazonaws.com/blobs/e3b/977/e3b97777-89fa-4730-8d0e-fae22e471f07,640890,1232725697,TH,STR,"[794, 418, 800, 837, 775, 454, 763, 476, 475, 465, 470, 779, 835, 467, 828, 427, 805, 490, 811, 769, 485, 827, 449, 478]","[1531, 1530, 1504, 1480, 1499, 1527, 1593, 1561, 1516, 1534, 1508, 1521, 1465, 1587, 1486, 1592, 1559, 1582, 1542, 1518, 1951, 1502, 1528, 1584]","[""session_time_linear"", ""session_time_quadratic"", ""image_identity:im115_r-1.0"", ""eventual_response_in_window"", ""eventual_response_latency"", ""response_latency_missing""]"
engaged_2,22,24,24,-0.021361082751525817,-0.013021267881540677,0.00833981486998514,-0.023535029676950314,-0.002173946925424497,0.010513761795409637,"[[100.0, 100.0, 2], [100.0, 100.0, 8], [100.0, 100.0, 8], [100.0, 100.0, 8]]","[[100.0, 100.0, 2], [100.0, 100.0, 8], [100.0, 100.0, 8], [100.0, 100.0, 8]]",pass,https://dandiarchive.s3.amazonaws.com/blobs/e3b/977/e3b97777-89fa-4730-8d0e-fae22e471f07,640890,1232725697,TH,STR,"[794, 418, 800, 837, 775, 454, 763, 476, 475, 465, 470, 779, 835, 467, 828, 427, 805, 490, 811, 769, 485, 827, 449, 478]","[1531, 1530, 1504, 1480, 1499, 1527, 1593, 1561, 1516, 1534, 1508, 1521, 1465, 1587, 1486, 1592, 1559, 1582, 1542, 1518, 1951, 1502, 1528, 1584]","[""session_time_linear"", ""session_time_quadratic"", ""image_identity:im115_r-1.0"", ""eventual_response_in_window"", ""eventual_response_latency"", ""response_latency_missing""]"
no_reward,22,24,24,0.02329932605565277,0.025239430015195463,0.0019401039595426939,-0.007735789714871988,-0.031035115770524757,0.03297521973006745,"[[100.0, 100.0, 1], [100.0, 10.0, 1], [100.0, 10.0, 2], [100.0, 100.0, 8]]","[[100.0, 100.0, 1], [100.0, 10.0, 1], [100.0, 10.0, 2], [100.0, 100.0, 8]]",pass,https://dandiarchive.s3.amazonaws.com/blobs/e3b/977/e3b97777-89fa-4730-8d0e-fae22e471f07,640890,1232725697,TH,STR,"[794, 418, 800, 837, 775, 454, 763, 476, 475, 465, 470, 779, 835, 467, 828, 427, 805, 490, 811, 769, 485, 827, 449, 478]","[1531, 1530, 1504, 1480, 1499, 1527, 1593, 1561, 1516, 1534, 1508, 1521, 1465, 1587, 1486, 1592, 1559, 1582, 1542, 1518, 1951, 1502, 1528, 1584]","[""session_time_linear"", ""session_time_quadratic"", ""image_identity:im115_r-1.0"", ""eventual_response_in_window"", ""eventual_response_latency"", ""response_latency_missing""]"
engaged_1,16,24,24,0.0483927943176774,0.0410698953101406,-0.007322899007536798,0.026479286154595494,-0.021913508163081907,0.014590609155545109,"[[100.0, 100.0, 8], [100.0, 100.0, 4], [100.0, 10.0, 1], [100.0, 100.0, 1]]","[[100.0, 100.0, 8], [100.0, 100.0, 4], [100.0, 10.0, 1], [100.0, 100.0, 1]]",pass,https://dandiarchive.s3.amazonaws.com/blobs/559/41e/55941ebd-ef47-4d38-80af-0fabd499db6d,642504,1244070169,TH,STR,"[1034, 921, 901, 1003, 954, 961, 891, 947, 1177, 955, 931, 887, 477, 980, 599, 520, 1188, 506, 527, 979, 1029, 989, 485, 973]","[1287, 1450, 1385, 1365, 1380, 1367, 1393, 1263, 1425, 1285, 1411, 1317, 1413, 1289, 1422, 1388, 1399, 1237, 1636, 1378, 1329, 1410, 1363, 1244]","[""session_time_linear"", ""session_time_quadratic"", ""image_identity:im115_r-1.0"", ""eventual_response_in_window"", ""eventual_response_latency"", ""response_latency_missing""]"
engaged_2,16,24,24,0.07729758570277867,0.08961939783452377,0.012321812131745102,0.06512312923725272,-0.012174456465525951,0.024496268597271054,"[[100.0, 10.0, 1], [100.0, 100.0, 4], [100.0, 100.0, 2], [100.0, 100.0, 1]]","[[100.0, 10.0, 1], [100.0, 100.0, 4], [100.0, 100.0, 2], [100.0, 100.0, 1]]",pass,https://dandiarchive.s3.amazonaws.com/blobs/559/41e/55941ebd-ef47-4d38-80af-0fabd499db6d,642504,1244070169,TH,STR,"[1034, 921, 901, 1003, 954, 961, 891, 947, 1177, 955, 931, 887, 477, 980, 599, 520, 1188, 506, 527, 979, 1029, 989, 485, 973]","[1287, 1450, 1385, 1365, 1380, 1367, 1393, 1263, 1425, 1285, 1411, 1317, 1413, 1289, 1422, 1388, 1399, 1237, 1636, 1378, 1329, 1410, 1363, 1244]","[""session_time_linear"", ""session_time_quadratic"", ""image_identity:im115_r-1.0"", ""eventual_response_in_window"", ""eventual_response_latency"", ""response_latency_missing""]"
no_reward,16,24,24,0.05357872244918316,0.07128859913549379,0.017709876686310633,0.0525656560230926,-0.0010130664260905586,0.01872294311240119,"[[100.0, 100.0, 2], [100.0, 100.0, 1], [100.0, 10.0, 1], [100.0, 100.0, 4]]","[[100.0, 100.0, 2], [100.0, 100.0, 1], [100.0, 10.0, 1], [100.0, 100.0, 4]]",pass,https://dandiarchive.s3.amazonaws.com/blobs/559/41e/55941ebd-ef47-4d38-80af-0fabd499db6d,642504,1244070169,TH,STR,"[1034, 921, 901, 1003, 954, 961, 891, 947, 1177, 955, 931, 887, 477, 980, 599, 520, 1188, 506, 527, 979, 1029, 989, 485, 973]","[1287, 1450, 1385, 1365, 1380, 1367, 1393, 1263, 1425, 1285, 1411, 1317, 1413, 1289, 1422, 1388, 1399, 1237, 1636, 1378, 1329, 1410, 1363, 1244]","[""session_time_linear"", ""session_time_quadratic"", ""image_identity:im115_r-1.0"", ""eventual_response_in_window"", ""eventual_response_latency"", ""response_latency_missing""]"
engaged_1,18,24,24,0.04582302659108484,0.04179319810233162,-0.004029828488753218,0.055057986320769636,0.0092349597296848,-0.013264788218438017,"[[100.0, 100.0, 8], [100.0, 100.0, 1], [100.0, 100.0, 1], [100.0, 100.0, 8]]","[[100.0, 100.0, 8], [100.0, 100.0, 1], [100.0, 100.0, 1], [100.0, 100.0, 8]]",pass,https://dandiarchive.s3.amazonaws.com/blobs/88d/b29/88db2938-a9e0-491c-8056-f83cc894edf3,642504,1243523806,TH,STR,"[707, 713, 681, 354, 394, 708, 373, 355, 357, 382, 389, 378, 680, 369, 413, 385, 352, 409, 363, 572, 361, 415, 395, 564]","[1070, 1109, 1062, 1093, 1116, 1130, 1349, 1140, 1051, 1088, 1087, 1135, 1114, 1107, 1101, 1155, 1052, 1145, 1110, 1132, 1098, 1133, 1352, 1336]","[""session_time_linear"", ""session_time_quadratic"", ""image_identity:im115_r-1.0"", ""eventual_response_in_window"", ""eventual_response_latency"", ""response_latency_missing""]"
engaged_2,18,24,24,0.013792579210765155,0.007016886097018116,-0.006775693113747039,-0.03103172384202746,-0.04482430305279261,0.038048609939045575,"[[100.0, 100.0, 1], [100.0, 100.0, 1], [100.0, 10.0, 2], [100.0, 100.0, 2]]","[[100.0, 100.0, 1], [100.0, 100.0, 1], [100.0, 10.0, 2], [100.0, 100.0, 2]]",pass,https://dandiarchive.s3.amazonaws.com/blobs/88d/b29/88db2938-a9e0-491c-8056-f83cc894edf3,642504,1243523806,TH,STR,"[707, 713, 681, 354, 394, 708, 373, 355, 357, 382, 389, 378, 680, 369, 413, 385, 352, 409, 363, 572, 361, 415, 395, 564]","[1070, 1109, 1062, 1093, 1116, 1130, 1349, 1140, 1051, 1088, 1087, 1135, 1114, 1107, 1101, 1155, 1052, 1145, 1110, 1132, 1098, 1133, 1352, 1336]","[""session_time_linear"", ""session_time_quadratic"", ""image_identity:im115_r-1.0"", ""eventual_response_in_window"", ""eventual_response_latency"", ""response_latency_missing""]"
no_reward,18,24,24,0.019945157191607166,0.007992374326819318,-0.011952782864787848,-0.008505975363670482,-0.028451132555277647,0.0164983496904898,"[[100.0, 10.0, 1], [100.0, 100.0, 1], [100.0, 100.0, 1], [100.0, 100.0, 1]]","[[100.0, 10.0, 1], [100.0, 100.0, 1], [100.0, 100.0, 1], [100.0, 100.0, 1]]",pass,https://dandiarchive.s3.amazonaws.com/blobs/88d/b29/88db2938-a9e0-491c-8056-f83cc894edf3,642504,1243523806,TH,STR,"[707, 713, 681, 354, 394, 708, 373, 355, 357, 382, 389, 378, 680, 369, 413, 385, 352, 409, 363, 572, 361, 415, 395, 564]","[1070, 1109, 1062, 1093, 1116, 1130, 1349, 1140, 1051, 1088, 1087, 1135, 1114, 1107, 1101, 1155, 1052, 1145, 1110, 1132, 1098, 1133, 1352, 1336]","[""session_time_linear"", ""session_time_quadratic"", ""image_identity:im115_r-1.0"", ""eventual_response_in_window"", ""eventual_response_latency"", ""response_latency_missing""]"
