dandiset_id,dandiset_version,dandiset_doi,manifest_url,retrieved_at_utc,asset_id,path,content_size_bytes,dandi_etag,sha256,encoding_format,date_modified,date_published,s3_url,asset_kind,subject_id,session_start_time,recording_day,sex,genotype,species,age,n_probes,_nwb_path,ecephys_session_id,behavior_session_id,date_of_acquisition,session_number,companion_sex,companion_genotype,project_code,age_in_days,companion_unit_count,companion_channel_count,novel_image_id,has_lfp,companion_session_metadata_source,n_expected_subject_lfp_assets,n_subject_lfp_assets,subject_lfp_count_agrees,subject_lfp_availability_agrees,behavior_block,block_order,is_primary_gating_block,response_probability,n_responses,n_go_trials,false_alarm_probability,n_false_alarms,n_catch_trials,dprime,is_technically_valid,is_good_session
001051,0.260825.2232,10.48324/dandi.001051/0.260825.2232,https://dandiarchive.s3.amazonaws.com/dandisets/001051/0.260825.2232/assets.jsonld,2026-09-07T03:05:27.689410+00:00,558cdfa4-9d62-4b9d-a6dd-1366aaf603e9,sub-615564/sub-615564_ses-20220817T213756.nwb,1761302493,70a2dccc4a7a808c29b6853ee203c22c-27,8c13658d553116465127724a549c96768dfb2f22f6f372b343710bc1fe553d59,application/x-nwb,2024-06-08T00:02:41.325907-07:00,2026-08-25T22:33:01.381799+00:00,https://dandiarchive.s3.amazonaws.com/blobs/050/7be/0507bec5-48af-4de6-8094-ccb38f901537,session_nwb,615564,2022-08-17T21:37:56.496000Z,EPHYS_3,Male,Sst-IRES-Cre/wt;Ai32(RCL-ChR2(H134R)_EYFP)/wt,Mus musculus - House mouse,P234D,6,https://dandiarchive.s3.amazonaws.com/blobs/050/7be/0507bec5-48af-4de6-8094-ccb38f901537,1199249150,1199279085,2022-08-17 14:37:56.496000,3,M,Sst-IRES-Cre/wt;Ai32(RCL-ChR2(H134R)_EYFP)/wt,DynamicGating,234,2074,1536,im005_r-1.0,true,/Users/benh/github/ai-dg-paper/results/cache/dynamic_gating_session_metadata.csv,24,24,true,true,engaged_1,1,true,0.5897435897435898,23,39,0.21739130434782608,5,23,0.962712756859087,true,false
001051,0.260825.2232,10.48324/dandi.001051/0.260825.2232,https://dandiarchive.s3.amazonaws.com/dandisets/001051/0.260825.2232/assets.jsonld,2026-09-07T03:05:27.689410+00:00,558cdfa4-9d62-4b9d-a6dd-1366aaf603e9,sub-615564/sub-615564_ses-20220817T213756.nwb,1761302493,70a2dccc4a7a808c29b6853ee203c22c-27,8c13658d553116465127724a549c96768dfb2f22f6f372b343710bc1fe553d59,application/x-nwb,2024-06-08T00:02:41.325907-07:00,2026-08-25T22:33:01.381799+00:00,https://dandiarchive.s3.amazonaws.com/blobs/050/7be/0507bec5-48af-4de6-8094-ccb38f901537,session_nwb,615564,2022-08-17T21:37:56.496000Z,EPHYS_3,Male,Sst-IRES-Cre/wt;Ai32(RCL-ChR2(H134R)_EYFP)/wt,Mus musculus - House mouse,P234D,6,https://dandiarchive.s3.amazonaws.com/blobs/050/7be/0507bec5-48af-4de6-8094-ccb38f901537,1199249150,1199279085,2022-08-17 14:37:56.496000,3,M,Sst-IRES-Cre/wt;Ai32(RCL-ChR2(H134R)_EYFP)/wt,DynamicGating,234,2074,1536,im005_r-1.0,true,/Users/benh/github/ai-dg-paper/results/cache/dynamic_gating_session_metadata.csv,24,24,true,true,no_reward_late,2,true,0.0,0,38,0.09090909090909091,2,22,-0.9981112732922319,true,false
001051,0.260825.2232,10.48324/dandi.001051/0.260825.2232,https://dandiarchive.s3.amazonaws.com/dandisets/001051/0.260825.2232/assets.jsonld,2026-09-07T03:05:27.689410+00:00,558cdfa4-9d62-4b9d-a6dd-1366aaf603e9,sub-615564/sub-615564_ses-20220817T213756.nwb,1761302493,70a2dccc4a7a808c29b6853ee203c22c-27,8c13658d553116465127724a549c96768dfb2f22f6f372b343710bc1fe553d59,application/x-nwb,2024-06-08T00:02:41.325907-07:00,2026-08-25T22:33:01.381799+00:00,https://dandiarchive.s3.amazonaws.com/blobs/050/7be/0507bec5-48af-4de6-8094-ccb38f901537,session_nwb,615564,2022-08-17T21:37:56.496000Z,EPHYS_3,Male,Sst-IRES-Cre/wt;Ai32(RCL-ChR2(H134R)_EYFP)/wt,Mus musculus - House mouse,P234D,6,https://dandiarchive.s3.amazonaws.com/blobs/050/7be/0507bec5-48af-4de6-8094-ccb38f901537,1199249150,1199279085,2022-08-17 14:37:56.496000,3,M,Sst-IRES-Cre/wt;Ai32(RCL-ChR2(H134R)_EYFP)/wt,DynamicGating,234,2074,1536,im005_r-1.0,true,/Users/benh/github/ai-dg-paper/results/cache/dynamic_gating_session_metadata.csv,24,24,true,true,engaged_2_early,3,true,0.42857142857142855,21,49,0.06896551724137931,2,29,1.206619962319777,true,false
001051,0.260825.2232,10.48324/dandi.001051/0.260825.2232,https://dandiarchive.s3.amazonaws.com/dandisets/001051/0.260825.2232/assets.jsonld,2026-09-07T03:05:27.689410+00:00,558cdfa4-9d62-4b9d-a6dd-1366aaf603e9,sub-615564/sub-615564_ses-20220817T213756.nwb,1761302493,70a2dccc4a7a808c29b6853ee203c22c-27,8c13658d553116465127724a549c96768dfb2f22f6f372b343710bc1fe553d59,application/x-nwb,2024-06-08T00:02:41.325907-07:00,2026-08-25T22:33:01.381799+00:00,https://dandiarchive.s3.amazonaws.com/blobs/050/7be/0507bec5-48af-4de6-8094-ccb38f901537,session_nwb,615564,2022-08-17T21:37:56.496000Z,EPHYS_3,Male,Sst-IRES-Cre/wt;Ai32(RCL-ChR2(H134R)_EYFP)/wt,Mus musculus - House mouse,P234D,6,https://dandiarchive.s3.amazonaws.com/blobs/050/7be/0507bec5-48af-4de6-8094-ccb38f901537,1199249150,1199279085,2022-08-17 14:37:56.496000,3,M,Sst-IRES-Cre/wt;Ai32(RCL-ChR2(H134R)_EYFP)/wt,DynamicGating,234,2074,1536,im005_r-1.0,true,/Users/benh/github/ai-dg-paper/results/cache/dynamic_gating_session_metadata.csv,24,24,true,true,engaged_2_late,4,false,0.696969696969697,23,33,0.1,2,20,1.6789489596627372,true,false
001051,0.260825.2232,10.48324/dandi.001051/0.260825.2232,https://dandiarchive.s3.amazonaws.com/dandisets/001051/0.260825.2232/assets.jsonld,2026-09-07T03:05:27.689410+00:00,06ca37b5-6076-4e17-bc8d-f59930ca2ee1,sub-608672/sub-608672_ses-20220503T205638.nwb,2416129303,267f6aebc5e830f26b9a250f1328f2d7-37,9f8c9254e509e6ae9093795b968e37ee6588e268bde88860985a4fed580ddcd3,application/x-nwb,2024-06-07T18:47:53.255309-07:00,2026-08-25T22:32:58.727657+00:00,https://dandiarchive.s3.amazonaws.com/blobs/0ab/b29/0abb2952-5419-4c3b-b848-d58b590e49b5,session_nwb,608672,2022-05-03T20:56:38.592000Z,EPHYS_2,Female,Sst-IRES-Cre/wt;Ai32(RCL-ChR2(H134R)_EYFP)/wt,Mus musculus - House mouse,P208D,6,https://dandiarchive.s3.amazonaws.com/blobs/0ab/b29/0abb2952-5419-4c3b-b848-d58b590e49b5,1174790219,1174826567,2022-05-03 13:56:38.592000,2,F,Sst-IRES-Cre/wt;Ai32(RCL-ChR2(H134R)_EYFP)/wt,DynamicGating_DEV,208,2449,2304,im114_r-1.0,true,/Users/benh/github/ai-dg-paper/results/cache/dynamic_gating_session_metadata.csv,24,24,true,true,engaged_1,1,true,0.7142857142857143,25,35,0.07692307692307693,1,13,1.7903890745414182,true,false
001051,0.260825.2232,10.48324/dandi.001051/0.260825.2232,https://dandiarchive.s3.amazonaws.com/dandisets/001051/0.260825.2232/assets.jsonld,2026-09-07T03:05:27.689410+00:00,06ca37b5-6076-4e17-bc8d-f59930ca2ee1,sub-608672/sub-608672_ses-20220503T205638.nwb,2416129303,267f6aebc5e830f26b9a250f1328f2d7-37,9f8c9254e509e6ae9093795b968e37ee6588e268bde88860985a4fed580ddcd3,application/x-nwb,2024-06-07T18:47:53.255309-07:00,2026-08-25T22:32:58.727657+00:00,https://dandiarchive.s3.amazonaws.com/blobs/0ab/b29/0abb2952-5419-4c3b-b848-d58b590e49b5,session_nwb,608672,2022-05-03T20:56:38.592000Z,EPHYS_2,Female,Sst-IRES-Cre/wt;Ai32(RCL-ChR2(H134R)_EYFP)/wt,Mus musculus - House mouse,P208D,6,https://dandiarchive.s3.amazonaws.com/blobs/0ab/b29/0abb2952-5419-4c3b-b848-d58b590e49b5,1174790219,1174826567,2022-05-03 13:56:38.592000,2,F,Sst-IRES-Cre/wt;Ai32(RCL-ChR2(H134R)_EYFP)/wt,DynamicGating_DEV,208,2449,2304,im114_r-1.0,true,/Users/benh/github/ai-dg-paper/results/cache/dynamic_gating_session_metadata.csv,24,24,true,true,no_reward_late,2,true,0.0425531914893617,2,47,0.0,0,15,0.23775114580845247,true,false
001051,0.260825.2232,10.48324/dandi.001051/0.260825.2232,https://dandiarchive.s3.amazonaws.com/dandisets/001051/0.260825.2232/assets.jsonld,2026-09-07T03:05:27.689410+00:00,06ca37b5-6076-4e17-bc8d-f59930ca2ee1,sub-608672/sub-608672_ses-20220503T205638.nwb,2416129303,267f6aebc5e830f26b9a250f1328f2d7-37,9f8c9254e509e6ae9093795b968e37ee6588e268bde88860985a4fed580ddcd3,application/x-nwb,2024-06-07T18:47:53.255309-07:00,2026-08-25T22:32:58.727657+00:00,https://dandiarchive.s3.amazonaws.com/blobs/0ab/b29/0abb2952-5419-4c3b-b848-d58b590e49b5,session_nwb,608672,2022-05-03T20:56:38.592000Z,EPHYS_2,Female,Sst-IRES-Cre/wt;Ai32(RCL-ChR2(H134R)_EYFP)/wt,Mus musculus - House mouse,P208D,6,https://dandiarchive.s3.amazonaws.com/blobs/0ab/b29/0abb2952-5419-4c3b-b848-d58b590e49b5,1174790219,1174826567,2022-05-03 13:56:38.592000,2,F,Sst-IRES-Cre/wt;Ai32(RCL-ChR2(H134R)_EYFP)/wt,DynamicGating_DEV,208,2449,2304,im114_r-1.0,true,/Users/benh/github/ai-dg-paper/results/cache/dynamic_gating_session_metadata.csv,24,24,true,true,engaged_2_early,3,true,0.5897435897435898,23,39,0.21428571428571427,3,14,0.9490320038792146,true,false
001051,0.260825.2232,10.48324/dandi.001051/0.260825.2232,https://dandiarchive.s3.amazonaws.com/dandisets/001051/0.260825.2232/assets.jsonld,2026-09-07T03:05:27.689410+00:00,06ca37b5-6076-4e17-bc8d-f59930ca2ee1,sub-608672/sub-608672_ses-20220503T205638.nwb,2416129303,267f6aebc5e830f26b9a250f1328f2d7-37,9f8c9254e509e6ae9093795b968e37ee6588e268bde88860985a4fed580ddcd3,application/x-nwb,2024-06-07T18:47:53.255309-07:00,2026-08-25T22:32:58.727657+00:00,https://dandiarchive.s3.amazonaws.com/blobs/0ab/b29/0abb2952-5419-4c3b-b848-d58b590e49b5,session_nwb,608672,2022-05-03T20:56:38.592000Z,EPHYS_2,Female,Sst-IRES-Cre/wt;Ai32(RCL-ChR2(H134R)_EYFP)/wt,Mus musculus - House mouse,P208D,6,https://dandiarchive.s3.amazonaws.com/blobs/0ab/b29/0abb2952-5419-4c3b-b848-d58b590e49b5,1174790219,1174826567,2022-05-03 13:56:38.592000,2,F,Sst-IRES-Cre/wt;Ai32(RCL-ChR2(H134R)_EYFP)/wt,DynamicGating_DEV,208,2449,2304,im114_r-1.0,true,/Users/benh/github/ai-dg-paper/results/cache/dynamic_gating_session_metadata.csv,24,24,true,true,engaged_2_late,4,false,0.5,15,30,0.2,2,10,0.7478585947633022,true,false
001051,0.260825.2232,10.48324/dandi.001051/0.260825.2232,https://dandiarchive.s3.amazonaws.com/dandisets/001051/0.260825.2232/assets.jsonld,2026-09-07T03:05:27.689410+00:00,cb11969c-666a-43e1-aecd-5b97f09c8ccd,sub-614608/sub-614608_ses-20220628T211655.nwb,2674945194,e17a1eacea2dcc32232bf691b35511d8-40,59387dbad08f2932859e8168b66ad862775f74e590cf9fd7bb1c63d05df03f45,application/x-nwb,2024-06-07T21:29:46.898315-07:00,2026-08-25T22:33:00.091135+00:00,https://dandiarchive.s3.amazonaws.com/blobs/0bd/fcc/0bdfccec-c7f5-413e-b52d-4ad1895672fa,session_nwb,614608,2022-06-28T21:16:55.019000Z,EPHYS_2,Male,Sst-IRES-Cre/wt;Ai32(RCL-ChR2(H134R)_EYFP)/wt,Mus musculus - House mouse,P194D,6,https://dandiarchive.s3.amazonaws.com/blobs/0bd/fcc/0bdfccec-c7f5-413e-b52d-4ad1895672fa,1187668018,1187706525,2022-06-28 14:16:55.019000,2,M,Sst-IRES-Cre/wt;Ai32(RCL-ChR2(H134R)_EYFP)/wt,DynamicGating_DEV,194,2612,2304,im114_r-1.0,true,/Users/benh/github/ai-dg-paper/results/cache/dynamic_gating_session_metadata.csv,23,24,false,true,engaged_1,1,true,0.7647058823529411,39,51,0.125,2,16,1.7541972908639951,true,false
001051,0.260825.2232,10.48324/dandi.001051/0.260825.2232,https://dandiarchive.s3.amazonaws.com/dandisets/001051/0.260825.2232/assets.jsonld,2026-09-07T03:05:27.689410+00:00,cb11969c-666a-43e1-aecd-5b97f09c8ccd,sub-614608/sub-614608_ses-20220628T211655.nwb,2674945194,e17a1eacea2dcc32232bf691b35511d8-40,59387dbad08f2932859e8168b66ad862775f74e590cf9fd7bb1c63d05df03f45,application/x-nwb,2024-06-07T21:29:46.898315-07:00,2026-08-25T22:33:00.091135+00:00,https://dandiarchive.s3.amazonaws.com/blobs/0bd/fcc/0bdfccec-c7f5-413e-b52d-4ad1895672fa,session_nwb,614608,2022-06-28T21:16:55.019000Z,EPHYS_2,Male,Sst-IRES-Cre/wt;Ai32(RCL-ChR2(H134R)_EYFP)/wt,Mus musculus - House mouse,P194D,6,https://dandiarchive.s3.amazonaws.com/blobs/0bd/fcc/0bdfccec-c7f5-413e-b52d-4ad1895672fa,1187668018,1187706525,2022-06-28 14:16:55.019000,2,M,Sst-IRES-Cre/wt;Ai32(RCL-ChR2(H134R)_EYFP)/wt,DynamicGating_DEV,194,2612,2304,im114_r-1.0,true,/Users/benh/github/ai-dg-paper/results/cache/dynamic_gating_session_metadata.csv,23,24,false,true,no_reward_late,2,true,0.022222222222222223,1,45,0.0,0,15,0.018966838425315657,true,false
001051,0.260825.2232,10.48324/dandi.001051/0.260825.2232,https://dandiarchive.s3.amazonaws.com/dandisets/001051/0.260825.2232/assets.jsonld,2026-09-07T03:05:27.689410+00:00,cb11969c-666a-43e1-aecd-5b97f09c8ccd,sub-614608/sub-614608_ses-20220628T211655.nwb,2674945194,e17a1eacea2dcc32232bf691b35511d8-40,59387dbad08f2932859e8168b66ad862775f74e590cf9fd7bb1c63d05df03f45,application/x-nwb,2024-06-07T21:29:46.898315-07:00,2026-08-25T22:33:00.091135+00:00,https://dandiarchive.s3.amazonaws.com/blobs/0bd/fcc/0bdfccec-c7f5-413e-b52d-4ad1895672fa,session_nwb,614608,2022-06-28T21:16:55.019000Z,EPHYS_2,Male,Sst-IRES-Cre/wt;Ai32(RCL-ChR2(H134R)_EYFP)/wt,Mus musculus - House mouse,P194D,6,https://dandiarchive.s3.amazonaws.com/blobs/0bd/fcc/0bdfccec-c7f5-413e-b52d-4ad1895672fa,1187668018,1187706525,2022-06-28 14:16:55.019000,2,M,Sst-IRES-Cre/wt;Ai32(RCL-ChR2(H134R)_EYFP)/wt,DynamicGating_DEV,194,2612,2304,im114_r-1.0,true,/Users/benh/github/ai-dg-paper/results/cache/dynamic_gating_session_metadata.csv,23,24,false,true,engaged_2_early,3,true,0.4576271186440678,27,59,0.05,1,20,1.360600337071447,true,false
001051,0.260825.2232,10.48324/dandi.001051/0.260825.2232,https://dandiarchive.s3.amazonaws.com/dandisets/001051/0.260825.2232/assets.jsonld,2026-09-07T03:05:27.689410+00:00,cb11969c-666a-43e1-aecd-5b97f09c8ccd,sub-614608/sub-614608_ses-20220628T211655.nwb,2674945194,e17a1eacea2dcc32232bf691b35511d8-40,59387dbad08f2932859e8168b66ad862775f74e590cf9fd7bb1c63d05df03f45,application/x-nwb,2024-06-07T21:29:46.898315-07:00,2026-08-25T22:33:00.091135+00:00,https://dandiarchive.s3.amazonaws.com/blobs/0bd/fcc/0bdfccec-c7f5-413e-b52d-4ad1895672fa,session_nwb,614608,2022-06-28T21:16:55.019000Z,EPHYS_2,Male,Sst-IRES-Cre/wt;Ai32(RCL-ChR2(H134R)_EYFP)/wt,Mus musculus - House mouse,P194D,6,https://dandiarchive.s3.amazonaws.com/blobs/0bd/fcc/0bdfccec-c7f5-413e-b52d-4ad1895672fa,1187668018,1187706525,2022-06-28 14:16:55.019000,2,M,Sst-IRES-Cre/wt;Ai32(RCL-ChR2(H134R)_EYFP)/wt,DynamicGating_DEV,194,2612,2304,im114_r-1.0,true,/Users/benh/github/ai-dg-paper/results/cache/dynamic_gating_session_metadata.csv,23,24,false,true,engaged_2_late,4,false,0.42105263157894735,16,38,0.08333333333333333,1,12,1.0043515598829982,true,false
001051,0.260825.2232,10.48324/dandi.001051/0.260825.2232,https://dandiarchive.s3.amazonaws.com/dandisets/001051/0.260825.2232/assets.jsonld,2026-09-07T03:05:27.689410+00:00,32f4964e-b8f7-4090-a26d-7aae7d612d0a,sub-611160/sub-611160_ses-20220511T220415.nwb,2084368829,5b9abb4aa40b87fdf33db1dca4a7710e-32,a7cecdb8daf82c38cb4fbf3806f7ff9f3a31ed499e97969f5472521d98196941,application/x-nwb,2024-06-07T19:31:31.515067-07:00,2026-08-25T22:32:59.073078+00:00,https://dandiarchive.s3.amazonaws.com/blobs/0e3/8be/0e38be1e-c081-4521-86c7-d316a3aa6a09,session_nwb,611160,2022-05-11T22:04:15.060000Z,EPHYS_2,Male,Ai32(RCL-ChR2(H134R)_EYFP)/wt,Mus musculus - House mouse,P172D,6,https://dandiarchive.s3.amazonaws.com/blobs/0e3/8be/0e38be1e-c081-4521-86c7-d316a3aa6a09,1176580734,1176620114,2022-05-11 15:04:15.060000,2,M,Ai32(RCL-ChR2(H134R)_EYFP)/wt,DynamicGating_DEV,172,1580,0,im114_r-1.0,true,/Users/benh/github/ai-dg-paper/results/cache/dynamic_gating_session_metadata.csv,17,17,true,true,engaged_1,1,true,0.6060606060606061,20,33,0.16666666666666666,2,12,1.130391173690339,true,false
001051,0.260825.2232,10.48324/dandi.001051/0.260825.2232,https://dandiarchive.s3.amazonaws.com/dandisets/001051/0.260825.2232/assets.jsonld,2026-09-07T03:05:27.689410+00:00,32f4964e-b8f7-4090-a26d-7aae7d612d0a,sub-611160/sub-611160_ses-20220511T220415.nwb,2084368829,5b9abb4aa40b87fdf33db1dca4a7710e-32,a7cecdb8daf82c38cb4fbf3806f7ff9f3a31ed499e97969f5472521d98196941,application/x-nwb,2024-06-07T19:31:31.515067-07:00,2026-08-25T22:32:59.073078+00:00,https://dandiarchive.s3.amazonaws.com/blobs/0e3/8be/0e38be1e-c081-4521-86c7-d316a3aa6a09,session_nwb,611160,2022-05-11T22:04:15.060000Z,EPHYS_2,Male,Ai32(RCL-ChR2(H134R)_EYFP)/wt,Mus musculus - House mouse,P172D,6,https://dandiarchive.s3.amazonaws.com/blobs/0e3/8be/0e38be1e-c081-4521-86c7-d316a3aa6a09,1176580734,1176620114,2022-05-11 15:04:15.060000,2,M,Ai32(RCL-ChR2(H134R)_EYFP)/wt,DynamicGating_DEV,172,1580,0,im114_r-1.0,true,/Users/benh/github/ai-dg-paper/results/cache/dynamic_gating_session_metadata.csv,17,17,true,true,no_reward_late,2,true,0.0,0,47,0.0,0,16,-0.4214813779239883,true,false
001051,0.260825.2232,10.48324/dandi.001051/0.260825.2232,https://dandiarchive.s3.amazonaws.com/dandisets/001051/0.260825.2232/assets.jsonld,2026-09-07T03:05:27.689410+00:00,32f4964e-b8f7-4090-a26d-7aae7d612d0a,sub-611160/sub-611160_ses-20220511T220415.nwb,2084368829,5b9abb4aa40b87fdf33db1dca4a7710e-32,a7cecdb8daf82c38cb4fbf3806f7ff9f3a31ed499e97969f5472521d98196941,application/x-nwb,2024-06-07T19:31:31.515067-07:00,2026-08-25T22:32:59.073078+00:00,https://dandiarchive.s3.amazonaws.com/blobs/0e3/8be/0e38be1e-c081-4521-86c7-d316a3aa6a09,session_nwb,611160,2022-05-11T22:04:15.060000Z,EPHYS_2,Male,Ai32(RCL-ChR2(H134R)_EYFP)/wt,Mus musculus - House mouse,P172D,6,https://dandiarchive.s3.amazonaws.com/blobs/0e3/8be/0e38be1e-c081-4521-86c7-d316a3aa6a09,1176580734,1176620114,2022-05-11 15:04:15.060000,2,M,Ai32(RCL-ChR2(H134R)_EYFP)/wt,DynamicGating_DEV,172,1580,0,im114_r-1.0,true,/Users/benh/github/ai-dg-paper/results/cache/dynamic_gating_session_metadata.csv,17,17,true,true,engaged_2_early,3,true,0.32653061224489793,16,49,0.0,0,16,1.4495967946601966,true,false
001051,0.260825.2232,10.48324/dandi.001051/0.260825.2232,https://dandiarchive.s3.amazonaws.com/dandisets/001051/0.260825.2232/assets.jsonld,2026-09-07T03:05:27.689410+00:00,32f4964e-b8f7-4090-a26d-7aae7d612d0a,sub-611160/sub-611160_ses-20220511T220415.nwb,2084368829,5b9abb4aa40b87fdf33db1dca4a7710e-32,a7cecdb8daf82c38cb4fbf3806f7ff9f3a31ed499e97969f5472521d98196941,application/x-nwb,2024-06-07T19:31:31.515067-07:00,2026-08-25T22:32:59.073078+00:00,https://dandiarchive.s3.amazonaws.com/blobs/0e3/8be/0e38be1e-c081-4521-86c7-d316a3aa6a09,session_nwb,611160,2022-05-11T22:04:15.060000Z,EPHYS_2,Male,Ai32(RCL-ChR2(H134R)_EYFP)/wt,Mus musculus - House mouse,P172D,6,https://dandiarchive.s3.amazonaws.com/blobs/0e3/8be/0e38be1e-c081-4521-86c7-d316a3aa6a09,1176580734,1176620114,2022-05-11 15:04:15.060000,2,M,Ai32(RCL-ChR2(H134R)_EYFP)/wt,DynamicGating_DEV,172,1580,0,im114_r-1.0,true,/Users/benh/github/ai-dg-paper/results/cache/dynamic_gating_session_metadata.csv,17,17,true,true,engaged_2_late,4,false,0.5806451612903226,18,31,0.0,0,9,1.8419527112457845,true,false
001051,0.260825.2232,10.48324/dandi.001051/0.260825.2232,https://dandiarchive.s3.amazonaws.com/dandisets/001051/0.260825.2232/assets.jsonld,2026-09-07T03:05:27.689410+00:00,1f8fd86d-cbdf-4954-8216-f9c346282076,sub-640890/sub-640890_ses-20221213T065302.nwb,2290925643,1c14b910725c74b69198cf0631620252-35,8838d1e2067f7bc55c50388d82fb089d9f72b48f9e8cdf239a4154c5507048e1,application/x-nwb,2024-06-08T07:19:59.836856-07:00,2026-08-25T22:33:05.463460+00:00,https://dandiarchive.s3.amazonaws.com/blobs/13d/b29/13db29ff-1454-412d-8680-ecd7a38c6f95,session_nwb,640890,2022-12-13T06:53:02.328000Z,EPHYS_1,Male,Sst-IRES-Cre/wt;Ai32(RCL-ChR2(H134R)_EYFP)/wt,Mus musculus - House mouse,P165D,6,https://dandiarchive.s3.amazonaws.com/blobs/13d/b29/13db29ff-1454-412d-8680-ecd7a38c6f95,1232430325,1232515558,2022-12-12 22:53:02.328000,1,M,Sst-IRES-Cre/wt;Ai32(RCL-ChR2(H134R)_EYFP)/wt,DynamicGating,165,2667,2304,im104_r-1.0,true,/Users/benh/github/ai-dg-paper/results/cache/dynamic_gating_session_metadata.csv,24,24,true,true,engaged_1,1,true,0.9056603773584906,48,53,0.12121212121212122,4,33,2.3864074790436254,true,true
001051,0.260825.2232,10.48324/dandi.001051/0.260825.2232,https://dandiarchive.s3.amazonaws.com/dandisets/001051/0.260825.2232/assets.jsonld,2026-09-07T03:05:27.689410+00:00,1f8fd86d-cbdf-4954-8216-f9c346282076,sub-640890/sub-640890_ses-20221213T065302.nwb,2290925643,1c14b910725c74b69198cf0631620252-35,8838d1e2067f7bc55c50388d82fb089d9f72b48f9e8cdf239a4154c5507048e1,application/x-nwb,2024-06-08T07:19:59.836856-07:00,2026-08-25T22:33:05.463460+00:00,https://dandiarchive.s3.amazonaws.com/blobs/13d/b29/13db29ff-1454-412d-8680-ecd7a38c6f95,session_nwb,640890,2022-12-13T06:53:02.328000Z,EPHYS_1,Male,Sst-IRES-Cre/wt;Ai32(RCL-ChR2(H134R)_EYFP)/wt,Mus musculus - House mouse,P165D,6,https://dandiarchive.s3.amazonaws.com/blobs/13d/b29/13db29ff-1454-412d-8680-ecd7a38c6f95,1232430325,1232515558,2022-12-12 22:53:02.328000,1,M,Sst-IRES-Cre/wt;Ai32(RCL-ChR2(H134R)_EYFP)/wt,DynamicGating,165,2667,2304,im104_r-1.0,true,/Users/benh/github/ai-dg-paper/results/cache/dynamic_gating_session_metadata.csv,24,24,true,true,no_reward_late,2,true,0.0,0,42,0.0,0,24,-0.21545688565314114,true,true
001051,0.260825.2232,10.48324/dandi.001051/0.260825.2232,https://dandiarchive.s3.amazonaws.com/dandisets/001051/0.260825.2232/assets.jsonld,2026-09-07T03:05:27.689410+00:00,1f8fd86d-cbdf-4954-8216-f9c346282076,sub-640890/sub-640890_ses-20221213T065302.nwb,2290925643,1c14b910725c74b69198cf0631620252-35,8838d1e2067f7bc55c50388d82fb089d9f72b48f9e8cdf239a4154c5507048e1,application/x-nwb,2024-06-08T07:19:59.836856-07:00,2026-08-25T22:33:05.463460+00:00,https://dandiarchive.s3.amazonaws.com/blobs/13d/b29/13db29ff-1454-412d-8680-ecd7a38c6f95,session_nwb,640890,2022-12-13T06:53:02.328000Z,EPHYS_1,Male,Sst-IRES-Cre/wt;Ai32(RCL-ChR2(H134R)_EYFP)/wt,Mus musculus - House mouse,P165D,6,https://dandiarchive.s3.amazonaws.com/blobs/13d/b29/13db29ff-1454-412d-8680-ecd7a38c6f95,1232430325,1232515558,2022-12-12 22:53:02.328000,1,M,Sst-IRES-Cre/wt;Ai32(RCL-ChR2(H134R)_EYFP)/wt,DynamicGating,165,2667,2304,im104_r-1.0,true,/Users/benh/github/ai-dg-paper/results/cache/dynamic_gating_session_metadata.csv,24,24,true,true,engaged_2_early,3,true,0.94,47,50,0.030303030303030304,1,33,3.190872474219857,true,true
001051,0.260825.2232,10.48324/dandi.001051/0.260825.2232,https://dandiarchive.s3.amazonaws.com/dandisets/001051/0.260825.2232/assets.jsonld,2026-09-07T03:05:27.689410+00:00,1f8fd86d-cbdf-4954-8216-f9c346282076,sub-640890/sub-640890_ses-20221213T065302.nwb,2290925643,1c14b910725c74b69198cf0631620252-35,8838d1e2067f7bc55c50388d82fb089d9f72b48f9e8cdf239a4154c5507048e1,application/x-nwb,2024-06-08T07:19:59.836856-07:00,2026-08-25T22:33:05.463460+00:00,https://dandiarchive.s3.amazonaws.com/blobs/13d/b29/13db29ff-1454-412d-8680-ecd7a38c6f95,session_nwb,640890,2022-12-13T06:53:02.328000Z,EPHYS_1,Male,Sst-IRES-Cre/wt;Ai32(RCL-ChR2(H134R)_EYFP)/wt,Mus musculus - House mouse,P165D,6,https://dandiarchive.s3.amazonaws.com/blobs/13d/b29/13db29ff-1454-412d-8680-ecd7a38c6f95,1232430325,1232515558,2022-12-12 22:53:02.328000,1,M,Sst-IRES-Cre/wt;Ai32(RCL-ChR2(H134R)_EYFP)/wt,DynamicGating,165,2667,2304,im104_r-1.0,true,/Users/benh/github/ai-dg-paper/results/cache/dynamic_gating_session_metadata.csv,24,24,true,true,engaged_2_late,4,false,0.7941176470588235,27,34,0.05555555555555555,1,18,2.2038261866495383,true,true
001051,0.260825.2232,10.48324/dandi.001051/0.260825.2232,https://dandiarchive.s3.amazonaws.com/dandisets/001051/0.260825.2232/assets.jsonld,2026-09-07T03:05:27.689410+00:00,a71589dc-96f2-49ee-b545-a594066ef004,sub-614608/sub-614608_ses-20220630T213929.nwb,2384522781,38cc9684ff6bceb0fcad1d5f51581f76-36,6f741282bf0ffc5a6f3927a1db0bd8c0019d05473d13b15c7214303763b176dc,application/x-nwb,2024-06-07T21:34:33.147282-07:00,2026-08-25T22:33:00.140625+00:00,https://dandiarchive.s3.amazonaws.com/blobs/170/d5f/170d5fde-4cd2-400a-9e5e-40fbcb9b6985,session_nwb,614608,2022-06-30T21:39:29.170000Z,EPHYS_4,Male,Sst-IRES-Cre/wt;Ai32(RCL-ChR2(H134R)_EYFP)/wt,Mus musculus - House mouse,P194D,6,https://dandiarchive.s3.amazonaws.com/blobs/170/d5f/170d5fde-4cd2-400a-9e5e-40fbcb9b6985,1188138256,1188247028,2022-06-30 14:39:29.170000,4,M,Sst-IRES-Cre/wt;Ai32(RCL-ChR2(H134R)_EYFP)/wt,DynamicGating_DEV,194,1988,1920,im087_r-1.0,true,/Users/benh/github/ai-dg-paper/results/cache/dynamic_gating_session_metadata.csv,23,24,false,true,engaged_1,1,true,0.6382978723404256,30,47,0.14285714285714285,2,14,1.3136558297015835,true,false
001051,0.260825.2232,10.48324/dandi.001051/0.260825.2232,https://dandiarchive.s3.amazonaws.com/dandisets/001051/0.260825.2232/assets.jsonld,2026-09-07T03:05:27.689410+00:00,a71589dc-96f2-49ee-b545-a594066ef004,sub-614608/sub-614608_ses-20220630T213929.nwb,2384522781,38cc9684ff6bceb0fcad1d5f51581f76-36,6f741282bf0ffc5a6f3927a1db0bd8c0019d05473d13b15c7214303763b176dc,application/x-nwb,2024-06-07T21:34:33.147282-07:00,2026-08-25T22:33:00.140625+00:00,https://dandiarchive.s3.amazonaws.com/blobs/170/d5f/170d5fde-4cd2-400a-9e5e-40fbcb9b6985,session_nwb,614608,2022-06-30T21:39:29.170000Z,EPHYS_4,Male,Sst-IRES-Cre/wt;Ai32(RCL-ChR2(H134R)_EYFP)/wt,Mus musculus - House mouse,P194D,6,https://dandiarchive.s3.amazonaws.com/blobs/170/d5f/170d5fde-4cd2-400a-9e5e-40fbcb9b6985,1188138256,1188247028,2022-06-30 14:39:29.170000,4,M,Sst-IRES-Cre/wt;Ai32(RCL-ChR2(H134R)_EYFP)/wt,DynamicGating_DEV,194,1988,1920,im087_r-1.0,true,/Users/benh/github/ai-dg-paper/results/cache/dynamic_gating_session_metadata.csv,23,24,false,true,no_reward_late,2,true,0.1956521739130435,9,46,0.0625,1,16,0.5176566947516601,true,false
001051,0.260825.2232,10.48324/dandi.001051/0.260825.2232,https://dandiarchive.s3.amazonaws.com/dandisets/001051/0.260825.2232/assets.jsonld,2026-09-07T03:05:27.689410+00:00,a71589dc-96f2-49ee-b545-a594066ef004,sub-614608/sub-614608_ses-20220630T213929.nwb,2384522781,38cc9684ff6bceb0fcad1d5f51581f76-36,6f741282bf0ffc5a6f3927a1db0bd8c0019d05473d13b15c7214303763b176dc,application/x-nwb,2024-06-07T21:34:33.147282-07:00,2026-08-25T22:33:00.140625+00:00,https://dandiarchive.s3.amazonaws.com/blobs/170/d5f/170d5fde-4cd2-400a-9e5e-40fbcb9b6985,session_nwb,614608,2022-06-30T21:39:29.170000Z,EPHYS_4,Male,Sst-IRES-Cre/wt;Ai32(RCL-ChR2(H134R)_EYFP)/wt,Mus musculus - House mouse,P194D,6,https://dandiarchive.s3.amazonaws.com/blobs/170/d5f/170d5fde-4cd2-400a-9e5e-40fbcb9b6985,1188138256,1188247028,2022-06-30 14:39:29.170000,4,M,Sst-IRES-Cre/wt;Ai32(RCL-ChR2(H134R)_EYFP)/wt,DynamicGating_DEV,194,1988,1920,im087_r-1.0,true,/Users/benh/github/ai-dg-paper/results/cache/dynamic_gating_session_metadata.csv,23,24,false,true,engaged_2_early,3,true,0.22727272727272727,15,66,0.0,0,20,1.2463221649350644,true,false
001051,0.260825.2232,10.48324/dandi.001051/0.260825.2232,https://dandiarchive.s3.amazonaws.com/dandisets/001051/0.260825.2232/assets.jsonld,2026-09-07T03:05:27.689410+00:00,a71589dc-96f2-49ee-b545-a594066ef004,sub-614608/sub-614608_ses-20220630T213929.nwb,2384522781,38cc9684ff6bceb0fcad1d5f51581f76-36,6f741282bf0ffc5a6f3927a1db0bd8c0019d05473d13b15c7214303763b176dc,application/x-nwb,2024-06-07T21:34:33.147282-07:00,2026-08-25T22:33:00.140625+00:00,https://dandiarchive.s3.amazonaws.com/blobs/170/d5f/170d5fde-4cd2-400a-9e5e-40fbcb9b6985,session_nwb,614608,2022-06-30T21:39:29.170000Z,EPHYS_4,Male,Sst-IRES-Cre/wt;Ai32(RCL-ChR2(H134R)_EYFP)/wt,Mus musculus - House mouse,P194D,6,https://dandiarchive.s3.amazonaws.com/blobs/170/d5f/170d5fde-4cd2-400a-9e5e-40fbcb9b6985,1188138256,1188247028,2022-06-30 14:39:29.170000,4,M,Sst-IRES-Cre/wt;Ai32(RCL-ChR2(H134R)_EYFP)/wt,DynamicGating_DEV,194,1988,1920,im087_r-1.0,true,/Users/benh/github/ai-dg-paper/results/cache/dynamic_gating_session_metadata.csv,23,24,false,true,engaged_2_late,4,false,0.5526315789473685,21,38,0.07142857142857142,1,14,1.4104526766936425,true,false
001051,0.260825.2232,10.48324/dandi.001051/0.260825.2232,https://dandiarchive.s3.amazonaws.com/dandisets/001051/0.260825.2232/assets.jsonld,2026-09-07T03:05:27.689410+00:00,a0f12063-a3a6-4f47-93ca-f91e35aca228,sub-632295/sub-632295_ses-20221017T220100.nwb,2124892144,2a77ce820496ff258fc3f7847adf4017-32,92d7841e1773c120387ad733a22313b4cd12a603e1615cec8a3a9e74aa503c4b,application/x-nwb,2024-06-08T03:25:37.054871-07:00,2026-08-25T22:33:03.348988+00:00,https://dandiarchive.s3.amazonaws.com/blobs/17d/ce1/17dce1a6-9218-4477-a99a-980a2903ed1b,session_nwb,632295,2022-10-17T22:01:00.383000Z,EPHYS_1,Female,wt/wt,Mus musculus - House mouse,P173D,6,https://dandiarchive.s3.amazonaws.com/blobs/17d/ce1/17dce1a6-9218-4477-a99a-980a2903ed1b,1218577463,1218614190,2022-10-17 15:01:00.383000,1,F,wt/wt,DynamicGating,173,2212,2304,im104_r-1.0,true,/Users/benh/github/ai-dg-paper/results/cache/dynamic_gating_session_metadata.csv,24,24,true,true,engaged_1,1,true,0.84,21,25,0.125,2,16,1.9912071729597467,true,false
001051,0.260825.2232,10.48324/dandi.001051/0.260825.2232,https://dandiarchive.s3.amazonaws.com/dandisets/001051/0.260825.2232/assets.jsonld,2026-09-07T03:05:27.689410+00:00,a0f12063-a3a6-4f47-93ca-f91e35aca228,sub-632295/sub-632295_ses-20221017T220100.nwb,2124892144,2a77ce820496ff258fc3f7847adf4017-32,92d7841e1773c120387ad733a22313b4cd12a603e1615cec8a3a9e74aa503c4b,application/x-nwb,2024-06-08T03:25:37.054871-07:00,2026-08-25T22:33:03.348988+00:00,https://dandiarchive.s3.amazonaws.com/blobs/17d/ce1/17dce1a6-9218-4477-a99a-980a2903ed1b,session_nwb,632295,2022-10-17T22:01:00.383000Z,EPHYS_1,Female,wt/wt,Mus musculus - House mouse,P173D,6,https://dandiarchive.s3.amazonaws.com/blobs/17d/ce1/17dce1a6-9218-4477-a99a-980a2903ed1b,1218577463,1218614190,2022-10-17 15:01:00.383000,1,F,wt/wt,DynamicGating,173,2212,2304,im104_r-1.0,true,/Users/benh/github/ai-dg-paper/results/cache/dynamic_gating_session_metadata.csv,24,24,true,true,no_reward_late,2,true,0.25925925925925924,7,27,0.05555555555555555,1,18,0.7928808093973877,true,false
001051,0.260825.2232,10.48324/dandi.001051/0.260825.2232,https://dandiarchive.s3.amazonaws.com/dandisets/001051/0.260825.2232/assets.jsonld,2026-09-07T03:05:27.689410+00:00,a0f12063-a3a6-4f47-93ca-f91e35aca228,sub-632295/sub-632295_ses-20221017T220100.nwb,2124892144,2a77ce820496ff258fc3f7847adf4017-32,92d7841e1773c120387ad733a22313b4cd12a603e1615cec8a3a9e74aa503c4b,application/x-nwb,2024-06-08T03:25:37.054871-07:00,2026-08-25T22:33:03.348988+00:00,https://dandiarchive.s3.amazonaws.com/blobs/17d/ce1/17dce1a6-9218-4477-a99a-980a2903ed1b,session_nwb,632295,2022-10-17T22:01:00.383000Z,EPHYS_1,Female,wt/wt,Mus musculus - House mouse,P173D,6,https://dandiarchive.s3.amazonaws.com/blobs/17d/ce1/17dce1a6-9218-4477-a99a-980a2903ed1b,1218577463,1218614190,2022-10-17 15:01:00.383000,1,F,wt/wt,DynamicGating,173,2212,2304,im104_r-1.0,true,/Users/benh/github/ai-dg-paper/results/cache/dynamic_gating_session_metadata.csv,24,24,true,true,engaged_2_early,3,true,0.8888888888888888,32,36,0.21739130434782608,5,23,1.9085126449968337,true,false
001051,0.260825.2232,10.48324/dandi.001051/0.260825.2232,https://dandiarchive.s3.amazonaws.com/dandisets/001051/0.260825.2232/assets.jsonld,2026-09-07T03:05:27.689410+00:00,a0f12063-a3a6-4f47-93ca-f91e35aca228,sub-632295/sub-632295_ses-20221017T220100.nwb,2124892144,2a77ce820496ff258fc3f7847adf4017-32,92d7841e1773c120387ad733a22313b4cd12a603e1615cec8a3a9e74aa503c4b,application/x-nwb,2024-06-08T03:25:37.054871-07:00,2026-08-25T22:33:03.348988+00:00,https://dandiarchive.s3.amazonaws.com/blobs/17d/ce1/17dce1a6-9218-4477-a99a-980a2903ed1b,session_nwb,632295,2022-10-17T22:01:00.383000Z,EPHYS_1,Female,wt/wt,Mus musculus - House mouse,P173D,6,https://dandiarchive.s3.amazonaws.com/blobs/17d/ce1/17dce1a6-9218-4477-a99a-980a2903ed1b,1218577463,1218614190,2022-10-17 15:01:00.383000,1,F,wt/wt,DynamicGating,173,2212,2304,im104_r-1.0,true,/Users/benh/github/ai-dg-paper/results/cache/dynamic_gating_session_metadata.csv,24,24,true,true,engaged_2_late,4,false,0.9090909090909091,20,22,0.13333333333333333,2,15,2.2434847312182735,true,false
001051,0.260825.2232,10.48324/dandi.001051/0.260825.2232,https://dandiarchive.s3.amazonaws.com/dandisets/001051/0.260825.2232/assets.jsonld,2026-09-07T03:05:27.689410+00:00,28ba6217-afd8-4a41-b920-fb2c2e59df49,sub-640890/sub-640890_ses-20221215T053357.nwb,1993417340,b87a50a2ce2b47aa23a1292bccb51a04-30,4442320ed2c56bc955413bfd39aa24ace044ebf3ba9f768bbc948c56011bc034,application/x-nwb,2024-06-08T07:19:49.362665-07:00,2026-08-25T22:33:05.453531+00:00,https://dandiarchive.s3.amazonaws.com/blobs/19d/56b/19d56bf0-7ecb-4c4f-b08d-3f05701ae315,session_nwb,640890,2022-12-15T05:33:57.857000Z,EPHYS_3,Male,Sst-IRES-Cre/wt;Ai32(RCL-ChR2(H134R)_EYFP)/wt,Mus musculus - House mouse,P165D,6,https://dandiarchive.s3.amazonaws.com/blobs/19d/56b/19d56bf0-7ecb-4c4f-b08d-3f05701ae315,1232954220,1232997669,2022-12-14 21:33:57.857000,3,M,Sst-IRES-Cre/wt;Ai32(RCL-ChR2(H134R)_EYFP)/wt,DynamicGating,165,2315,2304,im005_r-1.0,true,/Users/benh/github/ai-dg-paper/results/cache/dynamic_gating_session_metadata.csv,24,24,true,true,engaged_1,1,true,0.975609756097561,40,41,0.23333333333333334,7,30,2.502833303346757,true,false
001051,0.260825.2232,10.48324/dandi.001051/0.260825.2232,https://dandiarchive.s3.amazonaws.com/dandisets/001051/0.260825.2232/assets.jsonld,2026-09-07T03:05:27.689410+00:00,28ba6217-afd8-4a41-b920-fb2c2e59df49,sub-640890/sub-640890_ses-20221215T053357.nwb,1993417340,b87a50a2ce2b47aa23a1292bccb51a04-30,4442320ed2c56bc955413bfd39aa24ace044ebf3ba9f768bbc948c56011bc034,application/x-nwb,2024-06-08T07:19:49.362665-07:00,2026-08-25T22:33:05.453531+00:00,https://dandiarchive.s3.amazonaws.com/blobs/19d/56b/19d56bf0-7ecb-4c4f-b08d-3f05701ae315,session_nwb,640890,2022-12-15T05:33:57.857000Z,EPHYS_3,Male,Sst-IRES-Cre/wt;Ai32(RCL-ChR2(H134R)_EYFP)/wt,Mus musculus - House mouse,P165D,6,https://dandiarchive.s3.amazonaws.com/blobs/19d/56b/19d56bf0-7ecb-4c4f-b08d-3f05701ae315,1232954220,1232997669,2022-12-14 21:33:57.857000,3,M,Sst-IRES-Cre/wt;Ai32(RCL-ChR2(H134R)_EYFP)/wt,DynamicGating,165,2315,2304,im005_r-1.0,true,/Users/benh/github/ai-dg-paper/results/cache/dynamic_gating_session_metadata.csv,24,24,true,true,no_reward_late,2,true,0.34210526315789475,13,38,0.08695652173913043,2,23,0.8624362652486093,true,false
001051,0.260825.2232,10.48324/dandi.001051/0.260825.2232,https://dandiarchive.s3.amazonaws.com/dandisets/001051/0.260825.2232/assets.jsonld,2026-09-07T03:05:27.689410+00:00,28ba6217-afd8-4a41-b920-fb2c2e59df49,sub-640890/sub-640890_ses-20221215T053357.nwb,1993417340,b87a50a2ce2b47aa23a1292bccb51a04-30,4442320ed2c56bc955413bfd39aa24ace044ebf3ba9f768bbc948c56011bc034,application/x-nwb,2024-06-08T07:19:49.362665-07:00,2026-08-25T22:33:05.453531+00:00,https://dandiarchive.s3.amazonaws.com/blobs/19d/56b/19d56bf0-7ecb-4c4f-b08d-3f05701ae315,session_nwb,640890,2022-12-15T05:33:57.857000Z,EPHYS_3,Male,Sst-IRES-Cre/wt;Ai32(RCL-ChR2(H134R)_EYFP)/wt,Mus musculus - House mouse,P165D,6,https://dandiarchive.s3.amazonaws.com/blobs/19d/56b/19d56bf0-7ecb-4c4f-b08d-3f05701ae315,1232954220,1232997669,2022-12-14 21:33:57.857000,3,M,Sst-IRES-Cre/wt;Ai32(RCL-ChR2(H134R)_EYFP)/wt,DynamicGating,165,2315,2304,im005_r-1.0,true,/Users/benh/github/ai-dg-paper/results/cache/dynamic_gating_session_metadata.csv,24,24,true,true,engaged_2_early,3,true,0.9787234042553191,46,47,0.21428571428571427,6,28,2.6210244244128025,true,false
001051,0.260825.2232,10.48324/dandi.001051/0.260825.2232,https://dandiarchive.s3.amazonaws.com/dandisets/001051/0.260825.2232/assets.jsonld,2026-09-07T03:05:27.689410+00:00,28ba6217-afd8-4a41-b920-fb2c2e59df49,sub-640890/sub-640890_ses-20221215T053357.nwb,1993417340,b87a50a2ce2b47aa23a1292bccb51a04-30,4442320ed2c56bc955413bfd39aa24ace044ebf3ba9f768bbc948c56011bc034,application/x-nwb,2024-06-08T07:19:49.362665-07:00,2026-08-25T22:33:05.453531+00:00,https://dandiarchive.s3.amazonaws.com/blobs/19d/56b/19d56bf0-7ecb-4c4f-b08d-3f05701ae315,session_nwb,640890,2022-12-15T05:33:57.857000Z,EPHYS_3,Male,Sst-IRES-Cre/wt;Ai32(RCL-ChR2(H134R)_EYFP)/wt,Mus musculus - House mouse,P165D,6,https://dandiarchive.s3.amazonaws.com/blobs/19d/56b/19d56bf0-7ecb-4c4f-b08d-3f05701ae315,1232954220,1232997669,2022-12-14 21:33:57.857000,3,M,Sst-IRES-Cre/wt;Ai32(RCL-ChR2(H134R)_EYFP)/wt,DynamicGating,165,2315,2304,im005_r-1.0,true,/Users/benh/github/ai-dg-paper/results/cache/dynamic_gating_session_metadata.csv,24,24,true,true,engaged_2_late,4,false,0.84375,27,32,0.09523809523809523,2,21,2.174835616323903,true,false
001051,0.260825.2232,10.48324/dandi.001051/0.260825.2232,https://dandiarchive.s3.amazonaws.com/dandisets/001051/0.260825.2232/assets.jsonld,2026-09-07T03:05:27.689410+00:00,d6cafc7b-e639-46d8-90d9-90d8afd5417b,sub-623786/sub-623786_ses-20220912T220716.nwb,1959164188,d5550d482799daa455868f1719bb65cf-30,b684669fa48dfa6cbd7c7ce9a8c098a4f5cf692b097e2a23aeb6ca32eac9320f,application/x-nwb,2024-06-08T02:18:30.468017-07:00,2026-08-25T22:33:02.835963+00:00,https://dandiarchive.s3.amazonaws.com/blobs/1ac/392/1ac392f0-b27d-4d64-bd96-976288848e9a,session_nwb,623786,2022-09-12T22:07:16.489000Z,EPHYS_1,Male,wt/wt,Mus musculus - House mouse,P199D,6,https://dandiarchive.s3.amazonaws.com/blobs/1ac/392/1ac392f0-b27d-4d64-bd96-976288848e9a,1210343162,1210387759,2022-09-12 15:07:16.489000,1,M,wt/wt,DynamicGating,199,2079,2304,im104_r-1.0,true,/Users/benh/github/ai-dg-paper/results/cache/dynamic_gating_session_metadata.csv,24,24,true,true,engaged_1,1,true,0.7948717948717948,31,39,0.11538461538461539,3,26,1.925920491404002,true,false
001051,0.260825.2232,10.48324/dandi.001051/0.260825.2232,https://dandiarchive.s3.amazonaws.com/dandisets/001051/0.260825.2232/assets.jsonld,2026-09-07T03:05:27.689410+00:00,d6cafc7b-e639-46d8-90d9-90d8afd5417b,sub-623786/sub-623786_ses-20220912T220716.nwb,1959164188,d5550d482799daa455868f1719bb65cf-30,b684669fa48dfa6cbd7c7ce9a8c098a4f5cf692b097e2a23aeb6ca32eac9320f,application/x-nwb,2024-06-08T02:18:30.468017-07:00,2026-08-25T22:33:02.835963+00:00,https://dandiarchive.s3.amazonaws.com/blobs/1ac/392/1ac392f0-b27d-4d64-bd96-976288848e9a,session_nwb,623786,2022-09-12T22:07:16.489000Z,EPHYS_1,Male,wt/wt,Mus musculus - House mouse,P199D,6,https://dandiarchive.s3.amazonaws.com/blobs/1ac/392/1ac392f0-b27d-4d64-bd96-976288848e9a,1210343162,1210387759,2022-09-12 15:07:16.489000,1,M,wt/wt,DynamicGating,199,2079,2304,im104_r-1.0,true,/Users/benh/github/ai-dg-paper/results/cache/dynamic_gating_session_metadata.csv,24,24,true,true,no_reward_late,2,true,0.42857142857142855,3,7,0.2,1,5,0.517179065585911,true,false
001051,0.260825.2232,10.48324/dandi.001051/0.260825.2232,https://dandiarchive.s3.amazonaws.com/dandisets/001051/0.260825.2232/assets.jsonld,2026-09-07T03:05:27.689410+00:00,d6cafc7b-e639-46d8-90d9-90d8afd5417b,sub-623786/sub-623786_ses-20220912T220716.nwb,1959164188,d5550d482799daa455868f1719bb65cf-30,b684669fa48dfa6cbd7c7ce9a8c098a4f5cf692b097e2a23aeb6ca32eac9320f,application/x-nwb,2024-06-08T02:18:30.468017-07:00,2026-08-25T22:33:02.835963+00:00,https://dandiarchive.s3.amazonaws.com/blobs/1ac/392/1ac392f0-b27d-4d64-bd96-976288848e9a,session_nwb,623786,2022-09-12T22:07:16.489000Z,EPHYS_1,Male,wt/wt,Mus musculus - House mouse,P199D,6,https://dandiarchive.s3.amazonaws.com/blobs/1ac/392/1ac392f0-b27d-4d64-bd96-976288848e9a,1210343162,1210387759,2022-09-12 15:07:16.489000,1,M,wt/wt,DynamicGating,199,2079,2304,im104_r-1.0,true,/Users/benh/github/ai-dg-paper/results/cache/dynamic_gating_session_metadata.csv,24,24,true,true,engaged_2_early,3,true,0.7777777777777778,35,45,0.0,0,27,2.844751980344158,true,false
001051,0.260825.2232,10.48324/dandi.001051/0.260825.2232,https://dandiarchive.s3.amazonaws.com/dandisets/001051/0.260825.2232/assets.jsonld,2026-09-07T03:05:27.689410+00:00,d6cafc7b-e639-46d8-90d9-90d8afd5417b,sub-623786/sub-623786_ses-20220912T220716.nwb,1959164188,d5550d482799daa455868f1719bb65cf-30,b684669fa48dfa6cbd7c7ce9a8c098a4f5cf692b097e2a23aeb6ca32eac9320f,application/x-nwb,2024-06-08T02:18:30.468017-07:00,2026-08-25T22:33:02.835963+00:00,https://dandiarchive.s3.amazonaws.com/blobs/1ac/392/1ac392f0-b27d-4d64-bd96-976288848e9a,session_nwb,623786,2022-09-12T22:07:16.489000Z,EPHYS_1,Male,wt/wt,Mus musculus - House mouse,P199D,6,https://dandiarchive.s3.amazonaws.com/blobs/1ac/392/1ac392f0-b27d-4d64-bd96-976288848e9a,1210343162,1210387759,2022-09-12 15:07:16.489000,1,M,wt/wt,DynamicGating,199,2079,2304,im104_r-1.0,true,/Users/benh/github/ai-dg-paper/results/cache/dynamic_gating_session_metadata.csv,24,24,true,true,engaged_2_late,4,false,0.8181818181818182,27,33,0.05,1,20,2.33880292730061,true,false
001051,0.260825.2232,10.48324/dandi.001051/0.260825.2232,https://dandiarchive.s3.amazonaws.com/dandisets/001051/0.260825.2232/assets.jsonld,2026-09-07T03:05:27.689410+00:00,e6ce03e5-67d0-4a6d-8d3b-e5da38e6d985,sub-623784/sub-623784_ses-20220830T212933.nwb,1797667364,5ea3a067546e64deab37916f8674d14d-27,dd8f1da81795e97bfd94bb6410562e0fd0981c429b67ce2eb06a30e00f20be88,application/x-nwb,2024-06-08T01:42:21.529500-07:00,2026-08-25T22:33:02.566174+00:00,https://dandiarchive.s3.amazonaws.com/blobs/1bd/46d/1bd46d10-cc18-492e-86d4-27213cbfba1c,session_nwb,623784,2022-08-30T21:29:33.310000Z,EPHYS_2,Male,wt/wt,Mus musculus - House mouse,P185D,6,https://dandiarchive.s3.amazonaws.com/blobs/1bd/46d/1bd46d10-cc18-492e-86d4-27213cbfba1c,1202644967,1202677394,2022-08-30 14:29:33.310000,2,M,wt/wt,DynamicGating,185,2130,2304,im114_r-1.0,true,/Users/benh/github/ai-dg-paper/results/cache/dynamic_gating_session_metadata.csv,24,24,true,true,engaged_1,1,true,0.8709677419354839,27,31,0.17647058823529413,3,17,1.9391496872144525,true,true
001051,0.260825.2232,10.48324/dandi.001051/0.260825.2232,https://dandiarchive.s3.amazonaws.com/dandisets/001051/0.260825.2232/assets.jsonld,2026-09-07T03:05:27.689410+00:00,e6ce03e5-67d0-4a6d-8d3b-e5da38e6d985,sub-623784/sub-623784_ses-20220830T212933.nwb,1797667364,5ea3a067546e64deab37916f8674d14d-27,dd8f1da81795e97bfd94bb6410562e0fd0981c429b67ce2eb06a30e00f20be88,application/x-nwb,2024-06-08T01:42:21.529500-07:00,2026-08-25T22:33:02.566174+00:00,https://dandiarchive.s3.amazonaws.com/blobs/1bd/46d/1bd46d10-cc18-492e-86d4-27213cbfba1c,session_nwb,623784,2022-08-30T21:29:33.310000Z,EPHYS_2,Male,wt/wt,Mus musculus - House mouse,P185D,6,https://dandiarchive.s3.amazonaws.com/blobs/1bd/46d/1bd46d10-cc18-492e-86d4-27213cbfba1c,1202644967,1202677394,2022-08-30 14:29:33.310000,2,M,wt/wt,DynamicGating,185,2130,2304,im114_r-1.0,true,/Users/benh/github/ai-dg-paper/results/cache/dynamic_gating_session_metadata.csv,24,24,true,true,no_reward_late,2,true,0.0967741935483871,3,31,0.15,3,20,-0.2624371931148881,true,true
001051,0.260825.2232,10.48324/dandi.001051/0.260825.2232,https://dandiarchive.s3.amazonaws.com/dandisets/001051/0.260825.2232/assets.jsonld,2026-09-07T03:05:27.689410+00:00,e6ce03e5-67d0-4a6d-8d3b-e5da38e6d985,sub-623784/sub-623784_ses-20220830T212933.nwb,1797667364,5ea3a067546e64deab37916f8674d14d-27,dd8f1da81795e97bfd94bb6410562e0fd0981c429b67ce2eb06a30e00f20be88,application/x-nwb,2024-06-08T01:42:21.529500-07:00,2026-08-25T22:33:02.566174+00:00,https://dandiarchive.s3.amazonaws.com/blobs/1bd/46d/1bd46d10-cc18-492e-86d4-27213cbfba1c,session_nwb,623784,2022-08-30T21:29:33.310000Z,EPHYS_2,Male,wt/wt,Mus musculus - House mouse,P185D,6,https://dandiarchive.s3.amazonaws.com/blobs/1bd/46d/1bd46d10-cc18-492e-86d4-27213cbfba1c,1202644967,1202677394,2022-08-30 14:29:33.310000,2,M,wt/wt,DynamicGating,185,2130,2304,im114_r-1.0,true,/Users/benh/github/ai-dg-paper/results/cache/dynamic_gating_session_metadata.csv,24,24,true,true,engaged_2_early,3,true,0.6666666666666666,22,33,0.2631578947368421,5,19,1.0150442654315,true,true
001051,0.260825.2232,10.48324/dandi.001051/0.260825.2232,https://dandiarchive.s3.amazonaws.com/dandisets/001051/0.260825.2232/assets.jsonld,2026-09-07T03:05:27.689410+00:00,e6ce03e5-67d0-4a6d-8d3b-e5da38e6d985,sub-623784/sub-623784_ses-20220830T212933.nwb,1797667364,5ea3a067546e64deab37916f8674d14d-27,dd8f1da81795e97bfd94bb6410562e0fd0981c429b67ce2eb06a30e00f20be88,application/x-nwb,2024-06-08T01:42:21.529500-07:00,2026-08-25T22:33:02.566174+00:00,https://dandiarchive.s3.amazonaws.com/blobs/1bd/46d/1bd46d10-cc18-492e-86d4-27213cbfba1c,session_nwb,623784,2022-08-30T21:29:33.310000Z,EPHYS_2,Male,wt/wt,Mus musculus - House mouse,P185D,6,https://dandiarchive.s3.amazonaws.com/blobs/1bd/46d/1bd46d10-cc18-492e-86d4-27213cbfba1c,1202644967,1202677394,2022-08-30 14:29:33.310000,2,M,wt/wt,DynamicGating,185,2130,2304,im114_r-1.0,true,/Users/benh/github/ai-dg-paper/results/cache/dynamic_gating_session_metadata.csv,24,24,true,true,engaged_2_late,4,false,0.6666666666666666,16,24,0.23076923076923078,3,13,1.0869528796374865,true,true
001051,0.260825.2232,10.48324/dandi.001051/0.260825.2232,https://dandiarchive.s3.amazonaws.com/dandisets/001051/0.260825.2232/assets.jsonld,2026-09-07T03:05:27.689410+00:00,9846bf48-7bce-4e28-be9b-f10ab1bed0a4,sub-637488/sub-637488_ses-20221206T084803.nwb,1563305270,dfe2300461f4da129e037f6564dd97d9-24,2776d6974c1c6413e85767c0b038de7e5d65f4bda23e7c6856400e3850a1274d,application/x-nwb,2024-06-08T05:39:37.581466-07:00,2026-08-25T22:33:04.639433+00:00,https://dandiarchive.s3.amazonaws.com/blobs/207/67e/20767ee0-0250-4a1d-9283-45f07c724d92,session_nwb,637488,2022-12-06T08:48:03.171000Z,EPHYS_1,Female,Sst-IRES-Cre/wt;Ai32(RCL-ChR2(H134R)_EYFP)/wt,Mus musculus - House mouse,P183D,6,https://dandiarchive.s3.amazonaws.com/blobs/207/67e/20767ee0-0250-4a1d-9283-45f07c724d92,1230732154,1230784576,2022-12-06 00:48:03.171000,1,F,Sst-IRES-Cre/wt;Ai32(RCL-ChR2(H134R)_EYFP)/wt,DynamicGating,183,2261,0,im104_r-1.0,true,/Users/benh/github/ai-dg-paper/results/cache/dynamic_gating_session_metadata.csv,24,24,true,true,engaged_1,1,true,0.0,0,61,0.0,0,36,-0.1948553735454155,true,false
001051,0.260825.2232,10.48324/dandi.001051/0.260825.2232,https://dandiarchive.s3.amazonaws.com/dandisets/001051/0.260825.2232/assets.jsonld,2026-09-07T03:05:27.689410+00:00,9846bf48-7bce-4e28-be9b-f10ab1bed0a4,sub-637488/sub-637488_ses-20221206T084803.nwb,1563305270,dfe2300461f4da129e037f6564dd97d9-24,2776d6974c1c6413e85767c0b038de7e5d65f4bda23e7c6856400e3850a1274d,application/x-nwb,2024-06-08T05:39:37.581466-07:00,2026-08-25T22:33:04.639433+00:00,https://dandiarchive.s3.amazonaws.com/blobs/207/67e/20767ee0-0250-4a1d-9283-45f07c724d92,session_nwb,637488,2022-12-06T08:48:03.171000Z,EPHYS_1,Female,Sst-IRES-Cre/wt;Ai32(RCL-ChR2(H134R)_EYFP)/wt,Mus musculus - House mouse,P183D,6,https://dandiarchive.s3.amazonaws.com/blobs/207/67e/20767ee0-0250-4a1d-9283-45f07c724d92,1230732154,1230784576,2022-12-06 00:48:03.171000,1,F,Sst-IRES-Cre/wt;Ai32(RCL-ChR2(H134R)_EYFP)/wt,DynamicGating,183,2261,0,im104_r-1.0,true,/Users/benh/github/ai-dg-paper/results/cache/dynamic_gating_session_metadata.csv,24,24,true,true,no_reward_late,2,true,0.0,0,42,0.0,0,26,-0.1838502302531353,true,false
001051,0.260825.2232,10.48324/dandi.001051/0.260825.2232,https://dandiarchive.s3.amazonaws.com/dandisets/001051/0.260825.2232/assets.jsonld,2026-09-07T03:05:27.689410+00:00,9846bf48-7bce-4e28-be9b-f10ab1bed0a4,sub-637488/sub-637488_ses-20221206T084803.nwb,1563305270,dfe2300461f4da129e037f6564dd97d9-24,2776d6974c1c6413e85767c0b038de7e5d65f4bda23e7c6856400e3850a1274d,application/x-nwb,2024-06-08T05:39:37.581466-07:00,2026-08-25T22:33:04.639433+00:00,https://dandiarchive.s3.amazonaws.com/blobs/207/67e/20767ee0-0250-4a1d-9283-45f07c724d92,session_nwb,637488,2022-12-06T08:48:03.171000Z,EPHYS_1,Female,Sst-IRES-Cre/wt;Ai32(RCL-ChR2(H134R)_EYFP)/wt,Mus musculus - House mouse,P183D,6,https://dandiarchive.s3.amazonaws.com/blobs/207/67e/20767ee0-0250-4a1d-9283-45f07c724d92,1230732154,1230784576,2022-12-06 00:48:03.171000,1,F,Sst-IRES-Cre/wt;Ai32(RCL-ChR2(H134R)_EYFP)/wt,DynamicGating,183,2261,0,im104_r-1.0,true,/Users/benh/github/ai-dg-paper/results/cache/dynamic_gating_session_metadata.csv,24,24,true,true,engaged_2_early,3,true,0.0,0,62,0.0,0,38,-0.18021646062240837,true,false
001051,0.260825.2232,10.48324/dandi.001051/0.260825.2232,https://dandiarchive.s3.amazonaws.com/dandisets/001051/0.260825.2232/assets.jsonld,2026-09-07T03:05:27.689410+00:00,9846bf48-7bce-4e28-be9b-f10ab1bed0a4,sub-637488/sub-637488_ses-20221206T084803.nwb,1563305270,dfe2300461f4da129e037f6564dd97d9-24,2776d6974c1c6413e85767c0b038de7e5d65f4bda23e7c6856400e3850a1274d,application/x-nwb,2024-06-08T05:39:37.581466-07:00,2026-08-25T22:33:04.639433+00:00,https://dandiarchive.s3.amazonaws.com/blobs/207/67e/20767ee0-0250-4a1d-9283-45f07c724d92,session_nwb,637488,2022-12-06T08:48:03.171000Z,EPHYS_1,Female,Sst-IRES-Cre/wt;Ai32(RCL-ChR2(H134R)_EYFP)/wt,Mus musculus - House mouse,P183D,6,https://dandiarchive.s3.amazonaws.com/blobs/207/67e/20767ee0-0250-4a1d-9283-45f07c724d92,1230732154,1230784576,2022-12-06 00:48:03.171000,1,F,Sst-IRES-Cre/wt;Ai32(RCL-ChR2(H134R)_EYFP)/wt,DynamicGating,183,2261,0,im104_r-1.0,true,/Users/benh/github/ai-dg-paper/results/cache/dynamic_gating_session_metadata.csv,24,24,true,true,engaged_2_late,4,false,0.0,0,41,0.0,0,25,-0.1902871604343228,true,false
001051,0.260825.2232,10.48324/dandi.001051/0.260825.2232,https://dandiarchive.s3.amazonaws.com/dandisets/001051/0.260825.2232/assets.jsonld,2026-09-07T03:05:27.689410+00:00,b44b8131-fbb4-401f-9b05-fcb50bf0fb02,sub-633232/sub-633232_ses-20221110T225606.nwb,1368489390,e0476181f6f5fef053e5383bd63db2d7-21,b781986c2a2284be62c27f3616b534ec54460cc33024aed9b5ebc4596d2c77f1,application/x-nwb,2024-06-08T04:09:41.643086-07:00,2026-08-25T22:33:03.825548+00:00,https://dandiarchive.s3.amazonaws.com/blobs/208/c19/208c19d2-d4b2-41a9-8568-e9ec9d6291a3,session_nwb,633232,2022-11-10T22:56:06.181000Z,EPHYS_4,Female,Sst-IRES-Cre/wt;Ai32(RCL-ChR2(H134R)_EYFP)/wt,Mus musculus - House mouse,P186D,6,https://dandiarchive.s3.amazonaws.com/blobs/208/c19/208c19d2-d4b2-41a9-8568-e9ec9d6291a3,1225178442,1225223456,2022-11-10 14:56:06.181000,4,F,Sst-IRES-Cre/wt;Ai32(RCL-ChR2(H134R)_EYFP)/wt,DynamicGating,186,1461,1536,im087_r-1.0,true,/Users/benh/github/ai-dg-paper/results/cache/dynamic_gating_session_metadata.csv,24,24,true,true,engaged_1,1,true,0.8260869565217391,19,23,0.07142857142857142,1,14,2.168698124563477,true,false
001051,0.260825.2232,10.48324/dandi.001051/0.260825.2232,https://dandiarchive.s3.amazonaws.com/dandisets/001051/0.260825.2232/assets.jsonld,2026-09-07T03:05:27.689410+00:00,b44b8131-fbb4-401f-9b05-fcb50bf0fb02,sub-633232/sub-633232_ses-20221110T225606.nwb,1368489390,e0476181f6f5fef053e5383bd63db2d7-21,b781986c2a2284be62c27f3616b534ec54460cc33024aed9b5ebc4596d2c77f1,application/x-nwb,2024-06-08T04:09:41.643086-07:00,2026-08-25T22:33:03.825548+00:00,https://dandiarchive.s3.amazonaws.com/blobs/208/c19/208c19d2-d4b2-41a9-8568-e9ec9d6291a3,session_nwb,633232,2022-11-10T22:56:06.181000Z,EPHYS_4,Female,Sst-IRES-Cre/wt;Ai32(RCL-ChR2(H134R)_EYFP)/wt,Mus musculus - House mouse,P186D,6,https://dandiarchive.s3.amazonaws.com/blobs/208/c19/208c19d2-d4b2-41a9-8568-e9ec9d6291a3,1225178442,1225223456,2022-11-10 14:56:06.181000,4,F,Sst-IRES-Cre/wt;Ai32(RCL-ChR2(H134R)_EYFP)/wt,DynamicGating,186,1461,1536,im087_r-1.0,true,/Users/benh/github/ai-dg-paper/results/cache/dynamic_gating_session_metadata.csv,24,24,true,true,no_reward_late,2,true,0.175,7,40,0.0,0,24,1.1494815670322542,true,false
001051,0.260825.2232,10.48324/dandi.001051/0.260825.2232,https://dandiarchive.s3.amazonaws.com/dandisets/001051/0.260825.2232/assets.jsonld,2026-09-07T03:05:27.689410+00:00,b44b8131-fbb4-401f-9b05-fcb50bf0fb02,sub-633232/sub-633232_ses-20221110T225606.nwb,1368489390,e0476181f6f5fef053e5383bd63db2d7-21,b781986c2a2284be62c27f3616b534ec54460cc33024aed9b5ebc4596d2c77f1,application/x-nwb,2024-06-08T04:09:41.643086-07:00,2026-08-25T22:33:03.825548+00:00,https://dandiarchive.s3.amazonaws.com/blobs/208/c19/208c19d2-d4b2-41a9-8568-e9ec9d6291a3,session_nwb,633232,2022-11-10T22:56:06.181000Z,EPHYS_4,Female,Sst-IRES-Cre/wt;Ai32(RCL-ChR2(H134R)_EYFP)/wt,Mus musculus - House mouse,P186D,6,https://dandiarchive.s3.amazonaws.com/blobs/208/c19/208c19d2-d4b2-41a9-8568-e9ec9d6291a3,1225178442,1225223456,2022-11-10 14:56:06.181000,4,F,Sst-IRES-Cre/wt;Ai32(RCL-ChR2(H134R)_EYFP)/wt,DynamicGating,186,1461,1536,im087_r-1.0,true,/Users/benh/github/ai-dg-paper/results/cache/dynamic_gating_session_metadata.csv,24,24,true,true,engaged_2_early,3,true,0.7586206896551724,22,29,0.3888888888888889,7,18,0.9414838756010343,true,false
001051,0.260825.2232,10.48324/dandi.001051/0.260825.2232,https://dandiarchive.s3.amazonaws.com/dandisets/001051/0.260825.2232/assets.jsonld,2026-09-07T03:05:27.689410+00:00,b44b8131-fbb4-401f-9b05-fcb50bf0fb02,sub-633232/sub-633232_ses-20221110T225606.nwb,1368489390,e0476181f6f5fef053e5383bd63db2d7-21,b781986c2a2284be62c27f3616b534ec54460cc33024aed9b5ebc4596d2c77f1,application/x-nwb,2024-06-08T04:09:41.643086-07:00,2026-08-25T22:33:03.825548+00:00,https://dandiarchive.s3.amazonaws.com/blobs/208/c19/208c19d2-d4b2-41a9-8568-e9ec9d6291a3,session_nwb,633232,2022-11-10T22:56:06.181000Z,EPHYS_4,Female,Sst-IRES-Cre/wt;Ai32(RCL-ChR2(H134R)_EYFP)/wt,Mus musculus - House mouse,P186D,6,https://dandiarchive.s3.amazonaws.com/blobs/208/c19/208c19d2-d4b2-41a9-8568-e9ec9d6291a3,1225178442,1225223456,2022-11-10 14:56:06.181000,4,F,Sst-IRES-Cre/wt;Ai32(RCL-ChR2(H134R)_EYFP)/wt,DynamicGating,186,1461,1536,im087_r-1.0,true,/Users/benh/github/ai-dg-paper/results/cache/dynamic_gating_session_metadata.csv,24,24,true,true,engaged_2_late,4,false,0.5625,9,16,0.18181818181818182,2,11,0.9602049112257517,true,false
001051,0.260825.2232,10.48324/dandi.001051/0.260825.2232,https://dandiarchive.s3.amazonaws.com/dandisets/001051/0.260825.2232/assets.jsonld,2026-09-07T03:05:27.689410+00:00,07408091-8b88-4106-a645-026acc933bc4,sub-640890/sub-640890_ses-20221216T063330.nwb,1449691793,fdb6614ff4424eeef041eb5ff1d6ed4c-22,43df3257bde1bb4739518d7abd50b030c7d8b2216668389cdddf8da6b9bbcf1f,application/x-nwb,2024-06-08T07:22:53.216759-07:00,2026-08-25T22:33:05.473023+00:00,https://dandiarchive.s3.amazonaws.com/blobs/2b3/c82/2b3c82b7-a1e0-42ac-a96d-cfc0fac219b7,session_nwb,640890,2022-12-16T06:33:30.688000Z,EPHYS_4,Male,Sst-IRES-Cre/wt;Ai32(RCL-ChR2(H134R)_EYFP)/wt,Mus musculus - House mouse,P165D,6,https://dandiarchive.s3.amazonaws.com/blobs/2b3/c82/2b3c82b7-a1e0-42ac-a96d-cfc0fac219b7,1233182785,1233216826,2022-12-15 22:33:30.688000,4,M,Sst-IRES-Cre/wt;Ai32(RCL-ChR2(H134R)_EYFP)/wt,DynamicGating,165,1678,1920,im087_r-1.0,true,/Users/benh/github/ai-dg-paper/results/cache/dynamic_gating_session_metadata.csv,24,24,true,true,engaged_1,1,true,0.8571428571428571,30,35,0.22727272727272727,5,22,1.7336948959491223,true,false
001051,0.260825.2232,10.48324/dandi.001051/0.260825.2232,https://dandiarchive.s3.amazonaws.com/dandisets/001051/0.260825.2232/assets.jsonld,2026-09-07T03:05:27.689410+00:00,07408091-8b88-4106-a645-026acc933bc4,sub-640890/sub-640890_ses-20221216T063330.nwb,1449691793,fdb6614ff4424eeef041eb5ff1d6ed4c-22,43df3257bde1bb4739518d7abd50b030c7d8b2216668389cdddf8da6b9bbcf1f,application/x-nwb,2024-06-08T07:22:53.216759-07:00,2026-08-25T22:33:05.473023+00:00,https://dandiarchive.s3.amazonaws.com/blobs/2b3/c82/2b3c82b7-a1e0-42ac-a96d-cfc0fac219b7,session_nwb,640890,2022-12-16T06:33:30.688000Z,EPHYS_4,Male,Sst-IRES-Cre/wt;Ai32(RCL-ChR2(H134R)_EYFP)/wt,Mus musculus - House mouse,P165D,6,https://dandiarchive.s3.amazonaws.com/blobs/2b3/c82/2b3c82b7-a1e0-42ac-a96d-cfc0fac219b7,1233182785,1233216826,2022-12-15 22:33:30.688000,4,M,Sst-IRES-Cre/wt;Ai32(RCL-ChR2(H134R)_EYFP)/wt,DynamicGating,165,1678,1920,im087_r-1.0,true,/Users/benh/github/ai-dg-paper/results/cache/dynamic_gating_session_metadata.csv,24,24,true,true,no_reward_late,2,true,0.325,13,40,0.047619047619047616,1,21,1.0475355159429622,true,false
001051,0.260825.2232,10.48324/dandi.001051/0.260825.2232,https://dandiarchive.s3.amazonaws.com/dandisets/001051/0.260825.2232/assets.jsonld,2026-09-07T03:05:27.689410+00:00,07408091-8b88-4106-a645-026acc933bc4,sub-640890/sub-640890_ses-20221216T063330.nwb,1449691793,fdb6614ff4424eeef041eb5ff1d6ed4c-22,43df3257bde1bb4739518d7abd50b030c7d8b2216668389cdddf8da6b9bbcf1f,application/x-nwb,2024-06-08T07:22:53.216759-07:00,2026-08-25T22:33:05.473023+00:00,https://dandiarchive.s3.amazonaws.com/blobs/2b3/c82/2b3c82b7-a1e0-42ac-a96d-cfc0fac219b7,session_nwb,640890,2022-12-16T06:33:30.688000Z,EPHYS_4,Male,Sst-IRES-Cre/wt;Ai32(RCL-ChR2(H134R)_EYFP)/wt,Mus musculus - House mouse,P165D,6,https://dandiarchive.s3.amazonaws.com/blobs/2b3/c82/2b3c82b7-a1e0-42ac-a96d-cfc0fac219b7,1233182785,1233216826,2022-12-15 22:33:30.688000,4,M,Sst-IRES-Cre/wt;Ai32(RCL-ChR2(H134R)_EYFP)/wt,DynamicGating,165,1678,1920,im087_r-1.0,true,/Users/benh/github/ai-dg-paper/results/cache/dynamic_gating_session_metadata.csv,24,24,true,true,engaged_2_early,3,true,0.6595744680851063,31,47,0.12903225806451613,4,31,1.4797656323620054,true,false
001051,0.260825.2232,10.48324/dandi.001051/0.260825.2232,https://dandiarchive.s3.amazonaws.com/dandisets/001051/0.260825.2232/assets.jsonld,2026-09-07T03:05:27.689410+00:00,07408091-8b88-4106-a645-026acc933bc4,sub-640890/sub-640890_ses-20221216T063330.nwb,1449691793,fdb6614ff4424eeef041eb5ff1d6ed4c-22,43df3257bde1bb4739518d7abd50b030c7d8b2216668389cdddf8da6b9bbcf1f,application/x-nwb,2024-06-08T07:22:53.216759-07:00,2026-08-25T22:33:05.473023+00:00,https://dandiarchive.s3.amazonaws.com/blobs/2b3/c82/2b3c82b7-a1e0-42ac-a96d-cfc0fac219b7,session_nwb,640890,2022-12-16T06:33:30.688000Z,EPHYS_4,Male,Sst-IRES-Cre/wt;Ai32(RCL-ChR2(H134R)_EYFP)/wt,Mus musculus - House mouse,P165D,6,https://dandiarchive.s3.amazonaws.com/blobs/2b3/c82/2b3c82b7-a1e0-42ac-a96d-cfc0fac219b7,1233182785,1233216826,2022-12-15 22:33:30.688000,4,M,Sst-IRES-Cre/wt;Ai32(RCL-ChR2(H134R)_EYFP)/wt,DynamicGating,165,1678,1920,im087_r-1.0,true,/Users/benh/github/ai-dg-paper/results/cache/dynamic_gating_session_metadata.csv,24,24,true,true,engaged_2_late,4,false,0.47058823529411764,16,34,0.047619047619047616,1,21,1.4177907584993086,true,false
001051,0.260825.2232,10.48324/dandi.001051/0.260825.2232,https://dandiarchive.s3.amazonaws.com/dandisets/001051/0.260825.2232/assets.jsonld,2026-09-07T03:05:27.689410+00:00,db7dabbc-ba37-4c13-a72b-1ba295671c69,sub-608671/sub-608671_ses-20220517T214909.nwb,1839218566,d9b7ad5b81b88c1781a30263e058004a-28,9abc1e69d8b051f75ae3ead5c1c3172a06047afe236663a7b6dd1baf39245ff2,application/x-nwb,2024-06-07T18:08:03.163273-07:00,2026-08-25T22:32:58.443387+00:00,https://dandiarchive.s3.amazonaws.com/blobs/2b8/c4a/2b8c4a9d-2e57-4a8d-a9dd-3aa56cf82732,session_nwb,608671,2022-05-17T21:49:09.618000Z,EPHYS_1,Male,Sst-IRES-Cre/wt;Ai32(RCL-ChR2(H134R)_EYFP)/wt,Mus musculus - House mouse,P222D,5,https://dandiarchive.s3.amazonaws.com/blobs/2b8/c4a/2b8c4a9d-2e57-4a8d-a9dd-3aa56cf82732,1177900858,1177960947,2022-05-17 14:49:09.618000,1,M,Sst-IRES-Cre/wt;Ai32(RCL-ChR2(H134R)_EYFP)/wt,DynamicGating_DEV,222,1871,1536,im104_r-1.0,true,/Users/benh/github/ai-dg-paper/results/cache/dynamic_gating_session_metadata.csv,21,21,true,true,engaged_1,1,true,0.5625,27,48,0.0,0,16,2.043584427129181,true,false
001051,0.260825.2232,10.48324/dandi.001051/0.260825.2232,https://dandiarchive.s3.amazonaws.com/dandisets/001051/0.260825.2232/assets.jsonld,2026-09-07T03:05:27.689410+00:00,db7dabbc-ba37-4c13-a72b-1ba295671c69,sub-608671/sub-608671_ses-20220517T214909.nwb,1839218566,d9b7ad5b81b88c1781a30263e058004a-28,9abc1e69d8b051f75ae3ead5c1c3172a06047afe236663a7b6dd1baf39245ff2,application/x-nwb,2024-06-07T18:08:03.163273-07:00,2026-08-25T22:32:58.443387+00:00,https://dandiarchive.s3.amazonaws.com/blobs/2b8/c4a/2b8c4a9d-2e57-4a8d-a9dd-3aa56cf82732,session_nwb,608671,2022-05-17T21:49:09.618000Z,EPHYS_1,Male,Sst-IRES-Cre/wt;Ai32(RCL-ChR2(H134R)_EYFP)/wt,Mus musculus - House mouse,P222D,5,https://dandiarchive.s3.amazonaws.com/blobs/2b8/c4a/2b8c4a9d-2e57-4a8d-a9dd-3aa56cf82732,1177900858,1177960947,2022-05-17 14:49:09.618000,1,M,Sst-IRES-Cre/wt;Ai32(RCL-ChR2(H134R)_EYFP)/wt,DynamicGating_DEV,222,1871,1536,im104_r-1.0,true,/Users/benh/github/ai-dg-paper/results/cache/dynamic_gating_session_metadata.csv,21,21,true,true,no_reward_late,2,true,0.0,0,46,0.13333333333333333,2,15,-1.2930497753401982,true,false
001051,0.260825.2232,10.48324/dandi.001051/0.260825.2232,https://dandiarchive.s3.amazonaws.com/dandisets/001051/0.260825.2232/assets.jsonld,2026-09-07T03:05:27.689410+00:00,db7dabbc-ba37-4c13-a72b-1ba295671c69,sub-608671/sub-608671_ses-20220517T214909.nwb,1839218566,d9b7ad5b81b88c1781a30263e058004a-28,9abc1e69d8b051f75ae3ead5c1c3172a06047afe236663a7b6dd1baf39245ff2,application/x-nwb,2024-06-07T18:08:03.163273-07:00,2026-08-25T22:32:58.443387+00:00,https://dandiarchive.s3.amazonaws.com/blobs/2b8/c4a/2b8c4a9d-2e57-4a8d-a9dd-3aa56cf82732,session_nwb,608671,2022-05-17T21:49:09.618000Z,EPHYS_1,Male,Sst-IRES-Cre/wt;Ai32(RCL-ChR2(H134R)_EYFP)/wt,Mus musculus - House mouse,P222D,5,https://dandiarchive.s3.amazonaws.com/blobs/2b8/c4a/2b8c4a9d-2e57-4a8d-a9dd-3aa56cf82732,1177900858,1177960947,2022-05-17 14:49:09.618000,1,M,Sst-IRES-Cre/wt;Ai32(RCL-ChR2(H134R)_EYFP)/wt,DynamicGating_DEV,222,1871,1536,im104_r-1.0,true,/Users/benh/github/ai-dg-paper/results/cache/dynamic_gating_session_metadata.csv,21,21,true,true,engaged_2_early,3,true,0.013888888888888888,1,72,0.0,0,23,-0.005727117644918955,true,false
001051,0.260825.2232,10.48324/dandi.001051/0.260825.2232,https://dandiarchive.s3.amazonaws.com/dandisets/001051/0.260825.2232/assets.jsonld,2026-09-07T03:05:27.689410+00:00,db7dabbc-ba37-4c13-a72b-1ba295671c69,sub-608671/sub-608671_ses-20220517T214909.nwb,1839218566,d9b7ad5b81b88c1781a30263e058004a-28,9abc1e69d8b051f75ae3ead5c1c3172a06047afe236663a7b6dd1baf39245ff2,application/x-nwb,2024-06-07T18:08:03.163273-07:00,2026-08-25T22:32:58.443387+00:00,https://dandiarchive.s3.amazonaws.com/blobs/2b8/c4a/2b8c4a9d-2e57-4a8d-a9dd-3aa56cf82732,session_nwb,608671,2022-05-17T21:49:09.618000Z,EPHYS_1,Male,Sst-IRES-Cre/wt;Ai32(RCL-ChR2(H134R)_EYFP)/wt,Mus musculus - House mouse,P222D,5,https://dandiarchive.s3.amazonaws.com/blobs/2b8/c4a/2b8c4a9d-2e57-4a8d-a9dd-3aa56cf82732,1177900858,1177960947,2022-05-17 14:49:09.618000,1,M,Sst-IRES-Cre/wt;Ai32(RCL-ChR2(H134R)_EYFP)/wt,DynamicGating_DEV,222,1871,1536,im104_r-1.0,true,/Users/benh/github/ai-dg-paper/results/cache/dynamic_gating_session_metadata.csv,21,21,true,true,engaged_2_late,4,false,0.0,0,46,0.0,0,16,-0.41352998425635,true,false
001051,0.260825.2232,10.48324/dandi.001051/0.260825.2232,https://dandiarchive.s3.amazonaws.com/dandisets/001051/0.260825.2232/assets.jsonld,2026-09-07T03:05:27.689410+00:00,b63defd8-4205-4df1-9e4e-f2cc9765ba1f,sub-636740/sub-636740_ses-20221117T230548.nwb,1430720120,fac3a28d74ee2a6671dce781c079e4d6-22,90f26e55715bebc0dc5ff31c570d69bdbcc0a64ca635acdf7792f453286b2d05,application/x-nwb,2024-06-08T04:48:15.347398-07:00,2026-08-25T22:33:04.161958+00:00,https://dandiarchive.s3.amazonaws.com/blobs/2d2/988/2d298808-6dde-4ebb-bedd-fa2de1e683d2,session_nwb,636740,2022-11-17T23:05:48.002000Z,EPHYS_4,Female,Sst-IRES-Cre/wt;Ai32(RCL-ChR2(H134R)_EYFP)/wt,Mus musculus - House mouse,P166D,6,https://dandiarchive.s3.amazonaws.com/blobs/2d2/988/2d298808-6dde-4ebb-bedd-fa2de1e683d2,1226780656,1226818630,2022-11-17 15:05:48.002000,4,F,Sst-IRES-Cre/wt;Ai32(RCL-ChR2(H134R)_EYFP)/wt,DynamicGating,166,2402,1920,im087_r-1.0,true,/Users/benh/github/ai-dg-paper/results/cache/dynamic_gating_session_metadata.csv,24,24,true,true,engaged_1,1,true,0.5957446808510638,28,47,0.10714285714285714,3,28,1.4087482806315494,true,false
001051,0.260825.2232,10.48324/dandi.001051/0.260825.2232,https://dandiarchive.s3.amazonaws.com/dandisets/001051/0.260825.2232/assets.jsonld,2026-09-07T03:05:27.689410+00:00,b63defd8-4205-4df1-9e4e-f2cc9765ba1f,sub-636740/sub-636740_ses-20221117T230548.nwb,1430720120,fac3a28d74ee2a6671dce781c079e4d6-22,90f26e55715bebc0dc5ff31c570d69bdbcc0a64ca635acdf7792f453286b2d05,application/x-nwb,2024-06-08T04:48:15.347398-07:00,2026-08-25T22:33:04.161958+00:00,https://dandiarchive.s3.amazonaws.com/blobs/2d2/988/2d298808-6dde-4ebb-bedd-fa2de1e683d2,session_nwb,636740,2022-11-17T23:05:48.002000Z,EPHYS_4,Female,Sst-IRES-Cre/wt;Ai32(RCL-ChR2(H134R)_EYFP)/wt,Mus musculus - House mouse,P166D,6,https://dandiarchive.s3.amazonaws.com/blobs/2d2/988/2d298808-6dde-4ebb-bedd-fa2de1e683d2,1226780656,1226818630,2022-11-17 15:05:48.002000,4,F,Sst-IRES-Cre/wt;Ai32(RCL-ChR2(H134R)_EYFP)/wt,DynamicGating,166,2402,1920,im087_r-1.0,true,/Users/benh/github/ai-dg-paper/results/cache/dynamic_gating_session_metadata.csv,24,24,true,true,no_reward_late,2,true,0.27906976744186046,12,43,0.0,0,22,1.4483549299394747,true,false
001051,0.260825.2232,10.48324/dandi.001051/0.260825.2232,https://dandiarchive.s3.amazonaws.com/dandisets/001051/0.260825.2232/assets.jsonld,2026-09-07T03:05:27.689410+00:00,b63defd8-4205-4df1-9e4e-f2cc9765ba1f,sub-636740/sub-636740_ses-20221117T230548.nwb,1430720120,fac3a28d74ee2a6671dce781c079e4d6-22,90f26e55715bebc0dc5ff31c570d69bdbcc0a64ca635acdf7792f453286b2d05,application/x-nwb,2024-06-08T04:48:15.347398-07:00,2026-08-25T22:33:04.161958+00:00,https://dandiarchive.s3.amazonaws.com/blobs/2d2/988/2d298808-6dde-4ebb-bedd-fa2de1e683d2,session_nwb,636740,2022-11-17T23:05:48.002000Z,EPHYS_4,Female,Sst-IRES-Cre/wt;Ai32(RCL-ChR2(H134R)_EYFP)/wt,Mus musculus - House mouse,P166D,6,https://dandiarchive.s3.amazonaws.com/blobs/2d2/988/2d298808-6dde-4ebb-bedd-fa2de1e683d2,1226780656,1226818630,2022-11-17 15:05:48.002000,4,F,Sst-IRES-Cre/wt;Ai32(RCL-ChR2(H134R)_EYFP)/wt,DynamicGating,166,2402,1920,im087_r-1.0,true,/Users/benh/github/ai-dg-paper/results/cache/dynamic_gating_session_metadata.csv,24,24,true,true,engaged_2_early,3,true,0.675,27,40,0.0,0,23,2.4787686580863664,true,false
001051,0.260825.2232,10.48324/dandi.001051/0.260825.2232,https://dandiarchive.s3.amazonaws.com/dandisets/001051/0.260825.2232/assets.jsonld,2026-09-07T03:05:27.689410+00:00,b63defd8-4205-4df1-9e4e-f2cc9765ba1f,sub-636740/sub-636740_ses-20221117T230548.nwb,1430720120,fac3a28d74ee2a6671dce781c079e4d6-22,90f26e55715bebc0dc5ff31c570d69bdbcc0a64ca635acdf7792f453286b2d05,application/x-nwb,2024-06-08T04:48:15.347398-07:00,2026-08-25T22:33:04.161958+00:00,https://dandiarchive.s3.amazonaws.com/blobs/2d2/988/2d298808-6dde-4ebb-bedd-fa2de1e683d2,session_nwb,636740,2022-11-17T23:05:48.002000Z,EPHYS_4,Female,Sst-IRES-Cre/wt;Ai32(RCL-ChR2(H134R)_EYFP)/wt,Mus musculus - House mouse,P166D,6,https://dandiarchive.s3.amazonaws.com/blobs/2d2/988/2d298808-6dde-4ebb-bedd-fa2de1e683d2,1226780656,1226818630,2022-11-17 15:05:48.002000,4,F,Sst-IRES-Cre/wt;Ai32(RCL-ChR2(H134R)_EYFP)/wt,DynamicGating,166,2402,1920,im087_r-1.0,true,/Users/benh/github/ai-dg-paper/results/cache/dynamic_gating_session_metadata.csv,24,24,true,true,engaged_2_late,4,false,0.75,24,32,0.045454545454545456,1,22,2.1632268925121574,true,false
001051,0.260825.2232,10.48324/dandi.001051/0.260825.2232,https://dandiarchive.s3.amazonaws.com/dandisets/001051/0.260825.2232/assets.jsonld,2026-09-07T03:05:27.689410+00:00,bbda689c-ac40-415f-b8b7-16185846e0c1,sub-611160/sub-611160_ses-20220513T181413.nwb,1968015082,e69022efb64bacbeb0fdf0719422cccd-30,d557b158816aed1c23a11f8b803726e0a0047f8205a90f98c4f250cef4736f72,application/x-nwb,2024-06-07T19:31:37.226308-07:00,2026-08-25T22:32:59.062381+00:00,https://dandiarchive.s3.amazonaws.com/blobs/31a/05e/31a05e05-48b4-4889-a8b3-8dffcdc8ef89,session_nwb,611160,2022-05-13T18:14:13.373000Z,EPHYS_4,Male,Ai32(RCL-ChR2(H134R)_EYFP)/wt,Mus musculus - House mouse,P172D,5,https://dandiarchive.s3.amazonaws.com/blobs/31a/05e/31a05e05-48b4-4889-a8b3-8dffcdc8ef89,1176989662,1177032132,2022-05-13 11:14:13.373000,4,M,Ai32(RCL-ChR2(H134R)_EYFP)/wt,DynamicGating_DEV,172,1927,0,im087_r-1.0,true,/Users/benh/github/ai-dg-paper/results/cache/dynamic_gating_session_metadata.csv,17,17,true,true,engaged_1,1,true,0.7575757575757576,25,33,0.0,0,11,2.406154146318327,true,false
001051,0.260825.2232,10.48324/dandi.001051/0.260825.2232,https://dandiarchive.s3.amazonaws.com/dandisets/001051/0.260825.2232/assets.jsonld,2026-09-07T03:05:27.689410+00:00,bbda689c-ac40-415f-b8b7-16185846e0c1,sub-611160/sub-611160_ses-20220513T181413.nwb,1968015082,e69022efb64bacbeb0fdf0719422cccd-30,d557b158816aed1c23a11f8b803726e0a0047f8205a90f98c4f250cef4736f72,application/x-nwb,2024-06-07T19:31:37.226308-07:00,2026-08-25T22:32:59.062381+00:00,https://dandiarchive.s3.amazonaws.com/blobs/31a/05e/31a05e05-48b4-4889-a8b3-8dffcdc8ef89,session_nwb,611160,2022-05-13T18:14:13.373000Z,EPHYS_4,Male,Ai32(RCL-ChR2(H134R)_EYFP)/wt,Mus musculus - House mouse,P172D,5,https://dandiarchive.s3.amazonaws.com/blobs/31a/05e/31a05e05-48b4-4889-a8b3-8dffcdc8ef89,1176989662,1177032132,2022-05-13 11:14:13.373000,4,M,Ai32(RCL-ChR2(H134R)_EYFP)/wt,DynamicGating_DEV,172,1927,0,im087_r-1.0,true,/Users/benh/github/ai-dg-paper/results/cache/dynamic_gating_session_metadata.csv,17,17,true,true,no_reward_late,2,true,0.08695652173913043,4,46,0.0,0,16,0.5833241048010316,true,false
001051,0.260825.2232,10.48324/dandi.001051/0.260825.2232,https://dandiarchive.s3.amazonaws.com/dandisets/001051/0.260825.2232/assets.jsonld,2026-09-07T03:05:27.689410+00:00,bbda689c-ac40-415f-b8b7-16185846e0c1,sub-611160/sub-611160_ses-20220513T181413.nwb,1968015082,e69022efb64bacbeb0fdf0719422cccd-30,d557b158816aed1c23a11f8b803726e0a0047f8205a90f98c4f250cef4736f72,application/x-nwb,2024-06-07T19:31:37.226308-07:00,2026-08-25T22:32:59.062381+00:00,https://dandiarchive.s3.amazonaws.com/blobs/31a/05e/31a05e05-48b4-4889-a8b3-8dffcdc8ef89,session_nwb,611160,2022-05-13T18:14:13.373000Z,EPHYS_4,Male,Ai32(RCL-ChR2(H134R)_EYFP)/wt,Mus musculus - House mouse,P172D,5,https://dandiarchive.s3.amazonaws.com/blobs/31a/05e/31a05e05-48b4-4889-a8b3-8dffcdc8ef89,1176989662,1177032132,2022-05-13 11:14:13.373000,4,M,Ai32(RCL-ChR2(H134R)_EYFP)/wt,DynamicGating_DEV,172,1927,0,im087_r-1.0,true,/Users/benh/github/ai-dg-paper/results/cache/dynamic_gating_session_metadata.csv,17,17,true,true,engaged_2_early,3,true,0.2807017543859649,16,57,0.0,0,17,1.34493013015913,true,false
001051,0.260825.2232,10.48324/dandi.001051/0.260825.2232,https://dandiarchive.s3.amazonaws.com/dandisets/001051/0.260825.2232/assets.jsonld,2026-09-07T03:05:27.689410+00:00,bbda689c-ac40-415f-b8b7-16185846e0c1,sub-611160/sub-611160_ses-20220513T181413.nwb,1968015082,e69022efb64bacbeb0fdf0719422cccd-30,d557b158816aed1c23a11f8b803726e0a0047f8205a90f98c4f250cef4736f72,application/x-nwb,2024-06-07T19:31:37.226308-07:00,2026-08-25T22:32:59.062381+00:00,https://dandiarchive.s3.amazonaws.com/blobs/31a/05e/31a05e05-48b4-4889-a8b3-8dffcdc8ef89,session_nwb,611160,2022-05-13T18:14:13.373000Z,EPHYS_4,Male,Ai32(RCL-ChR2(H134R)_EYFP)/wt,Mus musculus - House mouse,P172D,5,https://dandiarchive.s3.amazonaws.com/blobs/31a/05e/31a05e05-48b4-4889-a8b3-8dffcdc8ef89,1176989662,1177032132,2022-05-13 11:14:13.373000,4,M,Ai32(RCL-ChR2(H134R)_EYFP)/wt,DynamicGating_DEV,172,1927,0,im087_r-1.0,true,/Users/benh/github/ai-dg-paper/results/cache/dynamic_gating_session_metadata.csv,17,17,true,true,engaged_2_late,4,false,0.45,18,40,0.0,0,15,1.7401510235328488,true,false
001051,0.260825.2232,10.48324/dandi.001051/0.260825.2232,https://dandiarchive.s3.amazonaws.com/dandisets/001051/0.260825.2232/assets.jsonld,2026-09-07T03:05:27.689410+00:00,ed5cf8e4-7683-4162-9bba-ae6b1e9fbd15,sub-607660/sub-607660_ses-20220607T212534.nwb,2367069162,99dadebc9f7d510e6ee2672a7b8c123b-36,f5edfe796613fde55e0dd6e25b569a44385c8b1965840f11244faff3ee30902a,application/x-nwb,2024-06-07T17:30:16.721458-07:00,2026-08-25T22:32:58.155732+00:00,https://dandiarchive.s3.amazonaws.com/blobs/324/6c5/3246c508-0142-4e96-b1f4-13ab63ee636e,session_nwb,607660,2022-06-07T21:25:34.215000Z,EPHYS_2,Female,Sst-IRES-Cre/wt;Ai32(RCL-ChR2(H134R)_EYFP)/wt,Mus musculus - House mouse,P225D,6,https://dandiarchive.s3.amazonaws.com/blobs/324/6c5/3246c508-0142-4e96-b1f4-13ab63ee636e,1182628226,1182661832,2022-06-07 14:25:34.215000,2,F,Sst-IRES-Cre/wt;Ai32(RCL-ChR2(H134R)_EYFP)/wt,DynamicGating_DEV,225,2452,2304,im114_r-1.0,true,/Users/benh/github/ai-dg-paper/results/cache/dynamic_gating_session_metadata.csv,24,24,true,true,engaged_1,1,true,0.5142857142857142,18,35,0.25,3,12,0.649962421856321,true,false
001051,0.260825.2232,10.48324/dandi.001051/0.260825.2232,https://dandiarchive.s3.amazonaws.com/dandisets/001051/0.260825.2232/assets.jsonld,2026-09-07T03:05:27.689410+00:00,ed5cf8e4-7683-4162-9bba-ae6b1e9fbd15,sub-607660/sub-607660_ses-20220607T212534.nwb,2367069162,99dadebc9f7d510e6ee2672a7b8c123b-36,f5edfe796613fde55e0dd6e25b569a44385c8b1965840f11244faff3ee30902a,application/x-nwb,2024-06-07T17:30:16.721458-07:00,2026-08-25T22:32:58.155732+00:00,https://dandiarchive.s3.amazonaws.com/blobs/324/6c5/3246c508-0142-4e96-b1f4-13ab63ee636e,session_nwb,607660,2022-06-07T21:25:34.215000Z,EPHYS_2,Female,Sst-IRES-Cre/wt;Ai32(RCL-ChR2(H134R)_EYFP)/wt,Mus musculus - House mouse,P225D,6,https://dandiarchive.s3.amazonaws.com/blobs/324/6c5/3246c508-0142-4e96-b1f4-13ab63ee636e,1182628226,1182661832,2022-06-07 14:25:34.215000,2,F,Sst-IRES-Cre/wt;Ai32(RCL-ChR2(H134R)_EYFP)/wt,DynamicGating_DEV,225,2452,2304,im114_r-1.0,true,/Users/benh/github/ai-dg-paper/results/cache/dynamic_gating_session_metadata.csv,24,24,true,true,no_reward_late,2,true,0.044444444444444446,2,45,0.0,0,16,0.28542647756592787,true,false
001051,0.260825.2232,10.48324/dandi.001051/0.260825.2232,https://dandiarchive.s3.amazonaws.com/dandisets/001051/0.260825.2232/assets.jsonld,2026-09-07T03:05:27.689410+00:00,ed5cf8e4-7683-4162-9bba-ae6b1e9fbd15,sub-607660/sub-607660_ses-20220607T212534.nwb,2367069162,99dadebc9f7d510e6ee2672a7b8c123b-36,f5edfe796613fde55e0dd6e25b569a44385c8b1965840f11244faff3ee30902a,application/x-nwb,2024-06-07T17:30:16.721458-07:00,2026-08-25T22:32:58.155732+00:00,https://dandiarchive.s3.amazonaws.com/blobs/324/6c5/3246c508-0142-4e96-b1f4-13ab63ee636e,session_nwb,607660,2022-06-07T21:25:34.215000Z,EPHYS_2,Female,Sst-IRES-Cre/wt;Ai32(RCL-ChR2(H134R)_EYFP)/wt,Mus musculus - House mouse,P225D,6,https://dandiarchive.s3.amazonaws.com/blobs/324/6c5/3246c508-0142-4e96-b1f4-13ab63ee636e,1182628226,1182661832,2022-06-07 14:25:34.215000,2,F,Sst-IRES-Cre/wt;Ai32(RCL-ChR2(H134R)_EYFP)/wt,DynamicGating_DEV,225,2452,2304,im114_r-1.0,true,/Users/benh/github/ai-dg-paper/results/cache/dynamic_gating_session_metadata.csv,24,24,true,true,engaged_2_early,3,true,0.11764705882352941,6,51,0.0625,1,16,0.20135285955465343,true,false
001051,0.260825.2232,10.48324/dandi.001051/0.260825.2232,https://dandiarchive.s3.amazonaws.com/dandisets/001051/0.260825.2232/assets.jsonld,2026-09-07T03:05:27.689410+00:00,ed5cf8e4-7683-4162-9bba-ae6b1e9fbd15,sub-607660/sub-607660_ses-20220607T212534.nwb,2367069162,99dadebc9f7d510e6ee2672a7b8c123b-36,f5edfe796613fde55e0dd6e25b569a44385c8b1965840f11244faff3ee30902a,application/x-nwb,2024-06-07T17:30:16.721458-07:00,2026-08-25T22:32:58.155732+00:00,https://dandiarchive.s3.amazonaws.com/blobs/324/6c5/3246c508-0142-4e96-b1f4-13ab63ee636e,session_nwb,607660,2022-06-07T21:25:34.215000Z,EPHYS_2,Female,Sst-IRES-Cre/wt;Ai32(RCL-ChR2(H134R)_EYFP)/wt,Mus musculus - House mouse,P225D,6,https://dandiarchive.s3.amazonaws.com/blobs/324/6c5/3246c508-0142-4e96-b1f4-13ab63ee636e,1182628226,1182661832,2022-06-07 14:25:34.215000,2,F,Sst-IRES-Cre/wt;Ai32(RCL-ChR2(H134R)_EYFP)/wt,DynamicGating_DEV,225,2452,2304,im114_r-1.0,true,/Users/benh/github/ai-dg-paper/results/cache/dynamic_gating_session_metadata.csv,24,24,true,true,engaged_2_late,4,false,0.36363636363636365,12,33,0.0,0,12,1.4307333817144987,true,false
001051,0.260825.2232,10.48324/dandi.001051/0.260825.2232,https://dandiarchive.s3.amazonaws.com/dandisets/001051/0.260825.2232/assets.jsonld,2026-09-07T03:05:27.689410+00:00,2fb309c7-c0d6-430b-b93d-070ebccbb47d,sub-615047/sub-615047_ses-20220713T211752.nwb,1945669936,d1f37f25a3a34a42fade82c43d6d80df-29,a08004825c6c81e0f76d77e94b36fa62aaa454c62bad748fca43d433bf4284db,application/x-nwb,2024-06-07T22:10:01.980787-07:00,2026-08-25T22:33:00.460418+00:00,https://dandiarchive.s3.amazonaws.com/blobs/333/44c/33344c82-0b1b-48ac-b5b1-ba6eac47f6e2,session_nwb,615047,2022-07-13T21:17:52.010000Z,EPHYS_3,Male,Vip-IRES-Cre/wt;Ai32(RCL-ChR2(H134R)_EYFP)/wt,Mus musculus - House mouse,P205D,6,https://dandiarchive.s3.amazonaws.com/blobs/333/44c/33344c82-0b1b-48ac-b5b1-ba6eac47f6e2,1191375883,1191402762,2022-07-13 14:17:52.010000,3,M,Vip-IRES-Cre/wt;Ai32(RCL-ChR2(H134R)_EYFP)/wt,DynamicGating_DEV,205,1740,2304,im005_r-1.0,true,/Users/benh/github/ai-dg-paper/results/cache/dynamic_gating_session_metadata.csv,24,24,true,true,engaged_1,1,true,0.6,21,35,0.1,1,10,1.3429672087548725,true,false
001051,0.260825.2232,10.48324/dandi.001051/0.260825.2232,https://dandiarchive.s3.amazonaws.com/dandisets/001051/0.260825.2232/assets.jsonld,2026-09-07T03:05:27.689410+00:00,2fb309c7-c0d6-430b-b93d-070ebccbb47d,sub-615047/sub-615047_ses-20220713T211752.nwb,1945669936,d1f37f25a3a34a42fade82c43d6d80df-29,a08004825c6c81e0f76d77e94b36fa62aaa454c62bad748fca43d433bf4284db,application/x-nwb,2024-06-07T22:10:01.980787-07:00,2026-08-25T22:33:00.460418+00:00,https://dandiarchive.s3.amazonaws.com/blobs/333/44c/33344c82-0b1b-48ac-b5b1-ba6eac47f6e2,session_nwb,615047,2022-07-13T21:17:52.010000Z,EPHYS_3,Male,Vip-IRES-Cre/wt;Ai32(RCL-ChR2(H134R)_EYFP)/wt,Mus musculus - House mouse,P205D,6,https://dandiarchive.s3.amazonaws.com/blobs/333/44c/33344c82-0b1b-48ac-b5b1-ba6eac47f6e2,1191375883,1191402762,2022-07-13 14:17:52.010000,3,M,Vip-IRES-Cre/wt;Ai32(RCL-ChR2(H134R)_EYFP)/wt,DynamicGating_DEV,205,1740,2304,im005_r-1.0,true,/Users/benh/github/ai-dg-paper/results/cache/dynamic_gating_session_metadata.csv,24,24,true,true,no_reward_late,2,true,0.5319148936170213,25,47,0.6428571428571429,9,14,-0.26228241435468325,true,false
001051,0.260825.2232,10.48324/dandi.001051/0.260825.2232,https://dandiarchive.s3.amazonaws.com/dandisets/001051/0.260825.2232/assets.jsonld,2026-09-07T03:05:27.689410+00:00,2fb309c7-c0d6-430b-b93d-070ebccbb47d,sub-615047/sub-615047_ses-20220713T211752.nwb,1945669936,d1f37f25a3a34a42fade82c43d6d80df-29,a08004825c6c81e0f76d77e94b36fa62aaa454c62bad748fca43d433bf4284db,application/x-nwb,2024-06-07T22:10:01.980787-07:00,2026-08-25T22:33:00.460418+00:00,https://dandiarchive.s3.amazonaws.com/blobs/333/44c/33344c82-0b1b-48ac-b5b1-ba6eac47f6e2,session_nwb,615047,2022-07-13T21:17:52.010000Z,EPHYS_3,Male,Vip-IRES-Cre/wt;Ai32(RCL-ChR2(H134R)_EYFP)/wt,Mus musculus - House mouse,P205D,6,https://dandiarchive.s3.amazonaws.com/blobs/333/44c/33344c82-0b1b-48ac-b5b1-ba6eac47f6e2,1191375883,1191402762,2022-07-13 14:17:52.010000,3,M,Vip-IRES-Cre/wt;Ai32(RCL-ChR2(H134R)_EYFP)/wt,DynamicGating_DEV,205,1740,2304,im005_r-1.0,true,/Users/benh/github/ai-dg-paper/results/cache/dynamic_gating_session_metadata.csv,24,24,true,true,engaged_2_early,3,true,0.08333333333333333,3,36,0.16666666666666666,2,12,-0.4435577056844877,true,false
001051,0.260825.2232,10.48324/dandi.001051/0.260825.2232,https://dandiarchive.s3.amazonaws.com/dandisets/001051/0.260825.2232/assets.jsonld,2026-09-07T03:05:27.689410+00:00,2fb309c7-c0d6-430b-b93d-070ebccbb47d,sub-615047/sub-615047_ses-20220713T211752.nwb,1945669936,d1f37f25a3a34a42fade82c43d6d80df-29,a08004825c6c81e0f76d77e94b36fa62aaa454c62bad748fca43d433bf4284db,application/x-nwb,2024-06-07T22:10:01.980787-07:00,2026-08-25T22:33:00.460418+00:00,https://dandiarchive.s3.amazonaws.com/blobs/333/44c/33344c82-0b1b-48ac-b5b1-ba6eac47f6e2,session_nwb,615047,2022-07-13T21:17:52.010000Z,EPHYS_3,Male,Vip-IRES-Cre/wt;Ai32(RCL-ChR2(H134R)_EYFP)/wt,Mus musculus - House mouse,P205D,6,https://dandiarchive.s3.amazonaws.com/blobs/333/44c/33344c82-0b1b-48ac-b5b1-ba6eac47f6e2,1191375883,1191402762,2022-07-13 14:17:52.010000,3,M,Vip-IRES-Cre/wt;Ai32(RCL-ChR2(H134R)_EYFP)/wt,DynamicGating_DEV,205,1740,2304,im005_r-1.0,true,/Users/benh/github/ai-dg-paper/results/cache/dynamic_gating_session_metadata.csv,24,24,true,true,engaged_2_late,4,false,0.03571428571428571,1,28,0.1111111111111111,1,9,-0.5919280172231169,true,false
001051,0.260825.2232,10.48324/dandi.001051/0.260825.2232,https://dandiarchive.s3.amazonaws.com/dandisets/001051/0.260825.2232/assets.jsonld,2026-09-07T03:05:27.689410+00:00,7dafce9b-a4c8-43c5-98d2-12b53694049f,sub-640887/sub-640887_ses-20221220T073312.nwb,1845400347,dad8b19f01f48d7af118dfa277ed20d4-28,63132fbe907899e2db95fb9d9b013af829dec96139af6370a1dd2f0d7fb1ac0a,application/x-nwb,2024-06-08T06:51:47.486754-07:00,2026-08-25T22:33:05.237507+00:00,https://dandiarchive.s3.amazonaws.com/blobs/362/b4b/362b4b76-85f6-4074-b456-db33393f45c0,session_nwb,640887,2022-12-20T07:33:12.680000Z,EPHYS_1,Male,Sst-IRES-Cre/wt;Ai32(RCL-ChR2(H134R)_EYFP)/wt,Mus musculus - House mouse,P172D,6,https://dandiarchive.s3.amazonaws.com/blobs/362/b4b/362b4b76-85f6-4074-b456-db33393f45c0,1234028213,1234066294,2022-12-19 23:33:12.680000,1,M,Sst-IRES-Cre/wt;Ai32(RCL-ChR2(H134R)_EYFP)/wt,DynamicGating,172,2022,2304,im104_r-1.0,true,/Users/benh/github/ai-dg-paper/results/cache/dynamic_gating_session_metadata.csv,18,18,true,true,engaged_1,1,true,0.7045454545454546,31,44,0.0,0,27,2.62456600555251,true,false
001051,0.260825.2232,10.48324/dandi.001051/0.260825.2232,https://dandiarchive.s3.amazonaws.com/dandisets/001051/0.260825.2232/assets.jsonld,2026-09-07T03:05:27.689410+00:00,7dafce9b-a4c8-43c5-98d2-12b53694049f,sub-640887/sub-640887_ses-20221220T073312.nwb,1845400347,dad8b19f01f48d7af118dfa277ed20d4-28,63132fbe907899e2db95fb9d9b013af829dec96139af6370a1dd2f0d7fb1ac0a,application/x-nwb,2024-06-08T06:51:47.486754-07:00,2026-08-25T22:33:05.237507+00:00,https://dandiarchive.s3.amazonaws.com/blobs/362/b4b/362b4b76-85f6-4074-b456-db33393f45c0,session_nwb,640887,2022-12-20T07:33:12.680000Z,EPHYS_1,Male,Sst-IRES-Cre/wt;Ai32(RCL-ChR2(H134R)_EYFP)/wt,Mus musculus - House mouse,P172D,6,https://dandiarchive.s3.amazonaws.com/blobs/362/b4b/362b4b76-85f6-4074-b456-db33393f45c0,1234028213,1234066294,2022-12-19 23:33:12.680000,1,M,Sst-IRES-Cre/wt;Ai32(RCL-ChR2(H134R)_EYFP)/wt,DynamicGating,172,2022,2304,im104_r-1.0,true,/Users/benh/github/ai-dg-paper/results/cache/dynamic_gating_session_metadata.csv,18,18,true,true,no_reward_late,2,true,0.24324324324324326,9,37,0.08333333333333333,2,24,0.6070618153485189,true,false
001051,0.260825.2232,10.48324/dandi.001051/0.260825.2232,https://dandiarchive.s3.amazonaws.com/dandisets/001051/0.260825.2232/assets.jsonld,2026-09-07T03:05:27.689410+00:00,7dafce9b-a4c8-43c5-98d2-12b53694049f,sub-640887/sub-640887_ses-20221220T073312.nwb,1845400347,dad8b19f01f48d7af118dfa277ed20d4-28,63132fbe907899e2db95fb9d9b013af829dec96139af6370a1dd2f0d7fb1ac0a,application/x-nwb,2024-06-08T06:51:47.486754-07:00,2026-08-25T22:33:05.237507+00:00,https://dandiarchive.s3.amazonaws.com/blobs/362/b4b/362b4b76-85f6-4074-b456-db33393f45c0,session_nwb,640887,2022-12-20T07:33:12.680000Z,EPHYS_1,Male,Sst-IRES-Cre/wt;Ai32(RCL-ChR2(H134R)_EYFP)/wt,Mus musculus - House mouse,P172D,6,https://dandiarchive.s3.amazonaws.com/blobs/362/b4b/362b4b76-85f6-4074-b456-db33393f45c0,1234028213,1234066294,2022-12-19 23:33:12.680000,1,M,Sst-IRES-Cre/wt;Ai32(RCL-ChR2(H134R)_EYFP)/wt,DynamicGating,172,2022,2304,im104_r-1.0,true,/Users/benh/github/ai-dg-paper/results/cache/dynamic_gating_session_metadata.csv,18,18,true,true,engaged_2_early,3,true,0.7777777777777778,42,54,0.09090909090909091,3,33,2.01282783964745,true,false
001051,0.260825.2232,10.48324/dandi.001051/0.260825.2232,https://dandiarchive.s3.amazonaws.com/dandisets/001051/0.260825.2232/assets.jsonld,2026-09-07T03:05:27.689410+00:00,7dafce9b-a4c8-43c5-98d2-12b53694049f,sub-640887/sub-640887_ses-20221220T073312.nwb,1845400347,dad8b19f01f48d7af118dfa277ed20d4-28,63132fbe907899e2db95fb9d9b013af829dec96139af6370a1dd2f0d7fb1ac0a,application/x-nwb,2024-06-08T06:51:47.486754-07:00,2026-08-25T22:33:05.237507+00:00,https://dandiarchive.s3.amazonaws.com/blobs/362/b4b/362b4b76-85f6-4074-b456-db33393f45c0,session_nwb,640887,2022-12-20T07:33:12.680000Z,EPHYS_1,Male,Sst-IRES-Cre/wt;Ai32(RCL-ChR2(H134R)_EYFP)/wt,Mus musculus - House mouse,P172D,6,https://dandiarchive.s3.amazonaws.com/blobs/362/b4b/362b4b76-85f6-4074-b456-db33393f45c0,1234028213,1234066294,2022-12-19 23:33:12.680000,1,M,Sst-IRES-Cre/wt;Ai32(RCL-ChR2(H134R)_EYFP)/wt,DynamicGating,172,2022,2304,im104_r-1.0,true,/Users/benh/github/ai-dg-paper/results/cache/dynamic_gating_session_metadata.csv,18,18,true,true,engaged_2_late,4,false,0.896551724137931,26,29,0.0,0,17,3.106321996736951,true,false
001051,0.260825.2232,10.48324/dandi.001051/0.260825.2232,https://dandiarchive.s3.amazonaws.com/dandisets/001051/0.260825.2232/assets.jsonld,2026-09-07T03:05:27.689410+00:00,5d920e61-b88e-426c-9ae2-3a8b7c5544ab,sub-615564/sub-615564_ses-20220815T222607.nwb,2184388459,82e514ca2a7ec31c287016ea60a3f549-33,9f0cb434382f365c1902cf06f2df5a5f35e7b391a439248b271dcd1fb0295cf7,application/x-nwb,2024-06-07T23:56:33.725427-07:00,2026-08-25T22:33:01.320204+00:00,https://dandiarchive.s3.amazonaws.com/blobs/3ae/b2f/3aeb2f0d-c1c1-4b50-964b-61caffa07ee9,session_nwb,615564,2022-08-15T22:26:07.549000Z,EPHYS_1,Male,Sst-IRES-Cre/wt;Ai32(RCL-ChR2(H134R)_EYFP)/wt,Mus musculus - House mouse,P234D,6,https://dandiarchive.s3.amazonaws.com/blobs/3ae/b2f/3aeb2f0d-c1c1-4b50-964b-61caffa07ee9,1198796984,1198837896,2022-08-15 15:26:07.549000,1,M,Sst-IRES-Cre/wt;Ai32(RCL-ChR2(H134R)_EYFP)/wt,DynamicGating,234,2460,1920,im104_r-1.0,true,/Users/benh/github/ai-dg-paper/results/cache/dynamic_gating_session_metadata.csv,24,24,true,true,engaged_1,1,true,0.8648648648648649,32,37,0.2222222222222222,4,18,1.7757744172604228,true,true
001051,0.260825.2232,10.48324/dandi.001051/0.260825.2232,https://dandiarchive.s3.amazonaws.com/dandisets/001051/0.260825.2232/assets.jsonld,2026-09-07T03:05:27.689410+00:00,5d920e61-b88e-426c-9ae2-3a8b7c5544ab,sub-615564/sub-615564_ses-20220815T222607.nwb,2184388459,82e514ca2a7ec31c287016ea60a3f549-33,9f0cb434382f365c1902cf06f2df5a5f35e7b391a439248b271dcd1fb0295cf7,application/x-nwb,2024-06-07T23:56:33.725427-07:00,2026-08-25T22:33:01.320204+00:00,https://dandiarchive.s3.amazonaws.com/blobs/3ae/b2f/3aeb2f0d-c1c1-4b50-964b-61caffa07ee9,session_nwb,615564,2022-08-15T22:26:07.549000Z,EPHYS_1,Male,Sst-IRES-Cre/wt;Ai32(RCL-ChR2(H134R)_EYFP)/wt,Mus musculus - House mouse,P234D,6,https://dandiarchive.s3.amazonaws.com/blobs/3ae/b2f/3aeb2f0d-c1c1-4b50-964b-61caffa07ee9,1198796984,1198837896,2022-08-15 15:26:07.549000,1,M,Sst-IRES-Cre/wt;Ai32(RCL-ChR2(H134R)_EYFP)/wt,DynamicGating,234,2460,1920,im104_r-1.0,true,/Users/benh/github/ai-dg-paper/results/cache/dynamic_gating_session_metadata.csv,24,24,true,true,no_reward_late,2,true,0.17857142857142858,5,28,0.21052631578947367,4,19,-0.12375269208410078,true,true
001051,0.260825.2232,10.48324/dandi.001051/0.260825.2232,https://dandiarchive.s3.amazonaws.com/dandisets/001051/0.260825.2232/assets.jsonld,2026-09-07T03:05:27.689410+00:00,5d920e61-b88e-426c-9ae2-3a8b7c5544ab,sub-615564/sub-615564_ses-20220815T222607.nwb,2184388459,82e514ca2a7ec31c287016ea60a3f549-33,9f0cb434382f365c1902cf06f2df5a5f35e7b391a439248b271dcd1fb0295cf7,application/x-nwb,2024-06-07T23:56:33.725427-07:00,2026-08-25T22:33:01.320204+00:00,https://dandiarchive.s3.amazonaws.com/blobs/3ae/b2f/3aeb2f0d-c1c1-4b50-964b-61caffa07ee9,session_nwb,615564,2022-08-15T22:26:07.549000Z,EPHYS_1,Male,Sst-IRES-Cre/wt;Ai32(RCL-ChR2(H134R)_EYFP)/wt,Mus musculus - House mouse,P234D,6,https://dandiarchive.s3.amazonaws.com/blobs/3ae/b2f/3aeb2f0d-c1c1-4b50-964b-61caffa07ee9,1198796984,1198837896,2022-08-15 15:26:07.549000,1,M,Sst-IRES-Cre/wt;Ai32(RCL-ChR2(H134R)_EYFP)/wt,DynamicGating,234,2460,1920,im104_r-1.0,true,/Users/benh/github/ai-dg-paper/results/cache/dynamic_gating_session_metadata.csv,24,24,true,true,engaged_2_early,3,true,0.896551724137931,26,29,0.35714285714285715,5,14,1.5325109987691898,true,true
001051,0.260825.2232,10.48324/dandi.001051/0.260825.2232,https://dandiarchive.s3.amazonaws.com/dandisets/001051/0.260825.2232/assets.jsonld,2026-09-07T03:05:27.689410+00:00,5d920e61-b88e-426c-9ae2-3a8b7c5544ab,sub-615564/sub-615564_ses-20220815T222607.nwb,2184388459,82e514ca2a7ec31c287016ea60a3f549-33,9f0cb434382f365c1902cf06f2df5a5f35e7b391a439248b271dcd1fb0295cf7,application/x-nwb,2024-06-07T23:56:33.725427-07:00,2026-08-25T22:33:01.320204+00:00,https://dandiarchive.s3.amazonaws.com/blobs/3ae/b2f/3aeb2f0d-c1c1-4b50-964b-61caffa07ee9,session_nwb,615564,2022-08-15T22:26:07.549000Z,EPHYS_1,Male,Sst-IRES-Cre/wt;Ai32(RCL-ChR2(H134R)_EYFP)/wt,Mus musculus - House mouse,P234D,6,https://dandiarchive.s3.amazonaws.com/blobs/3ae/b2f/3aeb2f0d-c1c1-4b50-964b-61caffa07ee9,1198796984,1198837896,2022-08-15 15:26:07.549000,1,M,Sst-IRES-Cre/wt;Ai32(RCL-ChR2(H134R)_EYFP)/wt,DynamicGating,234,2460,1920,im104_r-1.0,true,/Users/benh/github/ai-dg-paper/results/cache/dynamic_gating_session_metadata.csv,24,24,true,true,engaged_2_late,4,false,0.875,21,24,0.3076923076923077,4,13,1.5440270922721353,true,true
001051,0.260825.2232,10.48324/dandi.001051/0.260825.2232,https://dandiarchive.s3.amazonaws.com/dandisets/001051/0.260825.2232/assets.jsonld,2026-09-07T03:05:27.689410+00:00,52c93c0d-f4c4-444b-9c8f-d0a68126147b,sub-623322/sub-623322_ses-20220824T212827.nwb,1965836866,cac281a73e09c084ec23fc5bd0f73789-30,93e713628b1b84f511e073e26ae3b6e4fe8f7204d44ef233f2549cee61d7e037,application/x-nwb,2024-06-08T01:06:17.858368-07:00,2026-08-25T22:33:02.226703+00:00,https://dandiarchive.s3.amazonaws.com/blobs/3d6/dc4/3d6dc44c-8001-467b-be23-96ba4b22da97,session_nwb,623322,2022-08-24T21:28:27.680000Z,EPHYS_3,Male,wt/wt,Mus musculus - House mouse,P181D,6,https://dandiarchive.s3.amazonaws.com/blobs/3d6/dc4/3d6dc44c-8001-467b-be23-96ba4b22da97,1200659846,1200693008,2022-08-24 14:28:27.680000,3,M,wt/wt,DynamicGating,181,1954,1920,im005_r-1.0,true,/Users/benh/github/ai-dg-paper/results/cache/dynamic_gating_session_metadata.csv,24,24,true,true,engaged_1,1,true,0.5909090909090909,26,44,0.0,0,28,2.339068486600336,true,true
001051,0.260825.2232,10.48324/dandi.001051/0.260825.2232,https://dandiarchive.s3.amazonaws.com/dandisets/001051/0.260825.2232/assets.jsonld,2026-09-07T03:05:27.689410+00:00,52c93c0d-f4c4-444b-9c8f-d0a68126147b,sub-623322/sub-623322_ses-20220824T212827.nwb,1965836866,cac281a73e09c084ec23fc5bd0f73789-30,93e713628b1b84f511e073e26ae3b6e4fe8f7204d44ef233f2549cee61d7e037,application/x-nwb,2024-06-08T01:06:17.858368-07:00,2026-08-25T22:33:02.226703+00:00,https://dandiarchive.s3.amazonaws.com/blobs/3d6/dc4/3d6dc44c-8001-467b-be23-96ba4b22da97,session_nwb,623322,2022-08-24T21:28:27.680000Z,EPHYS_3,Male,wt/wt,Mus musculus - House mouse,P181D,6,https://dandiarchive.s3.amazonaws.com/blobs/3d6/dc4/3d6dc44c-8001-467b-be23-96ba4b22da97,1200659846,1200693008,2022-08-24 14:28:27.680000,3,M,wt/wt,DynamicGating,181,1954,1920,im005_r-1.0,true,/Users/benh/github/ai-dg-paper/results/cache/dynamic_gating_session_metadata.csv,24,24,true,true,no_reward_late,2,true,0.02631578947368421,1,38,0.0,0,24,0.28492387211311665,true,true
001051,0.260825.2232,10.48324/dandi.001051/0.260825.2232,https://dandiarchive.s3.amazonaws.com/dandisets/001051/0.260825.2232/assets.jsonld,2026-09-07T03:05:27.689410+00:00,52c93c0d-f4c4-444b-9c8f-d0a68126147b,sub-623322/sub-623322_ses-20220824T212827.nwb,1965836866,cac281a73e09c084ec23fc5bd0f73789-30,93e713628b1b84f511e073e26ae3b6e4fe8f7204d44ef233f2549cee61d7e037,application/x-nwb,2024-06-08T01:06:17.858368-07:00,2026-08-25T22:33:02.226703+00:00,https://dandiarchive.s3.amazonaws.com/blobs/3d6/dc4/3d6dc44c-8001-467b-be23-96ba4b22da97,session_nwb,623322,2022-08-24T21:28:27.680000Z,EPHYS_3,Male,wt/wt,Mus musculus - House mouse,P181D,6,https://dandiarchive.s3.amazonaws.com/blobs/3d6/dc4/3d6dc44c-8001-467b-be23-96ba4b22da97,1200659846,1200693008,2022-08-24 14:28:27.680000,3,M,wt/wt,DynamicGating,181,1954,1920,im005_r-1.0,true,/Users/benh/github/ai-dg-paper/results/cache/dynamic_gating_session_metadata.csv,24,24,true,true,engaged_2_early,3,true,0.5660377358490566,30,53,0.03333333333333333,1,30,1.8238856661849043,true,true
001051,0.260825.2232,10.48324/dandi.001051/0.260825.2232,https://dandiarchive.s3.amazonaws.com/dandisets/001051/0.260825.2232/assets.jsonld,2026-09-07T03:05:27.689410+00:00,52c93c0d-f4c4-444b-9c8f-d0a68126147b,sub-623322/sub-623322_ses-20220824T212827.nwb,1965836866,cac281a73e09c084ec23fc5bd0f73789-30,93e713628b1b84f511e073e26ae3b6e4fe8f7204d44ef233f2549cee61d7e037,application/x-nwb,2024-06-08T01:06:17.858368-07:00,2026-08-25T22:33:02.226703+00:00,https://dandiarchive.s3.amazonaws.com/blobs/3d6/dc4/3d6dc44c-8001-467b-be23-96ba4b22da97,session_nwb,623322,2022-08-24T21:28:27.680000Z,EPHYS_3,Male,wt/wt,Mus musculus - House mouse,P181D,6,https://dandiarchive.s3.amazonaws.com/blobs/3d6/dc4/3d6dc44c-8001-467b-be23-96ba4b22da97,1200659846,1200693008,2022-08-24 14:28:27.680000,3,M,wt/wt,DynamicGating,181,1954,1920,im005_r-1.0,true,/Users/benh/github/ai-dg-paper/results/cache/dynamic_gating_session_metadata.csv,24,24,true,true,engaged_2_late,4,false,0.0,0,41,0.0,0,26,-0.17483342529754609,true,true
001051,0.260825.2232,10.48324/dandi.001051/0.260825.2232,https://dandiarchive.s3.amazonaws.com/dandisets/001051/0.260825.2232/assets.jsonld,2026-09-07T03:05:27.689410+00:00,69ce96b3-28b8-4c06-bd1d-90e8fd3c3e64,sub-623319/sub-623319_ses-20220908T212131.nwb,1761173586,e032fa2ae2a0d53a0349ac9cd6928da3-27,257def5e25071447b74dc9bb5ac4acfabc0442e535ba17fac518afd9277c0d44,application/x-nwb,2024-06-08T00:39:44.387269-07:00,2026-08-25T22:33:01.852206+00:00,https://dandiarchive.s3.amazonaws.com/blobs/404/f88/404f882a-02c3-400f-b4d6-61772802d386,session_nwb,623319,2022-09-08T21:21:31.393000Z,EPHYS_3,Male,wt/wt,Mus musculus - House mouse,P195D,6,https://dandiarchive.s3.amazonaws.com/blobs/404/f88/404f882a-02c3-400f-b4d6-61772802d386,1208664393,1208696315,2022-09-08 14:21:31.393000,3,M,wt/wt,DynamicGating,195,1862,1920,im005_r-1.0,true,/Users/benh/github/ai-dg-paper/results/cache/dynamic_gating_session_metadata.csv,18,18,true,true,engaged_1,1,true,0.875,21,24,0.4166666666666667,5,12,1.2743474832388826,true,false
001051,0.260825.2232,10.48324/dandi.001051/0.260825.2232,https://dandiarchive.s3.amazonaws.com/dandisets/001051/0.260825.2232/assets.jsonld,2026-09-07T03:05:27.689410+00:00,69ce96b3-28b8-4c06-bd1d-90e8fd3c3e64,sub-623319/sub-623319_ses-20220908T212131.nwb,1761173586,e032fa2ae2a0d53a0349ac9cd6928da3-27,257def5e25071447b74dc9bb5ac4acfabc0442e535ba17fac518afd9277c0d44,application/x-nwb,2024-06-08T00:39:44.387269-07:00,2026-08-25T22:33:01.852206+00:00,https://dandiarchive.s3.amazonaws.com/blobs/404/f88/404f882a-02c3-400f-b4d6-61772802d386,session_nwb,623319,2022-09-08T21:21:31.393000Z,EPHYS_3,Male,wt/wt,Mus musculus - House mouse,P195D,6,https://dandiarchive.s3.amazonaws.com/blobs/404/f88/404f882a-02c3-400f-b4d6-61772802d386,1208664393,1208696315,2022-09-08 14:21:31.393000,3,M,wt/wt,DynamicGating,195,1862,1920,im005_r-1.0,true,/Users/benh/github/ai-dg-paper/results/cache/dynamic_gating_session_metadata.csv,18,18,true,true,no_reward_late,2,true,0.20512820512820512,8,39,0.0,0,24,1.2559720645065842,true,false
001051,0.260825.2232,10.48324/dandi.001051/0.260825.2232,https://dandiarchive.s3.amazonaws.com/dandisets/001051/0.260825.2232/assets.jsonld,2026-09-07T03:05:27.689410+00:00,69ce96b3-28b8-4c06-bd1d-90e8fd3c3e64,sub-623319/sub-623319_ses-20220908T212131.nwb,1761173586,e032fa2ae2a0d53a0349ac9cd6928da3-27,257def5e25071447b74dc9bb5ac4acfabc0442e535ba17fac518afd9277c0d44,application/x-nwb,2024-06-08T00:39:44.387269-07:00,2026-08-25T22:33:01.852206+00:00,https://dandiarchive.s3.amazonaws.com/blobs/404/f88/404f882a-02c3-400f-b4d6-61772802d386,session_nwb,623319,2022-09-08T21:21:31.393000Z,EPHYS_3,Male,wt/wt,Mus musculus - House mouse,P195D,6,https://dandiarchive.s3.amazonaws.com/blobs/404/f88/404f882a-02c3-400f-b4d6-61772802d386,1208664393,1208696315,2022-09-08 14:21:31.393000,3,M,wt/wt,DynamicGating,195,1862,1920,im005_r-1.0,true,/Users/benh/github/ai-dg-paper/results/cache/dynamic_gating_session_metadata.csv,18,18,true,true,engaged_2_early,3,true,0.7777777777777778,21,27,0.17647058823529413,3,17,1.5934422040337899,true,false
001051,0.260825.2232,10.48324/dandi.001051/0.260825.2232,https://dandiarchive.s3.amazonaws.com/dandisets/001051/0.260825.2232/assets.jsonld,2026-09-07T03:05:27.689410+00:00,69ce96b3-28b8-4c06-bd1d-90e8fd3c3e64,sub-623319/sub-623319_ses-20220908T212131.nwb,1761173586,e032fa2ae2a0d53a0349ac9cd6928da3-27,257def5e25071447b74dc9bb5ac4acfabc0442e535ba17fac518afd9277c0d44,application/x-nwb,2024-06-08T00:39:44.387269-07:00,2026-08-25T22:33:01.852206+00:00,https://dandiarchive.s3.amazonaws.com/blobs/404/f88/404f882a-02c3-400f-b4d6-61772802d386,session_nwb,623319,2022-09-08T21:21:31.393000Z,EPHYS_3,Male,wt/wt,Mus musculus - House mouse,P195D,6,https://dandiarchive.s3.amazonaws.com/blobs/404/f88/404f882a-02c3-400f-b4d6-61772802d386,1208664393,1208696315,2022-09-08 14:21:31.393000,3,M,wt/wt,DynamicGating,195,1862,1920,im005_r-1.0,true,/Users/benh/github/ai-dg-paper/results/cache/dynamic_gating_session_metadata.csv,18,18,true,true,engaged_2_late,4,false,0.6785714285714286,19,28,0.0,0,15,2.30932007192783,true,false
001051,0.260825.2232,10.48324/dandi.001051/0.260825.2232,https://dandiarchive.s3.amazonaws.com/dandisets/001051/0.260825.2232/assets.jsonld,2026-09-07T03:05:27.689410+00:00,317d95d3-8d97-437a-8b1d-9385e9ac11b6,sub-608672/sub-608672_ses-20220505T200416.nwb,2432294993,83f6ea9ae062b0d700bc8faac81554e4-37,e123aefb372c47a48fb005558a5e3d7e4a62946fcdef4febd2515821e6c4d409,application/x-nwb,2024-06-07T18:47:59.095172-07:00,2026-08-25T22:32:58.747032+00:00,https://dandiarchive.s3.amazonaws.com/blobs/45e/b63/45eb632e-a7df-4d91-b0ea-ab8ff3512409,session_nwb,608672,2022-05-05T20:04:16.894000Z,EPHYS_4,Female,Sst-IRES-Cre/wt;Ai32(RCL-ChR2(H134R)_EYFP)/wt,Mus musculus - House mouse,P208D,6,https://dandiarchive.s3.amazonaws.com/blobs/45e/b63/45eb632e-a7df-4d91-b0ea-ab8ff3512409,1175253205,1175312578,2022-05-05 13:04:16.894000,4,F,Sst-IRES-Cre/wt;Ai32(RCL-ChR2(H134R)_EYFP)/wt,DynamicGating_DEV,208,2315,2304,im087_r-1.0,true,/Users/benh/github/ai-dg-paper/results/cache/dynamic_gating_session_metadata.csv,24,24,true,true,engaged_1,1,true,0.56,14,25,0.2222222222222222,2,9,0.8196106914068558,true,false
001051,0.260825.2232,10.48324/dandi.001051/0.260825.2232,https://dandiarchive.s3.amazonaws.com/dandisets/001051/0.260825.2232/assets.jsonld,2026-09-07T03:05:27.689410+00:00,317d95d3-8d97-437a-8b1d-9385e9ac11b6,sub-608672/sub-608672_ses-20220505T200416.nwb,2432294993,83f6ea9ae062b0d700bc8faac81554e4-37,e123aefb372c47a48fb005558a5e3d7e4a62946fcdef4febd2515821e6c4d409,application/x-nwb,2024-06-07T18:47:59.095172-07:00,2026-08-25T22:32:58.747032+00:00,https://dandiarchive.s3.amazonaws.com/blobs/45e/b63/45eb632e-a7df-4d91-b0ea-ab8ff3512409,session_nwb,608672,2022-05-05T20:04:16.894000Z,EPHYS_4,Female,Sst-IRES-Cre/wt;Ai32(RCL-ChR2(H134R)_EYFP)/wt,Mus musculus - House mouse,P208D,6,https://dandiarchive.s3.amazonaws.com/blobs/45e/b63/45eb632e-a7df-4d91-b0ea-ab8ff3512409,1175253205,1175312578,2022-05-05 13:04:16.894000,4,F,Sst-IRES-Cre/wt;Ai32(RCL-ChR2(H134R)_EYFP)/wt,DynamicGating_DEV,208,2315,2304,im087_r-1.0,true,/Users/benh/github/ai-dg-paper/results/cache/dynamic_gating_session_metadata.csv,24,24,true,true,no_reward_late,2,true,0.06976744186046512,3,43,0.11764705882352941,2,17,-0.3228107330713301,true,false
001051,0.260825.2232,10.48324/dandi.001051/0.260825.2232,https://dandiarchive.s3.amazonaws.com/dandisets/001051/0.260825.2232/assets.jsonld,2026-09-07T03:05:27.689410+00:00,317d95d3-8d97-437a-8b1d-9385e9ac11b6,sub-608672/sub-608672_ses-20220505T200416.nwb,2432294993,83f6ea9ae062b0d700bc8faac81554e4-37,e123aefb372c47a48fb005558a5e3d7e4a62946fcdef4febd2515821e6c4d409,application/x-nwb,2024-06-07T18:47:59.095172-07:00,2026-08-25T22:32:58.747032+00:00,https://dandiarchive.s3.amazonaws.com/blobs/45e/b63/45eb632e-a7df-4d91-b0ea-ab8ff3512409,session_nwb,608672,2022-05-05T20:04:16.894000Z,EPHYS_4,Female,Sst-IRES-Cre/wt;Ai32(RCL-ChR2(H134R)_EYFP)/wt,Mus musculus - House mouse,P208D,6,https://dandiarchive.s3.amazonaws.com/blobs/45e/b63/45eb632e-a7df-4d91-b0ea-ab8ff3512409,1175253205,1175312578,2022-05-05 13:04:16.894000,4,F,Sst-IRES-Cre/wt;Ai32(RCL-ChR2(H134R)_EYFP)/wt,DynamicGating_DEV,208,2315,2304,im087_r-1.0,true,/Users/benh/github/ai-dg-paper/results/cache/dynamic_gating_session_metadata.csv,24,24,true,true,engaged_2_early,3,true,0.6190476190476191,26,42,0.25,3,12,0.9108638040481348,true,false
001051,0.260825.2232,10.48324/dandi.001051/0.260825.2232,https://dandiarchive.s3.amazonaws.com/dandisets/001051/0.260825.2232/assets.jsonld,2026-09-07T03:05:27.689410+00:00,317d95d3-8d97-437a-8b1d-9385e9ac11b6,sub-608672/sub-608672_ses-20220505T200416.nwb,2432294993,83f6ea9ae062b0d700bc8faac81554e4-37,e123aefb372c47a48fb005558a5e3d7e4a62946fcdef4febd2515821e6c4d409,application/x-nwb,2024-06-07T18:47:59.095172-07:00,2026-08-25T22:32:58.747032+00:00,https://dandiarchive.s3.amazonaws.com/blobs/45e/b63/45eb632e-a7df-4d91-b0ea-ab8ff3512409,session_nwb,608672,2022-05-05T20:04:16.894000Z,EPHYS_4,Female,Sst-IRES-Cre/wt;Ai32(RCL-ChR2(H134R)_EYFP)/wt,Mus musculus - House mouse,P208D,6,https://dandiarchive.s3.amazonaws.com/blobs/45e/b63/45eb632e-a7df-4d91-b0ea-ab8ff3512409,1175253205,1175312578,2022-05-05 13:04:16.894000,4,F,Sst-IRES-Cre/wt;Ai32(RCL-ChR2(H134R)_EYFP)/wt,DynamicGating_DEV,208,2315,2304,im087_r-1.0,true,/Users/benh/github/ai-dg-paper/results/cache/dynamic_gating_session_metadata.csv,24,24,true,true,engaged_2_late,4,false,0.3870967741935484,12,31,0.18181818181818182,2,11,0.5345273616783361,true,false
001051,0.260825.2232,10.48324/dandi.001051/0.260825.2232,https://dandiarchive.s3.amazonaws.com/dandisets/001051/0.260825.2232/assets.jsonld,2026-09-07T03:05:27.689410+00:00,2a2376f1-724e-4104-8c87-71b2756661e2,sub-626279/sub-626279_ses-20220926T212457.nwb,2176654787,e01bc897a04af7a39ee7ed873f283a00-33,ee3b3fa2db42c9a6cff5a4437ad5b01ce70f778bcc47a35a573a60561ee20d46,application/x-nwb,2024-06-08T02:57:49.465803-07:00,2026-08-25T22:33:03.160852+00:00,https://dandiarchive.s3.amazonaws.com/blobs/4bd/cd2/4bdcd217-633c-4841-a9b1-208c117f5ea3,session_nwb,626279,2022-09-26T21:24:57.519000Z,EPHYS_1,Male,wt/wt,Mus musculus - House mouse,P196D,6,https://dandiarchive.s3.amazonaws.com/blobs/4bd/cd2/4bdcd217-633c-4841-a9b1-208c117f5ea3,1214217748,1214239830,2022-09-26 14:24:57.519000,1,M,wt/wt,DynamicGating,196,2192,2304,im104_r-1.0,true,/Users/benh/github/ai-dg-paper/results/cache/dynamic_gating_session_metadata.csv,19,19,true,true,engaged_1,1,true,0.725,29,40,0.2222222222222222,6,27,1.3132010903920734,true,true
001051,0.260825.2232,10.48324/dandi.001051/0.260825.2232,https://dandiarchive.s3.amazonaws.com/dandisets/001051/0.260825.2232/assets.jsonld,2026-09-07T03:05:27.689410+00:00,2a2376f1-724e-4104-8c87-71b2756661e2,sub-626279/sub-626279_ses-20220926T212457.nwb,2176654787,e01bc897a04af7a39ee7ed873f283a00-33,ee3b3fa2db42c9a6cff5a4437ad5b01ce70f778bcc47a35a573a60561ee20d46,application/x-nwb,2024-06-08T02:57:49.465803-07:00,2026-08-25T22:33:03.160852+00:00,https://dandiarchive.s3.amazonaws.com/blobs/4bd/cd2/4bdcd217-633c-4841-a9b1-208c117f5ea3,session_nwb,626279,2022-09-26T21:24:57.519000Z,EPHYS_1,Male,wt/wt,Mus musculus - House mouse,P196D,6,https://dandiarchive.s3.amazonaws.com/blobs/4bd/cd2/4bdcd217-633c-4841-a9b1-208c117f5ea3,1214217748,1214239830,2022-09-26 14:24:57.519000,1,M,wt/wt,DynamicGating,196,2192,2304,im104_r-1.0,true,/Users/benh/github/ai-dg-paper/results/cache/dynamic_gating_session_metadata.csv,19,19,true,true,no_reward_late,2,true,0.07142857142857142,3,42,0.0,0,23,0.6410871387517203,true,true
001051,0.260825.2232,10.48324/dandi.001051/0.260825.2232,https://dandiarchive.s3.amazonaws.com/dandisets/001051/0.260825.2232/assets.jsonld,2026-09-07T03:05:27.689410+00:00,2a2376f1-724e-4104-8c87-71b2756661e2,sub-626279/sub-626279_ses-20220926T212457.nwb,2176654787,e01bc897a04af7a39ee7ed873f283a00-33,ee3b3fa2db42c9a6cff5a4437ad5b01ce70f778bcc47a35a573a60561ee20d46,application/x-nwb,2024-06-08T02:57:49.465803-07:00,2026-08-25T22:33:03.160852+00:00,https://dandiarchive.s3.amazonaws.com/blobs/4bd/cd2/4bdcd217-633c-4841-a9b1-208c117f5ea3,session_nwb,626279,2022-09-26T21:24:57.519000Z,EPHYS_1,Male,wt/wt,Mus musculus - House mouse,P196D,6,https://dandiarchive.s3.amazonaws.com/blobs/4bd/cd2/4bdcd217-633c-4841-a9b1-208c117f5ea3,1214217748,1214239830,2022-09-26 14:24:57.519000,1,M,wt/wt,DynamicGating,196,2192,2304,im104_r-1.0,true,/Users/benh/github/ai-dg-paper/results/cache/dynamic_gating_session_metadata.csv,19,19,true,true,engaged_2_early,3,true,0.7435897435897436,29,39,0.21739130434782608,5,23,1.377251057559099,true,true
001051,0.260825.2232,10.48324/dandi.001051/0.260825.2232,https://dandiarchive.s3.amazonaws.com/dandisets/001051/0.260825.2232/assets.jsonld,2026-09-07T03:05:27.689410+00:00,2a2376f1-724e-4104-8c87-71b2756661e2,sub-626279/sub-626279_ses-20220926T212457.nwb,2176654787,e01bc897a04af7a39ee7ed873f283a00-33,ee3b3fa2db42c9a6cff5a4437ad5b01ce70f778bcc47a35a573a60561ee20d46,application/x-nwb,2024-06-08T02:57:49.465803-07:00,2026-08-25T22:33:03.160852+00:00,https://dandiarchive.s3.amazonaws.com/blobs/4bd/cd2/4bdcd217-633c-4841-a9b1-208c117f5ea3,session_nwb,626279,2022-09-26T21:24:57.519000Z,EPHYS_1,Male,wt/wt,Mus musculus - House mouse,P196D,6,https://dandiarchive.s3.amazonaws.com/blobs/4bd/cd2/4bdcd217-633c-4841-a9b1-208c117f5ea3,1214217748,1214239830,2022-09-26 14:24:57.519000,1,M,wt/wt,DynamicGating,196,2192,2304,im104_r-1.0,true,/Users/benh/github/ai-dg-paper/results/cache/dynamic_gating_session_metadata.csv,19,19,true,true,engaged_2_late,4,false,0.48148148148148145,13,27,0.2,3,15,0.7316455844524112,true,true
001051,0.260825.2232,10.48324/dandi.001051/0.260825.2232,https://dandiarchive.s3.amazonaws.com/dandisets/001051/0.260825.2232/assets.jsonld,2026-09-07T03:05:27.689410+00:00,f2949e11-e0cb-4e91-9152-e72a7b5f5ba1,sub-642504/sub-642504_ses-20230201T065423.nwb,1545297303,6e1059bfdb19148416ef7d2b0a2a9a74-24,380116c3461ee39977dd76baf2c9c8c3b6825b9a57cc717cb32d59f08671ed74,application/x-nwb,2024-06-08T08:01:14.887142-07:00,2026-08-25T22:33:05.776170+00:00,https://dandiarchive.s3.amazonaws.com/blobs/4c0/643/4c064370-d6ec-45fb-8be0-edf4ac91097f,session_nwb,642504,2023-02-01T06:54:23.578000Z,EPHYS_2,Female,Sst-IRES-Cre/wt;Ai32(RCL-ChR2(H134R)_EYFP)/wt,Mus musculus - House mouse,P202D,6,https://dandiarchive.s3.amazonaws.com/blobs/4c0/643/4c064370-d6ec-45fb-8be0-edf4ac91097f,1243799530,1243847955,2023-01-31 22:54:23.578000,2,F,Sst-IRES-Cre/wt;Ai32(RCL-ChR2(H134R)_EYFP)/wt,DynamicGating,202,1607,1920,im114_r-1.0,true,/Users/benh/github/ai-dg-paper/results/cache/dynamic_gating_session_metadata.csv,18,18,true,true,engaged_1,1,true,0.9772727272727273,43,44,0.08,2,25,3.137697307919401,true,true
001051,0.260825.2232,10.48324/dandi.001051/0.260825.2232,https://dandiarchive.s3.amazonaws.com/dandisets/001051/0.260825.2232/assets.jsonld,2026-09-07T03:05:27.689410+00:00,f2949e11-e0cb-4e91-9152-e72a7b5f5ba1,sub-642504/sub-642504_ses-20230201T065423.nwb,1545297303,6e1059bfdb19148416ef7d2b0a2a9a74-24,380116c3461ee39977dd76baf2c9c8c3b6825b9a57cc717cb32d59f08671ed74,application/x-nwb,2024-06-08T08:01:14.887142-07:00,2026-08-25T22:33:05.776170+00:00,https://dandiarchive.s3.amazonaws.com/blobs/4c0/643/4c064370-d6ec-45fb-8be0-edf4ac91097f,session_nwb,642504,2023-02-01T06:54:23.578000Z,EPHYS_2,Female,Sst-IRES-Cre/wt;Ai32(RCL-ChR2(H134R)_EYFP)/wt,Mus musculus - House mouse,P202D,6,https://dandiarchive.s3.amazonaws.com/blobs/4c0/643/4c064370-d6ec-45fb-8be0-edf4ac91097f,1243799530,1243847955,2023-01-31 22:54:23.578000,2,F,Sst-IRES-Cre/wt;Ai32(RCL-ChR2(H134R)_EYFP)/wt,DynamicGating,202,1607,1920,im114_r-1.0,true,/Users/benh/github/ai-dg-paper/results/cache/dynamic_gating_session_metadata.csv,18,18,true,true,no_reward_late,2,true,0.023255813953488372,1,43,0.0,0,26,0.26155228825298593,true,true
001051,0.260825.2232,10.48324/dandi.001051/0.260825.2232,https://dandiarchive.s3.amazonaws.com/dandisets/001051/0.260825.2232/assets.jsonld,2026-09-07T03:05:27.689410+00:00,f2949e11-e0cb-4e91-9152-e72a7b5f5ba1,sub-642504/sub-642504_ses-20230201T065423.nwb,1545297303,6e1059bfdb19148416ef7d2b0a2a9a74-24,380116c3461ee39977dd76baf2c9c8c3b6825b9a57cc717cb32d59f08671ed74,application/x-nwb,2024-06-08T08:01:14.887142-07:00,2026-08-25T22:33:05.776170+00:00,https://dandiarchive.s3.amazonaws.com/blobs/4c0/643/4c064370-d6ec-45fb-8be0-edf4ac91097f,session_nwb,642504,2023-02-01T06:54:23.578000Z,EPHYS_2,Female,Sst-IRES-Cre/wt;Ai32(RCL-ChR2(H134R)_EYFP)/wt,Mus musculus - House mouse,P202D,6,https://dandiarchive.s3.amazonaws.com/blobs/4c0/643/4c064370-d6ec-45fb-8be0-edf4ac91097f,1243799530,1243847955,2023-01-31 22:54:23.578000,2,F,Sst-IRES-Cre/wt;Ai32(RCL-ChR2(H134R)_EYFP)/wt,DynamicGating,202,1607,1920,im114_r-1.0,true,/Users/benh/github/ai-dg-paper/results/cache/dynamic_gating_session_metadata.csv,18,18,true,true,engaged_2_early,3,true,0.9387755102040817,46,49,0.034482758620689655,1,29,3.120644655130643,true,true
001051,0.260825.2232,10.48324/dandi.001051/0.260825.2232,https://dandiarchive.s3.amazonaws.com/dandisets/001051/0.260825.2232/assets.jsonld,2026-09-07T03:05:27.689410+00:00,f2949e11-e0cb-4e91-9152-e72a7b5f5ba1,sub-642504/sub-642504_ses-20230201T065423.nwb,1545297303,6e1059bfdb19148416ef7d2b0a2a9a74-24,380116c3461ee39977dd76baf2c9c8c3b6825b9a57cc717cb32d59f08671ed74,application/x-nwb,2024-06-08T08:01:14.887142-07:00,2026-08-25T22:33:05.776170+00:00,https://dandiarchive.s3.amazonaws.com/blobs/4c0/643/4c064370-d6ec-45fb-8be0-edf4ac91097f,session_nwb,642504,2023-02-01T06:54:23.578000Z,EPHYS_2,Female,Sst-IRES-Cre/wt;Ai32(RCL-ChR2(H134R)_EYFP)/wt,Mus musculus - House mouse,P202D,6,https://dandiarchive.s3.amazonaws.com/blobs/4c0/643/4c064370-d6ec-45fb-8be0-edf4ac91097f,1243799530,1243847955,2023-01-31 22:54:23.578000,2,F,Sst-IRES-Cre/wt;Ai32(RCL-ChR2(H134R)_EYFP)/wt,DynamicGating,202,1607,1920,im114_r-1.0,true,/Users/benh/github/ai-dg-paper/results/cache/dynamic_gating_session_metadata.csv,18,18,true,true,engaged_2_late,4,false,0.967741935483871,30,31,0.125,2,16,2.725071120737415,true,true
001051,0.260825.2232,10.48324/dandi.001051/0.260825.2232,https://dandiarchive.s3.amazonaws.com/dandisets/001051/0.260825.2232/assets.jsonld,2026-09-07T03:05:27.689410+00:00,451409f6-610a-4f97-9bba-b8ae1af47554,sub-633232/sub-633232_ses-20221108T230110.nwb,1705826295,caffa42c1b288b97f378f5540923027d-26,c0988ed8af3b21e14de6f98ee2eb9b63ffbc0e4774776855d4f367bda6cdbe76,application/x-nwb,2024-06-08T04:08:01.247896-07:00,2026-08-25T22:33:03.803973+00:00,https://dandiarchive.s3.amazonaws.com/blobs/4cb/2ca/4cb2cabe-f8a3-4e7e-9065-718d65e5ea3f,session_nwb,633232,2022-11-08T23:01:10.028000Z,EPHYS_2,Female,Sst-IRES-Cre/wt;Ai32(RCL-ChR2(H134R)_EYFP)/wt,Mus musculus - House mouse,P186D,6,https://dandiarchive.s3.amazonaws.com/blobs/4cb/2ca/4cb2cabe-f8a3-4e7e-9065-718d65e5ea3f,1224635971,1224702301,2022-11-08 15:01:10.028000,2,F,Sst-IRES-Cre/wt;Ai32(RCL-ChR2(H134R)_EYFP)/wt,DynamicGating,186,1933,1920,im114_r-1.0,true,/Users/benh/github/ai-dg-paper/results/cache/dynamic_gating_session_metadata.csv,24,24,true,true,engaged_1,1,true,0.24390243902439024,10,41,0.16666666666666666,4,24,0.2408753376467324,true,false
001051,0.260825.2232,10.48324/dandi.001051/0.260825.2232,https://dandiarchive.s3.amazonaws.com/dandisets/001051/0.260825.2232/assets.jsonld,2026-09-07T03:05:27.689410+00:00,451409f6-610a-4f97-9bba-b8ae1af47554,sub-633232/sub-633232_ses-20221108T230110.nwb,1705826295,caffa42c1b288b97f378f5540923027d-26,c0988ed8af3b21e14de6f98ee2eb9b63ffbc0e4774776855d4f367bda6cdbe76,application/x-nwb,2024-06-08T04:08:01.247896-07:00,2026-08-25T22:33:03.803973+00:00,https://dandiarchive.s3.amazonaws.com/blobs/4cb/2ca/4cb2cabe-f8a3-4e7e-9065-718d65e5ea3f,session_nwb,633232,2022-11-08T23:01:10.028000Z,EPHYS_2,Female,Sst-IRES-Cre/wt;Ai32(RCL-ChR2(H134R)_EYFP)/wt,Mus musculus - House mouse,P186D,6,https://dandiarchive.s3.amazonaws.com/blobs/4cb/2ca/4cb2cabe-f8a3-4e7e-9065-718d65e5ea3f,1224635971,1224702301,2022-11-08 15:01:10.028000,2,F,Sst-IRES-Cre/wt;Ai32(RCL-ChR2(H134R)_EYFP)/wt,DynamicGating,186,1933,1920,im114_r-1.0,true,/Users/benh/github/ai-dg-paper/results/cache/dynamic_gating_session_metadata.csv,24,24,true,true,no_reward_late,2,true,0.05263157894736842,2,38,0.0,0,25,0.5486837844691179,true,false
001051,0.260825.2232,10.48324/dandi.001051/0.260825.2232,https://dandiarchive.s3.amazonaws.com/dandisets/001051/0.260825.2232/assets.jsonld,2026-09-07T03:05:27.689410+00:00,451409f6-610a-4f97-9bba-b8ae1af47554,sub-633232/sub-633232_ses-20221108T230110.nwb,1705826295,caffa42c1b288b97f378f5540923027d-26,c0988ed8af3b21e14de6f98ee2eb9b63ffbc0e4774776855d4f367bda6cdbe76,application/x-nwb,2024-06-08T04:08:01.247896-07:00,2026-08-25T22:33:03.803973+00:00,https://dandiarchive.s3.amazonaws.com/blobs/4cb/2ca/4cb2cabe-f8a3-4e7e-9065-718d65e5ea3f,session_nwb,633232,2022-11-08T23:01:10.028000Z,EPHYS_2,Female,Sst-IRES-Cre/wt;Ai32(RCL-ChR2(H134R)_EYFP)/wt,Mus musculus - House mouse,P186D,6,https://dandiarchive.s3.amazonaws.com/blobs/4cb/2ca/4cb2cabe-f8a3-4e7e-9065-718d65e5ea3f,1224635971,1224702301,2022-11-08 15:01:10.028000,2,F,Sst-IRES-Cre/wt;Ai32(RCL-ChR2(H134R)_EYFP)/wt,DynamicGating,186,1933,1920,im114_r-1.0,true,/Users/benh/github/ai-dg-paper/results/cache/dynamic_gating_session_metadata.csv,24,24,true,true,engaged_2_early,3,true,0.04838709677419355,3,62,0.02702702702702703,1,37,0.16360778922885455,true,false
001051,0.260825.2232,10.48324/dandi.001051/0.260825.2232,https://dandiarchive.s3.amazonaws.com/dandisets/001051/0.260825.2232/assets.jsonld,2026-09-07T03:05:27.689410+00:00,451409f6-610a-4f97-9bba-b8ae1af47554,sub-633232/sub-633232_ses-20221108T230110.nwb,1705826295,caffa42c1b288b97f378f5540923027d-26,c0988ed8af3b21e14de6f98ee2eb9b63ffbc0e4774776855d4f367bda6cdbe76,application/x-nwb,2024-06-08T04:08:01.247896-07:00,2026-08-25T22:33:03.803973+00:00,https://dandiarchive.s3.amazonaws.com/blobs/4cb/2ca/4cb2cabe-f8a3-4e7e-9065-718d65e5ea3f,session_nwb,633232,2022-11-08T23:01:10.028000Z,EPHYS_2,Female,Sst-IRES-Cre/wt;Ai32(RCL-ChR2(H134R)_EYFP)/wt,Mus musculus - House mouse,P186D,6,https://dandiarchive.s3.amazonaws.com/blobs/4cb/2ca/4cb2cabe-f8a3-4e7e-9065-718d65e5ea3f,1224635971,1224702301,2022-11-08 15:01:10.028000,2,F,Sst-IRES-Cre/wt;Ai32(RCL-ChR2(H134R)_EYFP)/wt,DynamicGating,186,1933,1920,im114_r-1.0,true,/Users/benh/github/ai-dg-paper/results/cache/dynamic_gating_session_metadata.csv,24,24,true,true,engaged_2_late,4,false,0.024390243902439025,1,41,0.08695652173913043,2,23,-0.5445815296760934,true,false
001051,0.260825.2232,10.48324/dandi.001051/0.260825.2232,https://dandiarchive.s3.amazonaws.com/dandisets/001051/0.260825.2232/assets.jsonld,2026-09-07T03:05:27.689410+00:00,c3b00af5-9e3e-4bc4-a924-558cb21b0bf6,sub-623786/sub-623786_ses-20220915T202517.nwb,1960462579,e8c0a6fd8c0095612c8c21278a3639f2-30,2e58f82d28dcf614abeb0355624c9f3d9a48c7102ac56c88b260ae688f75dfa0,application/x-nwb,2024-06-08T02:22:13.553659-07:00,2026-08-25T22:33:02.870259+00:00,https://dandiarchive.s3.amazonaws.com/blobs/4d3/55e/4d355e88-34ef-43e9-ba82-b9496b312da3,session_nwb,623786,2022-09-15T20:25:17.717000Z,EPHYS_4,Male,wt/wt,Mus musculus - House mouse,P199D,6,https://dandiarchive.s3.amazonaws.com/blobs/4d3/55e/4d355e88-34ef-43e9-ba82-b9496b312da3,1211232400,1211302753,2022-09-15 13:25:17.717000,4,M,wt/wt,DynamicGating,199,2351,2304,im087_r-1.0,true,/Users/benh/github/ai-dg-paper/results/cache/dynamic_gating_session_metadata.csv,24,24,true,true,engaged_1,1,true,0.6585365853658537,27,41,0.038461538461538464,1,26,1.9914277391567106,true,false
001051,0.260825.2232,10.48324/dandi.001051/0.260825.2232,https://dandiarchive.s3.amazonaws.com/dandisets/001051/0.260825.2232/assets.jsonld,2026-09-07T03:05:27.689410+00:00,c3b00af5-9e3e-4bc4-a924-558cb21b0bf6,sub-623786/sub-623786_ses-20220915T202517.nwb,1960462579,e8c0a6fd8c0095612c8c21278a3639f2-30,2e58f82d28dcf614abeb0355624c9f3d9a48c7102ac56c88b260ae688f75dfa0,application/x-nwb,2024-06-08T02:22:13.553659-07:00,2026-08-25T22:33:02.870259+00:00,https://dandiarchive.s3.amazonaws.com/blobs/4d3/55e/4d355e88-34ef-43e9-ba82-b9496b312da3,session_nwb,623786,2022-09-15T20:25:17.717000Z,EPHYS_4,Male,wt/wt,Mus musculus - House mouse,P199D,6,https://dandiarchive.s3.amazonaws.com/blobs/4d3/55e/4d355e88-34ef-43e9-ba82-b9496b312da3,1211232400,1211302753,2022-09-15 13:25:17.717000,4,M,wt/wt,DynamicGating,199,2351,2304,im087_r-1.0,true,/Users/benh/github/ai-dg-paper/results/cache/dynamic_gating_session_metadata.csv,24,24,true,true,no_reward_late,2,true,0.15789473684210525,6,38,0.0,0,24,1.0863273445301214,true,false
001051,0.260825.2232,10.48324/dandi.001051/0.260825.2232,https://dandiarchive.s3.amazonaws.com/dandisets/001051/0.260825.2232/assets.jsonld,2026-09-07T03:05:27.689410+00:00,c3b00af5-9e3e-4bc4-a924-558cb21b0bf6,sub-623786/sub-623786_ses-20220915T202517.nwb,1960462579,e8c0a6fd8c0095612c8c21278a3639f2-30,2e58f82d28dcf614abeb0355624c9f3d9a48c7102ac56c88b260ae688f75dfa0,application/x-nwb,2024-06-08T02:22:13.553659-07:00,2026-08-25T22:33:02.870259+00:00,https://dandiarchive.s3.amazonaws.com/blobs/4d3/55e/4d355e88-34ef-43e9-ba82-b9496b312da3,session_nwb,623786,2022-09-15T20:25:17.717000Z,EPHYS_4,Male,wt/wt,Mus musculus - House mouse,P199D,6,https://dandiarchive.s3.amazonaws.com/blobs/4d3/55e/4d355e88-34ef-43e9-ba82-b9496b312da3,1211232400,1211302753,2022-09-15 13:25:17.717000,4,M,wt/wt,DynamicGating,199,2351,2304,im087_r-1.0,true,/Users/benh/github/ai-dg-paper/results/cache/dynamic_gating_session_metadata.csv,24,24,true,true,engaged_2_early,3,true,0.4888888888888889,22,45,0.15384615384615385,4,26,0.9401722347472992,true,false
001051,0.260825.2232,10.48324/dandi.001051/0.260825.2232,https://dandiarchive.s3.amazonaws.com/dandisets/001051/0.260825.2232/assets.jsonld,2026-09-07T03:05:27.689410+00:00,c3b00af5-9e3e-4bc4-a924-558cb21b0bf6,sub-623786/sub-623786_ses-20220915T202517.nwb,1960462579,e8c0a6fd8c0095612c8c21278a3639f2-30,2e58f82d28dcf614abeb0355624c9f3d9a48c7102ac56c88b260ae688f75dfa0,application/x-nwb,2024-06-08T02:22:13.553659-07:00,2026-08-25T22:33:02.870259+00:00,https://dandiarchive.s3.amazonaws.com/blobs/4d3/55e/4d355e88-34ef-43e9-ba82-b9496b312da3,session_nwb,623786,2022-09-15T20:25:17.717000Z,EPHYS_4,Male,wt/wt,Mus musculus - House mouse,P199D,6,https://dandiarchive.s3.amazonaws.com/blobs/4d3/55e/4d355e88-34ef-43e9-ba82-b9496b312da3,1211232400,1211302753,2022-09-15 13:25:17.717000,4,M,wt/wt,DynamicGating,199,2351,2304,im087_r-1.0,true,/Users/benh/github/ai-dg-paper/results/cache/dynamic_gating_session_metadata.csv,24,24,true,true,engaged_2_late,4,false,0.84,21,25,0.5,8,16,0.9420757749957757,true,false
001051,0.260825.2232,10.48324/dandi.001051/0.260825.2232,https://dandiarchive.s3.amazonaws.com/dandisets/001051/0.260825.2232/assets.jsonld,2026-09-07T03:05:27.689410+00:00,1f71b720-272a-4b4d-88a7-00968533631f,sub-615047/sub-615047_ses-20220711T224005.nwb,2362736594,fa5c30519c403b71d48cf7a1de44e5f7-36,584351d27ab798f0f3e1c09ba3a65b644830ad94b9b3868927a1413adae155f4,application/x-nwb,2024-06-07T22:10:04.094826-07:00,2026-08-25T22:33:00.469561+00:00,https://dandiarchive.s3.amazonaws.com/blobs/4d8/ee0/4d8ee03a-8ed6-46af-baef-48bcdc3bda86,session_nwb,615047,2022-07-11T22:40:05.549000Z,EPHYS_1,Male,Vip-IRES-Cre/wt;Ai32(RCL-ChR2(H134R)_EYFP)/wt,Mus musculus - House mouse,P205D,6,https://dandiarchive.s3.amazonaws.com/blobs/4d8/ee0/4d8ee03a-8ed6-46af-baef-48bcdc3bda86,1190892228,1190940684,2022-07-11 15:40:05.549000,1,M,Vip-IRES-Cre/wt;Ai32(RCL-ChR2(H134R)_EYFP)/wt,DynamicGating_DEV,205,2358,1920,im104_r-1.0,true,/Users/benh/github/ai-dg-paper/results/cache/dynamic_gating_session_metadata.csv,24,24,true,true,engaged_1,1,true,0.5319148936170213,25,47,0.1875,3,16,0.8992045010654928,true,false
001051,0.260825.2232,10.48324/dandi.001051/0.260825.2232,https://dandiarchive.s3.amazonaws.com/dandisets/001051/0.260825.2232/assets.jsonld,2026-09-07T03:05:27.689410+00:00,1f71b720-272a-4b4d-88a7-00968533631f,sub-615047/sub-615047_ses-20220711T224005.nwb,2362736594,fa5c30519c403b71d48cf7a1de44e5f7-36,584351d27ab798f0f3e1c09ba3a65b644830ad94b9b3868927a1413adae155f4,application/x-nwb,2024-06-07T22:10:04.094826-07:00,2026-08-25T22:33:00.469561+00:00,https://dandiarchive.s3.amazonaws.com/blobs/4d8/ee0/4d8ee03a-8ed6-46af-baef-48bcdc3bda86,session_nwb,615047,2022-07-11T22:40:05.549000Z,EPHYS_1,Male,Vip-IRES-Cre/wt;Ai32(RCL-ChR2(H134R)_EYFP)/wt,Mus musculus - House mouse,P205D,6,https://dandiarchive.s3.amazonaws.com/blobs/4d8/ee0/4d8ee03a-8ed6-46af-baef-48bcdc3bda86,1190892228,1190940684,2022-07-11 15:40:05.549000,1,M,Vip-IRES-Cre/wt;Ai32(RCL-ChR2(H134R)_EYFP)/wt,DynamicGating_DEV,205,2358,1920,im104_r-1.0,true,/Users/benh/github/ai-dg-paper/results/cache/dynamic_gating_session_metadata.csv,24,24,true,true,no_reward_late,2,true,0.04081632653061224,2,49,0.0,0,14,0.189061008864442,true,false
001051,0.260825.2232,10.48324/dandi.001051/0.260825.2232,https://dandiarchive.s3.amazonaws.com/dandisets/001051/0.260825.2232/assets.jsonld,2026-09-07T03:05:27.689410+00:00,1f71b720-272a-4b4d-88a7-00968533631f,sub-615047/sub-615047_ses-20220711T224005.nwb,2362736594,fa5c30519c403b71d48cf7a1de44e5f7-36,584351d27ab798f0f3e1c09ba3a65b644830ad94b9b3868927a1413adae155f4,application/x-nwb,2024-06-07T22:10:04.094826-07:00,2026-08-25T22:33:00.469561+00:00,https://dandiarchive.s3.amazonaws.com/blobs/4d8/ee0/4d8ee03a-8ed6-46af-baef-48bcdc3bda86,session_nwb,615047,2022-07-11T22:40:05.549000Z,EPHYS_1,Male,Vip-IRES-Cre/wt;Ai32(RCL-ChR2(H134R)_EYFP)/wt,Mus musculus - House mouse,P205D,6,https://dandiarchive.s3.amazonaws.com/blobs/4d8/ee0/4d8ee03a-8ed6-46af-baef-48bcdc3bda86,1190892228,1190940684,2022-07-11 15:40:05.549000,1,M,Vip-IRES-Cre/wt;Ai32(RCL-ChR2(H134R)_EYFP)/wt,DynamicGating_DEV,205,2358,1920,im104_r-1.0,true,/Users/benh/github/ai-dg-paper/results/cache/dynamic_gating_session_metadata.csv,24,24,true,true,engaged_2_early,3,true,0.6363636363636364,35,55,0.05263157894736842,1,19,1.7818079202629784,true,false
001051,0.260825.2232,10.48324/dandi.001051/0.260825.2232,https://dandiarchive.s3.amazonaws.com/dandisets/001051/0.260825.2232/assets.jsonld,2026-09-07T03:05:27.689410+00:00,1f71b720-272a-4b4d-88a7-00968533631f,sub-615047/sub-615047_ses-20220711T224005.nwb,2362736594,fa5c30519c403b71d48cf7a1de44e5f7-36,584351d27ab798f0f3e1c09ba3a65b644830ad94b9b3868927a1413adae155f4,application/x-nwb,2024-06-07T22:10:04.094826-07:00,2026-08-25T22:33:00.469561+00:00,https://dandiarchive.s3.amazonaws.com/blobs/4d8/ee0/4d8ee03a-8ed6-46af-baef-48bcdc3bda86,session_nwb,615047,2022-07-11T22:40:05.549000Z,EPHYS_1,Male,Vip-IRES-Cre/wt;Ai32(RCL-ChR2(H134R)_EYFP)/wt,Mus musculus - House mouse,P205D,6,https://dandiarchive.s3.amazonaws.com/blobs/4d8/ee0/4d8ee03a-8ed6-46af-baef-48bcdc3bda86,1190892228,1190940684,2022-07-11 15:40:05.549000,1,M,Vip-IRES-Cre/wt;Ai32(RCL-ChR2(H134R)_EYFP)/wt,DynamicGating_DEV,205,2358,1920,im104_r-1.0,true,/Users/benh/github/ai-dg-paper/results/cache/dynamic_gating_session_metadata.csv,24,24,true,true,engaged_2_late,4,false,0.6470588235294118,22,34,0.08333333333333333,1,12,1.564486059107494,true,false
001051,0.260825.2232,10.48324/dandi.001051/0.260825.2232,https://dandiarchive.s3.amazonaws.com/dandisets/001051/0.260825.2232/assets.jsonld,2026-09-07T03:05:27.689410+00:00,eb25c0f0-5999-441c-88bf-00fce3f3a310,sub-637488/sub-637488_ses-20221209T060640.nwb,1961986834,f081e424edc45f9e3a4ad27e3334d933-30,3d555e1a5124bcfe7707c40ec91c19bbec8100b12f3c273c98d59073ad17b37c,application/x-nwb,2024-06-08T05:43:21.242140-07:00,2026-08-25T22:33:04.678600+00:00,https://dandiarchive.s3.amazonaws.com/blobs/548/45e/54845e01-187e-4d6b-858a-071e0675a0de,session_nwb,637488,2022-12-09T06:06:40.453000Z,EPHYS_4,Female,Sst-IRES-Cre/wt;Ai32(RCL-ChR2(H134R)_EYFP)/wt,Mus musculus - House mouse,P183D,6,https://dandiarchive.s3.amazonaws.com/blobs/548/45e/54845e01-187e-4d6b-858a-071e0675a0de,1231476077,1231513402,2022-12-08 22:06:40.453000,4,F,Sst-IRES-Cre/wt;Ai32(RCL-ChR2(H134R)_EYFP)/wt,DynamicGating,183,2500,0,im087_r-1.0,true,/Users/benh/github/ai-dg-paper/results/cache/dynamic_gating_session_metadata.csv,24,24,true,true,engaged_1,1,true,0.36,18,50,0.030303030303030304,1,33,1.3536500700999359,true,false
001051,0.260825.2232,10.48324/dandi.001051/0.260825.2232,https://dandiarchive.s3.amazonaws.com/dandisets/001051/0.260825.2232/assets.jsonld,2026-09-07T03:05:27.689410+00:00,eb25c0f0-5999-441c-88bf-00fce3f3a310,sub-637488/sub-637488_ses-20221209T060640.nwb,1961986834,f081e424edc45f9e3a4ad27e3334d933-30,3d555e1a5124bcfe7707c40ec91c19bbec8100b12f3c273c98d59073ad17b37c,application/x-nwb,2024-06-08T05:43:21.242140-07:00,2026-08-25T22:33:04.678600+00:00,https://dandiarchive.s3.amazonaws.com/blobs/548/45e/54845e01-187e-4d6b-858a-071e0675a0de,session_nwb,637488,2022-12-09T06:06:40.453000Z,EPHYS_4,Female,Sst-IRES-Cre/wt;Ai32(RCL-ChR2(H134R)_EYFP)/wt,Mus musculus - House mouse,P183D,6,https://dandiarchive.s3.amazonaws.com/blobs/548/45e/54845e01-187e-4d6b-858a-071e0675a0de,1231476077,1231513402,2022-12-08 22:06:40.453000,4,F,Sst-IRES-Cre/wt;Ai32(RCL-ChR2(H134R)_EYFP)/wt,DynamicGating,183,2500,0,im087_r-1.0,true,/Users/benh/github/ai-dg-paper/results/cache/dynamic_gating_session_metadata.csv,24,24,true,true,no_reward_late,2,true,0.12195121951219512,5,41,0.037037037037037035,1,27,0.489268694890324,true,false
001051,0.260825.2232,10.48324/dandi.001051/0.260825.2232,https://dandiarchive.s3.amazonaws.com/dandisets/001051/0.260825.2232/assets.jsonld,2026-09-07T03:05:27.689410+00:00,eb25c0f0-5999-441c-88bf-00fce3f3a310,sub-637488/sub-637488_ses-20221209T060640.nwb,1961986834,f081e424edc45f9e3a4ad27e3334d933-30,3d555e1a5124bcfe7707c40ec91c19bbec8100b12f3c273c98d59073ad17b37c,application/x-nwb,2024-06-08T05:43:21.242140-07:00,2026-08-25T22:33:04.678600+00:00,https://dandiarchive.s3.amazonaws.com/blobs/548/45e/54845e01-187e-4d6b-858a-071e0675a0de,session_nwb,637488,2022-12-09T06:06:40.453000Z,EPHYS_4,Female,Sst-IRES-Cre/wt;Ai32(RCL-ChR2(H134R)_EYFP)/wt,Mus musculus - House mouse,P183D,6,https://dandiarchive.s3.amazonaws.com/blobs/548/45e/54845e01-187e-4d6b-858a-071e0675a0de,1231476077,1231513402,2022-12-08 22:06:40.453000,4,F,Sst-IRES-Cre/wt;Ai32(RCL-ChR2(H134R)_EYFP)/wt,DynamicGating,183,2500,0,im087_r-1.0,true,/Users/benh/github/ai-dg-paper/results/cache/dynamic_gating_session_metadata.csv,24,24,true,true,engaged_2_early,3,true,0.36363636363636365,20,55,0.06060606060606061,2,33,1.1077224594159274,true,false
001051,0.260825.2232,10.48324/dandi.001051/0.260825.2232,https://dandiarchive.s3.amazonaws.com/dandisets/001051/0.260825.2232/assets.jsonld,2026-09-07T03:05:27.689410+00:00,eb25c0f0-5999-441c-88bf-00fce3f3a310,sub-637488/sub-637488_ses-20221209T060640.nwb,1961986834,f081e424edc45f9e3a4ad27e3334d933-30,3d555e1a5124bcfe7707c40ec91c19bbec8100b12f3c273c98d59073ad17b37c,application/x-nwb,2024-06-08T05:43:21.242140-07:00,2026-08-25T22:33:04.678600+00:00,https://dandiarchive.s3.amazonaws.com/blobs/548/45e/54845e01-187e-4d6b-858a-071e0675a0de,session_nwb,637488,2022-12-09T06:06:40.453000Z,EPHYS_4,Female,Sst-IRES-Cre/wt;Ai32(RCL-ChR2(H134R)_EYFP)/wt,Mus musculus - House mouse,P183D,6,https://dandiarchive.s3.amazonaws.com/blobs/548/45e/54845e01-187e-4d6b-858a-071e0675a0de,1231476077,1231513402,2022-12-08 22:06:40.453000,4,F,Sst-IRES-Cre/wt;Ai32(RCL-ChR2(H134R)_EYFP)/wt,DynamicGating,183,2500,0,im087_r-1.0,true,/Users/benh/github/ai-dg-paper/results/cache/dynamic_gating_session_metadata.csv,24,24,true,true,engaged_2_late,4,false,0.023809523809523808,1,42,0.0,0,25,0.2564842622210173,true,false
001051,0.260825.2232,10.48324/dandi.001051/0.260825.2232,https://dandiarchive.s3.amazonaws.com/dandisets/001051/0.260825.2232/assets.jsonld,2026-09-07T03:05:27.689410+00:00,3a34f9d9-5781-429d-91dc-ded04c395191,sub-636740/sub-636740_ses-20221116T225638.nwb,1694699762,2c375916aa1f935348d84adec3a1df90-26,022471dac8714a8b79a27d54034c0bebfa0386dcfb3dbea48016f6e25980a6ff,application/x-nwb,2024-06-08T04:42:45.693684-07:00,2026-08-25T22:33:04.087202+00:00,https://dandiarchive.s3.amazonaws.com/blobs/548/e95/548e9593-494c-49ca-9ff0-8285e38c3acd,session_nwb,636740,2022-11-16T22:56:38.376000Z,EPHYS_3,Female,Sst-IRES-Cre/wt;Ai32(RCL-ChR2(H134R)_EYFP)/wt,Mus musculus - House mouse,P166D,6,https://dandiarchive.s3.amazonaws.com/blobs/548/e95/548e9593-494c-49ca-9ff0-8285e38c3acd,1226528572,1226563618,2022-11-16 14:56:38.376000,3,F,Sst-IRES-Cre/wt;Ai32(RCL-ChR2(H134R)_EYFP)/wt,DynamicGating,166,1629,2304,im005_r-1.0,true,/Users/benh/github/ai-dg-paper/results/cache/dynamic_gating_session_metadata.csv,24,24,true,true,engaged_1,1,true,0.7446808510638298,35,47,0.1,3,30,1.8532935061978462,true,true
001051,0.260825.2232,10.48324/dandi.001051/0.260825.2232,https://dandiarchive.s3.amazonaws.com/dandisets/001051/0.260825.2232/assets.jsonld,2026-09-07T03:05:27.689410+00:00,3a34f9d9-5781-429d-91dc-ded04c395191,sub-636740/sub-636740_ses-20221116T225638.nwb,1694699762,2c375916aa1f935348d84adec3a1df90-26,022471dac8714a8b79a27d54034c0bebfa0386dcfb3dbea48016f6e25980a6ff,application/x-nwb,2024-06-08T04:42:45.693684-07:00,2026-08-25T22:33:04.087202+00:00,https://dandiarchive.s3.amazonaws.com/blobs/548/e95/548e9593-494c-49ca-9ff0-8285e38c3acd,session_nwb,636740,2022-11-16T22:56:38.376000Z,EPHYS_3,Female,Sst-IRES-Cre/wt;Ai32(RCL-ChR2(H134R)_EYFP)/wt,Mus musculus - House mouse,P166D,6,https://dandiarchive.s3.amazonaws.com/blobs/548/e95/548e9593-494c-49ca-9ff0-8285e38c3acd,1226528572,1226563618,2022-11-16 14:56:38.376000,3,F,Sst-IRES-Cre/wt;Ai32(RCL-ChR2(H134R)_EYFP)/wt,DynamicGating,166,1629,2304,im005_r-1.0,true,/Users/benh/github/ai-dg-paper/results/cache/dynamic_gating_session_metadata.csv,24,24,true,true,no_reward_late,2,true,0.05263157894736842,2,38,0.0,0,26,0.5641375196058946,true,true
001051,0.260825.2232,10.48324/dandi.001051/0.260825.2232,https://dandiarchive.s3.amazonaws.com/dandisets/001051/0.260825.2232/assets.jsonld,2026-09-07T03:05:27.689410+00:00,3a34f9d9-5781-429d-91dc-ded04c395191,sub-636740/sub-636740_ses-20221116T225638.nwb,1694699762,2c375916aa1f935348d84adec3a1df90-26,022471dac8714a8b79a27d54034c0bebfa0386dcfb3dbea48016f6e25980a6ff,application/x-nwb,2024-06-08T04:42:45.693684-07:00,2026-08-25T22:33:04.087202+00:00,https://dandiarchive.s3.amazonaws.com/blobs/548/e95/548e9593-494c-49ca-9ff0-8285e38c3acd,session_nwb,636740,2022-11-16T22:56:38.376000Z,EPHYS_3,Female,Sst-IRES-Cre/wt;Ai32(RCL-ChR2(H134R)_EYFP)/wt,Mus musculus - House mouse,P166D,6,https://dandiarchive.s3.amazonaws.com/blobs/548/e95/548e9593-494c-49ca-9ff0-8285e38c3acd,1226528572,1226563618,2022-11-16 14:56:38.376000,3,F,Sst-IRES-Cre/wt;Ai32(RCL-ChR2(H134R)_EYFP)/wt,DynamicGating,166,1629,2304,im005_r-1.0,true,/Users/benh/github/ai-dg-paper/results/cache/dynamic_gating_session_metadata.csv,24,24,true,true,engaged_2_early,3,true,0.5849056603773585,31,53,0.13333333333333333,4,30,1.2678426227343058,true,true
001051,0.260825.2232,10.48324/dandi.001051/0.260825.2232,https://dandiarchive.s3.amazonaws.com/dandisets/001051/0.260825.2232/assets.jsonld,2026-09-07T03:05:27.689410+00:00,3a34f9d9-5781-429d-91dc-ded04c395191,sub-636740/sub-636740_ses-20221116T225638.nwb,1694699762,2c375916aa1f935348d84adec3a1df90-26,022471dac8714a8b79a27d54034c0bebfa0386dcfb3dbea48016f6e25980a6ff,application/x-nwb,2024-06-08T04:42:45.693684-07:00,2026-08-25T22:33:04.087202+00:00,https://dandiarchive.s3.amazonaws.com/blobs/548/e95/548e9593-494c-49ca-9ff0-8285e38c3acd,session_nwb,636740,2022-11-16T22:56:38.376000Z,EPHYS_3,Female,Sst-IRES-Cre/wt;Ai32(RCL-ChR2(H134R)_EYFP)/wt,Mus musculus - House mouse,P166D,6,https://dandiarchive.s3.amazonaws.com/blobs/548/e95/548e9593-494c-49ca-9ff0-8285e38c3acd,1226528572,1226563618,2022-11-16 14:56:38.376000,3,F,Sst-IRES-Cre/wt;Ai32(RCL-ChR2(H134R)_EYFP)/wt,DynamicGating,166,1629,2304,im005_r-1.0,true,/Users/benh/github/ai-dg-paper/results/cache/dynamic_gating_session_metadata.csv,24,24,true,true,engaged_2_late,4,false,0.6176470588235294,21,34,0.0,0,21,2.290930340229373,true,true
001051,0.260825.2232,10.48324/dandi.001051/0.260825.2232,https://dandiarchive.s3.amazonaws.com/dandisets/001051/0.260825.2232/assets.jsonld,2026-09-07T03:05:27.689410+00:00,dc50d29a-149e-46c6-9648-b1c36b82fc6f,sub-642504/sub-642504_ses-20230202T071036.nwb,1511249285,03244880d762f830c02558da41e82266-23,854e9955d6924d62cffa2fab02185fca08f9a0e976841078578b20ea044a11b2,application/x-nwb,2024-06-08T08:01:14.874136-07:00,2026-08-25T22:33:05.765905+00:00,https://dandiarchive.s3.amazonaws.com/blobs/559/41e/55941ebd-ef47-4d38-80af-0fabd499db6d,session_nwb,642504,2023-02-02T07:10:36.070000Z,EPHYS_3,Female,Sst-IRES-Cre/wt;Ai32(RCL-ChR2(H134R)_EYFP)/wt,Mus musculus - House mouse,P202D,6,https://dandiarchive.s3.amazonaws.com/blobs/559/41e/55941ebd-ef47-4d38-80af-0fabd499db6d,1244070169,1244098087,2023-02-01 23:10:36.070000,3,F,Sst-IRES-Cre/wt;Ai32(RCL-ChR2(H134R)_EYFP)/wt,DynamicGating,202,1682,1920,im005_r-1.0,true,/Users/benh/github/ai-dg-paper/results/cache/dynamic_gating_session_metadata.csv,18,18,true,true,engaged_1,1,true,0.9183673469387755,45,49,0.10714285714285714,3,28,2.5123012049929785,true,true
001051,0.260825.2232,10.48324/dandi.001051/0.260825.2232,https://dandiarchive.s3.amazonaws.com/dandisets/001051/0.260825.2232/assets.jsonld,2026-09-07T03:05:27.689410+00:00,dc50d29a-149e-46c6-9648-b1c36b82fc6f,sub-642504/sub-642504_ses-20230202T071036.nwb,1511249285,03244880d762f830c02558da41e82266-23,854e9955d6924d62cffa2fab02185fca08f9a0e976841078578b20ea044a11b2,application/x-nwb,2024-06-08T08:01:14.874136-07:00,2026-08-25T22:33:05.765905+00:00,https://dandiarchive.s3.amazonaws.com/blobs/559/41e/55941ebd-ef47-4d38-80af-0fabd499db6d,session_nwb,642504,2023-02-02T07:10:36.070000Z,EPHYS_3,Female,Sst-IRES-Cre/wt;Ai32(RCL-ChR2(H134R)_EYFP)/wt,Mus musculus - House mouse,P202D,6,https://dandiarchive.s3.amazonaws.com/blobs/559/41e/55941ebd-ef47-4d38-80af-0fabd499db6d,1244070169,1244098087,2023-02-01 23:10:36.070000,3,F,Sst-IRES-Cre/wt;Ai32(RCL-ChR2(H134R)_EYFP)/wt,DynamicGating,202,1682,1920,im005_r-1.0,true,/Users/benh/github/ai-dg-paper/results/cache/dynamic_gating_session_metadata.csv,18,18,true,true,no_reward_late,2,true,0.10810810810810811,4,37,0.0,0,25,0.8869849867041661,true,true
001051,0.260825.2232,10.48324/dandi.001051/0.260825.2232,https://dandiarchive.s3.amazonaws.com/dandisets/001051/0.260825.2232/assets.jsonld,2026-09-07T03:05:27.689410+00:00,dc50d29a-149e-46c6-9648-b1c36b82fc6f,sub-642504/sub-642504_ses-20230202T071036.nwb,1511249285,03244880d762f830c02558da41e82266-23,854e9955d6924d62cffa2fab02185fca08f9a0e976841078578b20ea044a11b2,application/x-nwb,2024-06-08T08:01:14.874136-07:00,2026-08-25T22:33:05.765905+00:00,https://dandiarchive.s3.amazonaws.com/blobs/559/41e/55941ebd-ef47-4d38-80af-0fabd499db6d,session_nwb,642504,2023-02-02T07:10:36.070000Z,EPHYS_3,Female,Sst-IRES-Cre/wt;Ai32(RCL-ChR2(H134R)_EYFP)/wt,Mus musculus - House mouse,P202D,6,https://dandiarchive.s3.amazonaws.com/blobs/559/41e/55941ebd-ef47-4d38-80af-0fabd499db6d,1244070169,1244098087,2023-02-01 23:10:36.070000,3,F,Sst-IRES-Cre/wt;Ai32(RCL-ChR2(H134R)_EYFP)/wt,DynamicGating,202,1682,1920,im005_r-1.0,true,/Users/benh/github/ai-dg-paper/results/cache/dynamic_gating_session_metadata.csv,18,18,true,true,engaged_2_early,3,true,0.8888888888888888,48,54,0.03225806451612903,1,31,2.86006459350778,true,true
001051,0.260825.2232,10.48324/dandi.001051/0.260825.2232,https://dandiarchive.s3.amazonaws.com/dandisets/001051/0.260825.2232/assets.jsonld,2026-09-07T03:05:27.689410+00:00,dc50d29a-149e-46c6-9648-b1c36b82fc6f,sub-642504/sub-642504_ses-20230202T071036.nwb,1511249285,03244880d762f830c02558da41e82266-23,854e9955d6924d62cffa2fab02185fca08f9a0e976841078578b20ea044a11b2,application/x-nwb,2024-06-08T08:01:14.874136-07:00,2026-08-25T22:33:05.765905+00:00,https://dandiarchive.s3.amazonaws.com/blobs/559/41e/55941ebd-ef47-4d38-80af-0fabd499db6d,session_nwb,642504,2023-02-02T07:10:36.070000Z,EPHYS_3,Female,Sst-IRES-Cre/wt;Ai32(RCL-ChR2(H134R)_EYFP)/wt,Mus musculus - House mouse,P202D,6,https://dandiarchive.s3.amazonaws.com/blobs/559/41e/55941ebd-ef47-4d38-80af-0fabd499db6d,1244070169,1244098087,2023-02-01 23:10:36.070000,3,F,Sst-IRES-Cre/wt;Ai32(RCL-ChR2(H134R)_EYFP)/wt,DynamicGating,202,1682,1920,im005_r-1.0,true,/Users/benh/github/ai-dg-paper/results/cache/dynamic_gating_session_metadata.csv,18,18,true,true,engaged_2_late,4,false,0.8529411764705882,29,34,0.09090909090909091,2,22,2.2397645478295316,true,true
001051,0.260825.2232,10.48324/dandi.001051/0.260825.2232,https://dandiarchive.s3.amazonaws.com/dandisets/001051/0.260825.2232/assets.jsonld,2026-09-07T03:05:27.689410+00:00,fcfa98ee-cebf-4cd4-9646-053ad8d1947f,sub-640887/sub-640887_ses-20221221T035211.nwb,1713828368,bb6d133e5443d226706430da0abe710b-26,cd7f1aaa04422ec3efb8c24aa47e3baf99b01a0deadcde2ed7fe1c4ea921b606,application/x-nwb,2024-06-08T06:55:38.610665-07:00,2026-08-25T22:33:05.269479+00:00,https://dandiarchive.s3.amazonaws.com/blobs/584/1b8/5841b844-3102-4b4f-8f2c-e4cd23ec8f45,session_nwb,640887,2022-12-21T03:52:11.869000Z,EPHYS_2,Male,Sst-IRES-Cre/wt;Ai32(RCL-ChR2(H134R)_EYFP)/wt,Mus musculus - House mouse,P172D,6,https://dandiarchive.s3.amazonaws.com/blobs/584/1b8/5841b844-3102-4b4f-8f2c-e4cd23ec8f45,1234203203,1234233932,2022-12-20 19:52:11.869000,2,M,Sst-IRES-Cre/wt;Ai32(RCL-ChR2(H134R)_EYFP)/wt,DynamicGating,172,2082,1920,im114_r-1.0,true,/Users/benh/github/ai-dg-paper/results/cache/dynamic_gating_session_metadata.csv,18,18,true,true,engaged_1,1,true,0.851063829787234,40,47,0.14285714285714285,4,28,2.024488915033683,true,true
001051,0.260825.2232,10.48324/dandi.001051/0.260825.2232,https://dandiarchive.s3.amazonaws.com/dandisets/001051/0.260825.2232/assets.jsonld,2026-09-07T03:05:27.689410+00:00,fcfa98ee-cebf-4cd4-9646-053ad8d1947f,sub-640887/sub-640887_ses-20221221T035211.nwb,1713828368,bb6d133e5443d226706430da0abe710b-26,cd7f1aaa04422ec3efb8c24aa47e3baf99b01a0deadcde2ed7fe1c4ea921b606,application/x-nwb,2024-06-08T06:55:38.610665-07:00,2026-08-25T22:33:05.269479+00:00,https://dandiarchive.s3.amazonaws.com/blobs/584/1b8/5841b844-3102-4b4f-8f2c-e4cd23ec8f45,session_nwb,640887,2022-12-21T03:52:11.869000Z,EPHYS_2,Male,Sst-IRES-Cre/wt;Ai32(RCL-ChR2(H134R)_EYFP)/wt,Mus musculus - House mouse,P172D,6,https://dandiarchive.s3.amazonaws.com/blobs/584/1b8/5841b844-3102-4b4f-8f2c-e4cd23ec8f45,1234203203,1234233932,2022-12-20 19:52:11.869000,2,M,Sst-IRES-Cre/wt;Ai32(RCL-ChR2(H134R)_EYFP)/wt,DynamicGating,172,2082,1920,im114_r-1.0,true,/Users/benh/github/ai-dg-paper/results/cache/dynamic_gating_session_metadata.csv,18,18,true,true,no_reward_late,2,true,0.023809523809523808,1,42,0.0,0,25,0.2564842622210173,true,true
001051,0.260825.2232,10.48324/dandi.001051/0.260825.2232,https://dandiarchive.s3.amazonaws.com/dandisets/001051/0.260825.2232/assets.jsonld,2026-09-07T03:05:27.689410+00:00,fcfa98ee-cebf-4cd4-9646-053ad8d1947f,sub-640887/sub-640887_ses-20221221T035211.nwb,1713828368,bb6d133e5443d226706430da0abe710b-26,cd7f1aaa04422ec3efb8c24aa47e3baf99b01a0deadcde2ed7fe1c4ea921b606,application/x-nwb,2024-06-08T06:55:38.610665-07:00,2026-08-25T22:33:05.269479+00:00,https://dandiarchive.s3.amazonaws.com/blobs/584/1b8/5841b844-3102-4b4f-8f2c-e4cd23ec8f45,session_nwb,640887,2022-12-21T03:52:11.869000Z,EPHYS_2,Male,Sst-IRES-Cre/wt;Ai32(RCL-ChR2(H134R)_EYFP)/wt,Mus musculus - House mouse,P172D,6,https://dandiarchive.s3.amazonaws.com/blobs/584/1b8/5841b844-3102-4b4f-8f2c-e4cd23ec8f45,1234203203,1234233932,2022-12-20 19:52:11.869000,2,M,Sst-IRES-Cre/wt;Ai32(RCL-ChR2(H134R)_EYFP)/wt,DynamicGating,172,2082,1920,im114_r-1.0,true,/Users/benh/github/ai-dg-paper/results/cache/dynamic_gating_session_metadata.csv,18,18,true,true,engaged_2_early,3,true,0.7692307692307693,40,52,0.029411764705882353,1,34,2.4381704009162606,true,true
001051,0.260825.2232,10.48324/dandi.001051/0.260825.2232,https://dandiarchive.s3.amazonaws.com/dandisets/001051/0.260825.2232/assets.jsonld,2026-09-07T03:05:27.689410+00:00,fcfa98ee-cebf-4cd4-9646-053ad8d1947f,sub-640887/sub-640887_ses-20221221T035211.nwb,1713828368,bb6d133e5443d226706430da0abe710b-26,cd7f1aaa04422ec3efb8c24aa47e3baf99b01a0deadcde2ed7fe1c4ea921b606,application/x-nwb,2024-06-08T06:55:38.610665-07:00,2026-08-25T22:33:05.269479+00:00,https://dandiarchive.s3.amazonaws.com/blobs/584/1b8/5841b844-3102-4b4f-8f2c-e4cd23ec8f45,session_nwb,640887,2022-12-21T03:52:11.869000Z,EPHYS_2,Male,Sst-IRES-Cre/wt;Ai32(RCL-ChR2(H134R)_EYFP)/wt,Mus musculus - House mouse,P172D,6,https://dandiarchive.s3.amazonaws.com/blobs/584/1b8/5841b844-3102-4b4f-8f2c-e4cd23ec8f45,1234203203,1234233932,2022-12-20 19:52:11.869000,2,M,Sst-IRES-Cre/wt;Ai32(RCL-ChR2(H134R)_EYFP)/wt,DynamicGating,172,2082,1920,im114_r-1.0,true,/Users/benh/github/ai-dg-paper/results/cache/dynamic_gating_session_metadata.csv,18,18,true,true,engaged_2_late,4,false,0.7878787878787878,26,33,0.0,0,18,2.7081395927283043,true,true
001051,0.260825.2232,10.48324/dandi.001051/0.260825.2232,https://dandiarchive.s3.amazonaws.com/dandisets/001051/0.260825.2232/assets.jsonld,2026-09-07T03:05:27.689410+00:00,c8015581-fc08-4a4f-a39a-ea3910b0d425,sub-604914/sub-604914_ses-20220427T041046.nwb,2008698308,4812334c2c04e316d83a99791ab73884-30,1ea4768963085486073d512261d8a53101eac2fba331d563addcec6876db2c0a,application/x-nwb,2024-06-07T17:30:16.957999-07:00,2026-08-25T22:32:58.124059+00:00,https://dandiarchive.s3.amazonaws.com/blobs/585/411/5854110b-2b31-4bbf-881e-3280f7b87b95,session_nwb,604914,2022-04-27T04:10:46Z,EPHYS_2,Female,Sst-IRES-Cre/wt;Ai32(RCL-ChR2(H134R)_EYFP)/wt,Mus musculus - House mouse,P203D,6,https://dandiarchive.s3.amazonaws.com/blobs/585/411/5854110b-2b31-4bbf-881e-3280f7b87b95,1173189336,1173237009,2022-04-26 21:10:46,2,F,Sst-IRES-Cre/wt;Ai32(RCL-ChR2(H134R)_EYFP)/wt,DynamicGating_DEV,203,1758,2304,im114_r-1.0,false,/Users/benh/github/ai-dg-paper/results/cache/dynamic_gating_session_metadata.csv,0,0,true,true,engaged_1,1,true,1.0,12,12,1.0,7,7,0.23470449416616002,true,false
001051,0.260825.2232,10.48324/dandi.001051/0.260825.2232,https://dandiarchive.s3.amazonaws.com/dandisets/001051/0.260825.2232/assets.jsonld,2026-09-07T03:05:27.689410+00:00,c8015581-fc08-4a4f-a39a-ea3910b0d425,sub-604914/sub-604914_ses-20220427T041046.nwb,2008698308,4812334c2c04e316d83a99791ab73884-30,1ea4768963085486073d512261d8a53101eac2fba331d563addcec6876db2c0a,application/x-nwb,2024-06-07T17:30:16.957999-07:00,2026-08-25T22:32:58.124059+00:00,https://dandiarchive.s3.amazonaws.com/blobs/585/411/5854110b-2b31-4bbf-881e-3280f7b87b95,session_nwb,604914,2022-04-27T04:10:46Z,EPHYS_2,Female,Sst-IRES-Cre/wt;Ai32(RCL-ChR2(H134R)_EYFP)/wt,Mus musculus - House mouse,P203D,6,https://dandiarchive.s3.amazonaws.com/blobs/585/411/5854110b-2b31-4bbf-881e-3280f7b87b95,1173189336,1173237009,2022-04-26 21:10:46,2,F,Sst-IRES-Cre/wt;Ai32(RCL-ChR2(H134R)_EYFP)/wt,DynamicGating_DEV,203,1758,2304,im114_r-1.0,false,/Users/benh/github/ai-dg-paper/results/cache/dynamic_gating_session_metadata.csv,0,0,true,true,no_reward_late,2,true,1.0,43,43,1.0,15,15,0.4152564656070834,true,false
001051,0.260825.2232,10.48324/dandi.001051/0.260825.2232,https://dandiarchive.s3.amazonaws.com/dandisets/001051/0.260825.2232/assets.jsonld,2026-09-07T03:05:27.689410+00:00,c8015581-fc08-4a4f-a39a-ea3910b0d425,sub-604914/sub-604914_ses-20220427T041046.nwb,2008698308,4812334c2c04e316d83a99791ab73884-30,1ea4768963085486073d512261d8a53101eac2fba331d563addcec6876db2c0a,application/x-nwb,2024-06-07T17:30:16.957999-07:00,2026-08-25T22:32:58.124059+00:00,https://dandiarchive.s3.amazonaws.com/blobs/585/411/5854110b-2b31-4bbf-881e-3280f7b87b95,session_nwb,604914,2022-04-27T04:10:46Z,EPHYS_2,Female,Sst-IRES-Cre/wt;Ai32(RCL-ChR2(H134R)_EYFP)/wt,Mus musculus - House mouse,P203D,6,https://dandiarchive.s3.amazonaws.com/blobs/585/411/5854110b-2b31-4bbf-881e-3280f7b87b95,1173189336,1173237009,2022-04-26 21:10:46,2,F,Sst-IRES-Cre/wt;Ai32(RCL-ChR2(H134R)_EYFP)/wt,DynamicGating_DEV,203,1758,2304,im114_r-1.0,false,/Users/benh/github/ai-dg-paper/results/cache/dynamic_gating_session_metadata.csv,0,0,true,true,engaged_2_early,3,true,1.0,41,41,1.0,14,14,0.4262743555134616,true,false
001051,0.260825.2232,10.48324/dandi.001051/0.260825.2232,https://dandiarchive.s3.amazonaws.com/dandisets/001051/0.260825.2232/assets.jsonld,2026-09-07T03:05:27.689410+00:00,c8015581-fc08-4a4f-a39a-ea3910b0d425,sub-604914/sub-604914_ses-20220427T041046.nwb,2008698308,4812334c2c04e316d83a99791ab73884-30,1ea4768963085486073d512261d8a53101eac2fba331d563addcec6876db2c0a,application/x-nwb,2024-06-07T17:30:16.957999-07:00,2026-08-25T22:32:58.124059+00:00,https://dandiarchive.s3.amazonaws.com/blobs/585/411/5854110b-2b31-4bbf-881e-3280f7b87b95,session_nwb,604914,2022-04-27T04:10:46Z,EPHYS_2,Female,Sst-IRES-Cre/wt;Ai32(RCL-ChR2(H134R)_EYFP)/wt,Mus musculus - House mouse,P203D,6,https://dandiarchive.s3.amazonaws.com/blobs/585/411/5854110b-2b31-4bbf-881e-3280f7b87b95,1173189336,1173237009,2022-04-26 21:10:46,2,F,Sst-IRES-Cre/wt;Ai32(RCL-ChR2(H134R)_EYFP)/wt,DynamicGating_DEV,203,1758,2304,im114_r-1.0,false,/Users/benh/github/ai-dg-paper/results/cache/dynamic_gating_session_metadata.csv,0,0,true,true,engaged_2_late,4,false,1.0,22,22,1.0,7,7,0.4849656562305964,true,false
001051,0.260825.2232,10.48324/dandi.001051/0.260825.2232,https://dandiarchive.s3.amazonaws.com/dandisets/001051/0.260825.2232/assets.jsonld,2026-09-07T03:05:27.689410+00:00,bb0bc3a0-2bf5-4e23-8c68-7fd06c4cec17,sub-626279/sub-626279_ses-20220927T215524.nwb,300687783,aef8c08889e2e230ca70063b6acaa268-5,2020ef2378ad3839770dd323126c9661479cb554a65ec0d59a3d8fc049b3a703,application/x-nwb,2024-06-08T02:55:10.811458-07:00,2026-08-25T22:33:03.130888+00:00,https://dandiarchive.s3.amazonaws.com/blobs/588/a20/588a202a-4fc5-4cc5-96cd-84a5cabd3756,session_nwb,626279,2022-09-27T21:55:24.967000Z,EPHYS_2,Male,wt/wt,Mus musculus - House mouse,P196D,1,https://dandiarchive.s3.amazonaws.com/blobs/588/a20/588a202a-4fc5-4cc5-96cd-84a5cabd3756,1214409109,1214421939,2022-09-27 14:55:24.967000,2,M,wt/wt,DynamicGating,196,144,384,im114_r-1.0,true,/Users/benh/github/ai-dg-paper/results/cache/dynamic_gating_session_metadata.csv,19,19,true,true,engaged_1,1,true,0.0,0,55,0.0,0,32,-0.20246030637554346,true,false
001051,0.260825.2232,10.48324/dandi.001051/0.260825.2232,https://dandiarchive.s3.amazonaws.com/dandisets/001051/0.260825.2232/assets.jsonld,2026-09-07T03:05:27.689410+00:00,bb0bc3a0-2bf5-4e23-8c68-7fd06c4cec17,sub-626279/sub-626279_ses-20220927T215524.nwb,300687783,aef8c08889e2e230ca70063b6acaa268-5,2020ef2378ad3839770dd323126c9661479cb554a65ec0d59a3d8fc049b3a703,application/x-nwb,2024-06-08T02:55:10.811458-07:00,2026-08-25T22:33:03.130888+00:00,https://dandiarchive.s3.amazonaws.com/blobs/588/a20/588a202a-4fc5-4cc5-96cd-84a5cabd3756,session_nwb,626279,2022-09-27T21:55:24.967000Z,EPHYS_2,Male,wt/wt,Mus musculus - House mouse,P196D,1,https://dandiarchive.s3.amazonaws.com/blobs/588/a20/588a202a-4fc5-4cc5-96cd-84a5cabd3756,1214409109,1214421939,2022-09-27 14:55:24.967000,2,M,wt/wt,DynamicGating,196,144,384,im114_r-1.0,true,/Users/benh/github/ai-dg-paper/results/cache/dynamic_gating_session_metadata.csv,19,19,true,true,no_reward_late,2,true,0.075,3,40,0.0,0,24,0.6838924311210253,true,false
001051,0.260825.2232,10.48324/dandi.001051/0.260825.2232,https://dandiarchive.s3.amazonaws.com/dandisets/001051/0.260825.2232/assets.jsonld,2026-09-07T03:05:27.689410+00:00,bb0bc3a0-2bf5-4e23-8c68-7fd06c4cec17,sub-626279/sub-626279_ses-20220927T215524.nwb,300687783,aef8c08889e2e230ca70063b6acaa268-5,2020ef2378ad3839770dd323126c9661479cb554a65ec0d59a3d8fc049b3a703,application/x-nwb,2024-06-08T02:55:10.811458-07:00,2026-08-25T22:33:03.130888+00:00,https://dandiarchive.s3.amazonaws.com/blobs/588/a20/588a202a-4fc5-4cc5-96cd-84a5cabd3756,session_nwb,626279,2022-09-27T21:55:24.967000Z,EPHYS_2,Male,wt/wt,Mus musculus - House mouse,P196D,1,https://dandiarchive.s3.amazonaws.com/blobs/588/a20/588a202a-4fc5-4cc5-96cd-84a5cabd3756,1214409109,1214421939,2022-09-27 14:55:24.967000,2,M,wt/wt,DynamicGating,196,144,384,im114_r-1.0,true,/Users/benh/github/ai-dg-paper/results/cache/dynamic_gating_session_metadata.csv,19,19,true,true,engaged_2_early,3,true,0.16363636363636364,9,55,0.02857142857142857,1,35,0.776086858181814,true,false
001051,0.260825.2232,10.48324/dandi.001051/0.260825.2232,https://dandiarchive.s3.amazonaws.com/dandisets/001051/0.260825.2232/assets.jsonld,2026-09-07T03:05:27.689410+00:00,bb0bc3a0-2bf5-4e23-8c68-7fd06c4cec17,sub-626279/sub-626279_ses-20220927T215524.nwb,300687783,aef8c08889e2e230ca70063b6acaa268-5,2020ef2378ad3839770dd323126c9661479cb554a65ec0d59a3d8fc049b3a703,application/x-nwb,2024-06-08T02:55:10.811458-07:00,2026-08-25T22:33:03.130888+00:00,https://dandiarchive.s3.amazonaws.com/blobs/588/a20/588a202a-4fc5-4cc5-96cd-84a5cabd3756,session_nwb,626279,2022-09-27T21:55:24.967000Z,EPHYS_2,Male,wt/wt,Mus musculus - House mouse,P196D,1,https://dandiarchive.s3.amazonaws.com/blobs/588/a20/588a202a-4fc5-4cc5-96cd-84a5cabd3756,1214409109,1214421939,2022-09-27 14:55:24.967000,2,M,wt/wt,DynamicGating,196,144,384,im114_r-1.0,true,/Users/benh/github/ai-dg-paper/results/cache/dynamic_gating_session_metadata.csv,19,19,true,true,engaged_2_late,4,false,0.0,0,39,0.0,0,25,-0.171500896709893,true,false
001051,0.260825.2232,10.48324/dandi.001051/0.260825.2232,https://dandiarchive.s3.amazonaws.com/dandisets/001051/0.260825.2232/assets.jsonld,2026-09-07T03:05:27.689410+00:00,305b10c8-1cb2-4ccb-8408-bfcd6afe69e3,sub-623322/sub-623322_ses-20220823T222346.nwb,1732835086,f96030197b02610c3abf7d812bd81154-26,e0258355a9b2966d1b767a6c9890bf4e459e4ab6355055e384939b00b06802ce,application/x-nwb,2024-06-08T01:06:18.405962-07:00,2026-08-25T22:33:02.262845+00:00,https://dandiarchive.s3.amazonaws.com/blobs/5d9/4f7/5d94f7f7-daa2-4d2d-93a5-1bd2bc02e141,session_nwb,623322,2022-08-23T22:23:46.588000Z,EPHYS_2,Male,wt/wt,Mus musculus - House mouse,P181D,6,https://dandiarchive.s3.amazonaws.com/blobs/5d9/4f7/5d94f7f7-daa2-4d2d-93a5-1bd2bc02e141,1200471383,1200501839,2022-08-23 15:23:46.588000,2,M,wt/wt,DynamicGating,181,1946,2304,im114_r-1.0,true,/Users/benh/github/ai-dg-paper/results/cache/dynamic_gating_session_metadata.csv,24,24,true,true,engaged_1,1,true,0.8604651162790697,37,43,0.037037037037037035,1,27,2.6573998333190234,true,true
001051,0.260825.2232,10.48324/dandi.001051/0.260825.2232,https://dandiarchive.s3.amazonaws.com/dandisets/001051/0.260825.2232/assets.jsonld,2026-09-07T03:05:27.689410+00:00,305b10c8-1cb2-4ccb-8408-bfcd6afe69e3,sub-623322/sub-623322_ses-20220823T222346.nwb,1732835086,f96030197b02610c3abf7d812bd81154-26,e0258355a9b2966d1b767a6c9890bf4e459e4ab6355055e384939b00b06802ce,application/x-nwb,2024-06-08T01:06:18.405962-07:00,2026-08-25T22:33:02.262845+00:00,https://dandiarchive.s3.amazonaws.com/blobs/5d9/4f7/5d94f7f7-daa2-4d2d-93a5-1bd2bc02e141,session_nwb,623322,2022-08-23T22:23:46.588000Z,EPHYS_2,Male,wt/wt,Mus musculus - House mouse,P181D,6,https://dandiarchive.s3.amazonaws.com/blobs/5d9/4f7/5d94f7f7-daa2-4d2d-93a5-1bd2bc02e141,1200471383,1200501839,2022-08-23 15:23:46.588000,2,M,wt/wt,DynamicGating,181,1946,2304,im114_r-1.0,true,/Users/benh/github/ai-dg-paper/results/cache/dynamic_gating_session_metadata.csv,24,24,true,true,no_reward_late,2,true,0.06666666666666667,2,30,0.09090909090909091,2,22,-0.1672504991618846,true,true
001051,0.260825.2232,10.48324/dandi.001051/0.260825.2232,https://dandiarchive.s3.amazonaws.com/dandisets/001051/0.260825.2232/assets.jsonld,2026-09-07T03:05:27.689410+00:00,305b10c8-1cb2-4ccb-8408-bfcd6afe69e3,sub-623322/sub-623322_ses-20220823T222346.nwb,1732835086,f96030197b02610c3abf7d812bd81154-26,e0258355a9b2966d1b767a6c9890bf4e459e4ab6355055e384939b00b06802ce,application/x-nwb,2024-06-08T01:06:18.405962-07:00,2026-08-25T22:33:02.262845+00:00,https://dandiarchive.s3.amazonaws.com/blobs/5d9/4f7/5d94f7f7-daa2-4d2d-93a5-1bd2bc02e141,session_nwb,623322,2022-08-23T22:23:46.588000Z,EPHYS_2,Male,wt/wt,Mus musculus - House mouse,P181D,6,https://dandiarchive.s3.amazonaws.com/blobs/5d9/4f7/5d94f7f7-daa2-4d2d-93a5-1bd2bc02e141,1200471383,1200501839,2022-08-23 15:23:46.588000,2,M,wt/wt,DynamicGating,181,1946,2304,im114_r-1.0,true,/Users/benh/github/ai-dg-paper/results/cache/dynamic_gating_session_metadata.csv,24,24,true,true,engaged_2_early,3,true,0.717391304347826,33,46,0.034482758620689655,1,29,2.206336965999442,true,true
001051,0.260825.2232,10.48324/dandi.001051/0.260825.2232,https://dandiarchive.s3.amazonaws.com/dandisets/001051/0.260825.2232/assets.jsonld,2026-09-07T03:05:27.689410+00:00,305b10c8-1cb2-4ccb-8408-bfcd6afe69e3,sub-623322/sub-623322_ses-20220823T222346.nwb,1732835086,f96030197b02610c3abf7d812bd81154-26,e0258355a9b2966d1b767a6c9890bf4e459e4ab6355055e384939b00b06802ce,application/x-nwb,2024-06-08T01:06:18.405962-07:00,2026-08-25T22:33:02.262845+00:00,https://dandiarchive.s3.amazonaws.com/blobs/5d9/4f7/5d94f7f7-daa2-4d2d-93a5-1bd2bc02e141,session_nwb,623322,2022-08-23T22:23:46.588000Z,EPHYS_2,Male,wt/wt,Mus musculus - House mouse,P181D,6,https://dandiarchive.s3.amazonaws.com/blobs/5d9/4f7/5d94f7f7-daa2-4d2d-93a5-1bd2bc02e141,1200471383,1200501839,2022-08-23 15:23:46.588000,2,M,wt/wt,DynamicGating,181,1946,2304,im114_r-1.0,true,/Users/benh/github/ai-dg-paper/results/cache/dynamic_gating_session_metadata.csv,24,24,true,true,engaged_2_late,4,false,0.6666666666666666,22,33,0.058823529411764705,1,17,1.8002782664896602,true,true
001051,0.260825.2232,10.48324/dandi.001051/0.260825.2232,https://dandiarchive.s3.amazonaws.com/dandisets/001051/0.260825.2232/assets.jsonld,2026-09-07T03:05:27.689410+00:00,ef791a9a-b13e-46b6-9486-8ada7431f571,sub-615564/sub-615564_ses-20220816T201007.nwb,2435820122,cac8501160cdcdaafd34a863b9ac47cf-37,0c3f4857bee22bc8e74660d3ccbcc39aa8d9b28153b035ba6375da7ef614ace7,application/x-nwb,2024-06-08T00:02:41.375919-07:00,2026-08-25T22:33:01.415919+00:00,https://dandiarchive.s3.amazonaws.com/blobs/635/68b/63568b8b-5957-4045-b90d-d75108909249,session_nwb,615564,2022-08-16T20:10:07.169000Z,EPHYS_2,Male,Sst-IRES-Cre/wt;Ai32(RCL-ChR2(H134R)_EYFP)/wt,Mus musculus - House mouse,P234D,6,https://dandiarchive.s3.amazonaws.com/blobs/635/68b/63568b8b-5957-4045-b90d-d75108909249,1198995158,1199032699,2022-08-16 13:10:07.169000,2,M,Sst-IRES-Cre/wt;Ai32(RCL-ChR2(H134R)_EYFP)/wt,DynamicGating,234,2604,1920,im114_r-1.0,true,/Users/benh/github/ai-dg-paper/results/cache/dynamic_gating_session_metadata.csv,24,24,true,true,engaged_1,1,true,0.8157894736842105,31,38,0.21739130434782608,5,23,1.6110178171504024,true,true
001051,0.260825.2232,10.48324/dandi.001051/0.260825.2232,https://dandiarchive.s3.amazonaws.com/dandisets/001051/0.260825.2232/assets.jsonld,2026-09-07T03:05:27.689410+00:00,ef791a9a-b13e-46b6-9486-8ada7431f571,sub-615564/sub-615564_ses-20220816T201007.nwb,2435820122,cac8501160cdcdaafd34a863b9ac47cf-37,0c3f4857bee22bc8e74660d3ccbcc39aa8d9b28153b035ba6375da7ef614ace7,application/x-nwb,2024-06-08T00:02:41.375919-07:00,2026-08-25T22:33:01.415919+00:00,https://dandiarchive.s3.amazonaws.com/blobs/635/68b/63568b8b-5957-4045-b90d-d75108909249,session_nwb,615564,2022-08-16T20:10:07.169000Z,EPHYS_2,Male,Sst-IRES-Cre/wt;Ai32(RCL-ChR2(H134R)_EYFP)/wt,Mus musculus - House mouse,P234D,6,https://dandiarchive.s3.amazonaws.com/blobs/635/68b/63568b8b-5957-4045-b90d-d75108909249,1198995158,1199032699,2022-08-16 13:10:07.169000,2,M,Sst-IRES-Cre/wt;Ai32(RCL-ChR2(H134R)_EYFP)/wt,DynamicGating,234,2604,1920,im114_r-1.0,true,/Users/benh/github/ai-dg-paper/results/cache/dynamic_gating_session_metadata.csv,24,24,true,true,no_reward_late,2,true,0.06451612903225806,2,31,0.0,0,15,0.4449347294253838,true,true
001051,0.260825.2232,10.48324/dandi.001051/0.260825.2232,https://dandiarchive.s3.amazonaws.com/dandisets/001051/0.260825.2232/assets.jsonld,2026-09-07T03:05:27.689410+00:00,ef791a9a-b13e-46b6-9486-8ada7431f571,sub-615564/sub-615564_ses-20220816T201007.nwb,2435820122,cac8501160cdcdaafd34a863b9ac47cf-37,0c3f4857bee22bc8e74660d3ccbcc39aa8d9b28153b035ba6375da7ef614ace7,application/x-nwb,2024-06-08T00:02:41.375919-07:00,2026-08-25T22:33:01.415919+00:00,https://dandiarchive.s3.amazonaws.com/blobs/635/68b/63568b8b-5957-4045-b90d-d75108909249,session_nwb,615564,2022-08-16T20:10:07.169000Z,EPHYS_2,Male,Sst-IRES-Cre/wt;Ai32(RCL-ChR2(H134R)_EYFP)/wt,Mus musculus - House mouse,P234D,6,https://dandiarchive.s3.amazonaws.com/blobs/635/68b/63568b8b-5957-4045-b90d-d75108909249,1198995158,1199032699,2022-08-16 13:10:07.169000,2,M,Sst-IRES-Cre/wt;Ai32(RCL-ChR2(H134R)_EYFP)/wt,DynamicGating,234,2604,1920,im114_r-1.0,true,/Users/benh/github/ai-dg-paper/results/cache/dynamic_gating_session_metadata.csv,24,24,true,true,engaged_2_early,3,true,0.6136363636363636,27,44,0.2,5,25,1.0833106763444582,true,true
001051,0.260825.2232,10.48324/dandi.001051/0.260825.2232,https://dandiarchive.s3.amazonaws.com/dandisets/001051/0.260825.2232/assets.jsonld,2026-09-07T03:05:27.689410+00:00,ef791a9a-b13e-46b6-9486-8ada7431f571,sub-615564/sub-615564_ses-20220816T201007.nwb,2435820122,cac8501160cdcdaafd34a863b9ac47cf-37,0c3f4857bee22bc8e74660d3ccbcc39aa8d9b28153b035ba6375da7ef614ace7,application/x-nwb,2024-06-08T00:02:41.375919-07:00,2026-08-25T22:33:01.415919+00:00,https://dandiarchive.s3.amazonaws.com/blobs/635/68b/63568b8b-5957-4045-b90d-d75108909249,session_nwb,615564,2022-08-16T20:10:07.169000Z,EPHYS_2,Male,Sst-IRES-Cre/wt;Ai32(RCL-ChR2(H134R)_EYFP)/wt,Mus musculus - House mouse,P234D,6,https://dandiarchive.s3.amazonaws.com/blobs/635/68b/63568b8b-5957-4045-b90d-d75108909249,1198995158,1199032699,2022-08-16 13:10:07.169000,2,M,Sst-IRES-Cre/wt;Ai32(RCL-ChR2(H134R)_EYFP)/wt,DynamicGating,234,2604,1920,im114_r-1.0,true,/Users/benh/github/ai-dg-paper/results/cache/dynamic_gating_session_metadata.csv,24,24,true,true,engaged_2_late,4,false,0.15625,5,32,0.0,0,19,0.9925424184383527,true,true
001051,0.260825.2232,10.48324/dandi.001051/0.260825.2232,https://dandiarchive.s3.amazonaws.com/dandisets/001051/0.260825.2232/assets.jsonld,2026-09-07T03:05:27.689410+00:00,60e0992b-db2d-47dd-9081-9dfd1808a777,sub-638387/sub-638387_ses-20221202T063256.nwb,2233900660,f0df87c407644a09b85c6062f425336e-34,c08588fd65476b4253701f5e21380556b41bbfb6ea416a699ac368273a13fa43,application/x-nwb,2024-06-08T06:21:49.406339-07:00,2026-08-25T22:33:04.996485+00:00,https://dandiarchive.s3.amazonaws.com/blobs/670/d01/670d01b8-e344-45cf-b21d-c26022721b85,session_nwb,638387,2022-12-02T06:32:56.397000Z,EPHYS_3,Male,Sst-IRES-Cre/wt;Ai32(RCL-ChR2(H134R)_EYFP)/wt,Mus musculus - House mouse,P169D,6,https://dandiarchive.s3.amazonaws.com/blobs/670/d01/670d01b8-e344-45cf-b21d-c26022721b85,1229887685,1229929438,2022-12-01 22:32:56.397000,3,M,Sst-IRES-Cre/wt;Ai32(RCL-ChR2(H134R)_EYFP)/wt,DynamicGating,169,2397,1920,im005_r-1.0,true,/Users/benh/github/ai-dg-paper/results/cache/dynamic_gating_session_metadata.csv,24,24,true,true,engaged_1,1,true,0.4772727272727273,21,44,0.13793103448275862,4,29,0.9807017017508096,true,false
001051,0.260825.2232,10.48324/dandi.001051/0.260825.2232,https://dandiarchive.s3.amazonaws.com/dandisets/001051/0.260825.2232/assets.jsonld,2026-09-07T03:05:27.689410+00:00,60e0992b-db2d-47dd-9081-9dfd1808a777,sub-638387/sub-638387_ses-20221202T063256.nwb,2233900660,f0df87c407644a09b85c6062f425336e-34,c08588fd65476b4253701f5e21380556b41bbfb6ea416a699ac368273a13fa43,application/x-nwb,2024-06-08T06:21:49.406339-07:00,2026-08-25T22:33:04.996485+00:00,https://dandiarchive.s3.amazonaws.com/blobs/670/d01/670d01b8-e344-45cf-b21d-c26022721b85,session_nwb,638387,2022-12-02T06:32:56.397000Z,EPHYS_3,Male,Sst-IRES-Cre/wt;Ai32(RCL-ChR2(H134R)_EYFP)/wt,Mus musculus - House mouse,P169D,6,https://dandiarchive.s3.amazonaws.com/blobs/670/d01/670d01b8-e344-45cf-b21d-c26022721b85,1229887685,1229929438,2022-12-01 22:32:56.397000,3,M,Sst-IRES-Cre/wt;Ai32(RCL-ChR2(H134R)_EYFP)/wt,DynamicGating,169,2397,1920,im005_r-1.0,true,/Users/benh/github/ai-dg-paper/results/cache/dynamic_gating_session_metadata.csv,24,24,true,true,no_reward_late,2,true,0.3,9,30,0.0,0,18,1.4319978566870168,true,false
001051,0.260825.2232,10.48324/dandi.001051/0.260825.2232,https://dandiarchive.s3.amazonaws.com/dandisets/001051/0.260825.2232/assets.jsonld,2026-09-07T03:05:27.689410+00:00,60e0992b-db2d-47dd-9081-9dfd1808a777,sub-638387/sub-638387_ses-20221202T063256.nwb,2233900660,f0df87c407644a09b85c6062f425336e-34,c08588fd65476b4253701f5e21380556b41bbfb6ea416a699ac368273a13fa43,application/x-nwb,2024-06-08T06:21:49.406339-07:00,2026-08-25T22:33:04.996485+00:00,https://dandiarchive.s3.amazonaws.com/blobs/670/d01/670d01b8-e344-45cf-b21d-c26022721b85,session_nwb,638387,2022-12-02T06:32:56.397000Z,EPHYS_3,Male,Sst-IRES-Cre/wt;Ai32(RCL-ChR2(H134R)_EYFP)/wt,Mus musculus - House mouse,P169D,6,https://dandiarchive.s3.amazonaws.com/blobs/670/d01/670d01b8-e344-45cf-b21d-c26022721b85,1229887685,1229929438,2022-12-01 22:32:56.397000,3,M,Sst-IRES-Cre/wt;Ai32(RCL-ChR2(H134R)_EYFP)/wt,DynamicGating,169,2397,1920,im005_r-1.0,true,/Users/benh/github/ai-dg-paper/results/cache/dynamic_gating_session_metadata.csv,24,24,true,true,engaged_2_early,3,true,0.4318181818181818,19,44,0.0,0,26,1.917461561243723,true,false
001051,0.260825.2232,10.48324/dandi.001051/0.260825.2232,https://dandiarchive.s3.amazonaws.com/dandisets/001051/0.260825.2232/assets.jsonld,2026-09-07T03:05:27.689410+00:00,60e0992b-db2d-47dd-9081-9dfd1808a777,sub-638387/sub-638387_ses-20221202T063256.nwb,2233900660,f0df87c407644a09b85c6062f425336e-34,c08588fd65476b4253701f5e21380556b41bbfb6ea416a699ac368273a13fa43,application/x-nwb,2024-06-08T06:21:49.406339-07:00,2026-08-25T22:33:04.996485+00:00,https://dandiarchive.s3.amazonaws.com/blobs/670/d01/670d01b8-e344-45cf-b21d-c26022721b85,session_nwb,638387,2022-12-02T06:32:56.397000Z,EPHYS_3,Male,Sst-IRES-Cre/wt;Ai32(RCL-ChR2(H134R)_EYFP)/wt,Mus musculus - House mouse,P169D,6,https://dandiarchive.s3.amazonaws.com/blobs/670/d01/670d01b8-e344-45cf-b21d-c26022721b85,1229887685,1229929438,2022-12-01 22:32:56.397000,3,M,Sst-IRES-Cre/wt;Ai32(RCL-ChR2(H134R)_EYFP)/wt,DynamicGating,169,2397,1920,im005_r-1.0,true,/Users/benh/github/ai-dg-paper/results/cache/dynamic_gating_session_metadata.csv,24,24,true,true,engaged_2_late,4,false,0.6521739130434783,15,23,0.14285714285714285,2,14,1.3415169762994248,true,false
001051,0.260825.2232,10.48324/dandi.001051/0.260825.2232,https://dandiarchive.s3.amazonaws.com/dandisets/001051/0.260825.2232/assets.jsonld,2026-09-07T03:05:27.689410+00:00,ec85faf3-7bae-49fa-88c5-08014fcf4d2b,sub-614608/sub-614608_ses-20220627T224458.nwb,3030129755,8c73cfd7df5ecfd23a33e861dfade407-46,06930ade63d86b9152751a49913c8fb11a8957321a205a3c84082421e2ddd6b5,application/x-nwb,2024-06-07T21:29:47.696426-07:00,2026-08-25T22:33:00.107585+00:00,https://dandiarchive.s3.amazonaws.com/blobs/68c/a06/68ca0674-2a8a-4931-8d5b-10a3edfb0cfa,session_nwb,614608,2022-06-27T22:44:58.776000Z,EPHYS_1,Male,Sst-IRES-Cre/wt;Ai32(RCL-ChR2(H134R)_EYFP)/wt,Mus musculus - House mouse,P194D,6,https://dandiarchive.s3.amazonaws.com/blobs/68c/a06/68ca0674-2a8a-4931-8d5b-10a3edfb0cfa,1187475832,1187501365,2022-06-27 15:44:58.776000,1,M,Sst-IRES-Cre/wt;Ai32(RCL-ChR2(H134R)_EYFP)/wt,DynamicGating_DEV,194,2853,2304,im104_r-1.0,true,/Users/benh/github/ai-dg-paper/results/cache/dynamic_gating_session_metadata.csv,23,24,false,true,engaged_1,1,true,0.6923076923076923,27,39,0.14285714285714285,2,14,1.4561979772163707,true,true
001051,0.260825.2232,10.48324/dandi.001051/0.260825.2232,https://dandiarchive.s3.amazonaws.com/dandisets/001051/0.260825.2232/assets.jsonld,2026-09-07T03:05:27.689410+00:00,ec85faf3-7bae-49fa-88c5-08014fcf4d2b,sub-614608/sub-614608_ses-20220627T224458.nwb,3030129755,8c73cfd7df5ecfd23a33e861dfade407-46,06930ade63d86b9152751a49913c8fb11a8957321a205a3c84082421e2ddd6b5,application/x-nwb,2024-06-07T21:29:47.696426-07:00,2026-08-25T22:33:00.107585+00:00,https://dandiarchive.s3.amazonaws.com/blobs/68c/a06/68ca0674-2a8a-4931-8d5b-10a3edfb0cfa,session_nwb,614608,2022-06-27T22:44:58.776000Z,EPHYS_1,Male,Sst-IRES-Cre/wt;Ai32(RCL-ChR2(H134R)_EYFP)/wt,Mus musculus - House mouse,P194D,6,https://dandiarchive.s3.amazonaws.com/blobs/68c/a06/68ca0674-2a8a-4931-8d5b-10a3edfb0cfa,1187475832,1187501365,2022-06-27 15:44:58.776000,1,M,Sst-IRES-Cre/wt;Ai32(RCL-ChR2(H134R)_EYFP)/wt,DynamicGating_DEV,194,2853,2304,im104_r-1.0,true,/Users/benh/github/ai-dg-paper/results/cache/dynamic_gating_session_metadata.csv,23,24,false,true,no_reward_late,2,true,0.14285714285714285,7,49,0.0,0,15,0.8262984779278617,true,true
001051,0.260825.2232,10.48324/dandi.001051/0.260825.2232,https://dandiarchive.s3.amazonaws.com/dandisets/001051/0.260825.2232/assets.jsonld,2026-09-07T03:05:27.689410+00:00,ec85faf3-7bae-49fa-88c5-08014fcf4d2b,sub-614608/sub-614608_ses-20220627T224458.nwb,3030129755,8c73cfd7df5ecfd23a33e861dfade407-46,06930ade63d86b9152751a49913c8fb11a8957321a205a3c84082421e2ddd6b5,application/x-nwb,2024-06-07T21:29:47.696426-07:00,2026-08-25T22:33:00.107585+00:00,https://dandiarchive.s3.amazonaws.com/blobs/68c/a06/68ca0674-2a8a-4931-8d5b-10a3edfb0cfa,session_nwb,614608,2022-06-27T22:44:58.776000Z,EPHYS_1,Male,Sst-IRES-Cre/wt;Ai32(RCL-ChR2(H134R)_EYFP)/wt,Mus musculus - House mouse,P194D,6,https://dandiarchive.s3.amazonaws.com/blobs/68c/a06/68ca0674-2a8a-4931-8d5b-10a3edfb0cfa,1187475832,1187501365,2022-06-27 15:44:58.776000,1,M,Sst-IRES-Cre/wt;Ai32(RCL-ChR2(H134R)_EYFP)/wt,DynamicGating_DEV,194,2853,2304,im104_r-1.0,true,/Users/benh/github/ai-dg-paper/results/cache/dynamic_gating_session_metadata.csv,23,24,false,true,engaged_2_early,3,true,0.5384615384615384,28,52,0.11764705882352941,2,17,1.180056150259878,true,true
001051,0.260825.2232,10.48324/dandi.001051/0.260825.2232,https://dandiarchive.s3.amazonaws.com/dandisets/001051/0.260825.2232/assets.jsonld,2026-09-07T03:05:27.689410+00:00,ec85faf3-7bae-49fa-88c5-08014fcf4d2b,sub-614608/sub-614608_ses-20220627T224458.nwb,3030129755,8c73cfd7df5ecfd23a33e861dfade407-46,06930ade63d86b9152751a49913c8fb11a8957321a205a3c84082421e2ddd6b5,application/x-nwb,2024-06-07T21:29:47.696426-07:00,2026-08-25T22:33:00.107585+00:00,https://dandiarchive.s3.amazonaws.com/blobs/68c/a06/68ca0674-2a8a-4931-8d5b-10a3edfb0cfa,session_nwb,614608,2022-06-27T22:44:58.776000Z,EPHYS_1,Male,Sst-IRES-Cre/wt;Ai32(RCL-ChR2(H134R)_EYFP)/wt,Mus musculus - House mouse,P194D,6,https://dandiarchive.s3.amazonaws.com/blobs/68c/a06/68ca0674-2a8a-4931-8d5b-10a3edfb0cfa,1187475832,1187501365,2022-06-27 15:44:58.776000,1,M,Sst-IRES-Cre/wt;Ai32(RCL-ChR2(H134R)_EYFP)/wt,DynamicGating_DEV,194,2853,2304,im104_r-1.0,true,/Users/benh/github/ai-dg-paper/results/cache/dynamic_gating_session_metadata.csv,23,24,false,true,engaged_2_late,4,false,0.5882352941176471,20,34,0.25,3,12,0.8316752290451443,true,true
001051,0.260825.2232,10.48324/dandi.001051/0.260825.2232,https://dandiarchive.s3.amazonaws.com/dandisets/001051/0.260825.2232/assets.jsonld,2026-09-07T03:05:27.689410+00:00,ed61c3cc-8dc5-49e7-a990-4210c3b15421,sub-611166/sub-611166_ses-20220706T221604.nwb,1192098691,3a992b91f60a4a7a204a4ed74a99f7fe-18,ad130bc9cef48601bf79704c2dc2609fd6f564b678b0f983c5239ffffd9b41aa,application/x-nwb,2024-06-07T19:54:38.691582-07:00,2026-08-25T22:32:59.238867+00:00,https://dandiarchive.s3.amazonaws.com/blobs/6a7/f05/6a7f05a7-12dd-44cc-8d40-59fa08937b0e,session_nwb,611166,2022-07-06T22:16:04.220000Z,EPHYS_2,Female,Sst-IRES-Cre/wt;Ai32(RCL-ChR2(H134R)_EYFP)/wt,Mus musculus - House mouse,P228D,5,https://dandiarchive.s3.amazonaws.com/blobs/6a7/f05/6a7f05a7-12dd-44cc-8d40-59fa08937b0e,1189820015,1189906466,2022-07-06 15:16:04.220000,2,F,Sst-IRES-Cre/wt;Ai32(RCL-ChR2(H134R)_EYFP)/wt,DynamicGating_DEV,228,750,0,im114_r-1.0,true,/Users/benh/github/ai-dg-paper/results/cache/dynamic_gating_session_metadata.csv,21,21,true,true,engaged_1,1,true,0.56,14,25,0.1111111111111111,1,9,1.1815543307045635,true,false
001051,0.260825.2232,10.48324/dandi.001051/0.260825.2232,https://dandiarchive.s3.amazonaws.com/dandisets/001051/0.260825.2232/assets.jsonld,2026-09-07T03:05:27.689410+00:00,ed61c3cc-8dc5-49e7-a990-4210c3b15421,sub-611166/sub-611166_ses-20220706T221604.nwb,1192098691,3a992b91f60a4a7a204a4ed74a99f7fe-18,ad130bc9cef48601bf79704c2dc2609fd6f564b678b0f983c5239ffffd9b41aa,application/x-nwb,2024-06-07T19:54:38.691582-07:00,2026-08-25T22:32:59.238867+00:00,https://dandiarchive.s3.amazonaws.com/blobs/6a7/f05/6a7f05a7-12dd-44cc-8d40-59fa08937b0e,session_nwb,611166,2022-07-06T22:16:04.220000Z,EPHYS_2,Female,Sst-IRES-Cre/wt;Ai32(RCL-ChR2(H134R)_EYFP)/wt,Mus musculus - House mouse,P228D,5,https://dandiarchive.s3.amazonaws.com/blobs/6a7/f05/6a7f05a7-12dd-44cc-8d40-59fa08937b0e,1189820015,1189906466,2022-07-06 15:16:04.220000,2,F,Sst-IRES-Cre/wt;Ai32(RCL-ChR2(H134R)_EYFP)/wt,DynamicGating_DEV,228,750,0,im114_r-1.0,true,/Users/benh/github/ai-dg-paper/results/cache/dynamic_gating_session_metadata.csv,21,21,true,true,no_reward_late,2,true,0.022222222222222223,1,45,0.0,0,16,0.045744931337094785,true,false
001051,0.260825.2232,10.48324/dandi.001051/0.260825.2232,https://dandiarchive.s3.amazonaws.com/dandisets/001051/0.260825.2232/assets.jsonld,2026-09-07T03:05:27.689410+00:00,ed61c3cc-8dc5-49e7-a990-4210c3b15421,sub-611166/sub-611166_ses-20220706T221604.nwb,1192098691,3a992b91f60a4a7a204a4ed74a99f7fe-18,ad130bc9cef48601bf79704c2dc2609fd6f564b678b0f983c5239ffffd9b41aa,application/x-nwb,2024-06-07T19:54:38.691582-07:00,2026-08-25T22:32:59.238867+00:00,https://dandiarchive.s3.amazonaws.com/blobs/6a7/f05/6a7f05a7-12dd-44cc-8d40-59fa08937b0e,session_nwb,611166,2022-07-06T22:16:04.220000Z,EPHYS_2,Female,Sst-IRES-Cre/wt;Ai32(RCL-ChR2(H134R)_EYFP)/wt,Mus musculus - House mouse,P228D,5,https://dandiarchive.s3.amazonaws.com/blobs/6a7/f05/6a7f05a7-12dd-44cc-8d40-59fa08937b0e,1189820015,1189906466,2022-07-06 15:16:04.220000,2,F,Sst-IRES-Cre/wt;Ai32(RCL-ChR2(H134R)_EYFP)/wt,DynamicGating_DEV,228,750,0,im114_r-1.0,true,/Users/benh/github/ai-dg-paper/results/cache/dynamic_gating_session_metadata.csv,21,21,true,true,engaged_2_early,3,true,0.3409090909090909,15,44,0.08333333333333333,1,12,0.7980163177721764,true,false
001051,0.260825.2232,10.48324/dandi.001051/0.260825.2232,https://dandiarchive.s3.amazonaws.com/dandisets/001051/0.260825.2232/assets.jsonld,2026-09-07T03:05:27.689410+00:00,ed61c3cc-8dc5-49e7-a990-4210c3b15421,sub-611166/sub-611166_ses-20220706T221604.nwb,1192098691,3a992b91f60a4a7a204a4ed74a99f7fe-18,ad130bc9cef48601bf79704c2dc2609fd6f564b678b0f983c5239ffffd9b41aa,application/x-nwb,2024-06-07T19:54:38.691582-07:00,2026-08-25T22:32:59.238867+00:00,https://dandiarchive.s3.amazonaws.com/blobs/6a7/f05/6a7f05a7-12dd-44cc-8d40-59fa08937b0e,session_nwb,611166,2022-07-06T22:16:04.220000Z,EPHYS_2,Female,Sst-IRES-Cre/wt;Ai32(RCL-ChR2(H134R)_EYFP)/wt,Mus musculus - House mouse,P228D,5,https://dandiarchive.s3.amazonaws.com/blobs/6a7/f05/6a7f05a7-12dd-44cc-8d40-59fa08937b0e,1189820015,1189906466,2022-07-06 15:16:04.220000,2,F,Sst-IRES-Cre/wt;Ai32(RCL-ChR2(H134R)_EYFP)/wt,DynamicGating_DEV,228,750,0,im114_r-1.0,true,/Users/benh/github/ai-dg-paper/results/cache/dynamic_gating_session_metadata.csv,21,21,true,true,engaged_2_late,4,false,0.03333333333333333,1,30,0.08333333333333333,1,12,-0.46231790824711716,true,false
001051,0.260825.2232,10.48324/dandi.001051/0.260825.2232,https://dandiarchive.s3.amazonaws.com/dandisets/001051/0.260825.2232/assets.jsonld,2026-09-07T03:05:27.689410+00:00,0ddde69a-0f8b-494a-a2ff-731b478b1289,sub-632295/sub-632295_ses-20221020T215833.nwb,1847452617,21832d821ac130ceffe88b5ebcb5300c-28,d69a8817056913233bce7bca404fa793636ae2930490d6d7ad1d513938c65d3c,application/x-nwb,2024-06-08T03:31:14.325478-07:00,2026-08-25T22:33:03.490504+00:00,https://dandiarchive.s3.amazonaws.com/blobs/708/8bf/7088bfa9-4f4c-467d-acb3-e1ca622632db,session_nwb,632295,2022-10-20T21:58:33.071000Z,EPHYS_4,Female,wt/wt,Mus musculus - House mouse,P173D,6,https://dandiarchive.s3.amazonaws.com/blobs/708/8bf/7088bfa9-4f4c-467d-acb3-e1ca622632db,1219401111,1219501816,2022-10-20 14:58:33.071000,4,F,wt/wt,DynamicGating,173,2029,1920,im087_r-1.0,true,/Users/benh/github/ai-dg-paper/results/cache/dynamic_gating_session_metadata.csv,24,24,true,true,engaged_1,1,true,0.8666666666666667,26,30,0.3333333333333333,6,18,1.4641384803577444,true,false
001051,0.260825.2232,10.48324/dandi.001051/0.260825.2232,https://dandiarchive.s3.amazonaws.com/dandisets/001051/0.260825.2232/assets.jsonld,2026-09-07T03:05:27.689410+00:00,0ddde69a-0f8b-494a-a2ff-731b478b1289,sub-632295/sub-632295_ses-20221020T215833.nwb,1847452617,21832d821ac130ceffe88b5ebcb5300c-28,d69a8817056913233bce7bca404fa793636ae2930490d6d7ad1d513938c65d3c,application/x-nwb,2024-06-08T03:31:14.325478-07:00,2026-08-25T22:33:03.490504+00:00,https://dandiarchive.s3.amazonaws.com/blobs/708/8bf/7088bfa9-4f4c-467d-acb3-e1ca622632db,session_nwb,632295,2022-10-20T21:58:33.071000Z,EPHYS_4,Female,wt/wt,Mus musculus - House mouse,P173D,6,https://dandiarchive.s3.amazonaws.com/blobs/708/8bf/7088bfa9-4f4c-467d-acb3-e1ca622632db,1219401111,1219501816,2022-10-20 14:58:33.071000,4,F,wt/wt,DynamicGating,173,2029,1920,im087_r-1.0,true,/Users/benh/github/ai-dg-paper/results/cache/dynamic_gating_session_metadata.csv,24,24,true,true,no_reward_late,2,true,0.2222222222222222,8,36,0.0,0,24,1.3140116912179327,true,false
001051,0.260825.2232,10.48324/dandi.001051/0.260825.2232,https://dandiarchive.s3.amazonaws.com/dandisets/001051/0.260825.2232/assets.jsonld,2026-09-07T03:05:27.689410+00:00,0ddde69a-0f8b-494a-a2ff-731b478b1289,sub-632295/sub-632295_ses-20221020T215833.nwb,1847452617,21832d821ac130ceffe88b5ebcb5300c-28,d69a8817056913233bce7bca404fa793636ae2930490d6d7ad1d513938c65d3c,application/x-nwb,2024-06-08T03:31:14.325478-07:00,2026-08-25T22:33:03.490504+00:00,https://dandiarchive.s3.amazonaws.com/blobs/708/8bf/7088bfa9-4f4c-467d-acb3-e1ca622632db,session_nwb,632295,2022-10-20T21:58:33.071000Z,EPHYS_4,Female,wt/wt,Mus musculus - House mouse,P173D,6,https://dandiarchive.s3.amazonaws.com/blobs/708/8bf/7088bfa9-4f4c-467d-acb3-e1ca622632db,1219401111,1219501816,2022-10-20 14:58:33.071000,4,F,wt/wt,DynamicGating,173,2029,1920,im087_r-1.0,true,/Users/benh/github/ai-dg-paper/results/cache/dynamic_gating_session_metadata.csv,24,24,true,true,engaged_2_early,3,true,0.8648648648648649,32,37,0.2,4,20,1.850915524825806,true,false
001051,0.260825.2232,10.48324/dandi.001051/0.260825.2232,https://dandiarchive.s3.amazonaws.com/dandisets/001051/0.260825.2232/assets.jsonld,2026-09-07T03:05:27.689410+00:00,0ddde69a-0f8b-494a-a2ff-731b478b1289,sub-632295/sub-632295_ses-20221020T215833.nwb,1847452617,21832d821ac130ceffe88b5ebcb5300c-28,d69a8817056913233bce7bca404fa793636ae2930490d6d7ad1d513938c65d3c,application/x-nwb,2024-06-08T03:31:14.325478-07:00,2026-08-25T22:33:03.490504+00:00,https://dandiarchive.s3.amazonaws.com/blobs/708/8bf/7088bfa9-4f4c-467d-acb3-e1ca622632db,session_nwb,632295,2022-10-20T21:58:33.071000Z,EPHYS_4,Female,wt/wt,Mus musculus - House mouse,P173D,6,https://dandiarchive.s3.amazonaws.com/blobs/708/8bf/7088bfa9-4f4c-467d-acb3-e1ca622632db,1219401111,1219501816,2022-10-20 14:58:33.071000,4,F,wt/wt,DynamicGating,173,2029,1920,im087_r-1.0,true,/Users/benh/github/ai-dg-paper/results/cache/dynamic_gating_session_metadata.csv,24,24,true,true,engaged_2_late,4,false,0.7741935483870968,24,31,0.0,0,18,2.662445894345194,true,false
001051,0.260825.2232,10.48324/dandi.001051/0.260825.2232,https://dandiarchive.s3.amazonaws.com/dandisets/001051/0.260825.2232/assets.jsonld,2026-09-07T03:05:27.689410+00:00,6b8f63f3-66b2-421c-bc5f-7de821c373eb,sub-611166/sub-611166_ses-20220708T172429.nwb,1322878419,225dcd8419d61bb1ccce33ffbbd6477e-20,b3b12ef7d73e186f10f8c96d3c3fd89cb6b28f0ff0fd37958f9ec7240f2cbc75,application/x-nwb,2024-06-07T20:02:39.674894-07:00,2026-08-25T22:32:59.303563+00:00,https://dandiarchive.s3.amazonaws.com/blobs/718/75c/71875c87-1585-49ee-b80f-26210d975e15,session_nwb,611166,2022-07-08T17:24:29.245000Z,EPHYS_4,Female,Sst-IRES-Cre/wt;Ai32(RCL-ChR2(H134R)_EYFP)/wt,Mus musculus - House mouse,P228D,5,https://dandiarchive.s3.amazonaws.com/blobs/718/75c/71875c87-1585-49ee-b80f-26210d975e15,1190290940,1190313454,2022-07-08 10:24:29.245000,4,F,Sst-IRES-Cre/wt;Ai32(RCL-ChR2(H134R)_EYFP)/wt,DynamicGating_DEV,228,921,0,im087_r-1.0,true,/Users/benh/github/ai-dg-paper/results/cache/dynamic_gating_session_metadata.csv,21,21,true,true,engaged_1,1,true,0.7777777777777778,28,36,0.16666666666666666,2,12,1.609160992702776,true,false
001051,0.260825.2232,10.48324/dandi.001051/0.260825.2232,https://dandiarchive.s3.amazonaws.com/dandisets/001051/0.260825.2232/assets.jsonld,2026-09-07T03:05:27.689410+00:00,6b8f63f3-66b2-421c-bc5f-7de821c373eb,sub-611166/sub-611166_ses-20220708T172429.nwb,1322878419,225dcd8419d61bb1ccce33ffbbd6477e-20,b3b12ef7d73e186f10f8c96d3c3fd89cb6b28f0ff0fd37958f9ec7240f2cbc75,application/x-nwb,2024-06-07T20:02:39.674894-07:00,2026-08-25T22:32:59.303563+00:00,https://dandiarchive.s3.amazonaws.com/blobs/718/75c/71875c87-1585-49ee-b80f-26210d975e15,session_nwb,611166,2022-07-08T17:24:29.245000Z,EPHYS_4,Female,Sst-IRES-Cre/wt;Ai32(RCL-ChR2(H134R)_EYFP)/wt,Mus musculus - House mouse,P228D,5,https://dandiarchive.s3.amazonaws.com/blobs/718/75c/71875c87-1585-49ee-b80f-26210d975e15,1190290940,1190313454,2022-07-08 10:24:29.245000,4,F,Sst-IRES-Cre/wt;Ai32(RCL-ChR2(H134R)_EYFP)/wt,DynamicGating_DEV,228,921,0,im087_r-1.0,true,/Users/benh/github/ai-dg-paper/results/cache/dynamic_gating_session_metadata.csv,21,21,true,true,no_reward_late,2,true,0.08163265306122448,4,49,0.0,0,16,0.5487549266432135,true,false
001051,0.260825.2232,10.48324/dandi.001051/0.260825.2232,https://dandiarchive.s3.amazonaws.com/dandisets/001051/0.260825.2232/assets.jsonld,2026-09-07T03:05:27.689410+00:00,6b8f63f3-66b2-421c-bc5f-7de821c373eb,sub-611166/sub-611166_ses-20220708T172429.nwb,1322878419,225dcd8419d61bb1ccce33ffbbd6477e-20,b3b12ef7d73e186f10f8c96d3c3fd89cb6b28f0ff0fd37958f9ec7240f2cbc75,application/x-nwb,2024-06-07T20:02:39.674894-07:00,2026-08-25T22:32:59.303563+00:00,https://dandiarchive.s3.amazonaws.com/blobs/718/75c/71875c87-1585-49ee-b80f-26210d975e15,session_nwb,611166,2022-07-08T17:24:29.245000Z,EPHYS_4,Female,Sst-IRES-Cre/wt;Ai32(RCL-ChR2(H134R)_EYFP)/wt,Mus musculus - House mouse,P228D,5,https://dandiarchive.s3.amazonaws.com/blobs/718/75c/71875c87-1585-49ee-b80f-26210d975e15,1190290940,1190313454,2022-07-08 10:24:29.245000,4,F,Sst-IRES-Cre/wt;Ai32(RCL-ChR2(H134R)_EYFP)/wt,DynamicGating_DEV,228,921,0,im087_r-1.0,true,/Users/benh/github/ai-dg-paper/results/cache/dynamic_gating_session_metadata.csv,21,21,true,true,engaged_2_early,3,true,0.4583333333333333,22,48,0.13333333333333333,2,15,0.9074996615581307,true,false
001051,0.260825.2232,10.48324/dandi.001051/0.260825.2232,https://dandiarchive.s3.amazonaws.com/dandisets/001051/0.260825.2232/assets.jsonld,2026-09-07T03:05:27.689410+00:00,6b8f63f3-66b2-421c-bc5f-7de821c373eb,sub-611166/sub-611166_ses-20220708T172429.nwb,1322878419,225dcd8419d61bb1ccce33ffbbd6477e-20,b3b12ef7d73e186f10f8c96d3c3fd89cb6b28f0ff0fd37958f9ec7240f2cbc75,application/x-nwb,2024-06-07T20:02:39.674894-07:00,2026-08-25T22:32:59.303563+00:00,https://dandiarchive.s3.amazonaws.com/blobs/718/75c/71875c87-1585-49ee-b80f-26210d975e15,session_nwb,611166,2022-07-08T17:24:29.245000Z,EPHYS_4,Female,Sst-IRES-Cre/wt;Ai32(RCL-ChR2(H134R)_EYFP)/wt,Mus musculus - House mouse,P228D,5,https://dandiarchive.s3.amazonaws.com/blobs/718/75c/71875c87-1585-49ee-b80f-26210d975e15,1190290940,1190313454,2022-07-08 10:24:29.245000,4,F,Sst-IRES-Cre/wt;Ai32(RCL-ChR2(H134R)_EYFP)/wt,DynamicGating_DEV,228,921,0,im087_r-1.0,true,/Users/benh/github/ai-dg-paper/results/cache/dynamic_gating_session_metadata.csv,21,21,true,true,engaged_2_late,4,false,0.45454545454545453,15,33,0.18181818181818182,2,11,0.7014048892007558,true,false
001051,0.260825.2232,10.48324/dandi.001051/0.260825.2232,https://dandiarchive.s3.amazonaws.com/dandisets/001051/0.260825.2232/assets.jsonld,2026-09-07T03:05:27.689410+00:00,33bc682c-7501-4217-91c8-80546e7a433f,sub-612090/sub-612090_ses-20220526T205923.nwb,2597762800,5b83dd9e955e6cbbc3ec4c5338de0240-39,f1c928594b2a315ae56ec0c1d30c928ce3ae59a5c890158ae70f34fe85fe84a9,application/x-nwb,2024-06-07T20:31:58.537683-07:00,2026-08-25T22:32:59.547331+00:00,https://dandiarchive.s3.amazonaws.com/blobs/755/a0b/755a0bb5-97d8-4679-a2d6-1be3366d9cff,session_nwb,612090,2022-05-26T20:59:23.837000Z,EPHYS_3,Male,Vip-IRES-Cre/wt;Ai32(RCL-ChR2(H134R)_EYFP)/wt,Mus musculus - House mouse,P180D,6,https://dandiarchive.s3.amazonaws.com/blobs/755/a0b/755a0bb5-97d8-4679-a2d6-1be3366d9cff,1180107381,1180136630,2022-05-26 13:59:23.837000,3,M,Vip-IRES-Cre/wt;Ai32(RCL-ChR2(H134R)_EYFP)/wt,DynamicGating_DEV,180,2480,1920,im005_r-1.0,true,/Users/benh/github/ai-dg-paper/results/cache/dynamic_gating_session_metadata.csv,22,22,true,true,engaged_1,1,true,0.6744186046511628,29,43,0.06666666666666667,1,15,1.7591795447361556,true,true
001051,0.260825.2232,10.48324/dandi.001051/0.260825.2232,https://dandiarchive.s3.amazonaws.com/dandisets/001051/0.260825.2232/assets.jsonld,2026-09-07T03:05:27.689410+00:00,33bc682c-7501-4217-91c8-80546e7a433f,sub-612090/sub-612090_ses-20220526T205923.nwb,2597762800,5b83dd9e955e6cbbc3ec4c5338de0240-39,f1c928594b2a315ae56ec0c1d30c928ce3ae59a5c890158ae70f34fe85fe84a9,application/x-nwb,2024-06-07T20:31:58.537683-07:00,2026-08-25T22:32:59.547331+00:00,https://dandiarchive.s3.amazonaws.com/blobs/755/a0b/755a0bb5-97d8-4679-a2d6-1be3366d9cff,session_nwb,612090,2022-05-26T20:59:23.837000Z,EPHYS_3,Male,Vip-IRES-Cre/wt;Ai32(RCL-ChR2(H134R)_EYFP)/wt,Mus musculus - House mouse,P180D,6,https://dandiarchive.s3.amazonaws.com/blobs/755/a0b/755a0bb5-97d8-4679-a2d6-1be3366d9cff,1180107381,1180136630,2022-05-26 13:59:23.837000,3,M,Vip-IRES-Cre/wt;Ai32(RCL-ChR2(H134R)_EYFP)/wt,DynamicGating_DEV,180,2480,1920,im005_r-1.0,true,/Users/benh/github/ai-dg-paper/results/cache/dynamic_gating_session_metadata.csv,22,22,true,true,no_reward_late,2,true,0.11363636363636363,5,44,0.13333333333333333,2,15,-0.15395941290368276,true,true
001051,0.260825.2232,10.48324/dandi.001051/0.260825.2232,https://dandiarchive.s3.amazonaws.com/dandisets/001051/0.260825.2232/assets.jsonld,2026-09-07T03:05:27.689410+00:00,33bc682c-7501-4217-91c8-80546e7a433f,sub-612090/sub-612090_ses-20220526T205923.nwb,2597762800,5b83dd9e955e6cbbc3ec4c5338de0240-39,f1c928594b2a315ae56ec0c1d30c928ce3ae59a5c890158ae70f34fe85fe84a9,application/x-nwb,2024-06-07T20:31:58.537683-07:00,2026-08-25T22:32:59.547331+00:00,https://dandiarchive.s3.amazonaws.com/blobs/755/a0b/755a0bb5-97d8-4679-a2d6-1be3366d9cff,session_nwb,612090,2022-05-26T20:59:23.837000Z,EPHYS_3,Male,Vip-IRES-Cre/wt;Ai32(RCL-ChR2(H134R)_EYFP)/wt,Mus musculus - House mouse,P180D,6,https://dandiarchive.s3.amazonaws.com/blobs/755/a0b/755a0bb5-97d8-4679-a2d6-1be3366d9cff,1180107381,1180136630,2022-05-26 13:59:23.837000,3,M,Vip-IRES-Cre/wt;Ai32(RCL-ChR2(H134R)_EYFP)/wt,DynamicGating_DEV,180,2480,1920,im005_r-1.0,true,/Users/benh/github/ai-dg-paper/results/cache/dynamic_gating_session_metadata.csv,22,22,true,true,engaged_2_early,3,true,0.5510204081632653,27,49,0.125,2,16,1.1747927448190452,true,true
001051,0.260825.2232,10.48324/dandi.001051/0.260825.2232,https://dandiarchive.s3.amazonaws.com/dandisets/001051/0.260825.2232/assets.jsonld,2026-09-07T03:05:27.689410+00:00,33bc682c-7501-4217-91c8-80546e7a433f,sub-612090/sub-612090_ses-20220526T205923.nwb,2597762800,5b83dd9e955e6cbbc3ec4c5338de0240-39,f1c928594b2a315ae56ec0c1d30c928ce3ae59a5c890158ae70f34fe85fe84a9,application/x-nwb,2024-06-07T20:31:58.537683-07:00,2026-08-25T22:32:59.547331+00:00,https://dandiarchive.s3.amazonaws.com/blobs/755/a0b/755a0bb5-97d8-4679-a2d6-1be3366d9cff,session_nwb,612090,2022-05-26T20:59:23.837000Z,EPHYS_3,Male,Vip-IRES-Cre/wt;Ai32(RCL-ChR2(H134R)_EYFP)/wt,Mus musculus - House mouse,P180D,6,https://dandiarchive.s3.amazonaws.com/blobs/755/a0b/755a0bb5-97d8-4679-a2d6-1be3366d9cff,1180107381,1180136630,2022-05-26 13:59:23.837000,3,M,Vip-IRES-Cre/wt;Ai32(RCL-ChR2(H134R)_EYFP)/wt,DynamicGating_DEV,180,2480,1920,im005_r-1.0,true,/Users/benh/github/ai-dg-paper/results/cache/dynamic_gating_session_metadata.csv,22,22,true,true,engaged_2_late,4,false,0.6129032258064516,19,31,0.1111111111111111,1,9,1.314123829315366,true,true
001051,0.260825.2232,10.48324/dandi.001051/0.260825.2232,https://dandiarchive.s3.amazonaws.com/dandisets/001051/0.260825.2232/assets.jsonld,2026-09-07T03:05:27.689410+00:00,89a79bed-9163-4494-83bf-90a3aeb1233d,sub-633232/sub-633232_ses-20221108T000611.nwb,996249910,13978a6c7046aa73aef11b6429abeb65-15,5f7de0468e8b93334c088f08bb45b8b250b6825ee406a69b2e15e3f3ce0e3482,application/x-nwb,2024-06-08T04:00:54.011476-07:00,2026-08-25T22:33:03.727070+00:00,https://dandiarchive.s3.amazonaws.com/blobs/758/757/7587577c-c208-438d-9246-8e12c720a91b,session_nwb,633232,2022-11-08T00:06:11.630000Z,EPHYS_1,Female,Sst-IRES-Cre/wt;Ai32(RCL-ChR2(H134R)_EYFP)/wt,Mus musculus - House mouse,P186D,6,https://dandiarchive.s3.amazonaws.com/blobs/758/757/7587577c-c208-438d-9246-8e12c720a91b,1224385827,1224444470,2022-11-07 16:06:11.630000,1,F,Sst-IRES-Cre/wt;Ai32(RCL-ChR2(H134R)_EYFP)/wt,DynamicGating,186,1088,1152,im104_r-1.0,true,/Users/benh/github/ai-dg-paper/results/cache/dynamic_gating_session_metadata.csv,24,24,true,true,engaged_1,1,true,0.5833333333333334,7,12,0.7142857142857143,5,7,-0.2947482686907433,true,false
001051,0.260825.2232,10.48324/dandi.001051/0.260825.2232,https://dandiarchive.s3.amazonaws.com/dandisets/001051/0.260825.2232/assets.jsonld,2026-09-07T03:05:27.689410+00:00,89a79bed-9163-4494-83bf-90a3aeb1233d,sub-633232/sub-633232_ses-20221108T000611.nwb,996249910,13978a6c7046aa73aef11b6429abeb65-15,5f7de0468e8b93334c088f08bb45b8b250b6825ee406a69b2e15e3f3ce0e3482,application/x-nwb,2024-06-08T04:00:54.011476-07:00,2026-08-25T22:33:03.727070+00:00,https://dandiarchive.s3.amazonaws.com/blobs/758/757/7587577c-c208-438d-9246-8e12c720a91b,session_nwb,633232,2022-11-08T00:06:11.630000Z,EPHYS_1,Female,Sst-IRES-Cre/wt;Ai32(RCL-ChR2(H134R)_EYFP)/wt,Mus musculus - House mouse,P186D,6,https://dandiarchive.s3.amazonaws.com/blobs/758/757/7587577c-c208-438d-9246-8e12c720a91b,1224385827,1224444470,2022-11-07 16:06:11.630000,1,F,Sst-IRES-Cre/wt;Ai32(RCL-ChR2(H134R)_EYFP)/wt,DynamicGating,186,1088,1152,im104_r-1.0,true,/Users/benh/github/ai-dg-paper/results/cache/dynamic_gating_session_metadata.csv,24,24,true,true,no_reward_late,2,true,0.6944444444444444,25,36,0.05,1,20,1.9587871877750676,true,false
001051,0.260825.2232,10.48324/dandi.001051/0.260825.2232,https://dandiarchive.s3.amazonaws.com/dandisets/001051/0.260825.2232/assets.jsonld,2026-09-07T03:05:27.689410+00:00,89a79bed-9163-4494-83bf-90a3aeb1233d,sub-633232/sub-633232_ses-20221108T000611.nwb,996249910,13978a6c7046aa73aef11b6429abeb65-15,5f7de0468e8b93334c088f08bb45b8b250b6825ee406a69b2e15e3f3ce0e3482,application/x-nwb,2024-06-08T04:00:54.011476-07:00,2026-08-25T22:33:03.727070+00:00,https://dandiarchive.s3.amazonaws.com/blobs/758/757/7587577c-c208-438d-9246-8e12c720a91b,session_nwb,633232,2022-11-08T00:06:11.630000Z,EPHYS_1,Female,Sst-IRES-Cre/wt;Ai32(RCL-ChR2(H134R)_EYFP)/wt,Mus musculus - House mouse,P186D,6,https://dandiarchive.s3.amazonaws.com/blobs/758/757/7587577c-c208-438d-9246-8e12c720a91b,1224385827,1224444470,2022-11-07 16:06:11.630000,1,F,Sst-IRES-Cre/wt;Ai32(RCL-ChR2(H134R)_EYFP)/wt,DynamicGating,186,1088,1152,im104_r-1.0,true,/Users/benh/github/ai-dg-paper/results/cache/dynamic_gating_session_metadata.csv,24,24,true,true,engaged_2_early,3,true,0.5666666666666667,17,30,0.3157894736842105,6,19,0.6161915628111653,true,false
001051,0.260825.2232,10.48324/dandi.001051/0.260825.2232,https://dandiarchive.s3.amazonaws.com/dandisets/001051/0.260825.2232/assets.jsonld,2026-09-07T03:05:27.689410+00:00,89a79bed-9163-4494-83bf-90a3aeb1233d,sub-633232/sub-633232_ses-20221108T000611.nwb,996249910,13978a6c7046aa73aef11b6429abeb65-15,5f7de0468e8b93334c088f08bb45b8b250b6825ee406a69b2e15e3f3ce0e3482,application/x-nwb,2024-06-08T04:00:54.011476-07:00,2026-08-25T22:33:03.727070+00:00,https://dandiarchive.s3.amazonaws.com/blobs/758/757/7587577c-c208-438d-9246-8e12c720a91b,session_nwb,633232,2022-11-08T00:06:11.630000Z,EPHYS_1,Female,Sst-IRES-Cre/wt;Ai32(RCL-ChR2(H134R)_EYFP)/wt,Mus musculus - House mouse,P186D,6,https://dandiarchive.s3.amazonaws.com/blobs/758/757/7587577c-c208-438d-9246-8e12c720a91b,1224385827,1224444470,2022-11-07 16:06:11.630000,1,F,Sst-IRES-Cre/wt;Ai32(RCL-ChR2(H134R)_EYFP)/wt,DynamicGating,186,1088,1152,im104_r-1.0,true,/Users/benh/github/ai-dg-paper/results/cache/dynamic_gating_session_metadata.csv,24,24,true,true,engaged_2_late,4,false,0.4166666666666667,10,24,0.21428571428571427,3,14,0.5260198117397932,true,false
001051,0.260825.2232,10.48324/dandi.001051/0.260825.2232,https://dandiarchive.s3.amazonaws.com/dandisets/001051/0.260825.2232/assets.jsonld,2026-09-07T03:05:27.689410+00:00,84f50b06-6566-4b3c-bc3a-853adf8eb581,sub-615048/sub-615048_ses-20220810T211453.nwb,2083585580,c4eaebc1bfd5d764e1da2ec68ccf0f0b-32,5e118b24689ae70063fab7ae5fb0872c63a9240f2a67c17e5344505070e6e49b,application/x-nwb,2024-06-07T22:47:33.893216-07:00,2026-08-25T22:33:00.762318+00:00,https://dandiarchive.s3.amazonaws.com/blobs/75d/9d0/75d9d091-e7db-47d1-aac4-d41133e29393,session_nwb,615048,2022-08-10T21:14:53.846000Z,EPHYS_2,Male,Vip-IRES-Cre/wt;Ai32(RCL-ChR2(H134R)_EYFP)/wt,Mus musculus - House mouse,P233D,6,https://dandiarchive.s3.amazonaws.com/blobs/75d/9d0/75d9d091-e7db-47d1-aac4-d41133e29393,1197725774,1197751799,2022-08-10 14:14:53.846000,2,M,Vip-IRES-Cre/wt;Ai32(RCL-ChR2(H134R)_EYFP)/wt,DynamicGating,233,2246,2304,im114_r-1.0,true,/Users/benh/github/ai-dg-paper/results/cache/dynamic_gating_session_metadata.csv,24,24,true,true,engaged_1,1,true,0.5714285714285714,20,35,0.1,2,20,1.3547210577775932,true,true
001051,0.260825.2232,10.48324/dandi.001051/0.260825.2232,https://dandiarchive.s3.amazonaws.com/dandisets/001051/0.260825.2232/assets.jsonld,2026-09-07T03:05:27.689410+00:00,84f50b06-6566-4b3c-bc3a-853adf8eb581,sub-615048/sub-615048_ses-20220810T211453.nwb,2083585580,c4eaebc1bfd5d764e1da2ec68ccf0f0b-32,5e118b24689ae70063fab7ae5fb0872c63a9240f2a67c17e5344505070e6e49b,application/x-nwb,2024-06-07T22:47:33.893216-07:00,2026-08-25T22:33:00.762318+00:00,https://dandiarchive.s3.amazonaws.com/blobs/75d/9d0/75d9d091-e7db-47d1-aac4-d41133e29393,session_nwb,615048,2022-08-10T21:14:53.846000Z,EPHYS_2,Male,Vip-IRES-Cre/wt;Ai32(RCL-ChR2(H134R)_EYFP)/wt,Mus musculus - House mouse,P233D,6,https://dandiarchive.s3.amazonaws.com/blobs/75d/9d0/75d9d091-e7db-47d1-aac4-d41133e29393,1197725774,1197751799,2022-08-10 14:14:53.846000,2,M,Vip-IRES-Cre/wt;Ai32(RCL-ChR2(H134R)_EYFP)/wt,DynamicGating,233,2246,2304,im114_r-1.0,true,/Users/benh/github/ai-dg-paper/results/cache/dynamic_gating_session_metadata.csv,24,24,true,true,no_reward_late,2,true,0.025,1,40,0.0,0,25,0.2781375435165361,true,true
001051,0.260825.2232,10.48324/dandi.001051/0.260825.2232,https://dandiarchive.s3.amazonaws.com/dandisets/001051/0.260825.2232/assets.jsonld,2026-09-07T03:05:27.689410+00:00,84f50b06-6566-4b3c-bc3a-853adf8eb581,sub-615048/sub-615048_ses-20220810T211453.nwb,2083585580,c4eaebc1bfd5d764e1da2ec68ccf0f0b-32,5e118b24689ae70063fab7ae5fb0872c63a9240f2a67c17e5344505070e6e49b,application/x-nwb,2024-06-07T22:47:33.893216-07:00,2026-08-25T22:33:00.762318+00:00,https://dandiarchive.s3.amazonaws.com/blobs/75d/9d0/75d9d091-e7db-47d1-aac4-d41133e29393,session_nwb,615048,2022-08-10T21:14:53.846000Z,EPHYS_2,Male,Vip-IRES-Cre/wt;Ai32(RCL-ChR2(H134R)_EYFP)/wt,Mus musculus - House mouse,P233D,6,https://dandiarchive.s3.amazonaws.com/blobs/75d/9d0/75d9d091-e7db-47d1-aac4-d41133e29393,1197725774,1197751799,2022-08-10 14:14:53.846000,2,M,Vip-IRES-Cre/wt;Ai32(RCL-ChR2(H134R)_EYFP)/wt,DynamicGating,233,2246,2304,im114_r-1.0,true,/Users/benh/github/ai-dg-paper/results/cache/dynamic_gating_session_metadata.csv,24,24,true,true,engaged_2_early,3,true,0.6086956521739131,28,46,0.1111111111111111,3,27,1.4202534677733856,true,true
001051,0.260825.2232,10.48324/dandi.001051/0.260825.2232,https://dandiarchive.s3.amazonaws.com/dandisets/001051/0.260825.2232/assets.jsonld,2026-09-07T03:05:27.689410+00:00,84f50b06-6566-4b3c-bc3a-853adf8eb581,sub-615048/sub-615048_ses-20220810T211453.nwb,2083585580,c4eaebc1bfd5d764e1da2ec68ccf0f0b-32,5e118b24689ae70063fab7ae5fb0872c63a9240f2a67c17e5344505070e6e49b,application/x-nwb,2024-06-07T22:47:33.893216-07:00,2026-08-25T22:33:00.762318+00:00,https://dandiarchive.s3.amazonaws.com/blobs/75d/9d0/75d9d091-e7db-47d1-aac4-d41133e29393,session_nwb,615048,2022-08-10T21:14:53.846000Z,EPHYS_2,Male,Vip-IRES-Cre/wt;Ai32(RCL-ChR2(H134R)_EYFP)/wt,Mus musculus - House mouse,P233D,6,https://dandiarchive.s3.amazonaws.com/blobs/75d/9d0/75d9d091-e7db-47d1-aac4-d41133e29393,1197725774,1197751799,2022-08-10 14:14:53.846000,2,M,Vip-IRES-Cre/wt;Ai32(RCL-ChR2(H134R)_EYFP)/wt,DynamicGating,233,2246,2304,im114_r-1.0,true,/Users/benh/github/ai-dg-paper/results/cache/dynamic_gating_session_metadata.csv,24,24,true,true,engaged_2_late,4,false,0.4375,14,32,0.17647058823529413,3,17,0.7091281459279279,true,true
001051,0.260825.2232,10.48324/dandi.001051/0.260825.2232,https://dandiarchive.s3.amazonaws.com/dandisets/001051/0.260825.2232/assets.jsonld,2026-09-07T03:05:27.689410+00:00,6085d974-c22d-49c3-839c-182d942f3bfc,sub-615048/sub-615048_ses-20220812T162115.nwb,2061290643,3cab92f44b5e066f9e32ae844500f4ba-31,1f96650c13f2220ca7386fc1552988cdbc37d4095aba1ace1c67d6b0d36ea409,application/x-nwb,2024-06-07T22:47:46.687052-07:00,2026-08-25T22:33:00.771327+00:00,https://dandiarchive.s3.amazonaws.com/blobs/79f/491/79f49133-ebbc-4302-9892-e200c2fad8e2,session_nwb,615048,2022-08-12T16:21:15.402000Z,EPHYS_4,Male,Vip-IRES-Cre/wt;Ai32(RCL-ChR2(H134R)_EYFP)/wt,Mus musculus - House mouse,P233D,6,https://dandiarchive.s3.amazonaws.com/blobs/79f/491/79f49133-ebbc-4302-9892-e200c2fad8e2,1198130743,1198165587,2022-08-12 09:21:15.402000,4,M,Vip-IRES-Cre/wt;Ai32(RCL-ChR2(H134R)_EYFP)/wt,DynamicGating,233,2557,2304,im087_r-1.0,true,/Users/benh/github/ai-dg-paper/results/cache/dynamic_gating_session_metadata.csv,24,24,true,true,engaged_1,1,true,0.5652173913043478,26,46,0.03333333333333333,1,30,1.8213839799959026,true,false
001051,0.260825.2232,10.48324/dandi.001051/0.260825.2232,https://dandiarchive.s3.amazonaws.com/dandisets/001051/0.260825.2232/assets.jsonld,2026-09-07T03:05:27.689410+00:00,6085d974-c22d-49c3-839c-182d942f3bfc,sub-615048/sub-615048_ses-20220812T162115.nwb,2061290643,3cab92f44b5e066f9e32ae844500f4ba-31,1f96650c13f2220ca7386fc1552988cdbc37d4095aba1ace1c67d6b0d36ea409,application/x-nwb,2024-06-07T22:47:46.687052-07:00,2026-08-25T22:33:00.771327+00:00,https://dandiarchive.s3.amazonaws.com/blobs/79f/491/79f49133-ebbc-4302-9892-e200c2fad8e2,session_nwb,615048,2022-08-12T16:21:15.402000Z,EPHYS_4,Male,Vip-IRES-Cre/wt;Ai32(RCL-ChR2(H134R)_EYFP)/wt,Mus musculus - House mouse,P233D,6,https://dandiarchive.s3.amazonaws.com/blobs/79f/491/79f49133-ebbc-4302-9892-e200c2fad8e2,1198130743,1198165587,2022-08-12 09:21:15.402000,4,M,Vip-IRES-Cre/wt;Ai32(RCL-ChR2(H134R)_EYFP)/wt,DynamicGating,233,2557,2304,im087_r-1.0,true,/Users/benh/github/ai-dg-paper/results/cache/dynamic_gating_session_metadata.csv,24,24,true,true,no_reward_late,2,true,0.05405405405405406,2,37,0.0,0,24,0.5458443191912636,true,false
001051,0.260825.2232,10.48324/dandi.001051/0.260825.2232,https://dandiarchive.s3.amazonaws.com/dandisets/001051/0.260825.2232/assets.jsonld,2026-09-07T03:05:27.689410+00:00,6085d974-c22d-49c3-839c-182d942f3bfc,sub-615048/sub-615048_ses-20220812T162115.nwb,2061290643,3cab92f44b5e066f9e32ae844500f4ba-31,1f96650c13f2220ca7386fc1552988cdbc37d4095aba1ace1c67d6b0d36ea409,application/x-nwb,2024-06-07T22:47:46.687052-07:00,2026-08-25T22:33:00.771327+00:00,https://dandiarchive.s3.amazonaws.com/blobs/79f/491/79f49133-ebbc-4302-9892-e200c2fad8e2,session_nwb,615048,2022-08-12T16:21:15.402000Z,EPHYS_4,Male,Vip-IRES-Cre/wt;Ai32(RCL-ChR2(H134R)_EYFP)/wt,Mus musculus - House mouse,P233D,6,https://dandiarchive.s3.amazonaws.com/blobs/79f/491/79f49133-ebbc-4302-9892-e200c2fad8e2,1198130743,1198165587,2022-08-12 09:21:15.402000,4,M,Vip-IRES-Cre/wt;Ai32(RCL-ChR2(H134R)_EYFP)/wt,DynamicGating,233,2557,2304,im087_r-1.0,true,/Users/benh/github/ai-dg-paper/results/cache/dynamic_gating_session_metadata.csv,24,24,true,true,engaged_2_early,3,true,0.35294117647058826,18,51,0.0967741935483871,3,31,0.86006808119277,true,false
001051,0.260825.2232,10.48324/dandi.001051/0.260825.2232,https://dandiarchive.s3.amazonaws.com/dandisets/001051/0.260825.2232/assets.jsonld,2026-09-07T03:05:27.689410+00:00,6085d974-c22d-49c3-839c-182d942f3bfc,sub-615048/sub-615048_ses-20220812T162115.nwb,2061290643,3cab92f44b5e066f9e32ae844500f4ba-31,1f96650c13f2220ca7386fc1552988cdbc37d4095aba1ace1c67d6b0d36ea409,application/x-nwb,2024-06-07T22:47:46.687052-07:00,2026-08-25T22:33:00.771327+00:00,https://dandiarchive.s3.amazonaws.com/blobs/79f/491/79f49133-ebbc-4302-9892-e200c2fad8e2,session_nwb,615048,2022-08-12T16:21:15.402000Z,EPHYS_4,Male,Vip-IRES-Cre/wt;Ai32(RCL-ChR2(H134R)_EYFP)/wt,Mus musculus - House mouse,P233D,6,https://dandiarchive.s3.amazonaws.com/blobs/79f/491/79f49133-ebbc-4302-9892-e200c2fad8e2,1198130743,1198165587,2022-08-12 09:21:15.402000,4,M,Vip-IRES-Cre/wt;Ai32(RCL-ChR2(H134R)_EYFP)/wt,DynamicGating,233,2557,2304,im087_r-1.0,true,/Users/benh/github/ai-dg-paper/results/cache/dynamic_gating_session_metadata.csv,24,24,true,true,engaged_2_late,4,false,0.45161290322580644,14,31,0.0625,1,16,1.233932365351566,true,false
001051,0.260825.2232,10.48324/dandi.001051/0.260825.2232,https://dandiarchive.s3.amazonaws.com/dandisets/001051/0.260825.2232/assets.jsonld,2026-09-07T03:05:27.689410+00:00,7e4fdda7-5cea-4918-aa81-d579034ae028,sub-612090/sub-612090_ses-20220524T212631.nwb,3038224799,560f09707427781fd523e5d4d5d61123-46,c6aa6ab24b111bd650c6cbc7242dbd41a5069b0cbb25b939879c5eb4f510cb4b,application/x-nwb,2024-06-07T20:29:13.002268-07:00,2026-08-25T22:32:59.525654+00:00,https://dandiarchive.s3.amazonaws.com/blobs/805/c33/805c3334-a4f4-4386-90fd-c7b064a28be8,session_nwb,612090,2022-05-24T21:26:31.876000Z,EPHYS_1,Male,Vip-IRES-Cre/wt;Ai32(RCL-ChR2(H134R)_EYFP)/wt,Mus musculus - House mouse,P180D,6,https://dandiarchive.s3.amazonaws.com/blobs/805/c33/805c3334-a4f4-4386-90fd-c7b064a28be8,1179670730,1179717742,2022-05-24 14:26:31.876000,1,M,Vip-IRES-Cre/wt;Ai32(RCL-ChR2(H134R)_EYFP)/wt,DynamicGating_DEV,180,3086,2304,im104_r-1.0,true,/Users/benh/github/ai-dg-paper/results/cache/dynamic_gating_session_metadata.csv,22,22,true,true,engaged_1,1,true,0.59375,19,32,0.1,1,10,1.3266876796727454,true,true
001051,0.260825.2232,10.48324/dandi.001051/0.260825.2232,https://dandiarchive.s3.amazonaws.com/dandisets/001051/0.260825.2232/assets.jsonld,2026-09-07T03:05:27.689410+00:00,7e4fdda7-5cea-4918-aa81-d579034ae028,sub-612090/sub-612090_ses-20220524T212631.nwb,3038224799,560f09707427781fd523e5d4d5d61123-46,c6aa6ab24b111bd650c6cbc7242dbd41a5069b0cbb25b939879c5eb4f510cb4b,application/x-nwb,2024-06-07T20:29:13.002268-07:00,2026-08-25T22:32:59.525654+00:00,https://dandiarchive.s3.amazonaws.com/blobs/805/c33/805c3334-a4f4-4386-90fd-c7b064a28be8,session_nwb,612090,2022-05-24T21:26:31.876000Z,EPHYS_1,Male,Vip-IRES-Cre/wt;Ai32(RCL-ChR2(H134R)_EYFP)/wt,Mus musculus - House mouse,P180D,6,https://dandiarchive.s3.amazonaws.com/blobs/805/c33/805c3334-a4f4-4386-90fd-c7b064a28be8,1179670730,1179717742,2022-05-24 14:26:31.876000,1,M,Vip-IRES-Cre/wt;Ai32(RCL-ChR2(H134R)_EYFP)/wt,DynamicGating_DEV,180,3086,2304,im104_r-1.0,true,/Users/benh/github/ai-dg-paper/results/cache/dynamic_gating_session_metadata.csv,22,22,true,true,no_reward_late,2,true,0.1702127659574468,8,47,0.0,0,16,0.9629723610783999,true,true
001051,0.260825.2232,10.48324/dandi.001051/0.260825.2232,https://dandiarchive.s3.amazonaws.com/dandisets/001051/0.260825.2232/assets.jsonld,2026-09-07T03:05:27.689410+00:00,7e4fdda7-5cea-4918-aa81-d579034ae028,sub-612090/sub-612090_ses-20220524T212631.nwb,3038224799,560f09707427781fd523e5d4d5d61123-46,c6aa6ab24b111bd650c6cbc7242dbd41a5069b0cbb25b939879c5eb4f510cb4b,application/x-nwb,2024-06-07T20:29:13.002268-07:00,2026-08-25T22:32:59.525654+00:00,https://dandiarchive.s3.amazonaws.com/blobs/805/c33/805c3334-a4f4-4386-90fd-c7b064a28be8,session_nwb,612090,2022-05-24T21:26:31.876000Z,EPHYS_1,Male,Vip-IRES-Cre/wt;Ai32(RCL-ChR2(H134R)_EYFP)/wt,Mus musculus - House mouse,P180D,6,https://dandiarchive.s3.amazonaws.com/blobs/805/c33/805c3334-a4f4-4386-90fd-c7b064a28be8,1179670730,1179717742,2022-05-24 14:26:31.876000,1,M,Vip-IRES-Cre/wt;Ai32(RCL-ChR2(H134R)_EYFP)/wt,DynamicGating_DEV,180,3086,2304,im104_r-1.0,true,/Users/benh/github/ai-dg-paper/results/cache/dynamic_gating_session_metadata.csv,22,22,true,true,engaged_2_early,3,true,0.6964285714285714,39,56,0.0,0,21,2.504745615183757,true,true
001051,0.260825.2232,10.48324/dandi.001051/0.260825.2232,https://dandiarchive.s3.amazonaws.com/dandisets/001051/0.260825.2232/assets.jsonld,2026-09-07T03:05:27.689410+00:00,7e4fdda7-5cea-4918-aa81-d579034ae028,sub-612090/sub-612090_ses-20220524T212631.nwb,3038224799,560f09707427781fd523e5d4d5d61123-46,c6aa6ab24b111bd650c6cbc7242dbd41a5069b0cbb25b939879c5eb4f510cb4b,application/x-nwb,2024-06-07T20:29:13.002268-07:00,2026-08-25T22:32:59.525654+00:00,https://dandiarchive.s3.amazonaws.com/blobs/805/c33/805c3334-a4f4-4386-90fd-c7b064a28be8,session_nwb,612090,2022-05-24T21:26:31.876000Z,EPHYS_1,Male,Vip-IRES-Cre/wt;Ai32(RCL-ChR2(H134R)_EYFP)/wt,Mus musculus - House mouse,P180D,6,https://dandiarchive.s3.amazonaws.com/blobs/805/c33/805c3334-a4f4-4386-90fd-c7b064a28be8,1179670730,1179717742,2022-05-24 14:26:31.876000,1,M,Vip-IRES-Cre/wt;Ai32(RCL-ChR2(H134R)_EYFP)/wt,DynamicGating_DEV,180,3086,2304,im104_r-1.0,true,/Users/benh/github/ai-dg-paper/results/cache/dynamic_gating_session_metadata.csv,22,22,true,true,engaged_2_late,4,false,0.55,22,40,0.08333333333333333,1,12,1.320960546195727,true,true
001051,0.260825.2232,10.48324/dandi.001051/0.260825.2232,https://dandiarchive.s3.amazonaws.com/dandisets/001051/0.260825.2232/assets.jsonld,2026-09-07T03:05:27.689410+00:00,96ab87cb-004c-4bfb-93c6-4e58393ad412,sub-611166/sub-611166_ses-20220705T212305.nwb,1915761964,174e0a7a491057430b6d842adc1b9095-29,ba89d38ee91f88aca5b9bd2c743b7f15fb29609e709e014202bfce734ccf7825,application/x-nwb,2024-06-07T19:55:48.599583-07:00,2026-08-25T22:32:59.249816+00:00,https://dandiarchive.s3.amazonaws.com/blobs/861/4d2/8614d263-cbc7-4fbd-bc00-69a8b1b927e5,session_nwb,611166,2022-07-05T21:23:05.263000Z,EPHYS_1,Female,Sst-IRES-Cre/wt;Ai32(RCL-ChR2(H134R)_EYFP)/wt,Mus musculus - House mouse,P228D,6,https://dandiarchive.s3.amazonaws.com/blobs/861/4d2/8614d263-cbc7-4fbd-bc00-69a8b1b927e5,1189336645,1189415155,2022-07-05 14:23:05.263000,1,F,Sst-IRES-Cre/wt;Ai32(RCL-ChR2(H134R)_EYFP)/wt,DynamicGating_DEV,228,1487,0,im104_r-1.0,true,/Users/benh/github/ai-dg-paper/results/cache/dynamic_gating_session_metadata.csv,21,21,true,true,engaged_1,1,true,0.4594594594594595,17,37,0.0,0,13,1.7036352309162908,true,false
001051,0.260825.2232,10.48324/dandi.001051/0.260825.2232,https://dandiarchive.s3.amazonaws.com/dandisets/001051/0.260825.2232/assets.jsonld,2026-09-07T03:05:27.689410+00:00,96ab87cb-004c-4bfb-93c6-4e58393ad412,sub-611166/sub-611166_ses-20220705T212305.nwb,1915761964,174e0a7a491057430b6d842adc1b9095-29,ba89d38ee91f88aca5b9bd2c743b7f15fb29609e709e014202bfce734ccf7825,application/x-nwb,2024-06-07T19:55:48.599583-07:00,2026-08-25T22:32:59.249816+00:00,https://dandiarchive.s3.amazonaws.com/blobs/861/4d2/8614d263-cbc7-4fbd-bc00-69a8b1b927e5,session_nwb,611166,2022-07-05T21:23:05.263000Z,EPHYS_1,Female,Sst-IRES-Cre/wt;Ai32(RCL-ChR2(H134R)_EYFP)/wt,Mus musculus - House mouse,P228D,6,https://dandiarchive.s3.amazonaws.com/blobs/861/4d2/8614d263-cbc7-4fbd-bc00-69a8b1b927e5,1189336645,1189415155,2022-07-05 14:23:05.263000,1,F,Sst-IRES-Cre/wt;Ai32(RCL-ChR2(H134R)_EYFP)/wt,DynamicGating_DEV,228,1487,0,im104_r-1.0,true,/Users/benh/github/ai-dg-paper/results/cache/dynamic_gating_session_metadata.csv,21,21,true,true,no_reward_late,2,true,0.0851063829787234,4,47,0.13333333333333333,2,15,-0.30802072805395464,true,false
001051,0.260825.2232,10.48324/dandi.001051/0.260825.2232,https://dandiarchive.s3.amazonaws.com/dandisets/001051/0.260825.2232/assets.jsonld,2026-09-07T03:05:27.689410+00:00,96ab87cb-004c-4bfb-93c6-4e58393ad412,sub-611166/sub-611166_ses-20220705T212305.nwb,1915761964,174e0a7a491057430b6d842adc1b9095-29,ba89d38ee91f88aca5b9bd2c743b7f15fb29609e709e014202bfce734ccf7825,application/x-nwb,2024-06-07T19:55:48.599583-07:00,2026-08-25T22:32:59.249816+00:00,https://dandiarchive.s3.amazonaws.com/blobs/861/4d2/8614d263-cbc7-4fbd-bc00-69a8b1b927e5,session_nwb,611166,2022-07-05T21:23:05.263000Z,EPHYS_1,Female,Sst-IRES-Cre/wt;Ai32(RCL-ChR2(H134R)_EYFP)/wt,Mus musculus - House mouse,P228D,6,https://dandiarchive.s3.amazonaws.com/blobs/861/4d2/8614d263-cbc7-4fbd-bc00-69a8b1b927e5,1189336645,1189415155,2022-07-05 14:23:05.263000,1,F,Sst-IRES-Cre/wt;Ai32(RCL-ChR2(H134R)_EYFP)/wt,DynamicGating_DEV,228,1487,0,im104_r-1.0,true,/Users/benh/github/ai-dg-paper/results/cache/dynamic_gating_session_metadata.csv,21,21,true,true,engaged_2_early,3,true,0.0,0,63,0.0,0,23,-0.380724884535117,true,false
001051,0.260825.2232,10.48324/dandi.001051/0.260825.2232,https://dandiarchive.s3.amazonaws.com/dandisets/001051/0.260825.2232/assets.jsonld,2026-09-07T03:05:27.689410+00:00,96ab87cb-004c-4bfb-93c6-4e58393ad412,sub-611166/sub-611166_ses-20220705T212305.nwb,1915761964,174e0a7a491057430b6d842adc1b9095-29,ba89d38ee91f88aca5b9bd2c743b7f15fb29609e709e014202bfce734ccf7825,application/x-nwb,2024-06-07T19:55:48.599583-07:00,2026-08-25T22:32:59.249816+00:00,https://dandiarchive.s3.amazonaws.com/blobs/861/4d2/8614d263-cbc7-4fbd-bc00-69a8b1b927e5,session_nwb,611166,2022-07-05T21:23:05.263000Z,EPHYS_1,Female,Sst-IRES-Cre/wt;Ai32(RCL-ChR2(H134R)_EYFP)/wt,Mus musculus - House mouse,P228D,6,https://dandiarchive.s3.amazonaws.com/blobs/861/4d2/8614d263-cbc7-4fbd-bc00-69a8b1b927e5,1189336645,1189415155,2022-07-05 14:23:05.263000,1,F,Sst-IRES-Cre/wt;Ai32(RCL-ChR2(H134R)_EYFP)/wt,DynamicGating_DEV,228,1487,0,im104_r-1.0,true,/Users/benh/github/ai-dg-paper/results/cache/dynamic_gating_session_metadata.csv,21,21,true,true,engaged_2_late,4,false,0.0,0,44,0.0,0,14,-0.4526333154950666,true,false
001051,0.260825.2232,10.48324/dandi.001051/0.260825.2232,https://dandiarchive.s3.amazonaws.com/dandisets/001051/0.260825.2232/assets.jsonld,2026-09-07T03:05:27.689410+00:00,25f6601d-c409-4ba7-808f-3e8de4eea7f8,sub-642504/sub-642504_ses-20230131T073942.nwb,1192878060,bdc280f19fecffbfea516c4a97be33e8-18,22350990dd7e171b471c61e0c7b166522ee9a93e19c40895429af7414c9ca59e,application/x-nwb,2024-06-08T08:01:18.094755-07:00,2026-08-25T22:33:05.756542+00:00,https://dandiarchive.s3.amazonaws.com/blobs/88d/b29/88db2938-a9e0-491c-8056-f83cc894edf3,session_nwb,642504,2023-01-31T07:39:42.632000Z,EPHYS_1,Female,Sst-IRES-Cre/wt;Ai32(RCL-ChR2(H134R)_EYFP)/wt,Mus musculus - House mouse,P202D,6,https://dandiarchive.s3.amazonaws.com/blobs/88d/b29/88db2938-a9e0-491c-8056-f83cc894edf3,1243523806,1243589877,2023-01-30 23:39:42.632000,1,F,Sst-IRES-Cre/wt;Ai32(RCL-ChR2(H134R)_EYFP)/wt,DynamicGating,202,1419,1920,im104_r-1.0,true,/Users/benh/github/ai-dg-paper/results/cache/dynamic_gating_session_metadata.csv,18,18,true,true,engaged_1,1,true,0.9574468085106383,45,47,0.034482758620689655,1,29,3.269834348564671,true,true
001051,0.260825.2232,10.48324/dandi.001051/0.260825.2232,https://dandiarchive.s3.amazonaws.com/dandisets/001051/0.260825.2232/assets.jsonld,2026-09-07T03:05:27.689410+00:00,25f6601d-c409-4ba7-808f-3e8de4eea7f8,sub-642504/sub-642504_ses-20230131T073942.nwb,1192878060,bdc280f19fecffbfea516c4a97be33e8-18,22350990dd7e171b471c61e0c7b166522ee9a93e19c40895429af7414c9ca59e,application/x-nwb,2024-06-08T08:01:18.094755-07:00,2026-08-25T22:33:05.756542+00:00,https://dandiarchive.s3.amazonaws.com/blobs/88d/b29/88db2938-a9e0-491c-8056-f83cc894edf3,session_nwb,642504,2023-01-31T07:39:42.632000Z,EPHYS_1,Female,Sst-IRES-Cre/wt;Ai32(RCL-ChR2(H134R)_EYFP)/wt,Mus musculus - House mouse,P202D,6,https://dandiarchive.s3.amazonaws.com/blobs/88d/b29/88db2938-a9e0-491c-8056-f83cc894edf3,1243523806,1243589877,2023-01-30 23:39:42.632000,1,F,Sst-IRES-Cre/wt;Ai32(RCL-ChR2(H134R)_EYFP)/wt,DynamicGating,202,1419,1920,im104_r-1.0,true,/Users/benh/github/ai-dg-paper/results/cache/dynamic_gating_session_metadata.csv,18,18,true,true,no_reward_late,2,true,0.13157894736842105,5,38,0.0,0,24,0.9780261880703138,true,true
001051,0.260825.2232,10.48324/dandi.001051/0.260825.2232,https://dandiarchive.s3.amazonaws.com/dandisets/001051/0.260825.2232/assets.jsonld,2026-09-07T03:05:27.689410+00:00,25f6601d-c409-4ba7-808f-3e8de4eea7f8,sub-642504/sub-642504_ses-20230131T073942.nwb,1192878060,bdc280f19fecffbfea516c4a97be33e8-18,22350990dd7e171b471c61e0c7b166522ee9a93e19c40895429af7414c9ca59e,application/x-nwb,2024-06-08T08:01:18.094755-07:00,2026-08-25T22:33:05.756542+00:00,https://dandiarchive.s3.amazonaws.com/blobs/88d/b29/88db2938-a9e0-491c-8056-f83cc894edf3,session_nwb,642504,2023-01-31T07:39:42.632000Z,EPHYS_1,Female,Sst-IRES-Cre/wt;Ai32(RCL-ChR2(H134R)_EYFP)/wt,Mus musculus - House mouse,P202D,6,https://dandiarchive.s3.amazonaws.com/blobs/88d/b29/88db2938-a9e0-491c-8056-f83cc894edf3,1243523806,1243589877,2023-01-30 23:39:42.632000,1,F,Sst-IRES-Cre/wt;Ai32(RCL-ChR2(H134R)_EYFP)/wt,DynamicGating,202,1419,1920,im104_r-1.0,true,/Users/benh/github/ai-dg-paper/results/cache/dynamic_gating_session_metadata.csv,18,18,true,true,engaged_2_early,3,true,0.9622641509433962,51,53,0.058823529411764705,2,34,3.147111312943122,true,true
001051,0.260825.2232,10.48324/dandi.001051/0.260825.2232,https://dandiarchive.s3.amazonaws.com/dandisets/001051/0.260825.2232/assets.jsonld,2026-09-07T03:05:27.689410+00:00,25f6601d-c409-4ba7-808f-3e8de4eea7f8,sub-642504/sub-642504_ses-20230131T073942.nwb,1192878060,bdc280f19fecffbfea516c4a97be33e8-18,22350990dd7e171b471c61e0c7b166522ee9a93e19c40895429af7414c9ca59e,application/x-nwb,2024-06-08T08:01:18.094755-07:00,2026-08-25T22:33:05.756542+00:00,https://dandiarchive.s3.amazonaws.com/blobs/88d/b29/88db2938-a9e0-491c-8056-f83cc894edf3,session_nwb,642504,2023-01-31T07:39:42.632000Z,EPHYS_1,Female,Sst-IRES-Cre/wt;Ai32(RCL-ChR2(H134R)_EYFP)/wt,Mus musculus - House mouse,P202D,6,https://dandiarchive.s3.amazonaws.com/blobs/88d/b29/88db2938-a9e0-491c-8056-f83cc894edf3,1243523806,1243589877,2023-01-30 23:39:42.632000,1,F,Sst-IRES-Cre/wt;Ai32(RCL-ChR2(H134R)_EYFP)/wt,DynamicGating,202,1419,1920,im104_r-1.0,true,/Users/benh/github/ai-dg-paper/results/cache/dynamic_gating_session_metadata.csv,18,18,true,true,engaged_2_late,4,false,0.9473684210526315,36,38,0.047619047619047616,1,21,3.010688088753874,true,true
001051,0.260825.2232,10.48324/dandi.001051/0.260825.2232,https://dandiarchive.s3.amazonaws.com/dandisets/001051/0.260825.2232/assets.jsonld,2026-09-07T03:05:27.689410+00:00,c05e59ef-1557-4779-91c9-c8f2a8b05aa6,sub-611160/sub-611160_ses-20220512T212648.nwb,2022548754,804909012c85c96e2c246318c6ab25d5-31,4ae8536b2387c18bae0df0aad352339a2ba8491bb1ec41366d7254565463a14b,application/x-nwb,2024-06-07T19:31:23.396308-07:00,2026-08-25T22:32:59.051194+00:00,https://dandiarchive.s3.amazonaws.com/blobs/8a2/759/8a27595e-a223-4dec-9fcd-0f886050fa7d,session_nwb,611160,2022-05-12T21:26:48.113000Z,EPHYS_3,Male,Ai32(RCL-ChR2(H134R)_EYFP)/wt,Mus musculus - House mouse,P172D,6,https://dandiarchive.s3.amazonaws.com/blobs/8a2/759/8a27595e-a223-4dec-9fcd-0f886050fa7d,1176791184,1176825880,2022-05-12 14:26:48.113000,3,M,Ai32(RCL-ChR2(H134R)_EYFP)/wt,DynamicGating_DEV,172,1857,0,im005_r-1.0,true,/Users/benh/github/ai-dg-paper/results/cache/dynamic_gating_session_metadata.csv,17,17,true,true,engaged_1,1,true,0.7,21,30,0.3333333333333333,3,9,0.8912541205733795,true,false
001051,0.260825.2232,10.48324/dandi.001051/0.260825.2232,https://dandiarchive.s3.amazonaws.com/dandisets/001051/0.260825.2232/assets.jsonld,2026-09-07T03:05:27.689410+00:00,c05e59ef-1557-4779-91c9-c8f2a8b05aa6,sub-611160/sub-611160_ses-20220512T212648.nwb,2022548754,804909012c85c96e2c246318c6ab25d5-31,4ae8536b2387c18bae0df0aad352339a2ba8491bb1ec41366d7254565463a14b,application/x-nwb,2024-06-07T19:31:23.396308-07:00,2026-08-25T22:32:59.051194+00:00,https://dandiarchive.s3.amazonaws.com/blobs/8a2/759/8a27595e-a223-4dec-9fcd-0f886050fa7d,session_nwb,611160,2022-05-12T21:26:48.113000Z,EPHYS_3,Male,Ai32(RCL-ChR2(H134R)_EYFP)/wt,Mus musculus - House mouse,P172D,6,https://dandiarchive.s3.amazonaws.com/blobs/8a2/759/8a27595e-a223-4dec-9fcd-0f886050fa7d,1176791184,1176825880,2022-05-12 14:26:48.113000,3,M,Ai32(RCL-ChR2(H134R)_EYFP)/wt,DynamicGating_DEV,172,1857,0,im005_r-1.0,true,/Users/benh/github/ai-dg-paper/results/cache/dynamic_gating_session_metadata.csv,17,17,true,true,no_reward_late,2,true,0.08695652173913043,4,46,0.0,0,16,0.5833241048010316,true,false
001051,0.260825.2232,10.48324/dandi.001051/0.260825.2232,https://dandiarchive.s3.amazonaws.com/dandisets/001051/0.260825.2232/assets.jsonld,2026-09-07T03:05:27.689410+00:00,c05e59ef-1557-4779-91c9-c8f2a8b05aa6,sub-611160/sub-611160_ses-20220512T212648.nwb,2022548754,804909012c85c96e2c246318c6ab25d5-31,4ae8536b2387c18bae0df0aad352339a2ba8491bb1ec41366d7254565463a14b,application/x-nwb,2024-06-07T19:31:23.396308-07:00,2026-08-25T22:32:59.051194+00:00,https://dandiarchive.s3.amazonaws.com/blobs/8a2/759/8a27595e-a223-4dec-9fcd-0f886050fa7d,session_nwb,611160,2022-05-12T21:26:48.113000Z,EPHYS_3,Male,Ai32(RCL-ChR2(H134R)_EYFP)/wt,Mus musculus - House mouse,P172D,6,https://dandiarchive.s3.amazonaws.com/blobs/8a2/759/8a27595e-a223-4dec-9fcd-0f886050fa7d,1176791184,1176825880,2022-05-12 14:26:48.113000,3,M,Ai32(RCL-ChR2(H134R)_EYFP)/wt,DynamicGating_DEV,172,1857,0,im005_r-1.0,true,/Users/benh/github/ai-dg-paper/results/cache/dynamic_gating_session_metadata.csv,17,17,true,true,engaged_2_early,3,true,0.39285714285714285,22,56,0.0,0,18,1.670937385447876,true,false
001051,0.260825.2232,10.48324/dandi.001051/0.260825.2232,https://dandiarchive.s3.amazonaws.com/dandisets/001051/0.260825.2232/assets.jsonld,2026-09-07T03:05:27.689410+00:00,c05e59ef-1557-4779-91c9-c8f2a8b05aa6,sub-611160/sub-611160_ses-20220512T212648.nwb,2022548754,804909012c85c96e2c246318c6ab25d5-31,4ae8536b2387c18bae0df0aad352339a2ba8491bb1ec41366d7254565463a14b,application/x-nwb,2024-06-07T19:31:23.396308-07:00,2026-08-25T22:32:59.051194+00:00,https://dandiarchive.s3.amazonaws.com/blobs/8a2/759/8a27595e-a223-4dec-9fcd-0f886050fa7d,session_nwb,611160,2022-05-12T21:26:48.113000Z,EPHYS_3,Male,Ai32(RCL-ChR2(H134R)_EYFP)/wt,Mus musculus - House mouse,P172D,6,https://dandiarchive.s3.amazonaws.com/blobs/8a2/759/8a27595e-a223-4dec-9fcd-0f886050fa7d,1176791184,1176825880,2022-05-12 14:26:48.113000,3,M,Ai32(RCL-ChR2(H134R)_EYFP)/wt,DynamicGating_DEV,172,1857,0,im005_r-1.0,true,/Users/benh/github/ai-dg-paper/results/cache/dynamic_gating_session_metadata.csv,17,17,true,true,engaged_2_late,4,false,0.6857142857142857,24,35,0.0,0,11,2.2009172799350476,true,false
001051,0.260825.2232,10.48324/dandi.001051/0.260825.2232,https://dandiarchive.s3.amazonaws.com/dandisets/001051/0.260825.2232/assets.jsonld,2026-09-07T03:05:27.689410+00:00,6467350a-a068-41b6-9318-ff24a3cf88a5,sub-623322/sub-623322_ses-20220822T213256.nwb,1939669263,2e1104b1f6f13c29c6f3217988115abe-29,fdd72f394f2c7394610b669491bf97cf46920d93501ceb35409da25b77f7fb71,application/x-nwb,2024-06-08T01:06:18.049329-07:00,2026-08-25T22:33:02.246748+00:00,https://dandiarchive.s3.amazonaws.com/blobs/8b5/9fb/8b59fb00-5a25-456c-a6b8-abbb37b67e36,session_nwb,623322,2022-08-22T21:32:56.070000Z,EPHYS_1,Male,wt/wt,Mus musculus - House mouse,P181D,6,https://dandiarchive.s3.amazonaws.com/blobs/8b5/9fb/8b59fb00-5a25-456c-a6b8-abbb37b67e36,1200260055,1200293835,2022-08-22 14:32:56.070000,1,M,wt/wt,DynamicGating,181,1921,2304,im104_r-1.0,true,/Users/benh/github/ai-dg-paper/results/cache/dynamic_gating_session_metadata.csv,24,24,true,true,engaged_1,1,true,0.45098039215686275,23,51,0.07142857142857142,2,28,1.2436845866676454,true,false
001051,0.260825.2232,10.48324/dandi.001051/0.260825.2232,https://dandiarchive.s3.amazonaws.com/dandisets/001051/0.260825.2232/assets.jsonld,2026-09-07T03:05:27.689410+00:00,6467350a-a068-41b6-9318-ff24a3cf88a5,sub-623322/sub-623322_ses-20220822T213256.nwb,1939669263,2e1104b1f6f13c29c6f3217988115abe-29,fdd72f394f2c7394610b669491bf97cf46920d93501ceb35409da25b77f7fb71,application/x-nwb,2024-06-08T01:06:18.049329-07:00,2026-08-25T22:33:02.246748+00:00,https://dandiarchive.s3.amazonaws.com/blobs/8b5/9fb/8b59fb00-5a25-456c-a6b8-abbb37b67e36,session_nwb,623322,2022-08-22T21:32:56.070000Z,EPHYS_1,Male,wt/wt,Mus musculus - House mouse,P181D,6,https://dandiarchive.s3.amazonaws.com/blobs/8b5/9fb/8b59fb00-5a25-456c-a6b8-abbb37b67e36,1200260055,1200293835,2022-08-22 14:32:56.070000,1,M,wt/wt,DynamicGating,181,1921,2304,im104_r-1.0,true,/Users/benh/github/ai-dg-paper/results/cache/dynamic_gating_session_metadata.csv,24,24,true,true,no_reward_late,2,true,0.32,8,25,0.2777777777777778,5,18,0.10649745939671906,true,false
001051,0.260825.2232,10.48324/dandi.001051/0.260825.2232,https://dandiarchive.s3.amazonaws.com/dandisets/001051/0.260825.2232/assets.jsonld,2026-09-07T03:05:27.689410+00:00,6467350a-a068-41b6-9318-ff24a3cf88a5,sub-623322/sub-623322_ses-20220822T213256.nwb,1939669263,2e1104b1f6f13c29c6f3217988115abe-29,fdd72f394f2c7394610b669491bf97cf46920d93501ceb35409da25b77f7fb71,application/x-nwb,2024-06-08T01:06:18.049329-07:00,2026-08-25T22:33:02.246748+00:00,https://dandiarchive.s3.amazonaws.com/blobs/8b5/9fb/8b59fb00-5a25-456c-a6b8-abbb37b67e36,session_nwb,623322,2022-08-22T21:32:56.070000Z,EPHYS_1,Male,wt/wt,Mus musculus - House mouse,P181D,6,https://dandiarchive.s3.amazonaws.com/blobs/8b5/9fb/8b59fb00-5a25-456c-a6b8-abbb37b67e36,1200260055,1200293835,2022-08-22 14:32:56.070000,1,M,wt/wt,DynamicGating,181,1921,2304,im104_r-1.0,true,/Users/benh/github/ai-dg-paper/results/cache/dynamic_gating_session_metadata.csv,24,24,true,true,engaged_2_early,3,true,0.62,31,50,0.03333333333333333,1,30,1.9600045210197088,true,false
001051,0.260825.2232,10.48324/dandi.001051/0.260825.2232,https://dandiarchive.s3.amazonaws.com/dandisets/001051/0.260825.2232/assets.jsonld,2026-09-07T03:05:27.689410+00:00,6467350a-a068-41b6-9318-ff24a3cf88a5,sub-623322/sub-623322_ses-20220822T213256.nwb,1939669263,2e1104b1f6f13c29c6f3217988115abe-29,fdd72f394f2c7394610b669491bf97cf46920d93501ceb35409da25b77f7fb71,application/x-nwb,2024-06-08T01:06:18.049329-07:00,2026-08-25T22:33:02.246748+00:00,https://dandiarchive.s3.amazonaws.com/blobs/8b5/9fb/8b59fb00-5a25-456c-a6b8-abbb37b67e36,session_nwb,623322,2022-08-22T21:32:56.070000Z,EPHYS_1,Male,wt/wt,Mus musculus - House mouse,P181D,6,https://dandiarchive.s3.amazonaws.com/blobs/8b5/9fb/8b59fb00-5a25-456c-a6b8-abbb37b67e36,1200260055,1200293835,2022-08-22 14:32:56.070000,1,M,wt/wt,DynamicGating,181,1921,2304,im104_r-1.0,true,/Users/benh/github/ai-dg-paper/results/cache/dynamic_gating_session_metadata.csv,24,24,true,true,engaged_2_late,4,false,0.5405405405405406,20,37,0.0,0,21,2.0995314289288785,true,false
001051,0.260825.2232,10.48324/dandi.001051/0.260825.2232,https://dandiarchive.s3.amazonaws.com/dandisets/001051/0.260825.2232/assets.jsonld,2026-09-07T03:05:27.689410+00:00,91d20451-5fe1-46c9-941f-8fbd8900863b,sub-632295/sub-632295_ses-20221018T215811.nwb,2037514463,3fc670785a7af91814c9203ebc54bfdb-31,63462fecf6998dde7ee6c6a19ebbca2939bf3ff2dbfab05044bb4efb253262e9,application/x-nwb,2024-06-08T03:31:12.034616-07:00,2026-08-25T22:33:03.512928+00:00,https://dandiarchive.s3.amazonaws.com/blobs/8bb/124/8bb12481-57e1-4f9d-95f0-c2ec49f2e338,session_nwb,632295,2022-10-18T21:58:11.382000Z,EPHYS_2,Female,wt/wt,Mus musculus - House mouse,P173D,6,https://dandiarchive.s3.amazonaws.com/blobs/8bb/124/8bb12481-57e1-4f9d-95f0-c2ec49f2e338,1218795542,1218885300,2022-10-18 14:58:11.382000,2,F,wt/wt,DynamicGating,173,2418,2304,im114_r-1.0,true,/Users/benh/github/ai-dg-paper/results/cache/dynamic_gating_session_metadata.csv,24,24,true,true,engaged_1,1,true,0.75,21,28,0.23529411764705882,4,17,1.3220933331210594,true,true
001051,0.260825.2232,10.48324/dandi.001051/0.260825.2232,https://dandiarchive.s3.amazonaws.com/dandisets/001051/0.260825.2232/assets.jsonld,2026-09-07T03:05:27.689410+00:00,91d20451-5fe1-46c9-941f-8fbd8900863b,sub-632295/sub-632295_ses-20221018T215811.nwb,2037514463,3fc670785a7af91814c9203ebc54bfdb-31,63462fecf6998dde7ee6c6a19ebbca2939bf3ff2dbfab05044bb4efb253262e9,application/x-nwb,2024-06-08T03:31:12.034616-07:00,2026-08-25T22:33:03.512928+00:00,https://dandiarchive.s3.amazonaws.com/blobs/8bb/124/8bb12481-57e1-4f9d-95f0-c2ec49f2e338,session_nwb,632295,2022-10-18T21:58:11.382000Z,EPHYS_2,Female,wt/wt,Mus musculus - House mouse,P173D,6,https://dandiarchive.s3.amazonaws.com/blobs/8bb/124/8bb12481-57e1-4f9d-95f0-c2ec49f2e338,1218795542,1218885300,2022-10-18 14:58:11.382000,2,F,wt/wt,DynamicGating,173,2418,2304,im114_r-1.0,true,/Users/benh/github/ai-dg-paper/results/cache/dynamic_gating_session_metadata.csv,24,24,true,true,no_reward_late,2,true,0.05714285714285714,2,35,0.045454545454545456,1,22,0.03244819703248791,true,true
001051,0.260825.2232,10.48324/dandi.001051/0.260825.2232,https://dandiarchive.s3.amazonaws.com/dandisets/001051/0.260825.2232/assets.jsonld,2026-09-07T03:05:27.689410+00:00,91d20451-5fe1-46c9-941f-8fbd8900863b,sub-632295/sub-632295_ses-20221018T215811.nwb,2037514463,3fc670785a7af91814c9203ebc54bfdb-31,63462fecf6998dde7ee6c6a19ebbca2939bf3ff2dbfab05044bb4efb253262e9,application/x-nwb,2024-06-08T03:31:12.034616-07:00,2026-08-25T22:33:03.512928+00:00,https://dandiarchive.s3.amazonaws.com/blobs/8bb/124/8bb12481-57e1-4f9d-95f0-c2ec49f2e338,session_nwb,632295,2022-10-18T21:58:11.382000Z,EPHYS_2,Female,wt/wt,Mus musculus - House mouse,P173D,6,https://dandiarchive.s3.amazonaws.com/blobs/8bb/124/8bb12481-57e1-4f9d-95f0-c2ec49f2e338,1218795542,1218885300,2022-10-18 14:58:11.382000,2,F,wt/wt,DynamicGating,173,2418,2304,im114_r-1.0,true,/Users/benh/github/ai-dg-paper/results/cache/dynamic_gating_session_metadata.csv,24,24,true,true,engaged_2_early,3,true,0.8292682926829268,34,41,0.23076923076923078,6,26,1.6247447651968918,true,true
001051,0.260825.2232,10.48324/dandi.001051/0.260825.2232,https://dandiarchive.s3.amazonaws.com/dandisets/001051/0.260825.2232/assets.jsonld,2026-09-07T03:05:27.689410+00:00,91d20451-5fe1-46c9-941f-8fbd8900863b,sub-632295/sub-632295_ses-20221018T215811.nwb,2037514463,3fc670785a7af91814c9203ebc54bfdb-31,63462fecf6998dde7ee6c6a19ebbca2939bf3ff2dbfab05044bb4efb253262e9,application/x-nwb,2024-06-08T03:31:12.034616-07:00,2026-08-25T22:33:03.512928+00:00,https://dandiarchive.s3.amazonaws.com/blobs/8bb/124/8bb12481-57e1-4f9d-95f0-c2ec49f2e338,session_nwb,632295,2022-10-18T21:58:11.382000Z,EPHYS_2,Female,wt/wt,Mus musculus - House mouse,P173D,6,https://dandiarchive.s3.amazonaws.com/blobs/8bb/124/8bb12481-57e1-4f9d-95f0-c2ec49f2e338,1218795542,1218885300,2022-10-18 14:58:11.382000,2,F,wt/wt,DynamicGating,173,2418,2304,im114_r-1.0,true,/Users/benh/github/ai-dg-paper/results/cache/dynamic_gating_session_metadata.csv,24,24,true,true,engaged_2_late,4,false,0.6896551724137931,20,29,0.06666666666666667,1,15,1.79505132579298,true,true
001051,0.260825.2232,10.48324/dandi.001051/0.260825.2232,https://dandiarchive.s3.amazonaws.com/dandisets/001051/0.260825.2232/assets.jsonld,2026-09-07T03:05:27.689410+00:00,1355461b-f0f4-4691-8bc0-8bd854c75569,sub-638387/sub-638387_ses-20221203T032412.nwb,1053201428,c60cae027a1237ddc3178a13be0597b5-16,b023e783392cb5f2dc940d83cef663fc301204333c4242a52f7f801bf4d132fa,application/x-nwb,2024-06-08T06:21:47.823721-07:00,2026-08-25T22:33:04.984827+00:00,https://dandiarchive.s3.amazonaws.com/blobs/902/f95/902f95dc-adc9-4fdb-97ba-0de52800a5e4,session_nwb,638387,2022-12-03T03:24:12.268000Z,EPHYS_4,Male,Sst-IRES-Cre/wt;Ai32(RCL-ChR2(H134R)_EYFP)/wt,Mus musculus - House mouse,P169D,6,https://dandiarchive.s3.amazonaws.com/blobs/902/f95/902f95dc-adc9-4fdb-97ba-0de52800a5e4,1230064747,1230102837,2022-12-02 19:24:12.268000,4,M,Sst-IRES-Cre/wt;Ai32(RCL-ChR2(H134R)_EYFP)/wt,DynamicGating,169,1302,768,im087_r-1.0,true,/Users/benh/github/ai-dg-paper/results/cache/dynamic_gating_session_metadata.csv,24,24,true,true,engaged_1,1,true,0.675,27,40,0.0,0,28,2.556315297912539,true,false
001051,0.260825.2232,10.48324/dandi.001051/0.260825.2232,https://dandiarchive.s3.amazonaws.com/dandisets/001051/0.260825.2232/assets.jsonld,2026-09-07T03:05:27.689410+00:00,1355461b-f0f4-4691-8bc0-8bd854c75569,sub-638387/sub-638387_ses-20221203T032412.nwb,1053201428,c60cae027a1237ddc3178a13be0597b5-16,b023e783392cb5f2dc940d83cef663fc301204333c4242a52f7f801bf4d132fa,application/x-nwb,2024-06-08T06:21:47.823721-07:00,2026-08-25T22:33:04.984827+00:00,https://dandiarchive.s3.amazonaws.com/blobs/902/f95/902f95dc-adc9-4fdb-97ba-0de52800a5e4,session_nwb,638387,2022-12-03T03:24:12.268000Z,EPHYS_4,Male,Sst-IRES-Cre/wt;Ai32(RCL-ChR2(H134R)_EYFP)/wt,Mus musculus - House mouse,P169D,6,https://dandiarchive.s3.amazonaws.com/blobs/902/f95/902f95dc-adc9-4fdb-97ba-0de52800a5e4,1230064747,1230102837,2022-12-02 19:24:12.268000,4,M,Sst-IRES-Cre/wt;Ai32(RCL-ChR2(H134R)_EYFP)/wt,DynamicGating,169,1302,768,im087_r-1.0,true,/Users/benh/github/ai-dg-paper/results/cache/dynamic_gating_session_metadata.csv,24,24,true,true,no_reward_late,2,true,0.6086956521739131,14,23,0.058823529411764705,1,17,1.647141103926562,true,false
001051,0.260825.2232,10.48324/dandi.001051/0.260825.2232,https://dandiarchive.s3.amazonaws.com/dandisets/001051/0.260825.2232/assets.jsonld,2026-09-07T03:05:27.689410+00:00,1355461b-f0f4-4691-8bc0-8bd854c75569,sub-638387/sub-638387_ses-20221203T032412.nwb,1053201428,c60cae027a1237ddc3178a13be0597b5-16,b023e783392cb5f2dc940d83cef663fc301204333c4242a52f7f801bf4d132fa,application/x-nwb,2024-06-08T06:21:47.823721-07:00,2026-08-25T22:33:04.984827+00:00,https://dandiarchive.s3.amazonaws.com/blobs/902/f95/902f95dc-adc9-4fdb-97ba-0de52800a5e4,session_nwb,638387,2022-12-03T03:24:12.268000Z,EPHYS_4,Male,Sst-IRES-Cre/wt;Ai32(RCL-ChR2(H134R)_EYFP)/wt,Mus musculus - House mouse,P169D,6,https://dandiarchive.s3.amazonaws.com/blobs/902/f95/902f95dc-adc9-4fdb-97ba-0de52800a5e4,1230064747,1230102837,2022-12-02 19:24:12.268000,4,M,Sst-IRES-Cre/wt;Ai32(RCL-ChR2(H134R)_EYFP)/wt,DynamicGating,169,1302,768,im087_r-1.0,true,/Users/benh/github/ai-dg-paper/results/cache/dynamic_gating_session_metadata.csv,24,24,true,true,engaged_2_early,3,true,0.6111111111111112,22,36,0.13636363636363635,3,22,1.3015457607750365,true,false
001051,0.260825.2232,10.48324/dandi.001051/0.260825.2232,https://dandiarchive.s3.amazonaws.com/dandisets/001051/0.260825.2232/assets.jsonld,2026-09-07T03:05:27.689410+00:00,1355461b-f0f4-4691-8bc0-8bd854c75569,sub-638387/sub-638387_ses-20221203T032412.nwb,1053201428,c60cae027a1237ddc3178a13be0597b5-16,b023e783392cb5f2dc940d83cef663fc301204333c4242a52f7f801bf4d132fa,application/x-nwb,2024-06-08T06:21:47.823721-07:00,2026-08-25T22:33:04.984827+00:00,https://dandiarchive.s3.amazonaws.com/blobs/902/f95/902f95dc-adc9-4fdb-97ba-0de52800a5e4,session_nwb,638387,2022-12-03T03:24:12.268000Z,EPHYS_4,Male,Sst-IRES-Cre/wt;Ai32(RCL-ChR2(H134R)_EYFP)/wt,Mus musculus - House mouse,P169D,6,https://dandiarchive.s3.amazonaws.com/blobs/902/f95/902f95dc-adc9-4fdb-97ba-0de52800a5e4,1230064747,1230102837,2022-12-02 19:24:12.268000,4,M,Sst-IRES-Cre/wt;Ai32(RCL-ChR2(H134R)_EYFP)/wt,DynamicGating,169,1302,768,im087_r-1.0,true,/Users/benh/github/ai-dg-paper/results/cache/dynamic_gating_session_metadata.csv,24,24,true,true,engaged_2_late,4,false,0.44,11,25,0.125,2,16,0.904010456753197,true,false
001051,0.260825.2232,10.48324/dandi.001051/0.260825.2232,https://dandiarchive.s3.amazonaws.com/dandisets/001051/0.260825.2232/assets.jsonld,2026-09-07T03:05:27.689410+00:00,df193c3a-d4e9-4a30-8468-f67b39e6d690,sub-623784/sub-623784_ses-20220831T212027.nwb,1281069527,e5027d52e5c531a6b89bfb83291c84fb-20,4a44a990bc2138ce76ca6886561143342f48b044ba6ad7cb512f2576cc5a8ad1,application/x-nwb,2024-06-08T01:42:21.477487-07:00,2026-08-25T22:33:02.556717+00:00,https://dandiarchive.s3.amazonaws.com/blobs/912/b96/912b96b6-4caa-42bf-9a1c-9cdb604bda77,session_nwb,623784,2022-08-31T21:20:27.736000Z,EPHYS_3,Male,wt/wt,Mus musculus - House mouse,P185D,6,https://dandiarchive.s3.amazonaws.com/blobs/912/b96/912b96b6-4caa-42bf-9a1c-9cdb604bda77,1203574877,1203707202,2022-08-31 14:20:27.736000,3,M,wt/wt,DynamicGating,185,1326,2304,im005_r-1.0,true,/Users/benh/github/ai-dg-paper/results/cache/dynamic_gating_session_metadata.csv,24,24,true,true,engaged_1,1,true,0.9393939393939394,31,33,0.42105263157894735,8,19,1.639117335013243,true,false
001051,0.260825.2232,10.48324/dandi.001051/0.260825.2232,https://dandiarchive.s3.amazonaws.com/dandisets/001051/0.260825.2232/assets.jsonld,2026-09-07T03:05:27.689410+00:00,df193c3a-d4e9-4a30-8468-f67b39e6d690,sub-623784/sub-623784_ses-20220831T212027.nwb,1281069527,e5027d52e5c531a6b89bfb83291c84fb-20,4a44a990bc2138ce76ca6886561143342f48b044ba6ad7cb512f2576cc5a8ad1,application/x-nwb,2024-06-08T01:42:21.477487-07:00,2026-08-25T22:33:02.556717+00:00,https://dandiarchive.s3.amazonaws.com/blobs/912/b96/912b96b6-4caa-42bf-9a1c-9cdb604bda77,session_nwb,623784,2022-08-31T21:20:27.736000Z,EPHYS_3,Male,wt/wt,Mus musculus - House mouse,P185D,6,https://dandiarchive.s3.amazonaws.com/blobs/912/b96/912b96b6-4caa-42bf-9a1c-9cdb604bda77,1203574877,1203707202,2022-08-31 14:20:27.736000,3,M,wt/wt,DynamicGating,185,1326,2304,im005_r-1.0,true,/Users/benh/github/ai-dg-paper/results/cache/dynamic_gating_session_metadata.csv,24,24,true,true,no_reward_late,2,true,0.22580645161290322,7,31,0.1111111111111111,2,18,0.39444399757019477,true,false
001051,0.260825.2232,10.48324/dandi.001051/0.260825.2232,https://dandiarchive.s3.amazonaws.com/dandisets/001051/0.260825.2232/assets.jsonld,2026-09-07T03:05:27.689410+00:00,df193c3a-d4e9-4a30-8468-f67b39e6d690,sub-623784/sub-623784_ses-20220831T212027.nwb,1281069527,e5027d52e5c531a6b89bfb83291c84fb-20,4a44a990bc2138ce76ca6886561143342f48b044ba6ad7cb512f2576cc5a8ad1,application/x-nwb,2024-06-08T01:42:21.477487-07:00,2026-08-25T22:33:02.556717+00:00,https://dandiarchive.s3.amazonaws.com/blobs/912/b96/912b96b6-4caa-42bf-9a1c-9cdb604bda77,session_nwb,623784,2022-08-31T21:20:27.736000Z,EPHYS_3,Male,wt/wt,Mus musculus - House mouse,P185D,6,https://dandiarchive.s3.amazonaws.com/blobs/912/b96/912b96b6-4caa-42bf-9a1c-9cdb604bda77,1203574877,1203707202,2022-08-31 14:20:27.736000,3,M,wt/wt,DynamicGating,185,1326,2304,im005_r-1.0,true,/Users/benh/github/ai-dg-paper/results/cache/dynamic_gating_session_metadata.csv,24,24,true,true,engaged_2_early,3,true,0.875,28,32,0.3157894736842105,6,19,1.5505657522633924,true,false
001051,0.260825.2232,10.48324/dandi.001051/0.260825.2232,https://dandiarchive.s3.amazonaws.com/dandisets/001051/0.260825.2232/assets.jsonld,2026-09-07T03:05:27.689410+00:00,df193c3a-d4e9-4a30-8468-f67b39e6d690,sub-623784/sub-623784_ses-20220831T212027.nwb,1281069527,e5027d52e5c531a6b89bfb83291c84fb-20,4a44a990bc2138ce76ca6886561143342f48b044ba6ad7cb512f2576cc5a8ad1,application/x-nwb,2024-06-08T01:42:21.477487-07:00,2026-08-25T22:33:02.556717+00:00,https://dandiarchive.s3.amazonaws.com/blobs/912/b96/912b96b6-4caa-42bf-9a1c-9cdb604bda77,session_nwb,623784,2022-08-31T21:20:27.736000Z,EPHYS_3,Male,wt/wt,Mus musculus - House mouse,P185D,6,https://dandiarchive.s3.amazonaws.com/blobs/912/b96/912b96b6-4caa-42bf-9a1c-9cdb604bda77,1203574877,1203707202,2022-08-31 14:20:27.736000,3,M,wt/wt,DynamicGating,185,1326,2304,im005_r-1.0,true,/Users/benh/github/ai-dg-paper/results/cache/dynamic_gating_session_metadata.csv,24,24,true,true,engaged_2_late,4,false,0.7,14,20,0.07692307692307693,1,13,1.739067362524874,true,false
001051,0.260825.2232,10.48324/dandi.001051/0.260825.2232,https://dandiarchive.s3.amazonaws.com/dandisets/001051/0.260825.2232/assets.jsonld,2026-09-07T03:05:27.689410+00:00,54ff078c-1753-4b50-b743-8952ccf629a2,sub-626279/sub-626279_ses-20220929T205157.nwb,1465621497,d86f642f6753e98675cccd56148d597d-22,cec9f600cc562dae935ae832c370de9d44e56edf52013281cd034c07dee54375,application/x-nwb,2024-06-08T02:57:47.389263-07:00,2026-08-25T22:33:03.150467+00:00,https://dandiarchive.s3.amazonaws.com/blobs/922/bef/922bef73-695d-4dd9-9d17-15fd387f5ee5,session_nwb,626279,2022-09-29T20:51:57.899000Z,EPHYS_4,Male,wt/wt,Mus musculus - House mouse,P196D,6,https://dandiarchive.s3.amazonaws.com/blobs/922/bef/922bef73-695d-4dd9-9d17-15fd387f5ee5,1214740195,1214763736,2022-09-29 13:51:57.899000,4,M,wt/wt,DynamicGating,196,1517,2304,im087_r-1.0,true,/Users/benh/github/ai-dg-paper/results/cache/dynamic_gating_session_metadata.csv,19,19,true,true,engaged_1,1,true,0.45454545454545453,15,33,0.13636363636363635,3,22,0.9163413606158426,true,false
001051,0.260825.2232,10.48324/dandi.001051/0.260825.2232,https://dandiarchive.s3.amazonaws.com/dandisets/001051/0.260825.2232/assets.jsonld,2026-09-07T03:05:27.689410+00:00,54ff078c-1753-4b50-b743-8952ccf629a2,sub-626279/sub-626279_ses-20220929T205157.nwb,1465621497,d86f642f6753e98675cccd56148d597d-22,cec9f600cc562dae935ae832c370de9d44e56edf52013281cd034c07dee54375,application/x-nwb,2024-06-08T02:57:47.389263-07:00,2026-08-25T22:33:03.150467+00:00,https://dandiarchive.s3.amazonaws.com/blobs/922/bef/922bef73-695d-4dd9-9d17-15fd387f5ee5,session_nwb,626279,2022-09-29T20:51:57.899000Z,EPHYS_4,Male,wt/wt,Mus musculus - House mouse,P196D,6,https://dandiarchive.s3.amazonaws.com/blobs/922/bef/922bef73-695d-4dd9-9d17-15fd387f5ee5,1214740195,1214763736,2022-09-29 13:51:57.899000,4,M,wt/wt,DynamicGating,196,1517,2304,im087_r-1.0,true,/Users/benh/github/ai-dg-paper/results/cache/dynamic_gating_session_metadata.csv,19,19,true,true,no_reward_late,2,true,0.1,4,40,0.0,0,26,0.8575293047205557,true,false
001051,0.260825.2232,10.48324/dandi.001051/0.260825.2232,https://dandiarchive.s3.amazonaws.com/dandisets/001051/0.260825.2232/assets.jsonld,2026-09-07T03:05:27.689410+00:00,54ff078c-1753-4b50-b743-8952ccf629a2,sub-626279/sub-626279_ses-20220929T205157.nwb,1465621497,d86f642f6753e98675cccd56148d597d-22,cec9f600cc562dae935ae832c370de9d44e56edf52013281cd034c07dee54375,application/x-nwb,2024-06-08T02:57:47.389263-07:00,2026-08-25T22:33:03.150467+00:00,https://dandiarchive.s3.amazonaws.com/blobs/922/bef/922bef73-695d-4dd9-9d17-15fd387f5ee5,session_nwb,626279,2022-09-29T20:51:57.899000Z,EPHYS_4,Male,wt/wt,Mus musculus - House mouse,P196D,6,https://dandiarchive.s3.amazonaws.com/blobs/922/bef/922bef73-695d-4dd9-9d17-15fd387f5ee5,1214740195,1214763736,2022-09-29 13:51:57.899000,4,M,wt/wt,DynamicGating,196,1517,2304,im087_r-1.0,true,/Users/benh/github/ai-dg-paper/results/cache/dynamic_gating_session_metadata.csv,19,19,true,true,engaged_2_early,3,true,0.23076923076923078,9,39,0.04,1,25,0.8600775249368553,true,false
001051,0.260825.2232,10.48324/dandi.001051/0.260825.2232,https://dandiarchive.s3.amazonaws.com/dandisets/001051/0.260825.2232/assets.jsonld,2026-09-07T03:05:27.689410+00:00,54ff078c-1753-4b50-b743-8952ccf629a2,sub-626279/sub-626279_ses-20220929T205157.nwb,1465621497,d86f642f6753e98675cccd56148d597d-22,cec9f600cc562dae935ae832c370de9d44e56edf52013281cd034c07dee54375,application/x-nwb,2024-06-08T02:57:47.389263-07:00,2026-08-25T22:33:03.150467+00:00,https://dandiarchive.s3.amazonaws.com/blobs/922/bef/922bef73-695d-4dd9-9d17-15fd387f5ee5,session_nwb,626279,2022-09-29T20:51:57.899000Z,EPHYS_4,Male,wt/wt,Mus musculus - House mouse,P196D,6,https://dandiarchive.s3.amazonaws.com/blobs/922/bef/922bef73-695d-4dd9-9d17-15fd387f5ee5,1214740195,1214763736,2022-09-29 13:51:57.899000,4,M,wt/wt,DynamicGating,196,1517,2304,im087_r-1.0,true,/Users/benh/github/ai-dg-paper/results/cache/dynamic_gating_session_metadata.csv,19,19,true,true,engaged_2_late,4,false,0.4827586206896552,14,29,0.06666666666666667,1,15,1.276221599487083,true,false
001051,0.260825.2232,10.48324/dandi.001051/0.260825.2232,https://dandiarchive.s3.amazonaws.com/dandisets/001051/0.260825.2232/assets.jsonld,2026-09-07T03:05:27.689410+00:00,b8a2c0f2-dfb9-4bc4-b8cd-266c31d98e73,sub-615564/sub-615564_ses-20220818T210203.nwb,1829724230,e16f634ed4366423be58606c1c220a6c-28,7986d59b8a312cf5de3f33e06c313b14bb8d91416c340b86d7a65539bf61d58f,application/x-nwb,2024-06-08T00:02:41.374918-07:00,2026-08-25T22:33:01.395785+00:00,https://dandiarchive.s3.amazonaws.com/blobs/932/2b8/9322b892-db03-4e77-a1cd-e428cff1307b,session_nwb,615564,2022-08-18T21:02:03.221000Z,EPHYS_4,Male,Sst-IRES-Cre/wt;Ai32(RCL-ChR2(H134R)_EYFP)/wt,Mus musculus - House mouse,P234D,6,https://dandiarchive.s3.amazonaws.com/blobs/932/2b8/9322b892-db03-4e77-a1cd-e428cff1307b,1199448636,1199481781,2022-08-18 14:02:03.221000,4,M,Sst-IRES-Cre/wt;Ai32(RCL-ChR2(H134R)_EYFP)/wt,DynamicGating,234,2078,2304,im087_r-1.0,true,/Users/benh/github/ai-dg-paper/results/cache/dynamic_gating_session_metadata.csv,24,24,true,true,engaged_1,1,true,0.6875,33,48,0.0967741935483871,3,31,1.7078547462951799,true,false
001051,0.260825.2232,10.48324/dandi.001051/0.260825.2232,https://dandiarchive.s3.amazonaws.com/dandisets/001051/0.260825.2232/assets.jsonld,2026-09-07T03:05:27.689410+00:00,b8a2c0f2-dfb9-4bc4-b8cd-266c31d98e73,sub-615564/sub-615564_ses-20220818T210203.nwb,1829724230,e16f634ed4366423be58606c1c220a6c-28,7986d59b8a312cf5de3f33e06c313b14bb8d91416c340b86d7a65539bf61d58f,application/x-nwb,2024-06-08T00:02:41.374918-07:00,2026-08-25T22:33:01.395785+00:00,https://dandiarchive.s3.amazonaws.com/blobs/932/2b8/9322b892-db03-4e77-a1cd-e428cff1307b,session_nwb,615564,2022-08-18T21:02:03.221000Z,EPHYS_4,Male,Sst-IRES-Cre/wt;Ai32(RCL-ChR2(H134R)_EYFP)/wt,Mus musculus - House mouse,P234D,6,https://dandiarchive.s3.amazonaws.com/blobs/932/2b8/9322b892-db03-4e77-a1cd-e428cff1307b,1199448636,1199481781,2022-08-18 14:02:03.221000,4,M,Sst-IRES-Cre/wt;Ai32(RCL-ChR2(H134R)_EYFP)/wt,DynamicGating,234,2078,2304,im087_r-1.0,true,/Users/benh/github/ai-dg-paper/results/cache/dynamic_gating_session_metadata.csv,24,24,true,true,no_reward_late,2,true,0.25925925925925924,7,27,0.125,2,16,0.4298246284551951,true,false
001051,0.260825.2232,10.48324/dandi.001051/0.260825.2232,https://dandiarchive.s3.amazonaws.com/dandisets/001051/0.260825.2232/assets.jsonld,2026-09-07T03:05:27.689410+00:00,b8a2c0f2-dfb9-4bc4-b8cd-266c31d98e73,sub-615564/sub-615564_ses-20220818T210203.nwb,1829724230,e16f634ed4366423be58606c1c220a6c-28,7986d59b8a312cf5de3f33e06c313b14bb8d91416c340b86d7a65539bf61d58f,application/x-nwb,2024-06-08T00:02:41.374918-07:00,2026-08-25T22:33:01.395785+00:00,https://dandiarchive.s3.amazonaws.com/blobs/932/2b8/9322b892-db03-4e77-a1cd-e428cff1307b,session_nwb,615564,2022-08-18T21:02:03.221000Z,EPHYS_4,Male,Sst-IRES-Cre/wt;Ai32(RCL-ChR2(H134R)_EYFP)/wt,Mus musculus - House mouse,P234D,6,https://dandiarchive.s3.amazonaws.com/blobs/932/2b8/9322b892-db03-4e77-a1cd-e428cff1307b,1199448636,1199481781,2022-08-18 14:02:03.221000,4,M,Sst-IRES-Cre/wt;Ai32(RCL-ChR2(H134R)_EYFP)/wt,DynamicGating,234,2078,2304,im087_r-1.0,true,/Users/benh/github/ai-dg-paper/results/cache/dynamic_gating_session_metadata.csv,24,24,true,true,engaged_2_early,3,true,0.7941176470588235,27,34,0.09523809523809523,2,21,1.999052657965576,true,false
001051,0.260825.2232,10.48324/dandi.001051/0.260825.2232,https://dandiarchive.s3.amazonaws.com/dandisets/001051/0.260825.2232/assets.jsonld,2026-09-07T03:05:27.689410+00:00,b8a2c0f2-dfb9-4bc4-b8cd-266c31d98e73,sub-615564/sub-615564_ses-20220818T210203.nwb,1829724230,e16f634ed4366423be58606c1c220a6c-28,7986d59b8a312cf5de3f33e06c313b14bb8d91416c340b86d7a65539bf61d58f,application/x-nwb,2024-06-08T00:02:41.374918-07:00,2026-08-25T22:33:01.395785+00:00,https://dandiarchive.s3.amazonaws.com/blobs/932/2b8/9322b892-db03-4e77-a1cd-e428cff1307b,session_nwb,615564,2022-08-18T21:02:03.221000Z,EPHYS_4,Male,Sst-IRES-Cre/wt;Ai32(RCL-ChR2(H134R)_EYFP)/wt,Mus musculus - House mouse,P234D,6,https://dandiarchive.s3.amazonaws.com/blobs/932/2b8/9322b892-db03-4e77-a1cd-e428cff1307b,1199448636,1199481781,2022-08-18 14:02:03.221000,4,M,Sst-IRES-Cre/wt;Ai32(RCL-ChR2(H134R)_EYFP)/wt,DynamicGating,234,2078,2304,im087_r-1.0,true,/Users/benh/github/ai-dg-paper/results/cache/dynamic_gating_session_metadata.csv,24,24,true,true,engaged_2_late,4,false,0.6956521739130435,16,23,0.06666666666666667,1,15,1.8067873084182062,true,false
001051,0.260825.2232,10.48324/dandi.001051/0.260825.2232,https://dandiarchive.s3.amazonaws.com/dandisets/001051/0.260825.2232/assets.jsonld,2026-09-07T03:05:27.689410+00:00,280f25f8-4909-4aea-8f89-2e0275723e69,sub-623319/sub-623319_ses-20220907T210904.nwb,1653477584,ae58c1acc64e5df474af1504b7f56bd8-25,216257bc5df6c0cf147bba4f2155978a8d66b5131dc081d8b24dbf71da30fcb0,application/x-nwb,2024-06-08T00:35:44.115219-07:00,2026-08-25T22:33:01.814114+00:00,https://dandiarchive.s3.amazonaws.com/blobs/957/44e/95744e7f-8578-44a4-99fe-df9cdaf362fe,session_nwb,623319,2022-09-07T21:09:04.311000Z,EPHYS_2,Male,wt/wt,Mus musculus - House mouse,P195D,6,https://dandiarchive.s3.amazonaws.com/blobs/957/44e/95744e7f-8578-44a4-99fe-df9cdaf362fe,1208053773,1208130881,2022-09-07 14:09:04.311000,2,M,wt/wt,DynamicGating,195,1948,1536,im114_r-1.0,true,/Users/benh/github/ai-dg-paper/results/cache/dynamic_gating_session_metadata.csv,18,18,true,true,engaged_1,1,true,0.8275862068965517,24,29,0.17647058823529413,3,17,1.7643689118180372,true,true
001051,0.260825.2232,10.48324/dandi.001051/0.260825.2232,https://dandiarchive.s3.amazonaws.com/dandisets/001051/0.260825.2232/assets.jsonld,2026-09-07T03:05:27.689410+00:00,280f25f8-4909-4aea-8f89-2e0275723e69,sub-623319/sub-623319_ses-20220907T210904.nwb,1653477584,ae58c1acc64e5df474af1504b7f56bd8-25,216257bc5df6c0cf147bba4f2155978a8d66b5131dc081d8b24dbf71da30fcb0,application/x-nwb,2024-06-08T00:35:44.115219-07:00,2026-08-25T22:33:01.814114+00:00,https://dandiarchive.s3.amazonaws.com/blobs/957/44e/95744e7f-8578-44a4-99fe-df9cdaf362fe,session_nwb,623319,2022-09-07T21:09:04.311000Z,EPHYS_2,Male,wt/wt,Mus musculus - House mouse,P195D,6,https://dandiarchive.s3.amazonaws.com/blobs/957/44e/95744e7f-8578-44a4-99fe-df9cdaf362fe,1208053773,1208130881,2022-09-07 14:09:04.311000,2,M,wt/wt,DynamicGating,195,1948,1536,im114_r-1.0,true,/Users/benh/github/ai-dg-paper/results/cache/dynamic_gating_session_metadata.csv,18,18,true,true,no_reward_late,2,true,0.05263157894736842,2,38,0.0,0,26,0.5641375196058946,true,true
001051,0.260825.2232,10.48324/dandi.001051/0.260825.2232,https://dandiarchive.s3.amazonaws.com/dandisets/001051/0.260825.2232/assets.jsonld,2026-09-07T03:05:27.689410+00:00,280f25f8-4909-4aea-8f89-2e0275723e69,sub-623319/sub-623319_ses-20220907T210904.nwb,1653477584,ae58c1acc64e5df474af1504b7f56bd8-25,216257bc5df6c0cf147bba4f2155978a8d66b5131dc081d8b24dbf71da30fcb0,application/x-nwb,2024-06-08T00:35:44.115219-07:00,2026-08-25T22:33:01.814114+00:00,https://dandiarchive.s3.amazonaws.com/blobs/957/44e/95744e7f-8578-44a4-99fe-df9cdaf362fe,session_nwb,623319,2022-09-07T21:09:04.311000Z,EPHYS_2,Male,wt/wt,Mus musculus - House mouse,P195D,6,https://dandiarchive.s3.amazonaws.com/blobs/957/44e/95744e7f-8578-44a4-99fe-df9cdaf362fe,1208053773,1208130881,2022-09-07 14:09:04.311000,2,M,wt/wt,DynamicGating,195,1948,1536,im114_r-1.0,true,/Users/benh/github/ai-dg-paper/results/cache/dynamic_gating_session_metadata.csv,18,18,true,true,engaged_2_early,3,true,0.8518518518518519,23,27,0.4117647058823529,7,17,1.201954868925255,true,true
001051,0.260825.2232,10.48324/dandi.001051/0.260825.2232,https://dandiarchive.s3.amazonaws.com/dandisets/001051/0.260825.2232/assets.jsonld,2026-09-07T03:05:27.689410+00:00,280f25f8-4909-4aea-8f89-2e0275723e69,sub-623319/sub-623319_ses-20220907T210904.nwb,1653477584,ae58c1acc64e5df474af1504b7f56bd8-25,216257bc5df6c0cf147bba4f2155978a8d66b5131dc081d8b24dbf71da30fcb0,application/x-nwb,2024-06-08T00:35:44.115219-07:00,2026-08-25T22:33:01.814114+00:00,https://dandiarchive.s3.amazonaws.com/blobs/957/44e/95744e7f-8578-44a4-99fe-df9cdaf362fe,session_nwb,623319,2022-09-07T21:09:04.311000Z,EPHYS_2,Male,wt/wt,Mus musculus - House mouse,P195D,6,https://dandiarchive.s3.amazonaws.com/blobs/957/44e/95744e7f-8578-44a4-99fe-df9cdaf362fe,1208053773,1208130881,2022-09-07 14:09:04.311000,2,M,wt/wt,DynamicGating,195,1948,1536,im114_r-1.0,true,/Users/benh/github/ai-dg-paper/results/cache/dynamic_gating_session_metadata.csv,18,18,true,true,engaged_2_late,4,false,0.8461538461538461,22,26,0.26666666666666666,4,15,1.546553728357257,true,true
001051,0.260825.2232,10.48324/dandi.001051/0.260825.2232,https://dandiarchive.s3.amazonaws.com/dandisets/001051/0.260825.2232/assets.jsonld,2026-09-07T03:05:27.689410+00:00,9ce54d23-12cd-441b-ad2f-302a838caaff,sub-626279/sub-626279_ses-20220928T210634.nwb,2044412595,718c0c6174757cba9eeffd7e463dcf6d-31,839c55e312185c3cbbeefccdb5c1f1b00b26e7796bb12a2b6faaf40a9bcfb98f,application/x-nwb,2024-06-08T02:57:49.461803-07:00,2026-08-25T22:33:03.169484+00:00,https://dandiarchive.s3.amazonaws.com/blobs/97c/539/97c5397d-8abf-4938-ab34-681220e26999,session_nwb,626279,2022-09-28T21:06:34.313000Z,EPHYS_3,Male,wt/wt,Mus musculus - House mouse,P196D,6,https://dandiarchive.s3.amazonaws.com/blobs/97c/539/97c5397d-8abf-4938-ab34-681220e26999,1214566710,1214588719,2022-09-28 14:06:34.313000,3,M,wt/wt,DynamicGating,196,2125,2304,im005_r-1.0,true,/Users/benh/github/ai-dg-paper/results/cache/dynamic_gating_session_metadata.csv,19,19,true,true,engaged_1,1,true,0.5121951219512195,21,41,0.0,0,26,2.1152008089510677,true,false
001051,0.260825.2232,10.48324/dandi.001051/0.260825.2232,https://dandiarchive.s3.amazonaws.com/dandisets/001051/0.260825.2232/assets.jsonld,2026-09-07T03:05:27.689410+00:00,9ce54d23-12cd-441b-ad2f-302a838caaff,sub-626279/sub-626279_ses-20220928T210634.nwb,2044412595,718c0c6174757cba9eeffd7e463dcf6d-31,839c55e312185c3cbbeefccdb5c1f1b00b26e7796bb12a2b6faaf40a9bcfb98f,application/x-nwb,2024-06-08T02:57:49.461803-07:00,2026-08-25T22:33:03.169484+00:00,https://dandiarchive.s3.amazonaws.com/blobs/97c/539/97c5397d-8abf-4938-ab34-681220e26999,session_nwb,626279,2022-09-28T21:06:34.313000Z,EPHYS_3,Male,wt/wt,Mus musculus - House mouse,P196D,6,https://dandiarchive.s3.amazonaws.com/blobs/97c/539/97c5397d-8abf-4938-ab34-681220e26999,1214566710,1214588719,2022-09-28 14:06:34.313000,3,M,wt/wt,DynamicGating,196,2125,2304,im005_r-1.0,true,/Users/benh/github/ai-dg-paper/results/cache/dynamic_gating_session_metadata.csv,19,19,true,true,no_reward_late,2,true,0.0,0,41,0.043478260869565216,1,23,-0.7260684469768286,true,false
001051,0.260825.2232,10.48324/dandi.001051/0.260825.2232,https://dandiarchive.s3.amazonaws.com/dandisets/001051/0.260825.2232/assets.jsonld,2026-09-07T03:05:27.689410+00:00,9ce54d23-12cd-441b-ad2f-302a838caaff,sub-626279/sub-626279_ses-20220928T210634.nwb,2044412595,718c0c6174757cba9eeffd7e463dcf6d-31,839c55e312185c3cbbeefccdb5c1f1b00b26e7796bb12a2b6faaf40a9bcfb98f,application/x-nwb,2024-06-08T02:57:49.461803-07:00,2026-08-25T22:33:03.169484+00:00,https://dandiarchive.s3.amazonaws.com/blobs/97c/539/97c5397d-8abf-4938-ab34-681220e26999,session_nwb,626279,2022-09-28T21:06:34.313000Z,EPHYS_3,Male,wt/wt,Mus musculus - House mouse,P196D,6,https://dandiarchive.s3.amazonaws.com/blobs/97c/539/97c5397d-8abf-4938-ab34-681220e26999,1214566710,1214588719,2022-09-28 14:06:34.313000,3,M,wt/wt,DynamicGating,196,2125,2304,im005_r-1.0,true,/Users/benh/github/ai-dg-paper/results/cache/dynamic_gating_session_metadata.csv,19,19,true,true,engaged_2_early,3,true,0.3191489361702128,15,47,0.09375,3,32,0.7881956068174419,true,false
001051,0.260825.2232,10.48324/dandi.001051/0.260825.2232,https://dandiarchive.s3.amazonaws.com/dandisets/001051/0.260825.2232/assets.jsonld,2026-09-07T03:05:27.689410+00:00,9ce54d23-12cd-441b-ad2f-302a838caaff,sub-626279/sub-626279_ses-20220928T210634.nwb,2044412595,718c0c6174757cba9eeffd7e463dcf6d-31,839c55e312185c3cbbeefccdb5c1f1b00b26e7796bb12a2b6faaf40a9bcfb98f,application/x-nwb,2024-06-08T02:57:49.461803-07:00,2026-08-25T22:33:03.169484+00:00,https://dandiarchive.s3.amazonaws.com/blobs/97c/539/97c5397d-8abf-4938-ab34-681220e26999,session_nwb,626279,2022-09-28T21:06:34.313000Z,EPHYS_3,Male,wt/wt,Mus musculus - House mouse,P196D,6,https://dandiarchive.s3.amazonaws.com/blobs/97c/539/97c5397d-8abf-4938-ab34-681220e26999,1214566710,1214588719,2022-09-28 14:06:34.313000,3,M,wt/wt,DynamicGating,196,2125,2304,im005_r-1.0,true,/Users/benh/github/ai-dg-paper/results/cache/dynamic_gating_session_metadata.csv,19,19,true,true,engaged_2_late,4,false,0.075,3,40,0.043478260869565216,1,23,0.1642640648417486,true,false
001051,0.260825.2232,10.48324/dandi.001051/0.260825.2232,https://dandiarchive.s3.amazonaws.com/dandisets/001051/0.260825.2232/assets.jsonld,2026-09-07T03:05:27.689410+00:00,2b22ddaf-267a-46e8-b968-1d85686d0b75,sub-637483/sub-637483_ses-20221122T232820.nwb,2347593617,ff05552e57bbeb3a67f84f1203d36bfd-35,c7181481aa9985ea389b0bb9c75662309c0e93647524fe3a82fb174a235bc9de,application/x-nwb,2024-06-08T05:19:26.578958-07:00,2026-08-25T22:33:04.452960+00:00,https://dandiarchive.s3.amazonaws.com/blobs/994/5a0/9945a088-2bea-49d3-8375-64eea7550062,session_nwb,637483,2022-11-22T23:28:20.546000Z,EPHYS_2,Male,Sst-IRES-Cre/wt;Ai32(RCL-ChR2(H134R)_EYFP)/wt,Mus musculus - House mouse,P167D,6,https://dandiarchive.s3.amazonaws.com/blobs/994/5a0/9945a088-2bea-49d3-8375-64eea7550062,1227855488,1227892593,2022-11-22 15:28:20.546000,2,M,Sst-IRES-Cre/wt;Ai32(RCL-ChR2(H134R)_EYFP)/wt,DynamicGating,167,2865,2304,im114_r-1.0,true,/Users/benh/github/ai-dg-paper/results/cache/dynamic_gating_session_metadata.csv,18,18,true,true,engaged_1,1,true,0.84,42,50,0.0,0,31,3.121296260163157,true,false
001051,0.260825.2232,10.48324/dandi.001051/0.260825.2232,https://dandiarchive.s3.amazonaws.com/dandisets/001051/0.260825.2232/assets.jsonld,2026-09-07T03:05:27.689410+00:00,2b22ddaf-267a-46e8-b968-1d85686d0b75,sub-637483/sub-637483_ses-20221122T232820.nwb,2347593617,ff05552e57bbeb3a67f84f1203d36bfd-35,c7181481aa9985ea389b0bb9c75662309c0e93647524fe3a82fb174a235bc9de,application/x-nwb,2024-06-08T05:19:26.578958-07:00,2026-08-25T22:33:04.452960+00:00,https://dandiarchive.s3.amazonaws.com/blobs/994/5a0/9945a088-2bea-49d3-8375-64eea7550062,session_nwb,637483,2022-11-22T23:28:20.546000Z,EPHYS_2,Male,Sst-IRES-Cre/wt;Ai32(RCL-ChR2(H134R)_EYFP)/wt,Mus musculus - House mouse,P167D,6,https://dandiarchive.s3.amazonaws.com/blobs/994/5a0/9945a088-2bea-49d3-8375-64eea7550062,1227855488,1227892593,2022-11-22 15:28:20.546000,2,M,Sst-IRES-Cre/wt;Ai32(RCL-ChR2(H134R)_EYFP)/wt,DynamicGating,167,2865,2304,im114_r-1.0,true,/Users/benh/github/ai-dg-paper/results/cache/dynamic_gating_session_metadata.csv,18,18,true,true,no_reward_late,2,true,0.2857142857142857,10,35,0.0,0,20,1.4322301139491809,true,false
001051,0.260825.2232,10.48324/dandi.001051/0.260825.2232,https://dandiarchive.s3.amazonaws.com/dandisets/001051/0.260825.2232/assets.jsonld,2026-09-07T03:05:27.689410+00:00,2b22ddaf-267a-46e8-b968-1d85686d0b75,sub-637483/sub-637483_ses-20221122T232820.nwb,2347593617,ff05552e57bbeb3a67f84f1203d36bfd-35,c7181481aa9985ea389b0bb9c75662309c0e93647524fe3a82fb174a235bc9de,application/x-nwb,2024-06-08T05:19:26.578958-07:00,2026-08-25T22:33:04.452960+00:00,https://dandiarchive.s3.amazonaws.com/blobs/994/5a0/9945a088-2bea-49d3-8375-64eea7550062,session_nwb,637483,2022-11-22T23:28:20.546000Z,EPHYS_2,Male,Sst-IRES-Cre/wt;Ai32(RCL-ChR2(H134R)_EYFP)/wt,Mus musculus - House mouse,P167D,6,https://dandiarchive.s3.amazonaws.com/blobs/994/5a0/9945a088-2bea-49d3-8375-64eea7550062,1227855488,1227892593,2022-11-22 15:28:20.546000,2,M,Sst-IRES-Cre/wt;Ai32(RCL-ChR2(H134R)_EYFP)/wt,DynamicGating,167,2865,2304,im114_r-1.0,true,/Users/benh/github/ai-dg-paper/results/cache/dynamic_gating_session_metadata.csv,18,18,true,true,engaged_2_early,3,true,0.9534883720930233,41,43,0.17857142857142858,5,28,2.4612255731539254,true,false
001051,0.260825.2232,10.48324/dandi.001051/0.260825.2232,https://dandiarchive.s3.amazonaws.com/dandisets/001051/0.260825.2232/assets.jsonld,2026-09-07T03:05:27.689410+00:00,2b22ddaf-267a-46e8-b968-1d85686d0b75,sub-637483/sub-637483_ses-20221122T232820.nwb,2347593617,ff05552e57bbeb3a67f84f1203d36bfd-35,c7181481aa9985ea389b0bb9c75662309c0e93647524fe3a82fb174a235bc9de,application/x-nwb,2024-06-08T05:19:26.578958-07:00,2026-08-25T22:33:04.452960+00:00,https://dandiarchive.s3.amazonaws.com/blobs/994/5a0/9945a088-2bea-49d3-8375-64eea7550062,session_nwb,637483,2022-11-22T23:28:20.546000Z,EPHYS_2,Male,Sst-IRES-Cre/wt;Ai32(RCL-ChR2(H134R)_EYFP)/wt,Mus musculus - House mouse,P167D,6,https://dandiarchive.s3.amazonaws.com/blobs/994/5a0/9945a088-2bea-49d3-8375-64eea7550062,1227855488,1227892593,2022-11-22 15:28:20.546000,2,M,Sst-IRES-Cre/wt;Ai32(RCL-ChR2(H134R)_EYFP)/wt,DynamicGating,167,2865,2304,im114_r-1.0,true,/Users/benh/github/ai-dg-paper/results/cache/dynamic_gating_session_metadata.csv,18,18,true,true,engaged_2_late,4,false,0.9259259259259259,25,27,0.125,2,16,2.39429803214061,true,false
001051,0.260825.2232,10.48324/dandi.001051/0.260825.2232,https://dandiarchive.s3.amazonaws.com/dandisets/001051/0.260825.2232/assets.jsonld,2026-09-07T03:05:27.689410+00:00,db7e3afb-c7f4-498a-b1d7-448a0f6e04b1,sub-623784/sub-623784_ses-20220901T200844.nwb,1680228165,42438aec032a529c0a3f9229e03df805-26,d27cfbc42abd305c2971e9c91f831d59d2240dbd616005323b350704e5234481,application/x-nwb,2024-06-08T01:42:31.477225-07:00,2026-08-25T22:33:02.575965+00:00,https://dandiarchive.s3.amazonaws.com/blobs/9a4/25c/9a425c2d-dc68-407e-8c40-52922bc1fea9,session_nwb,623784,2022-09-01T20:08:44.470000Z,EPHYS_4,Male,wt/wt,Mus musculus - House mouse,P185D,6,https://dandiarchive.s3.amazonaws.com/blobs/9a4/25c/9a425c2d-dc68-407e-8c40-52922bc1fea9,1204636084,1204748653,2022-09-01 13:08:44.470000,4,M,wt/wt,DynamicGating,185,1975,2304,im087_r-1.0,true,/Users/benh/github/ai-dg-paper/results/cache/dynamic_gating_session_metadata.csv,24,24,true,true,engaged_1,1,true,0.6060606060606061,20,33,0.19047619047619047,4,21,1.0864618913306885,true,false
001051,0.260825.2232,10.48324/dandi.001051/0.260825.2232,https://dandiarchive.s3.amazonaws.com/dandisets/001051/0.260825.2232/assets.jsonld,2026-09-07T03:05:27.689410+00:00,db7e3afb-c7f4-498a-b1d7-448a0f6e04b1,sub-623784/sub-623784_ses-20220901T200844.nwb,1680228165,42438aec032a529c0a3f9229e03df805-26,d27cfbc42abd305c2971e9c91f831d59d2240dbd616005323b350704e5234481,application/x-nwb,2024-06-08T01:42:31.477225-07:00,2026-08-25T22:33:02.575965+00:00,https://dandiarchive.s3.amazonaws.com/blobs/9a4/25c/9a425c2d-dc68-407e-8c40-52922bc1fea9,session_nwb,623784,2022-09-01T20:08:44.470000Z,EPHYS_4,Male,wt/wt,Mus musculus - House mouse,P185D,6,https://dandiarchive.s3.amazonaws.com/blobs/9a4/25c/9a425c2d-dc68-407e-8c40-52922bc1fea9,1204636084,1204748653,2022-09-01 13:08:44.470000,4,M,wt/wt,DynamicGating,185,1975,2304,im087_r-1.0,true,/Users/benh/github/ai-dg-paper/results/cache/dynamic_gating_session_metadata.csv,24,24,true,true,no_reward_late,2,true,0.375,9,24,0.23076923076923078,3,13,0.3690089620966844,true,false
001051,0.260825.2232,10.48324/dandi.001051/0.260825.2232,https://dandiarchive.s3.amazonaws.com/dandisets/001051/0.260825.2232/assets.jsonld,2026-09-07T03:05:27.689410+00:00,db7e3afb-c7f4-498a-b1d7-448a0f6e04b1,sub-623784/sub-623784_ses-20220901T200844.nwb,1680228165,42438aec032a529c0a3f9229e03df805-26,d27cfbc42abd305c2971e9c91f831d59d2240dbd616005323b350704e5234481,application/x-nwb,2024-06-08T01:42:31.477225-07:00,2026-08-25T22:33:02.575965+00:00,https://dandiarchive.s3.amazonaws.com/blobs/9a4/25c/9a425c2d-dc68-407e-8c40-52922bc1fea9,session_nwb,623784,2022-09-01T20:08:44.470000Z,EPHYS_4,Male,wt/wt,Mus musculus - House mouse,P185D,6,https://dandiarchive.s3.amazonaws.com/blobs/9a4/25c/9a425c2d-dc68-407e-8c40-52922bc1fea9,1204636084,1204748653,2022-09-01 13:08:44.470000,4,M,wt/wt,DynamicGating,185,1975,2304,im087_r-1.0,true,/Users/benh/github/ai-dg-paper/results/cache/dynamic_gating_session_metadata.csv,24,24,true,true,engaged_2_early,3,true,0.6111111111111112,22,36,0.14285714285714285,3,21,1.2725926600129234,true,false
001051,0.260825.2232,10.48324/dandi.001051/0.260825.2232,https://dandiarchive.s3.amazonaws.com/dandisets/001051/0.260825.2232/assets.jsonld,2026-09-07T03:05:27.689410+00:00,db7e3afb-c7f4-498a-b1d7-448a0f6e04b1,sub-623784/sub-623784_ses-20220901T200844.nwb,1680228165,42438aec032a529c0a3f9229e03df805-26,d27cfbc42abd305c2971e9c91f831d59d2240dbd616005323b350704e5234481,application/x-nwb,2024-06-08T01:42:31.477225-07:00,2026-08-25T22:33:02.575965+00:00,https://dandiarchive.s3.amazonaws.com/blobs/9a4/25c/9a425c2d-dc68-407e-8c40-52922bc1fea9,session_nwb,623784,2022-09-01T20:08:44.470000Z,EPHYS_4,Male,wt/wt,Mus musculus - House mouse,P185D,6,https://dandiarchive.s3.amazonaws.com/blobs/9a4/25c/9a425c2d-dc68-407e-8c40-52922bc1fea9,1204636084,1204748653,2022-09-01 13:08:44.470000,4,M,wt/wt,DynamicGating,185,1975,2304,im087_r-1.0,true,/Users/benh/github/ai-dg-paper/results/cache/dynamic_gating_session_metadata.csv,24,24,true,true,engaged_2_late,4,false,0.32,8,25,0.14285714285714285,2,14,0.5189960827957666,true,false
001051,0.260825.2232,10.48324/dandi.001051/0.260825.2232,https://dandiarchive.s3.amazonaws.com/dandisets/001051/0.260825.2232/assets.jsonld,2026-09-07T03:05:27.689410+00:00,08f29856-ec30-47ed-ab6c-659255260366,sub-623319/sub-623319_ses-20220909T175625.nwb,1827384265,1ff0dc10aed05f35b69d108a628a6cb2-28,c2efff6fff5b1f8762b64ea8ef64d39299fb60c1dc5ec053da96616949522c6d,application/x-nwb,2024-06-08T00:42:46.736677-07:00,2026-08-25T22:33:01.894897+00:00,https://dandiarchive.s3.amazonaws.com/blobs/9ae/cb7/9aecb778-a5a0-4554-8b06-3af01005fea5,session_nwb,623319,2022-09-09T17:56:25.834000Z,EPHYS_4,Male,wt/wt,Mus musculus - House mouse,P195D,6,https://dandiarchive.s3.amazonaws.com/blobs/9ae/cb7/9aecb778-a5a0-4554-8b06-3af01005fea5,1209073822,1209141898,2022-09-09 10:56:25.834000,4,M,wt/wt,DynamicGating,195,2408,1536,im087_r-1.0,true,/Users/benh/github/ai-dg-paper/results/cache/dynamic_gating_session_metadata.csv,18,18,true,true,engaged_1,1,true,0.8888888888888888,24,27,0.29411764705882354,5,17,1.6588374394853642,true,true
001051,0.260825.2232,10.48324/dandi.001051/0.260825.2232,https://dandiarchive.s3.amazonaws.com/dandisets/001051/0.260825.2232/assets.jsonld,2026-09-07T03:05:27.689410+00:00,08f29856-ec30-47ed-ab6c-659255260366,sub-623319/sub-623319_ses-20220909T175625.nwb,1827384265,1ff0dc10aed05f35b69d108a628a6cb2-28,c2efff6fff5b1f8762b64ea8ef64d39299fb60c1dc5ec053da96616949522c6d,application/x-nwb,2024-06-08T00:42:46.736677-07:00,2026-08-25T22:33:01.894897+00:00,https://dandiarchive.s3.amazonaws.com/blobs/9ae/cb7/9aecb778-a5a0-4554-8b06-3af01005fea5,session_nwb,623319,2022-09-09T17:56:25.834000Z,EPHYS_4,Male,wt/wt,Mus musculus - House mouse,P195D,6,https://dandiarchive.s3.amazonaws.com/blobs/9ae/cb7/9aecb778-a5a0-4554-8b06-3af01005fea5,1209073822,1209141898,2022-09-09 10:56:25.834000,4,M,wt/wt,DynamicGating,195,2408,1536,im087_r-1.0,true,/Users/benh/github/ai-dg-paper/results/cache/dynamic_gating_session_metadata.csv,18,18,true,true,no_reward_late,2,true,0.047619047619047616,2,42,0.0,0,22,0.44850117201572326,true,true
001051,0.260825.2232,10.48324/dandi.001051/0.260825.2232,https://dandiarchive.s3.amazonaws.com/dandisets/001051/0.260825.2232/assets.jsonld,2026-09-07T03:05:27.689410+00:00,08f29856-ec30-47ed-ab6c-659255260366,sub-623319/sub-623319_ses-20220909T175625.nwb,1827384265,1ff0dc10aed05f35b69d108a628a6cb2-28,c2efff6fff5b1f8762b64ea8ef64d39299fb60c1dc5ec053da96616949522c6d,application/x-nwb,2024-06-08T00:42:46.736677-07:00,2026-08-25T22:33:01.894897+00:00,https://dandiarchive.s3.amazonaws.com/blobs/9ae/cb7/9aecb778-a5a0-4554-8b06-3af01005fea5,session_nwb,623319,2022-09-09T17:56:25.834000Z,EPHYS_4,Male,wt/wt,Mus musculus - House mouse,P195D,6,https://dandiarchive.s3.amazonaws.com/blobs/9ae/cb7/9aecb778-a5a0-4554-8b06-3af01005fea5,1209073822,1209141898,2022-09-09 10:56:25.834000,4,M,wt/wt,DynamicGating,195,2408,1536,im087_r-1.0,true,/Users/benh/github/ai-dg-paper/results/cache/dynamic_gating_session_metadata.csv,18,18,true,true,engaged_2_early,3,true,0.8823529411764706,30,34,0.16666666666666666,4,24,2.0485351181023743,true,true
001051,0.260825.2232,10.48324/dandi.001051/0.260825.2232,https://dandiarchive.s3.amazonaws.com/dandisets/001051/0.260825.2232/assets.jsonld,2026-09-07T03:05:27.689410+00:00,08f29856-ec30-47ed-ab6c-659255260366,sub-623319/sub-623319_ses-20220909T175625.nwb,1827384265,1ff0dc10aed05f35b69d108a628a6cb2-28,c2efff6fff5b1f8762b64ea8ef64d39299fb60c1dc5ec053da96616949522c6d,application/x-nwb,2024-06-08T00:42:46.736677-07:00,2026-08-25T22:33:01.894897+00:00,https://dandiarchive.s3.amazonaws.com/blobs/9ae/cb7/9aecb778-a5a0-4554-8b06-3af01005fea5,session_nwb,623319,2022-09-09T17:56:25.834000Z,EPHYS_4,Male,wt/wt,Mus musculus - House mouse,P195D,6,https://dandiarchive.s3.amazonaws.com/blobs/9ae/cb7/9aecb778-a5a0-4554-8b06-3af01005fea5,1209073822,1209141898,2022-09-09 10:56:25.834000,4,M,wt/wt,DynamicGating,195,2408,1536,im087_r-1.0,true,/Users/benh/github/ai-dg-paper/results/cache/dynamic_gating_session_metadata.csv,18,18,true,true,engaged_2_late,4,false,0.8181818181818182,18,22,0.13333333333333333,2,15,1.8672444894707605,true,true
001051,0.260825.2232,10.48324/dandi.001051/0.260825.2232,https://dandiarchive.s3.amazonaws.com/dandisets/001051/0.260825.2232/assets.jsonld,2026-09-07T03:05:27.689410+00:00,31a5243b-8d49-4a33-ab39-0cd5696addc0,sub-615047/sub-615047_ses-20220714T203802.nwb,1944267485,1834e3e68658d8188babbb926fd94483-29,75b0a0a9ccaebbfdea1e6d35040eb76c4e4b6dd696f3c1318bbbe01fbe895687,application/x-nwb,2024-06-07T22:14:13.753011-07:00,2026-08-25T22:33:00.500652+00:00,https://dandiarchive.s3.amazonaws.com/blobs/9b5/21d/9b521df8-c80b-4305-b5f5-6830e47015dc,session_nwb,615047,2022-07-14T20:38:02.072000Z,EPHYS_4,Male,Vip-IRES-Cre/wt;Ai32(RCL-ChR2(H134R)_EYFP)/wt,Mus musculus - House mouse,P205D,6,https://dandiarchive.s3.amazonaws.com/blobs/9b5/21d/9b521df8-c80b-4305-b5f5-6830e47015dc,1191631184,1191660619,2022-07-14 13:38:02.072000,4,M,Vip-IRES-Cre/wt;Ai32(RCL-ChR2(H134R)_EYFP)/wt,DynamicGating_DEV,205,1699,2304,im087_r-1.0,true,/Users/benh/github/ai-dg-paper/results/cache/dynamic_gating_session_metadata.csv,24,24,true,true,engaged_1,1,true,0.1320754716981132,7,53,0.0,0,18,0.8526066027760699,true,false
001051,0.260825.2232,10.48324/dandi.001051/0.260825.2232,https://dandiarchive.s3.amazonaws.com/dandisets/001051/0.260825.2232/assets.jsonld,2026-09-07T03:05:27.689410+00:00,31a5243b-8d49-4a33-ab39-0cd5696addc0,sub-615047/sub-615047_ses-20220714T203802.nwb,1944267485,1834e3e68658d8188babbb926fd94483-29,75b0a0a9ccaebbfdea1e6d35040eb76c4e4b6dd696f3c1318bbbe01fbe895687,application/x-nwb,2024-06-07T22:14:13.753011-07:00,2026-08-25T22:33:00.500652+00:00,https://dandiarchive.s3.amazonaws.com/blobs/9b5/21d/9b521df8-c80b-4305-b5f5-6830e47015dc,session_nwb,615047,2022-07-14T20:38:02.072000Z,EPHYS_4,Male,Vip-IRES-Cre/wt;Ai32(RCL-ChR2(H134R)_EYFP)/wt,Mus musculus - House mouse,P205D,6,https://dandiarchive.s3.amazonaws.com/blobs/9b5/21d/9b521df8-c80b-4305-b5f5-6830e47015dc,1191631184,1191660619,2022-07-14 13:38:02.072000,4,M,Vip-IRES-Cre/wt;Ai32(RCL-ChR2(H134R)_EYFP)/wt,DynamicGating_DEV,205,1699,2304,im087_r-1.0,true,/Users/benh/github/ai-dg-paper/results/cache/dynamic_gating_session_metadata.csv,24,24,true,true,no_reward_late,2,true,0.15555555555555556,7,45,0.0,0,14,0.8518884675064029,true,false
001051,0.260825.2232,10.48324/dandi.001051/0.260825.2232,https://dandiarchive.s3.amazonaws.com/dandisets/001051/0.260825.2232/assets.jsonld,2026-09-07T03:05:27.689410+00:00,31a5243b-8d49-4a33-ab39-0cd5696addc0,sub-615047/sub-615047_ses-20220714T203802.nwb,1944267485,1834e3e68658d8188babbb926fd94483-29,75b0a0a9ccaebbfdea1e6d35040eb76c4e4b6dd696f3c1318bbbe01fbe895687,application/x-nwb,2024-06-07T22:14:13.753011-07:00,2026-08-25T22:33:00.500652+00:00,https://dandiarchive.s3.amazonaws.com/blobs/9b5/21d/9b521df8-c80b-4305-b5f5-6830e47015dc,session_nwb,615047,2022-07-14T20:38:02.072000Z,EPHYS_4,Male,Vip-IRES-Cre/wt;Ai32(RCL-ChR2(H134R)_EYFP)/wt,Mus musculus - House mouse,P205D,6,https://dandiarchive.s3.amazonaws.com/blobs/9b5/21d/9b521df8-c80b-4305-b5f5-6830e47015dc,1191631184,1191660619,2022-07-14 13:38:02.072000,4,M,Vip-IRES-Cre/wt;Ai32(RCL-ChR2(H134R)_EYFP)/wt,DynamicGating_DEV,205,1699,2304,im087_r-1.0,true,/Users/benh/github/ai-dg-paper/results/cache/dynamic_gating_session_metadata.csv,24,24,true,true,engaged_2_early,3,true,0.22580645161290322,7,31,0.1111111111111111,1,9,0.3119190060014241,true,false
001051,0.260825.2232,10.48324/dandi.001051/0.260825.2232,https://dandiarchive.s3.amazonaws.com/dandisets/001051/0.260825.2232/assets.jsonld,2026-09-07T03:05:27.689410+00:00,31a5243b-8d49-4a33-ab39-0cd5696addc0,sub-615047/sub-615047_ses-20220714T203802.nwb,1944267485,1834e3e68658d8188babbb926fd94483-29,75b0a0a9ccaebbfdea1e6d35040eb76c4e4b6dd696f3c1318bbbe01fbe895687,application/x-nwb,2024-06-07T22:14:13.753011-07:00,2026-08-25T22:33:00.500652+00:00,https://dandiarchive.s3.amazonaws.com/blobs/9b5/21d/9b521df8-c80b-4305-b5f5-6830e47015dc,session_nwb,615047,2022-07-14T20:38:02.072000Z,EPHYS_4,Male,Vip-IRES-Cre/wt;Ai32(RCL-ChR2(H134R)_EYFP)/wt,Mus musculus - House mouse,P205D,6,https://dandiarchive.s3.amazonaws.com/blobs/9b5/21d/9b521df8-c80b-4305-b5f5-6830e47015dc,1191631184,1191660619,2022-07-14 13:38:02.072000,4,M,Vip-IRES-Cre/wt;Ai32(RCL-ChR2(H134R)_EYFP)/wt,DynamicGating_DEV,205,1699,2304,im087_r-1.0,true,/Users/benh/github/ai-dg-paper/results/cache/dynamic_gating_session_metadata.csv,24,24,true,true,engaged_2_late,4,false,0.23076923076923078,3,13,0.42857142857142855,3,7,-0.517179065585911,true,false
001051,0.260825.2232,10.48324/dandi.001051/0.260825.2232,https://dandiarchive.s3.amazonaws.com/dandisets/001051/0.260825.2232/assets.jsonld,2026-09-07T03:05:27.689410+00:00,c16bfeb8-786f-4146-99c1-3c719d759e19,sub-638387/sub-638387_ses-20221130T063555.nwb,2245163556,3b7337b070f4c91ac2452f9ca6319c95-34,016a6c3b80b0e41d49ee79028aac7645eb3c374464e78e9292010b1d15ececa2,application/x-nwb,2024-06-08T06:15:14.581203-07:00,2026-08-25T22:33:04.933006+00:00,https://dandiarchive.s3.amazonaws.com/blobs/9c5/a03/9c5a0313-cb5b-45b6-9e66-5bb6aac04f2c,session_nwb,638387,2022-11-30T06:35:55Z,EPHYS_1,Male,Sst-IRES-Cre/wt;Ai32(RCL-ChR2(H134R)_EYFP)/wt,Mus musculus - House mouse,P169D,6,https://dandiarchive.s3.amazonaws.com/blobs/9c5/a03/9c5a0313-cb5b-45b6-9e66-5bb6aac04f2c,1229429400,1229467919,2022-11-29 22:35:55,1,M,Sst-IRES-Cre/wt;Ai32(RCL-ChR2(H134R)_EYFP)/wt,DynamicGating,169,2453,1920,im104_r-1.0,true,/Users/benh/github/ai-dg-paper/results/cache/dynamic_gating_session_metadata.csv,24,24,true,true,engaged_1,1,true,0.375,18,48,0.07692307692307693,2,26,1.0130386340726523,true,false
001051,0.260825.2232,10.48324/dandi.001051/0.260825.2232,https://dandiarchive.s3.amazonaws.com/dandisets/001051/0.260825.2232/assets.jsonld,2026-09-07T03:05:27.689410+00:00,c16bfeb8-786f-4146-99c1-3c719d759e19,sub-638387/sub-638387_ses-20221130T063555.nwb,2245163556,3b7337b070f4c91ac2452f9ca6319c95-34,016a6c3b80b0e41d49ee79028aac7645eb3c374464e78e9292010b1d15ececa2,application/x-nwb,2024-06-08T06:15:14.581203-07:00,2026-08-25T22:33:04.933006+00:00,https://dandiarchive.s3.amazonaws.com/blobs/9c5/a03/9c5a0313-cb5b-45b6-9e66-5bb6aac04f2c,session_nwb,638387,2022-11-30T06:35:55Z,EPHYS_1,Male,Sst-IRES-Cre/wt;Ai32(RCL-ChR2(H134R)_EYFP)/wt,Mus musculus - House mouse,P169D,6,https://dandiarchive.s3.amazonaws.com/blobs/9c5/a03/9c5a0313-cb5b-45b6-9e66-5bb6aac04f2c,1229429400,1229467919,2022-11-29 22:35:55,1,M,Sst-IRES-Cre/wt;Ai32(RCL-ChR2(H134R)_EYFP)/wt,DynamicGating,169,2453,1920,im104_r-1.0,true,/Users/benh/github/ai-dg-paper/results/cache/dynamic_gating_session_metadata.csv,24,24,true,true,no_reward_late,2,true,0.07142857142857142,3,42,0.0,0,23,0.6410871387517203,true,false
001051,0.260825.2232,10.48324/dandi.001051/0.260825.2232,https://dandiarchive.s3.amazonaws.com/dandisets/001051/0.260825.2232/assets.jsonld,2026-09-07T03:05:27.689410+00:00,c16bfeb8-786f-4146-99c1-3c719d759e19,sub-638387/sub-638387_ses-20221130T063555.nwb,2245163556,3b7337b070f4c91ac2452f9ca6319c95-34,016a6c3b80b0e41d49ee79028aac7645eb3c374464e78e9292010b1d15ececa2,application/x-nwb,2024-06-08T06:15:14.581203-07:00,2026-08-25T22:33:04.933006+00:00,https://dandiarchive.s3.amazonaws.com/blobs/9c5/a03/9c5a0313-cb5b-45b6-9e66-5bb6aac04f2c,session_nwb,638387,2022-11-30T06:35:55Z,EPHYS_1,Male,Sst-IRES-Cre/wt;Ai32(RCL-ChR2(H134R)_EYFP)/wt,Mus musculus - House mouse,P169D,6,https://dandiarchive.s3.amazonaws.com/blobs/9c5/a03/9c5a0313-cb5b-45b6-9e66-5bb6aac04f2c,1229429400,1229467919,2022-11-29 22:35:55,1,M,Sst-IRES-Cre/wt;Ai32(RCL-ChR2(H134R)_EYFP)/wt,DynamicGating,169,2453,1920,im104_r-1.0,true,/Users/benh/github/ai-dg-paper/results/cache/dynamic_gating_session_metadata.csv,24,24,true,true,engaged_2_early,3,true,0.3541666666666667,17,48,0.03125,1,32,1.3245152727843281,true,false
001051,0.260825.2232,10.48324/dandi.001051/0.260825.2232,https://dandiarchive.s3.amazonaws.com/dandisets/001051/0.260825.2232/assets.jsonld,2026-09-07T03:05:27.689410+00:00,c16bfeb8-786f-4146-99c1-3c719d759e19,sub-638387/sub-638387_ses-20221130T063555.nwb,2245163556,3b7337b070f4c91ac2452f9ca6319c95-34,016a6c3b80b0e41d49ee79028aac7645eb3c374464e78e9292010b1d15ececa2,application/x-nwb,2024-06-08T06:15:14.581203-07:00,2026-08-25T22:33:04.933006+00:00,https://dandiarchive.s3.amazonaws.com/blobs/9c5/a03/9c5a0313-cb5b-45b6-9e66-5bb6aac04f2c,session_nwb,638387,2022-11-30T06:35:55Z,EPHYS_1,Male,Sst-IRES-Cre/wt;Ai32(RCL-ChR2(H134R)_EYFP)/wt,Mus musculus - House mouse,P169D,6,https://dandiarchive.s3.amazonaws.com/blobs/9c5/a03/9c5a0313-cb5b-45b6-9e66-5bb6aac04f2c,1229429400,1229467919,2022-11-29 22:35:55,1,M,Sst-IRES-Cre/wt;Ai32(RCL-ChR2(H134R)_EYFP)/wt,DynamicGating,169,2453,1920,im104_r-1.0,true,/Users/benh/github/ai-dg-paper/results/cache/dynamic_gating_session_metadata.csv,24,24,true,true,engaged_2_late,4,false,0.6470588235294118,22,34,0.0,0,18,2.304037867653398,true,false
001051,0.260825.2232,10.48324/dandi.001051/0.260825.2232,https://dandiarchive.s3.amazonaws.com/dandisets/001051/0.260825.2232/assets.jsonld,2026-09-07T03:05:27.689410+00:00,dba88aea-9e1f-45ac-9798-b45dedfb7f59,sub-637483/sub-637483_ses-20221123T172329.nwb,1436424435,318999b83005d83ea634a456aa95d43b-22,2f7dbc58e3baa96bbda84d2323714057b87c46cc8ccc1714a07e55e0d59b1f6f,application/x-nwb,2024-06-08T05:19:26.596962-07:00,2026-08-25T22:33:04.442401+00:00,https://dandiarchive.s3.amazonaws.com/blobs/9d2/6e8/9d26e823-d653-42f0-a3ff-fcb202d7a66a,session_nwb,637483,2022-11-23T17:23:29.824000Z,EPHYS_3,Male,Sst-IRES-Cre/wt;Ai32(RCL-ChR2(H134R)_EYFP)/wt,Mus musculus - House mouse,P167D,6,https://dandiarchive.s3.amazonaws.com/blobs/9d2/6e8/9d26e823-d653-42f0-a3ff-fcb202d7a66a,1228018071,1228051050,2022-11-23 09:23:29.824000,3,M,Sst-IRES-Cre/wt;Ai32(RCL-ChR2(H134R)_EYFP)/wt,DynamicGating,167,1817,2304,im005_r-1.0,true,/Users/benh/github/ai-dg-paper/results/cache/dynamic_gating_session_metadata.csv,18,18,true,true,engaged_1,1,true,1.0,42,42,0.04,1,25,3.8436507615020057,true,false
001051,0.260825.2232,10.48324/dandi.001051/0.260825.2232,https://dandiarchive.s3.amazonaws.com/dandisets/001051/0.260825.2232/assets.jsonld,2026-09-07T03:05:27.689410+00:00,dba88aea-9e1f-45ac-9798-b45dedfb7f59,sub-637483/sub-637483_ses-20221123T172329.nwb,1436424435,318999b83005d83ea634a456aa95d43b-22,2f7dbc58e3baa96bbda84d2323714057b87c46cc8ccc1714a07e55e0d59b1f6f,application/x-nwb,2024-06-08T05:19:26.596962-07:00,2026-08-25T22:33:04.442401+00:00,https://dandiarchive.s3.amazonaws.com/blobs/9d2/6e8/9d26e823-d653-42f0-a3ff-fcb202d7a66a,session_nwb,637483,2022-11-23T17:23:29.824000Z,EPHYS_3,Male,Sst-IRES-Cre/wt;Ai32(RCL-ChR2(H134R)_EYFP)/wt,Mus musculus - House mouse,P167D,6,https://dandiarchive.s3.amazonaws.com/blobs/9d2/6e8/9d26e823-d653-42f0-a3ff-fcb202d7a66a,1228018071,1228051050,2022-11-23 09:23:29.824000,3,M,Sst-IRES-Cre/wt;Ai32(RCL-ChR2(H134R)_EYFP)/wt,DynamicGating,167,1817,2304,im005_r-1.0,true,/Users/benh/github/ai-dg-paper/results/cache/dynamic_gating_session_metadata.csv,18,18,true,true,no_reward_late,2,true,0.3611111111111111,13,36,0.0,0,26,1.7398704923120296,true,false
001051,0.260825.2232,10.48324/dandi.001051/0.260825.2232,https://dandiarchive.s3.amazonaws.com/dandisets/001051/0.260825.2232/assets.jsonld,2026-09-07T03:05:27.689410+00:00,dba88aea-9e1f-45ac-9798-b45dedfb7f59,sub-637483/sub-637483_ses-20221123T172329.nwb,1436424435,318999b83005d83ea634a456aa95d43b-22,2f7dbc58e3baa96bbda84d2323714057b87c46cc8ccc1714a07e55e0d59b1f6f,application/x-nwb,2024-06-08T05:19:26.596962-07:00,2026-08-25T22:33:04.442401+00:00,https://dandiarchive.s3.amazonaws.com/blobs/9d2/6e8/9d26e823-d653-42f0-a3ff-fcb202d7a66a,session_nwb,637483,2022-11-23T17:23:29.824000Z,EPHYS_3,Male,Sst-IRES-Cre/wt;Ai32(RCL-ChR2(H134R)_EYFP)/wt,Mus musculus - House mouse,P167D,6,https://dandiarchive.s3.amazonaws.com/blobs/9d2/6e8/9d26e823-d653-42f0-a3ff-fcb202d7a66a,1228018071,1228051050,2022-11-23 09:23:29.824000,3,M,Sst-IRES-Cre/wt;Ai32(RCL-ChR2(H134R)_EYFP)/wt,DynamicGating,167,1817,2304,im005_r-1.0,true,/Users/benh/github/ai-dg-paper/results/cache/dynamic_gating_session_metadata.csv,18,18,true,true,engaged_2_early,3,true,0.9333333333333333,42,45,0.15384615384615385,4,26,2.39931642762226,true,false
001051,0.260825.2232,10.48324/dandi.001051/0.260825.2232,https://dandiarchive.s3.amazonaws.com/dandisets/001051/0.260825.2232/assets.jsonld,2026-09-07T03:05:27.689410+00:00,dba88aea-9e1f-45ac-9798-b45dedfb7f59,sub-637483/sub-637483_ses-20221123T172329.nwb,1436424435,318999b83005d83ea634a456aa95d43b-22,2f7dbc58e3baa96bbda84d2323714057b87c46cc8ccc1714a07e55e0d59b1f6f,application/x-nwb,2024-06-08T05:19:26.596962-07:00,2026-08-25T22:33:04.442401+00:00,https://dandiarchive.s3.amazonaws.com/blobs/9d2/6e8/9d26e823-d653-42f0-a3ff-fcb202d7a66a,session_nwb,637483,2022-11-23T17:23:29.824000Z,EPHYS_3,Male,Sst-IRES-Cre/wt;Ai32(RCL-ChR2(H134R)_EYFP)/wt,Mus musculus - House mouse,P167D,6,https://dandiarchive.s3.amazonaws.com/blobs/9d2/6e8/9d26e823-d653-42f0-a3ff-fcb202d7a66a,1228018071,1228051050,2022-11-23 09:23:29.824000,3,M,Sst-IRES-Cre/wt;Ai32(RCL-ChR2(H134R)_EYFP)/wt,DynamicGating,167,1817,2304,im005_r-1.0,true,/Users/benh/github/ai-dg-paper/results/cache/dynamic_gating_session_metadata.csv,18,18,true,true,engaged_2_late,4,false,0.782608695652174,18,23,0.06666666666666667,1,15,2.059604941165053,true,false
001051,0.260825.2232,10.48324/dandi.001051/0.260825.2232,https://dandiarchive.s3.amazonaws.com/dandisets/001051/0.260825.2232/assets.jsonld,2026-09-07T03:05:27.689410+00:00,a4fc07e0-333d-44ff-b658-72c23d8bbe1f,sub-615047/sub-615047_ses-20220712T211809.nwb,2086443315,fe0c121a98536866e6f9c01e27fc2720-32,3ac60eec9cad29e85d927f28fa65b4545112b500cde4846f354f9d83be098754,application/x-nwb,2024-06-07T22:10:45.630499-07:00,2026-08-25T22:33:00.480378+00:00,https://dandiarchive.s3.amazonaws.com/blobs/a25/64a/a2564a07-a0cb-4376-b229-bb8586440a65,session_nwb,615047,2022-07-12T21:18:09.723000Z,EPHYS_2,Male,Vip-IRES-Cre/wt;Ai32(RCL-ChR2(H134R)_EYFP)/wt,Mus musculus - House mouse,P205D,6,https://dandiarchive.s3.amazonaws.com/blobs/a25/64a/a2564a07-a0cb-4376-b229-bb8586440a65,1191131853,1191171011,2022-07-12 14:18:09.723000,2,M,Vip-IRES-Cre/wt;Ai32(RCL-ChR2(H134R)_EYFP)/wt,DynamicGating_DEV,205,1914,2304,im114_r-1.0,true,/Users/benh/github/ai-dg-paper/results/cache/dynamic_gating_session_metadata.csv,24,24,true,true,engaged_1,1,true,0.24,12,50,0.0,0,18,1.2479345179940458,true,false
001051,0.260825.2232,10.48324/dandi.001051/0.260825.2232,https://dandiarchive.s3.amazonaws.com/dandisets/001051/0.260825.2232/assets.jsonld,2026-09-07T03:05:27.689410+00:00,a4fc07e0-333d-44ff-b658-72c23d8bbe1f,sub-615047/sub-615047_ses-20220712T211809.nwb,2086443315,fe0c121a98536866e6f9c01e27fc2720-32,3ac60eec9cad29e85d927f28fa65b4545112b500cde4846f354f9d83be098754,application/x-nwb,2024-06-07T22:10:45.630499-07:00,2026-08-25T22:33:00.480378+00:00,https://dandiarchive.s3.amazonaws.com/blobs/a25/64a/a2564a07-a0cb-4376-b229-bb8586440a65,session_nwb,615047,2022-07-12T21:18:09.723000Z,EPHYS_2,Male,Vip-IRES-Cre/wt;Ai32(RCL-ChR2(H134R)_EYFP)/wt,Mus musculus - House mouse,P205D,6,https://dandiarchive.s3.amazonaws.com/blobs/a25/64a/a2564a07-a0cb-4376-b229-bb8586440a65,1191131853,1191171011,2022-07-12 14:18:09.723000,2,M,Vip-IRES-Cre/wt;Ai32(RCL-ChR2(H134R)_EYFP)/wt,DynamicGating_DEV,205,1914,2304,im114_r-1.0,true,/Users/benh/github/ai-dg-paper/results/cache/dynamic_gating_session_metadata.csv,24,24,true,true,no_reward_late,2,true,0.1836734693877551,9,49,0.0,0,14,0.9560183407646857,true,false
001051,0.260825.2232,10.48324/dandi.001051/0.260825.2232,https://dandiarchive.s3.amazonaws.com/dandisets/001051/0.260825.2232/assets.jsonld,2026-09-07T03:05:27.689410+00:00,a4fc07e0-333d-44ff-b658-72c23d8bbe1f,sub-615047/sub-615047_ses-20220712T211809.nwb,2086443315,fe0c121a98536866e6f9c01e27fc2720-32,3ac60eec9cad29e85d927f28fa65b4545112b500cde4846f354f9d83be098754,application/x-nwb,2024-06-07T22:10:45.630499-07:00,2026-08-25T22:33:00.480378+00:00,https://dandiarchive.s3.amazonaws.com/blobs/a25/64a/a2564a07-a0cb-4376-b229-bb8586440a65,session_nwb,615047,2022-07-12T21:18:09.723000Z,EPHYS_2,Male,Vip-IRES-Cre/wt;Ai32(RCL-ChR2(H134R)_EYFP)/wt,Mus musculus - House mouse,P205D,6,https://dandiarchive.s3.amazonaws.com/blobs/a25/64a/a2564a07-a0cb-4376-b229-bb8586440a65,1191131853,1191171011,2022-07-12 14:18:09.723000,2,M,Vip-IRES-Cre/wt;Ai32(RCL-ChR2(H134R)_EYFP)/wt,DynamicGating_DEV,205,1914,2304,im114_r-1.0,true,/Users/benh/github/ai-dg-paper/results/cache/dynamic_gating_session_metadata.csv,24,24,true,true,engaged_2_early,3,true,0.3898305084745763,23,59,0.0,0,19,1.6849862355710492,true,false
001051,0.260825.2232,10.48324/dandi.001051/0.260825.2232,https://dandiarchive.s3.amazonaws.com/dandisets/001051/0.260825.2232/assets.jsonld,2026-09-07T03:05:27.689410+00:00,a4fc07e0-333d-44ff-b658-72c23d8bbe1f,sub-615047/sub-615047_ses-20220712T211809.nwb,2086443315,fe0c121a98536866e6f9c01e27fc2720-32,3ac60eec9cad29e85d927f28fa65b4545112b500cde4846f354f9d83be098754,application/x-nwb,2024-06-07T22:10:45.630499-07:00,2026-08-25T22:33:00.480378+00:00,https://dandiarchive.s3.amazonaws.com/blobs/a25/64a/a2564a07-a0cb-4376-b229-bb8586440a65,session_nwb,615047,2022-07-12T21:18:09.723000Z,EPHYS_2,Male,Vip-IRES-Cre/wt;Ai32(RCL-ChR2(H134R)_EYFP)/wt,Mus musculus - House mouse,P205D,6,https://dandiarchive.s3.amazonaws.com/blobs/a25/64a/a2564a07-a0cb-4376-b229-bb8586440a65,1191131853,1191171011,2022-07-12 14:18:09.723000,2,M,Vip-IRES-Cre/wt;Ai32(RCL-ChR2(H134R)_EYFP)/wt,DynamicGating_DEV,205,1914,2304,im114_r-1.0,true,/Users/benh/github/ai-dg-paper/results/cache/dynamic_gating_session_metadata.csv,24,24,true,true,engaged_2_late,4,false,0.358974358974359,14,39,0.23076923076923078,3,13,0.3227054052609255,true,false
001051,0.260825.2232,10.48324/dandi.001051/0.260825.2232,https://dandiarchive.s3.amazonaws.com/dandisets/001051/0.260825.2232/assets.jsonld,2026-09-07T03:05:27.689410+00:00,2bdc8864-5dfd-4e61-8947-200245eb1db8,sub-623786/sub-623786_ses-20220913T211940.nwb,1670568578,3fd51cd3438fa5d64500ca507355cd0c-25,58fb0b4abebff8ca4a1401c8cc12e49951a1932d91b5d71e0d3bee377cf24c52,application/x-nwb,2024-06-08T02:19:05.022992-07:00,2026-08-25T22:33:02.861466+00:00,https://dandiarchive.s3.amazonaws.com/blobs/a3f/49c/a3f49c1c-0ca2-4e5b-8867-f27db4227228,session_nwb,623786,2022-09-13T21:19:40.314000Z,EPHYS_2,Male,wt/wt,Mus musculus - House mouse,P199D,6,https://dandiarchive.s3.amazonaws.com/blobs/a3f/49c/a3f49c1c-0ca2-4e5b-8867-f27db4227228,1210608527,1210650674,2022-09-13 14:19:40.314000,2,M,wt/wt,DynamicGating,199,1858,2304,im114_r-1.0,true,/Users/benh/github/ai-dg-paper/results/cache/dynamic_gating_session_metadata.csv,24,24,true,true,engaged_1,1,true,0.7777777777777778,28,36,0.08695652173913043,2,23,1.9978987804769863,true,true
001051,0.260825.2232,10.48324/dandi.001051/0.260825.2232,https://dandiarchive.s3.amazonaws.com/dandisets/001051/0.260825.2232/assets.jsonld,2026-09-07T03:05:27.689410+00:00,2bdc8864-5dfd-4e61-8947-200245eb1db8,sub-623786/sub-623786_ses-20220913T211940.nwb,1670568578,3fd51cd3438fa5d64500ca507355cd0c-25,58fb0b4abebff8ca4a1401c8cc12e49951a1932d91b5d71e0d3bee377cf24c52,application/x-nwb,2024-06-08T02:19:05.022992-07:00,2026-08-25T22:33:02.861466+00:00,https://dandiarchive.s3.amazonaws.com/blobs/a3f/49c/a3f49c1c-0ca2-4e5b-8867-f27db4227228,session_nwb,623786,2022-09-13T21:19:40.314000Z,EPHYS_2,Male,wt/wt,Mus musculus - House mouse,P199D,6,https://dandiarchive.s3.amazonaws.com/blobs/a3f/49c/a3f49c1c-0ca2-4e5b-8867-f27db4227228,1210608527,1210650674,2022-09-13 14:19:40.314000,2,M,wt/wt,DynamicGating,199,1858,2304,im114_r-1.0,true,/Users/benh/github/ai-dg-paper/results/cache/dynamic_gating_session_metadata.csv,24,24,true,true,no_reward_late,2,true,0.037037037037037035,1,27,0.0625,1,16,-0.2594669224220152,true,true
001051,0.260825.2232,10.48324/dandi.001051/0.260825.2232,https://dandiarchive.s3.amazonaws.com/dandisets/001051/0.260825.2232/assets.jsonld,2026-09-07T03:05:27.689410+00:00,2bdc8864-5dfd-4e61-8947-200245eb1db8,sub-623786/sub-623786_ses-20220913T211940.nwb,1670568578,3fd51cd3438fa5d64500ca507355cd0c-25,58fb0b4abebff8ca4a1401c8cc12e49951a1932d91b5d71e0d3bee377cf24c52,application/x-nwb,2024-06-08T02:19:05.022992-07:00,2026-08-25T22:33:02.861466+00:00,https://dandiarchive.s3.amazonaws.com/blobs/a3f/49c/a3f49c1c-0ca2-4e5b-8867-f27db4227228,session_nwb,623786,2022-09-13T21:19:40.314000Z,EPHYS_2,Male,wt/wt,Mus musculus - House mouse,P199D,6,https://dandiarchive.s3.amazonaws.com/blobs/a3f/49c/a3f49c1c-0ca2-4e5b-8867-f27db4227228,1210608527,1210650674,2022-09-13 14:19:40.314000,2,M,wt/wt,DynamicGating,199,1858,2304,im114_r-1.0,true,/Users/benh/github/ai-dg-paper/results/cache/dynamic_gating_session_metadata.csv,24,24,true,true,engaged_2_early,3,true,0.725,29,40,0.0,0,22,2.600479207115598,true,true
001051,0.260825.2232,10.48324/dandi.001051/0.260825.2232,https://dandiarchive.s3.amazonaws.com/dandisets/001051/0.260825.2232/assets.jsonld,2026-09-07T03:05:27.689410+00:00,2bdc8864-5dfd-4e61-8947-200245eb1db8,sub-623786/sub-623786_ses-20220913T211940.nwb,1670568578,3fd51cd3438fa5d64500ca507355cd0c-25,58fb0b4abebff8ca4a1401c8cc12e49951a1932d91b5d71e0d3bee377cf24c52,application/x-nwb,2024-06-08T02:19:05.022992-07:00,2026-08-25T22:33:02.861466+00:00,https://dandiarchive.s3.amazonaws.com/blobs/a3f/49c/a3f49c1c-0ca2-4e5b-8867-f27db4227228,session_nwb,623786,2022-09-13T21:19:40.314000Z,EPHYS_2,Male,wt/wt,Mus musculus - House mouse,P199D,6,https://dandiarchive.s3.amazonaws.com/blobs/a3f/49c/a3f49c1c-0ca2-4e5b-8867-f27db4227228,1210608527,1210650674,2022-09-13 14:19:40.314000,2,M,wt/wt,DynamicGating,199,1858,2304,im114_r-1.0,true,/Users/benh/github/ai-dg-paper/results/cache/dynamic_gating_session_metadata.csv,24,24,true,true,engaged_2_late,4,false,0.6333333333333333,19,30,0.0,0,18,2.267222857830951,true,true
001051,0.260825.2232,10.48324/dandi.001051/0.260825.2232,https://dandiarchive.s3.amazonaws.com/dandisets/001051/0.260825.2232/assets.jsonld,2026-09-07T03:05:27.689410+00:00,bd27f5db-6efd-44d4-a447-6e4b452d764a,sub-623784/sub-623784_ses-20220829T215528.nwb,1652287993,3dde916a360774a70759e0bd6342ec7d-25,3e70f2aed16e9cc42d7d481285a29adee8b43aafb0b5aaaf550aef8432d5d5af,application/x-nwb,2024-06-08T01:42:18.712110-07:00,2026-08-25T22:33:02.547088+00:00,https://dandiarchive.s3.amazonaws.com/blobs/abc/f33/abcf33cb-a783-47f9-be38-2ffdc58b957c,session_nwb,623784,2022-08-29T21:55:28.889000Z,EPHYS_1,Male,wt/wt,Mus musculus - House mouse,P185D,6,https://dandiarchive.s3.amazonaws.com/blobs/abc/f33/abcf33cb-a783-47f9-be38-2ffdc58b957c,1202438738,1202475617,2022-08-29 14:55:28.889000,1,M,wt/wt,DynamicGating,185,1575,2304,im104_r-1.0,true,/Users/benh/github/ai-dg-paper/results/cache/dynamic_gating_session_metadata.csv,24,24,true,true,engaged_1,1,true,0.9032258064516129,28,31,0.3333333333333333,7,21,1.639842081403926,true,false
001051,0.260825.2232,10.48324/dandi.001051/0.260825.2232,https://dandiarchive.s3.amazonaws.com/dandisets/001051/0.260825.2232/assets.jsonld,2026-09-07T03:05:27.689410+00:00,bd27f5db-6efd-44d4-a447-6e4b452d764a,sub-623784/sub-623784_ses-20220829T215528.nwb,1652287993,3dde916a360774a70759e0bd6342ec7d-25,3e70f2aed16e9cc42d7d481285a29adee8b43aafb0b5aaaf550aef8432d5d5af,application/x-nwb,2024-06-08T01:42:18.712110-07:00,2026-08-25T22:33:02.547088+00:00,https://dandiarchive.s3.amazonaws.com/blobs/abc/f33/abcf33cb-a783-47f9-be38-2ffdc58b957c,session_nwb,623784,2022-08-29T21:55:28.889000Z,EPHYS_1,Male,wt/wt,Mus musculus - House mouse,P185D,6,https://dandiarchive.s3.amazonaws.com/blobs/abc/f33/abcf33cb-a783-47f9-be38-2ffdc58b957c,1202438738,1202475617,2022-08-29 14:55:28.889000,1,M,wt/wt,DynamicGating,185,1575,2304,im104_r-1.0,true,/Users/benh/github/ai-dg-paper/results/cache/dynamic_gating_session_metadata.csv,24,24,true,true,no_reward_late,2,true,0.65,13,20,0.2727272727272727,3,11,0.9146286394986675,true,false
001051,0.260825.2232,10.48324/dandi.001051/0.260825.2232,https://dandiarchive.s3.amazonaws.com/dandisets/001051/0.260825.2232/assets.jsonld,2026-09-07T03:05:27.689410+00:00,bd27f5db-6efd-44d4-a447-6e4b452d764a,sub-623784/sub-623784_ses-20220829T215528.nwb,1652287993,3dde916a360774a70759e0bd6342ec7d-25,3e70f2aed16e9cc42d7d481285a29adee8b43aafb0b5aaaf550aef8432d5d5af,application/x-nwb,2024-06-08T01:42:18.712110-07:00,2026-08-25T22:33:02.547088+00:00,https://dandiarchive.s3.amazonaws.com/blobs/abc/f33/abcf33cb-a783-47f9-be38-2ffdc58b957c,session_nwb,623784,2022-08-29T21:55:28.889000Z,EPHYS_1,Male,wt/wt,Mus musculus - House mouse,P185D,6,https://dandiarchive.s3.amazonaws.com/blobs/abc/f33/abcf33cb-a783-47f9-be38-2ffdc58b957c,1202438738,1202475617,2022-08-29 14:55:28.889000,1,M,wt/wt,DynamicGating,185,1575,2304,im104_r-1.0,true,/Users/benh/github/ai-dg-paper/results/cache/dynamic_gating_session_metadata.csv,24,24,true,true,engaged_2_early,3,true,0.8235294117647058,28,34,0.13043478260869565,3,23,1.9482730829495418,true,false
001051,0.260825.2232,10.48324/dandi.001051/0.260825.2232,https://dandiarchive.s3.amazonaws.com/dandisets/001051/0.260825.2232/assets.jsonld,2026-09-07T03:05:27.689410+00:00,bd27f5db-6efd-44d4-a447-6e4b452d764a,sub-623784/sub-623784_ses-20220829T215528.nwb,1652287993,3dde916a360774a70759e0bd6342ec7d-25,3e70f2aed16e9cc42d7d481285a29adee8b43aafb0b5aaaf550aef8432d5d5af,application/x-nwb,2024-06-08T01:42:18.712110-07:00,2026-08-25T22:33:02.547088+00:00,https://dandiarchive.s3.amazonaws.com/blobs/abc/f33/abcf33cb-a783-47f9-be38-2ffdc58b957c,session_nwb,623784,2022-08-29T21:55:28.889000Z,EPHYS_1,Male,wt/wt,Mus musculus - House mouse,P185D,6,https://dandiarchive.s3.amazonaws.com/blobs/abc/f33/abcf33cb-a783-47f9-be38-2ffdc58b957c,1202438738,1202475617,2022-08-29 14:55:28.889000,1,M,wt/wt,DynamicGating,185,1575,2304,im104_r-1.0,true,/Users/benh/github/ai-dg-paper/results/cache/dynamic_gating_session_metadata.csv,24,24,true,true,engaged_2_late,4,false,0.875,21,24,0.26666666666666666,4,15,1.6594515030705121,true,false
001051,0.260825.2232,10.48324/dandi.001051/0.260825.2232,https://dandiarchive.s3.amazonaws.com/dandisets/001051/0.260825.2232/assets.jsonld,2026-09-07T03:05:27.689410+00:00,8c64cb74-b854-42fa-ac41-5d558917c2d8,sub-637483/sub-637483_ses-20221121T225619.nwb,1758824819,8b4ce59a9190de4da1d53d2e3247e012-27,cfb1ae73a09172646541bc5faa93b01b23e946121a02808036dc03a85917437b,application/x-nwb,2024-06-08T05:15:33.913064-07:00,2026-08-25T22:33:04.411442+00:00,https://dandiarchive.s3.amazonaws.com/blobs/abe/045/abe045a7-cd57-4618-a695-02068dbb75c1,session_nwb,637483,2022-11-21T22:56:19.287000Z,EPHYS_1,Male,Sst-IRES-Cre/wt;Ai32(RCL-ChR2(H134R)_EYFP)/wt,Mus musculus - House mouse,P167D,6,https://dandiarchive.s3.amazonaws.com/blobs/abe/045/abe045a7-cd57-4618-a695-02068dbb75c1,1227622013,1227661589,2022-11-21 14:56:19.287000,1,M,Sst-IRES-Cre/wt;Ai32(RCL-ChR2(H134R)_EYFP)/wt,DynamicGating,167,1815,2304,im104_r-1.0,true,/Users/benh/github/ai-dg-paper/results/cache/dynamic_gating_session_metadata.csv,18,18,true,true,engaged_1,1,true,0.9333333333333333,42,45,0.034482758620689655,1,29,3.076748488472031,true,true
001051,0.260825.2232,10.48324/dandi.001051/0.260825.2232,https://dandiarchive.s3.amazonaws.com/dandisets/001051/0.260825.2232/assets.jsonld,2026-09-07T03:05:27.689410+00:00,8c64cb74-b854-42fa-ac41-5d558917c2d8,sub-637483/sub-637483_ses-20221121T225619.nwb,1758824819,8b4ce59a9190de4da1d53d2e3247e012-27,cfb1ae73a09172646541bc5faa93b01b23e946121a02808036dc03a85917437b,application/x-nwb,2024-06-08T05:15:33.913064-07:00,2026-08-25T22:33:04.411442+00:00,https://dandiarchive.s3.amazonaws.com/blobs/abe/045/abe045a7-cd57-4618-a695-02068dbb75c1,session_nwb,637483,2022-11-21T22:56:19.287000Z,EPHYS_1,Male,Sst-IRES-Cre/wt;Ai32(RCL-ChR2(H134R)_EYFP)/wt,Mus musculus - House mouse,P167D,6,https://dandiarchive.s3.amazonaws.com/blobs/abe/045/abe045a7-cd57-4618-a695-02068dbb75c1,1227622013,1227661589,2022-11-21 14:56:19.287000,1,M,Sst-IRES-Cre/wt;Ai32(RCL-ChR2(H134R)_EYFP)/wt,DynamicGating,167,1815,2304,im104_r-1.0,true,/Users/benh/github/ai-dg-paper/results/cache/dynamic_gating_session_metadata.csv,18,18,true,true,no_reward_late,2,true,0.16,4,25,0.17647058823529413,3,17,-0.0804416548216037,true,true
001051,0.260825.2232,10.48324/dandi.001051/0.260825.2232,https://dandiarchive.s3.amazonaws.com/dandisets/001051/0.260825.2232/assets.jsonld,2026-09-07T03:05:27.689410+00:00,8c64cb74-b854-42fa-ac41-5d558917c2d8,sub-637483/sub-637483_ses-20221121T225619.nwb,1758824819,8b4ce59a9190de4da1d53d2e3247e012-27,cfb1ae73a09172646541bc5faa93b01b23e946121a02808036dc03a85917437b,application/x-nwb,2024-06-08T05:15:33.913064-07:00,2026-08-25T22:33:04.411442+00:00,https://dandiarchive.s3.amazonaws.com/blobs/abe/045/abe045a7-cd57-4618-a695-02068dbb75c1,session_nwb,637483,2022-11-21T22:56:19.287000Z,EPHYS_1,Male,Sst-IRES-Cre/wt;Ai32(RCL-ChR2(H134R)_EYFP)/wt,Mus musculus - House mouse,P167D,6,https://dandiarchive.s3.amazonaws.com/blobs/abe/045/abe045a7-cd57-4618-a695-02068dbb75c1,1227622013,1227661589,2022-11-21 14:56:19.287000,1,M,Sst-IRES-Cre/wt;Ai32(RCL-ChR2(H134R)_EYFP)/wt,DynamicGating,167,1815,2304,im104_r-1.0,true,/Users/benh/github/ai-dg-paper/results/cache/dynamic_gating_session_metadata.csv,18,18,true,true,engaged_2_early,3,true,0.9375,45,48,0.15151515151515152,5,33,2.4524647846756977,true,true
001051,0.260825.2232,10.48324/dandi.001051/0.260825.2232,https://dandiarchive.s3.amazonaws.com/dandisets/001051/0.260825.2232/assets.jsonld,2026-09-07T03:05:27.689410+00:00,8c64cb74-b854-42fa-ac41-5d558917c2d8,sub-637483/sub-637483_ses-20221121T225619.nwb,1758824819,8b4ce59a9190de4da1d53d2e3247e012-27,cfb1ae73a09172646541bc5faa93b01b23e946121a02808036dc03a85917437b,application/x-nwb,2024-06-08T05:15:33.913064-07:00,2026-08-25T22:33:04.411442+00:00,https://dandiarchive.s3.amazonaws.com/blobs/abe/045/abe045a7-cd57-4618-a695-02068dbb75c1,session_nwb,637483,2022-11-21T22:56:19.287000Z,EPHYS_1,Male,Sst-IRES-Cre/wt;Ai32(RCL-ChR2(H134R)_EYFP)/wt,Mus musculus - House mouse,P167D,6,https://dandiarchive.s3.amazonaws.com/blobs/abe/045/abe045a7-cd57-4618-a695-02068dbb75c1,1227622013,1227661589,2022-11-21 14:56:19.287000,1,M,Sst-IRES-Cre/wt;Ai32(RCL-ChR2(H134R)_EYFP)/wt,DynamicGating,167,1815,2304,im104_r-1.0,true,/Users/benh/github/ai-dg-paper/results/cache/dynamic_gating_session_metadata.csv,18,18,true,true,engaged_2_late,4,false,0.975,39,40,0.09523809523809523,2,21,2.999178337600717,true,true
001051,0.260825.2232,10.48324/dandi.001051/0.260825.2232,https://dandiarchive.s3.amazonaws.com/dandisets/001051/0.260825.2232/assets.jsonld,2026-09-07T03:05:27.689410+00:00,b79178fa-9225-4a9c-9e2d-1d24eca87c83,sub-637488/sub-637488_ses-20221207T082121.nwb,1696927504,626c3e537c4715270ebfd669f7053ff3-26,94c53da6c2a43c6107be7002d350ba569d20fd54d61420733a74e87f38ae0dce,application/x-nwb,2024-06-08T05:39:36.898408-07:00,2026-08-25T22:33:04.649279+00:00,https://dandiarchive.s3.amazonaws.com/blobs/b2e/656/b2e6563b-6164-4f85-ab61-a16d682acc5a,session_nwb,637488,2022-12-07T08:21:21.286000Z,EPHYS_2,Female,Sst-IRES-Cre/wt;Ai32(RCL-ChR2(H134R)_EYFP)/wt,Mus musculus - House mouse,P183D,6,https://dandiarchive.s3.amazonaws.com/blobs/b2e/656/b2e6563b-6164-4f85-ab61-a16d682acc5a,1230962048,1231000608,2022-12-07 00:21:21.286000,2,F,Sst-IRES-Cre/wt;Ai32(RCL-ChR2(H134R)_EYFP)/wt,DynamicGating,183,2328,0,im114_r-1.0,true,/Users/benh/github/ai-dg-paper/results/cache/dynamic_gating_session_metadata.csv,24,24,true,true,engaged_1,1,true,0.10714285714285714,6,56,0.0,0,34,0.9840048359845555,true,false
001051,0.260825.2232,10.48324/dandi.001051/0.260825.2232,https://dandiarchive.s3.amazonaws.com/dandisets/001051/0.260825.2232/assets.jsonld,2026-09-07T03:05:27.689410+00:00,b79178fa-9225-4a9c-9e2d-1d24eca87c83,sub-637488/sub-637488_ses-20221207T082121.nwb,1696927504,626c3e537c4715270ebfd669f7053ff3-26,94c53da6c2a43c6107be7002d350ba569d20fd54d61420733a74e87f38ae0dce,application/x-nwb,2024-06-08T05:39:36.898408-07:00,2026-08-25T22:33:04.649279+00:00,https://dandiarchive.s3.amazonaws.com/blobs/b2e/656/b2e6563b-6164-4f85-ab61-a16d682acc5a,session_nwb,637488,2022-12-07T08:21:21.286000Z,EPHYS_2,Female,Sst-IRES-Cre/wt;Ai32(RCL-ChR2(H134R)_EYFP)/wt,Mus musculus - House mouse,P183D,6,https://dandiarchive.s3.amazonaws.com/blobs/b2e/656/b2e6563b-6164-4f85-ab61-a16d682acc5a,1230962048,1231000608,2022-12-07 00:21:21.286000,2,F,Sst-IRES-Cre/wt;Ai32(RCL-ChR2(H134R)_EYFP)/wt,DynamicGating,183,2328,0,im114_r-1.0,true,/Users/benh/github/ai-dg-paper/results/cache/dynamic_gating_session_metadata.csv,24,24,true,true,no_reward_late,2,true,0.0,0,41,0.0,0,24,-0.20644008069755193,true,false
001051,0.260825.2232,10.48324/dandi.001051/0.260825.2232,https://dandiarchive.s3.amazonaws.com/dandisets/001051/0.260825.2232/assets.jsonld,2026-09-07T03:05:27.689410+00:00,b79178fa-9225-4a9c-9e2d-1d24eca87c83,sub-637488/sub-637488_ses-20221207T082121.nwb,1696927504,626c3e537c4715270ebfd669f7053ff3-26,94c53da6c2a43c6107be7002d350ba569d20fd54d61420733a74e87f38ae0dce,application/x-nwb,2024-06-08T05:39:36.898408-07:00,2026-08-25T22:33:04.649279+00:00,https://dandiarchive.s3.amazonaws.com/blobs/b2e/656/b2e6563b-6164-4f85-ab61-a16d682acc5a,session_nwb,637488,2022-12-07T08:21:21.286000Z,EPHYS_2,Female,Sst-IRES-Cre/wt;Ai32(RCL-ChR2(H134R)_EYFP)/wt,Mus musculus - House mouse,P183D,6,https://dandiarchive.s3.amazonaws.com/blobs/b2e/656/b2e6563b-6164-4f85-ab61-a16d682acc5a,1230962048,1231000608,2022-12-07 00:21:21.286000,2,F,Sst-IRES-Cre/wt;Ai32(RCL-ChR2(H134R)_EYFP)/wt,DynamicGating,183,2328,0,im114_r-1.0,true,/Users/benh/github/ai-dg-paper/results/cache/dynamic_gating_session_metadata.csv,24,24,true,true,engaged_2_early,3,true,0.016666666666666666,1,60,0.0,0,38,0.2645808281589983,true,false
001051,0.260825.2232,10.48324/dandi.001051/0.260825.2232,https://dandiarchive.s3.amazonaws.com/dandisets/001051/0.260825.2232/assets.jsonld,2026-09-07T03:05:27.689410+00:00,b79178fa-9225-4a9c-9e2d-1d24eca87c83,sub-637488/sub-637488_ses-20221207T082121.nwb,1696927504,626c3e537c4715270ebfd669f7053ff3-26,94c53da6c2a43c6107be7002d350ba569d20fd54d61420733a74e87f38ae0dce,application/x-nwb,2024-06-08T05:39:36.898408-07:00,2026-08-25T22:33:04.649279+00:00,https://dandiarchive.s3.amazonaws.com/blobs/b2e/656/b2e6563b-6164-4f85-ab61-a16d682acc5a,session_nwb,637488,2022-12-07T08:21:21.286000Z,EPHYS_2,Female,Sst-IRES-Cre/wt;Ai32(RCL-ChR2(H134R)_EYFP)/wt,Mus musculus - House mouse,P183D,6,https://dandiarchive.s3.amazonaws.com/blobs/b2e/656/b2e6563b-6164-4f85-ab61-a16d682acc5a,1230962048,1231000608,2022-12-07 00:21:21.286000,2,F,Sst-IRES-Cre/wt;Ai32(RCL-ChR2(H134R)_EYFP)/wt,DynamicGating,183,2328,0,im114_r-1.0,true,/Users/benh/github/ai-dg-paper/results/cache/dynamic_gating_session_metadata.csv,24,24,true,true,engaged_2_late,4,false,0.0,0,44,0.0,0,26,-0.2011923852791524,true,false
001051,0.260825.2232,10.48324/dandi.001051/0.260825.2232,https://dandiarchive.s3.amazonaws.com/dandisets/001051/0.260825.2232/assets.jsonld,2026-09-07T03:05:27.689410+00:00,63875c19-c4cb-4e90-bd22-53d71fc9e8e7,sub-611166/sub-611166_ses-20220707T210213.nwb,1591973832,cdf0ee849f510e916886e32e407c9dff-24,12d3a7cb02a1dade00e485ac7c4ae103bda5dbdcd8dd0a312dd03a3929bdba4f,application/x-nwb,2024-06-07T19:58:11.705413-07:00,2026-08-25T22:32:59.269489+00:00,https://dandiarchive.s3.amazonaws.com/blobs/b7c/991/b7c991b8-a603-458b-8e4b-8b721669fecd,session_nwb,611166,2022-07-07T21:02:13.853000Z,EPHYS_3,Female,Sst-IRES-Cre/wt;Ai32(RCL-ChR2(H134R)_EYFP)/wt,Mus musculus - House mouse,P228D,5,https://dandiarchive.s3.amazonaws.com/blobs/b7c/991/b7c991b8-a603-458b-8e4b-8b721669fecd,1190094328,1190124105,2022-07-07 14:02:13.853000,3,F,Sst-IRES-Cre/wt;Ai32(RCL-ChR2(H134R)_EYFP)/wt,DynamicGating_DEV,228,1011,0,im005_r-1.0,true,/Users/benh/github/ai-dg-paper/results/cache/dynamic_gating_session_metadata.csv,21,21,true,true,engaged_1,1,true,0.32432432432432434,12,37,0.23076923076923078,3,13,0.23166809259957055,true,false
001051,0.260825.2232,10.48324/dandi.001051/0.260825.2232,https://dandiarchive.s3.amazonaws.com/dandisets/001051/0.260825.2232/assets.jsonld,2026-09-07T03:05:27.689410+00:00,63875c19-c4cb-4e90-bd22-53d71fc9e8e7,sub-611166/sub-611166_ses-20220707T210213.nwb,1591973832,cdf0ee849f510e916886e32e407c9dff-24,12d3a7cb02a1dade00e485ac7c4ae103bda5dbdcd8dd0a312dd03a3929bdba4f,application/x-nwb,2024-06-07T19:58:11.705413-07:00,2026-08-25T22:32:59.269489+00:00,https://dandiarchive.s3.amazonaws.com/blobs/b7c/991/b7c991b8-a603-458b-8e4b-8b721669fecd,session_nwb,611166,2022-07-07T21:02:13.853000Z,EPHYS_3,Female,Sst-IRES-Cre/wt;Ai32(RCL-ChR2(H134R)_EYFP)/wt,Mus musculus - House mouse,P228D,5,https://dandiarchive.s3.amazonaws.com/blobs/b7c/991/b7c991b8-a603-458b-8e4b-8b721669fecd,1190094328,1190124105,2022-07-07 14:02:13.853000,3,F,Sst-IRES-Cre/wt;Ai32(RCL-ChR2(H134R)_EYFP)/wt,DynamicGating_DEV,228,1011,0,im005_r-1.0,true,/Users/benh/github/ai-dg-paper/results/cache/dynamic_gating_session_metadata.csv,21,21,true,true,no_reward_late,2,true,0.0625,3,48,0.0,0,15,0.39749807473612875,true,false
001051,0.260825.2232,10.48324/dandi.001051/0.260825.2232,https://dandiarchive.s3.amazonaws.com/dandisets/001051/0.260825.2232/assets.jsonld,2026-09-07T03:05:27.689410+00:00,63875c19-c4cb-4e90-bd22-53d71fc9e8e7,sub-611166/sub-611166_ses-20220707T210213.nwb,1591973832,cdf0ee849f510e916886e32e407c9dff-24,12d3a7cb02a1dade00e485ac7c4ae103bda5dbdcd8dd0a312dd03a3929bdba4f,application/x-nwb,2024-06-07T19:58:11.705413-07:00,2026-08-25T22:32:59.269489+00:00,https://dandiarchive.s3.amazonaws.com/blobs/b7c/991/b7c991b8-a603-458b-8e4b-8b721669fecd,session_nwb,611166,2022-07-07T21:02:13.853000Z,EPHYS_3,Female,Sst-IRES-Cre/wt;Ai32(RCL-ChR2(H134R)_EYFP)/wt,Mus musculus - House mouse,P228D,5,https://dandiarchive.s3.amazonaws.com/blobs/b7c/991/b7c991b8-a603-458b-8e4b-8b721669fecd,1190094328,1190124105,2022-07-07 14:02:13.853000,3,F,Sst-IRES-Cre/wt;Ai32(RCL-ChR2(H134R)_EYFP)/wt,DynamicGating_DEV,228,1011,0,im005_r-1.0,true,/Users/benh/github/ai-dg-paper/results/cache/dynamic_gating_session_metadata.csv,21,21,true,true,engaged_2_early,3,true,0.45454545454545453,15,33,0.0,0,11,1.6208514838230883,true,false
001051,0.260825.2232,10.48324/dandi.001051/0.260825.2232,https://dandiarchive.s3.amazonaws.com/dandisets/001051/0.260825.2232/assets.jsonld,2026-09-07T03:05:27.689410+00:00,63875c19-c4cb-4e90-bd22-53d71fc9e8e7,sub-611166/sub-611166_ses-20220707T210213.nwb,1591973832,cdf0ee849f510e916886e32e407c9dff-24,12d3a7cb02a1dade00e485ac7c4ae103bda5dbdcd8dd0a312dd03a3929bdba4f,application/x-nwb,2024-06-07T19:58:11.705413-07:00,2026-08-25T22:32:59.269489+00:00,https://dandiarchive.s3.amazonaws.com/blobs/b7c/991/b7c991b8-a603-458b-8e4b-8b721669fecd,session_nwb,611166,2022-07-07T21:02:13.853000Z,EPHYS_3,Female,Sst-IRES-Cre/wt;Ai32(RCL-ChR2(H134R)_EYFP)/wt,Mus musculus - House mouse,P228D,5,https://dandiarchive.s3.amazonaws.com/blobs/b7c/991/b7c991b8-a603-458b-8e4b-8b721669fecd,1190094328,1190124105,2022-07-07 14:02:13.853000,3,F,Sst-IRES-Cre/wt;Ai32(RCL-ChR2(H134R)_EYFP)/wt,DynamicGating_DEV,228,1011,0,im005_r-1.0,true,/Users/benh/github/ai-dg-paper/results/cache/dynamic_gating_session_metadata.csv,21,21,true,true,engaged_2_late,4,false,0.5172413793103449,15,29,0.2222222222222222,2,9,0.7162790480125356,true,false
001051,0.260825.2232,10.48324/dandi.001051/0.260825.2232,https://dandiarchive.s3.amazonaws.com/dandisets/001051/0.260825.2232/assets.jsonld,2026-09-07T03:05:27.689410+00:00,f5742b37-f377-4460-b7be-946b0058aab9,sub-608672/sub-608672_ses-20220502T221921.nwb,2596580442,8c198ec7878e01d582743277d6850d97-39,00e6de6c291cc058f67f51ca3edac7902add72369cdeb3780cb205a60075392e,application/x-nwb,2024-06-07T18:47:53.340328-07:00,2026-08-25T22:32:58.737362+00:00,https://dandiarchive.s3.amazonaws.com/blobs/bee/4c8/bee4c859-5d34-4bb8-aff9-c839f7465d57,session_nwb,608672,2022-05-02T22:19:21.026000Z,EPHYS_1,Female,Sst-IRES-Cre/wt;Ai32(RCL-ChR2(H134R)_EYFP)/wt,Mus musculus - House mouse,P208D,6,https://dandiarchive.s3.amazonaws.com/blobs/bee/4c8/bee4c859-5d34-4bb8-aff9-c839f7465d57,1174553025,1174585672,2022-05-02 15:19:21.026000,1,F,Sst-IRES-Cre/wt;Ai32(RCL-ChR2(H134R)_EYFP)/wt,DynamicGating_DEV,208,2230,2304,im104_r-1.0,true,/Users/benh/github/ai-dg-paper/results/cache/dynamic_gating_session_metadata.csv,24,24,true,true,engaged_1,1,true,0.6521739130434783,30,46,0.21428571428571427,3,14,1.1103632230664693,true,false
001051,0.260825.2232,10.48324/dandi.001051/0.260825.2232,https://dandiarchive.s3.amazonaws.com/dandisets/001051/0.260825.2232/assets.jsonld,2026-09-07T03:05:27.689410+00:00,f5742b37-f377-4460-b7be-946b0058aab9,sub-608672/sub-608672_ses-20220502T221921.nwb,2596580442,8c198ec7878e01d582743277d6850d97-39,00e6de6c291cc058f67f51ca3edac7902add72369cdeb3780cb205a60075392e,application/x-nwb,2024-06-07T18:47:53.340328-07:00,2026-08-25T22:32:58.737362+00:00,https://dandiarchive.s3.amazonaws.com/blobs/bee/4c8/bee4c859-5d34-4bb8-aff9-c839f7465d57,session_nwb,608672,2022-05-02T22:19:21.026000Z,EPHYS_1,Female,Sst-IRES-Cre/wt;Ai32(RCL-ChR2(H134R)_EYFP)/wt,Mus musculus - House mouse,P208D,6,https://dandiarchive.s3.amazonaws.com/blobs/bee/4c8/bee4c859-5d34-4bb8-aff9-c839f7465d57,1174553025,1174585672,2022-05-02 15:19:21.026000,1,F,Sst-IRES-Cre/wt;Ai32(RCL-ChR2(H134R)_EYFP)/wt,DynamicGating_DEV,208,2230,2304,im104_r-1.0,true,/Users/benh/github/ai-dg-paper/results/cache/dynamic_gating_session_metadata.csv,24,24,true,true,no_reward_late,2,true,0.20408163265306123,10,49,0.11764705882352941,2,17,0.27890366105851827,true,false
001051,0.260825.2232,10.48324/dandi.001051/0.260825.2232,https://dandiarchive.s3.amazonaws.com/dandisets/001051/0.260825.2232/assets.jsonld,2026-09-07T03:05:27.689410+00:00,f5742b37-f377-4460-b7be-946b0058aab9,sub-608672/sub-608672_ses-20220502T221921.nwb,2596580442,8c198ec7878e01d582743277d6850d97-39,00e6de6c291cc058f67f51ca3edac7902add72369cdeb3780cb205a60075392e,application/x-nwb,2024-06-07T18:47:53.340328-07:00,2026-08-25T22:32:58.737362+00:00,https://dandiarchive.s3.amazonaws.com/blobs/bee/4c8/bee4c859-5d34-4bb8-aff9-c839f7465d57,session_nwb,608672,2022-05-02T22:19:21.026000Z,EPHYS_1,Female,Sst-IRES-Cre/wt;Ai32(RCL-ChR2(H134R)_EYFP)/wt,Mus musculus - House mouse,P208D,6,https://dandiarchive.s3.amazonaws.com/blobs/bee/4c8/bee4c859-5d34-4bb8-aff9-c839f7465d57,1174553025,1174585672,2022-05-02 15:19:21.026000,1,F,Sst-IRES-Cre/wt;Ai32(RCL-ChR2(H134R)_EYFP)/wt,DynamicGating_DEV,208,2230,2304,im104_r-1.0,true,/Users/benh/github/ai-dg-paper/results/cache/dynamic_gating_session_metadata.csv,24,24,true,true,engaged_2_early,3,true,0.015625,1,64,0.0,0,20,-0.01323120924126453,true,false
001051,0.260825.2232,10.48324/dandi.001051/0.260825.2232,https://dandiarchive.s3.amazonaws.com/dandisets/001051/0.260825.2232/assets.jsonld,2026-09-07T03:05:27.689410+00:00,f5742b37-f377-4460-b7be-946b0058aab9,sub-608672/sub-608672_ses-20220502T221921.nwb,2596580442,8c198ec7878e01d582743277d6850d97-39,00e6de6c291cc058f67f51ca3edac7902add72369cdeb3780cb205a60075392e,application/x-nwb,2024-06-07T18:47:53.340328-07:00,2026-08-25T22:32:58.737362+00:00,https://dandiarchive.s3.amazonaws.com/blobs/bee/4c8/bee4c859-5d34-4bb8-aff9-c839f7465d57,session_nwb,608672,2022-05-02T22:19:21.026000Z,EPHYS_1,Female,Sst-IRES-Cre/wt;Ai32(RCL-ChR2(H134R)_EYFP)/wt,Mus musculus - House mouse,P208D,6,https://dandiarchive.s3.amazonaws.com/blobs/bee/4c8/bee4c859-5d34-4bb8-aff9-c839f7465d57,1174553025,1174585672,2022-05-02 15:19:21.026000,1,F,Sst-IRES-Cre/wt;Ai32(RCL-ChR2(H134R)_EYFP)/wt,DynamicGating_DEV,208,2230,2304,im104_r-1.0,true,/Users/benh/github/ai-dg-paper/results/cache/dynamic_gating_session_metadata.csv,24,24,true,true,engaged_2_late,4,false,0.02702702702702703,1,37,0.0,0,14,0.07708802856400943,true,false
001051,0.260825.2232,10.48324/dandi.001051/0.260825.2232,https://dandiarchive.s3.amazonaws.com/dandisets/001051/0.260825.2232/assets.jsonld,2026-09-07T03:05:27.689410+00:00,bbc9b4f4-c1b1-4a53-9ba8-8a9db6c1b104,sub-607660/sub-607660_ses-20220606T223505.nwb,2486657270,533408266836bf8b8a28d7ae5ad24720-38,de493610ec7433e14a55d3360c59c24269cb2f45eb55d40af15d131e8a793eae,application/x-nwb,2024-06-07T17:30:17.016012-07:00,2026-08-25T22:32:58.179901+00:00,https://dandiarchive.s3.amazonaws.com/blobs/c1b/70d/c1b70d41-1214-4afd-9fcc-b1a3b128c5d6,session_nwb,607660,2022-06-06T22:35:05.429000Z,EPHYS_1,Female,Sst-IRES-Cre/wt;Ai32(RCL-ChR2(H134R)_EYFP)/wt,Mus musculus - House mouse,P225D,6,https://dandiarchive.s3.amazonaws.com/blobs/c1b/70d/c1b70d41-1214-4afd-9fcc-b1a3b128c5d6,1182427414,1182459075,2022-06-06 15:35:05.429000,1,F,Sst-IRES-Cre/wt;Ai32(RCL-ChR2(H134R)_EYFP)/wt,DynamicGating_DEV,225,2267,1920,im104_r-1.0,true,/Users/benh/github/ai-dg-paper/results/cache/dynamic_gating_session_metadata.csv,24,24,true,true,engaged_1,1,true,0.32608695652173914,15,46,0.06666666666666667,1,15,0.8775101457595785,true,false
001051,0.260825.2232,10.48324/dandi.001051/0.260825.2232,https://dandiarchive.s3.amazonaws.com/dandisets/001051/0.260825.2232/assets.jsonld,2026-09-07T03:05:27.689410+00:00,bbc9b4f4-c1b1-4a53-9ba8-8a9db6c1b104,sub-607660/sub-607660_ses-20220606T223505.nwb,2486657270,533408266836bf8b8a28d7ae5ad24720-38,de493610ec7433e14a55d3360c59c24269cb2f45eb55d40af15d131e8a793eae,application/x-nwb,2024-06-07T17:30:17.016012-07:00,2026-08-25T22:32:58.179901+00:00,https://dandiarchive.s3.amazonaws.com/blobs/c1b/70d/c1b70d41-1214-4afd-9fcc-b1a3b128c5d6,session_nwb,607660,2022-06-06T22:35:05.429000Z,EPHYS_1,Female,Sst-IRES-Cre/wt;Ai32(RCL-ChR2(H134R)_EYFP)/wt,Mus musculus - House mouse,P225D,6,https://dandiarchive.s3.amazonaws.com/blobs/c1b/70d/c1b70d41-1214-4afd-9fcc-b1a3b128c5d6,1182427414,1182459075,2022-06-06 15:35:05.429000,1,F,Sst-IRES-Cre/wt;Ai32(RCL-ChR2(H134R)_EYFP)/wt,DynamicGating_DEV,225,2267,1920,im104_r-1.0,true,/Users/benh/github/ai-dg-paper/results/cache/dynamic_gating_session_metadata.csv,24,24,true,true,no_reward_late,2,true,0.1276595744680851,6,47,0.14285714285714285,2,14,-0.13372394227215212,true,false
001051,0.260825.2232,10.48324/dandi.001051/0.260825.2232,https://dandiarchive.s3.amazonaws.com/dandisets/001051/0.260825.2232/assets.jsonld,2026-09-07T03:05:27.689410+00:00,bbc9b4f4-c1b1-4a53-9ba8-8a9db6c1b104,sub-607660/sub-607660_ses-20220606T223505.nwb,2486657270,533408266836bf8b8a28d7ae5ad24720-38,de493610ec7433e14a55d3360c59c24269cb2f45eb55d40af15d131e8a793eae,application/x-nwb,2024-06-07T17:30:17.016012-07:00,2026-08-25T22:32:58.179901+00:00,https://dandiarchive.s3.amazonaws.com/blobs/c1b/70d/c1b70d41-1214-4afd-9fcc-b1a3b128c5d6,session_nwb,607660,2022-06-06T22:35:05.429000Z,EPHYS_1,Female,Sst-IRES-Cre/wt;Ai32(RCL-ChR2(H134R)_EYFP)/wt,Mus musculus - House mouse,P225D,6,https://dandiarchive.s3.amazonaws.com/blobs/c1b/70d/c1b70d41-1214-4afd-9fcc-b1a3b128c5d6,1182427414,1182459075,2022-06-06 15:35:05.429000,1,F,Sst-IRES-Cre/wt;Ai32(RCL-ChR2(H134R)_EYFP)/wt,DynamicGating_DEV,225,2267,1920,im104_r-1.0,true,/Users/benh/github/ai-dg-paper/results/cache/dynamic_gating_session_metadata.csv,24,24,true,true,engaged_2_early,3,true,0.0851063829787234,4,47,0.058823529411764705,1,17,0.0649832297971018,true,false
001051,0.260825.2232,10.48324/dandi.001051/0.260825.2232,https://dandiarchive.s3.amazonaws.com/dandisets/001051/0.260825.2232/assets.jsonld,2026-09-07T03:05:27.689410+00:00,bbc9b4f4-c1b1-4a53-9ba8-8a9db6c1b104,sub-607660/sub-607660_ses-20220606T223505.nwb,2486657270,533408266836bf8b8a28d7ae5ad24720-38,de493610ec7433e14a55d3360c59c24269cb2f45eb55d40af15d131e8a793eae,application/x-nwb,2024-06-07T17:30:17.016012-07:00,2026-08-25T22:32:58.179901+00:00,https://dandiarchive.s3.amazonaws.com/blobs/c1b/70d/c1b70d41-1214-4afd-9fcc-b1a3b128c5d6,session_nwb,607660,2022-06-06T22:35:05.429000Z,EPHYS_1,Female,Sst-IRES-Cre/wt;Ai32(RCL-ChR2(H134R)_EYFP)/wt,Mus musculus - House mouse,P225D,6,https://dandiarchive.s3.amazonaws.com/blobs/c1b/70d/c1b70d41-1214-4afd-9fcc-b1a3b128c5d6,1182427414,1182459075,2022-06-06 15:35:05.429000,1,F,Sst-IRES-Cre/wt;Ai32(RCL-ChR2(H134R)_EYFP)/wt,DynamicGating_DEV,225,2267,1920,im104_r-1.0,true,/Users/benh/github/ai-dg-paper/results/cache/dynamic_gating_session_metadata.csv,24,24,true,true,engaged_2_late,4,false,0.0,0,37,0.09090909090909091,1,11,-1.071170207961829,true,false
001051,0.260825.2232,10.48324/dandi.001051/0.260825.2232,https://dandiarchive.s3.amazonaws.com/dandisets/001051/0.260825.2232/assets.jsonld,2026-09-07T03:05:27.689410+00:00,de002a4b-649b-4532-ae3f-d7864309fe9d,sub-614547/sub-614547_ses-20220603T181003.nwb,2062549178,41b77ce91ca528f8d6d6674210e030de-31,336fd4d5444d344e08ecd8232c84499a408079dc3b3eb94f6179b0ee65c49b3f,application/x-nwb,2024-06-07T21:06:50.600614-07:00,2026-08-25T22:32:59.824746+00:00,https://dandiarchive.s3.amazonaws.com/blobs/c78/ef5/c78ef53f-16de-4f5e-8235-afe87a226203,session_nwb,614547,2022-06-03T18:10:03.464000Z,EPHYS_4,Male,Vip-IRES-Cre/wt;Ai32(RCL-ChR2(H134R)_EYFP)/wt,Mus musculus - House mouse,P167D,6,https://dandiarchive.s3.amazonaws.com/blobs/c78/ef5/c78ef53f-16de-4f5e-8235-afe87a226203,1181731440,1181781821,2022-06-03 11:10:03.464000,4,M,Vip-IRES-Cre/wt;Ai32(RCL-ChR2(H134R)_EYFP)/wt,DynamicGating_DEV,167,1710,1920,im087_r-1.0,true,/Users/benh/github/ai-dg-paper/results/cache/dynamic_gating_session_metadata.csv,17,17,true,true,engaged_1,1,true,0.7692307692307693,30,39,0.15384615384615385,2,13,1.635190416648566,true,true
001051,0.260825.2232,10.48324/dandi.001051/0.260825.2232,https://dandiarchive.s3.amazonaws.com/dandisets/001051/0.260825.2232/assets.jsonld,2026-09-07T03:05:27.689410+00:00,de002a4b-649b-4532-ae3f-d7864309fe9d,sub-614547/sub-614547_ses-20220603T181003.nwb,2062549178,41b77ce91ca528f8d6d6674210e030de-31,336fd4d5444d344e08ecd8232c84499a408079dc3b3eb94f6179b0ee65c49b3f,application/x-nwb,2024-06-07T21:06:50.600614-07:00,2026-08-25T22:32:59.824746+00:00,https://dandiarchive.s3.amazonaws.com/blobs/c78/ef5/c78ef53f-16de-4f5e-8235-afe87a226203,session_nwb,614547,2022-06-03T18:10:03.464000Z,EPHYS_4,Male,Vip-IRES-Cre/wt;Ai32(RCL-ChR2(H134R)_EYFP)/wt,Mus musculus - House mouse,P167D,6,https://dandiarchive.s3.amazonaws.com/blobs/c78/ef5/c78ef53f-16de-4f5e-8235-afe87a226203,1181731440,1181781821,2022-06-03 11:10:03.464000,4,M,Vip-IRES-Cre/wt;Ai32(RCL-ChR2(H134R)_EYFP)/wt,DynamicGating_DEV,167,1710,1920,im087_r-1.0,true,/Users/benh/github/ai-dg-paper/results/cache/dynamic_gating_session_metadata.csv,17,17,true,true,no_reward_late,2,true,0.16,8,50,0.07142857142857142,1,14,0.31412999944289943,true,true
001051,0.260825.2232,10.48324/dandi.001051/0.260825.2232,https://dandiarchive.s3.amazonaws.com/dandisets/001051/0.260825.2232/assets.jsonld,2026-09-07T03:05:27.689410+00:00,de002a4b-649b-4532-ae3f-d7864309fe9d,sub-614547/sub-614547_ses-20220603T181003.nwb,2062549178,41b77ce91ca528f8d6d6674210e030de-31,336fd4d5444d344e08ecd8232c84499a408079dc3b3eb94f6179b0ee65c49b3f,application/x-nwb,2024-06-07T21:06:50.600614-07:00,2026-08-25T22:32:59.824746+00:00,https://dandiarchive.s3.amazonaws.com/blobs/c78/ef5/c78ef53f-16de-4f5e-8235-afe87a226203,session_nwb,614547,2022-06-03T18:10:03.464000Z,EPHYS_4,Male,Vip-IRES-Cre/wt;Ai32(RCL-ChR2(H134R)_EYFP)/wt,Mus musculus - House mouse,P167D,6,https://dandiarchive.s3.amazonaws.com/blobs/c78/ef5/c78ef53f-16de-4f5e-8235-afe87a226203,1181731440,1181781821,2022-06-03 11:10:03.464000,4,M,Vip-IRES-Cre/wt;Ai32(RCL-ChR2(H134R)_EYFP)/wt,DynamicGating_DEV,167,1710,1920,im087_r-1.0,true,/Users/benh/github/ai-dg-paper/results/cache/dynamic_gating_session_metadata.csv,17,17,true,true,engaged_2_early,3,true,0.8285714285714286,29,35,0.25,3,12,1.528391031279582,true,true
001051,0.260825.2232,10.48324/dandi.001051/0.260825.2232,https://dandiarchive.s3.amazonaws.com/dandisets/001051/0.260825.2232/assets.jsonld,2026-09-07T03:05:27.689410+00:00,de002a4b-649b-4532-ae3f-d7864309fe9d,sub-614547/sub-614547_ses-20220603T181003.nwb,2062549178,41b77ce91ca528f8d6d6674210e030de-31,336fd4d5444d344e08ecd8232c84499a408079dc3b3eb94f6179b0ee65c49b3f,application/x-nwb,2024-06-07T21:06:50.600614-07:00,2026-08-25T22:32:59.824746+00:00,https://dandiarchive.s3.amazonaws.com/blobs/c78/ef5/c78ef53f-16de-4f5e-8235-afe87a226203,session_nwb,614547,2022-06-03T18:10:03.464000Z,EPHYS_4,Male,Vip-IRES-Cre/wt;Ai32(RCL-ChR2(H134R)_EYFP)/wt,Mus musculus - House mouse,P167D,6,https://dandiarchive.s3.amazonaws.com/blobs/c78/ef5/c78ef53f-16de-4f5e-8235-afe87a226203,1181731440,1181781821,2022-06-03 11:10:03.464000,4,M,Vip-IRES-Cre/wt;Ai32(RCL-ChR2(H134R)_EYFP)/wt,DynamicGating_DEV,167,1710,1920,im087_r-1.0,true,/Users/benh/github/ai-dg-paper/results/cache/dynamic_gating_session_metadata.csv,17,17,true,true,engaged_2_late,4,false,0.8181818181818182,18,22,0.0,0,8,2.4504731382442286,true,true
001051,0.260825.2232,10.48324/dandi.001051/0.260825.2232,https://dandiarchive.s3.amazonaws.com/dandisets/001051/0.260825.2232/assets.jsonld,2026-09-07T03:05:27.689410+00:00,5bdd3216-d983-4c12-b999-85c0f9ddddce,sub-623786/sub-623786_ses-20220914T210304.nwb,2060112365,0e8f2f15e9c300e2f3f1e4766a8c77e1-31,fdb6b3d6da0ac922d5a8005edd226bc1eb6a3d196719986e708304a05d6c8945,application/x-nwb,2024-06-08T02:18:30.378231-07:00,2026-08-25T22:33:02.824082+00:00,https://dandiarchive.s3.amazonaws.com/blobs/cd5/f63/cd5f6323-15e9-4c59-b36c-477c6daead5a,session_nwb,623786,2022-09-14T21:03:04.093000Z,EPHYS_3,Male,wt/wt,Mus musculus - House mouse,P199D,6,https://dandiarchive.s3.amazonaws.com/blobs/cd5/f63/cd5f6323-15e9-4c59-b36c-477c6daead5a,1210863396,1210916970,2022-09-14 14:03:04.093000,3,M,wt/wt,DynamicGating,199,2469,2304,im005_r-1.0,true,/Users/benh/github/ai-dg-paper/results/cache/dynamic_gating_session_metadata.csv,24,24,true,true,engaged_1,1,true,0.7419354838709677,23,31,0.1,2,20,1.805860129958282,true,true
001051,0.260825.2232,10.48324/dandi.001051/0.260825.2232,https://dandiarchive.s3.amazonaws.com/dandisets/001051/0.260825.2232/assets.jsonld,2026-09-07T03:05:27.689410+00:00,5bdd3216-d983-4c12-b999-85c0f9ddddce,sub-623786/sub-623786_ses-20220914T210304.nwb,2060112365,0e8f2f15e9c300e2f3f1e4766a8c77e1-31,fdb6b3d6da0ac922d5a8005edd226bc1eb6a3d196719986e708304a05d6c8945,application/x-nwb,2024-06-08T02:18:30.378231-07:00,2026-08-25T22:33:02.824082+00:00,https://dandiarchive.s3.amazonaws.com/blobs/cd5/f63/cd5f6323-15e9-4c59-b36c-477c6daead5a,session_nwb,623786,2022-09-14T21:03:04.093000Z,EPHYS_3,Male,wt/wt,Mus musculus - House mouse,P199D,6,https://dandiarchive.s3.amazonaws.com/blobs/cd5/f63/cd5f6323-15e9-4c59-b36c-477c6daead5a,1210863396,1210916970,2022-09-14 14:03:04.093000,3,M,wt/wt,DynamicGating,199,2469,2304,im005_r-1.0,true,/Users/benh/github/ai-dg-paper/results/cache/dynamic_gating_session_metadata.csv,24,24,true,true,no_reward_late,2,true,0.03333333333333333,1,30,0.0,0,16,0.22881234977938858,true,true
001051,0.260825.2232,10.48324/dandi.001051/0.260825.2232,https://dandiarchive.s3.amazonaws.com/dandisets/001051/0.260825.2232/assets.jsonld,2026-09-07T03:05:27.689410+00:00,5bdd3216-d983-4c12-b999-85c0f9ddddce,sub-623786/sub-623786_ses-20220914T210304.nwb,2060112365,0e8f2f15e9c300e2f3f1e4766a8c77e1-31,fdb6b3d6da0ac922d5a8005edd226bc1eb6a3d196719986e708304a05d6c8945,application/x-nwb,2024-06-08T02:18:30.378231-07:00,2026-08-25T22:33:02.824082+00:00,https://dandiarchive.s3.amazonaws.com/blobs/cd5/f63/cd5f6323-15e9-4c59-b36c-477c6daead5a,session_nwb,623786,2022-09-14T21:03:04.093000Z,EPHYS_3,Male,wt/wt,Mus musculus - House mouse,P199D,6,https://dandiarchive.s3.amazonaws.com/blobs/cd5/f63/cd5f6323-15e9-4c59-b36c-477c6daead5a,1210863396,1210916970,2022-09-14 14:03:04.093000,3,M,wt/wt,DynamicGating,199,2469,2304,im005_r-1.0,true,/Users/benh/github/ai-dg-paper/results/cache/dynamic_gating_session_metadata.csv,24,24,true,true,engaged_2_early,3,true,0.8378378378378378,31,37,0.05,1,20,2.4152475483548437,true,true
001051,0.260825.2232,10.48324/dandi.001051/0.260825.2232,https://dandiarchive.s3.amazonaws.com/dandisets/001051/0.260825.2232/assets.jsonld,2026-09-07T03:05:27.689410+00:00,5bdd3216-d983-4c12-b999-85c0f9ddddce,sub-623786/sub-623786_ses-20220914T210304.nwb,2060112365,0e8f2f15e9c300e2f3f1e4766a8c77e1-31,fdb6b3d6da0ac922d5a8005edd226bc1eb6a3d196719986e708304a05d6c8945,application/x-nwb,2024-06-08T02:18:30.378231-07:00,2026-08-25T22:33:02.824082+00:00,https://dandiarchive.s3.amazonaws.com/blobs/cd5/f63/cd5f6323-15e9-4c59-b36c-477c6daead5a,session_nwb,623786,2022-09-14T21:03:04.093000Z,EPHYS_3,Male,wt/wt,Mus musculus - House mouse,P199D,6,https://dandiarchive.s3.amazonaws.com/blobs/cd5/f63/cd5f6323-15e9-4c59-b36c-477c6daead5a,1210863396,1210916970,2022-09-14 14:03:04.093000,3,M,wt/wt,DynamicGating,199,2469,2304,im005_r-1.0,true,/Users/benh/github/ai-dg-paper/results/cache/dynamic_gating_session_metadata.csv,24,24,true,true,engaged_2_late,4,false,0.8125,26,32,0.10526315789473684,2,19,2.002844414650702,true,true
001051,0.260825.2232,10.48324/dandi.001051/0.260825.2232,https://dandiarchive.s3.amazonaws.com/dandisets/001051/0.260825.2232/assets.jsonld,2026-09-07T03:05:27.689410+00:00,ea0f88cb-c8eb-4b89-8810-99d3e7133c46,sub-615563/sub-615563_ses-20220726T223606.nwb,2323548849,60f9a23c30cd97eb8c6f3760f90d91d1-35,18fcfc8ab62cfc330c3f6196ef442129fb7aa85321743b11ebe623a7835e0417,application/x-nwb,2024-06-07T23:28:36.023790-07:00,2026-08-25T22:33:01.033983+00:00,https://dandiarchive.s3.amazonaws.com/blobs/ce1/184/ce11847a-19b5-4a16-a4f9-b904cc8aece6,session_nwb,615563,2022-07-26T22:36:06.211000Z,EPHYS_1,Male,Sst-IRES-Cre/wt;Ai32(RCL-ChR2(H134R)_EYFP)/wt,Mus musculus - House mouse,P213D,6,https://dandiarchive.s3.amazonaws.com/blobs/ce1/184/ce11847a-19b5-4a16-a4f9-b904cc8aece6,1194411467,1194443657,2022-07-26 15:36:06.211000,1,M,Sst-IRES-Cre/wt;Ai32(RCL-ChR2(H134R)_EYFP)/wt,DynamicGating,213,2878,2304,im104_r-1.0,true,/Users/benh/github/ai-dg-paper/results/cache/dynamic_gating_session_metadata.csv,18,18,true,true,engaged_1,1,true,0.8444444444444444,38,45,0.07407407407407407,2,27,2.3271928024861506,true,true
001051,0.260825.2232,10.48324/dandi.001051/0.260825.2232,https://dandiarchive.s3.amazonaws.com/dandisets/001051/0.260825.2232/assets.jsonld,2026-09-07T03:05:27.689410+00:00,ea0f88cb-c8eb-4b89-8810-99d3e7133c46,sub-615563/sub-615563_ses-20220726T223606.nwb,2323548849,60f9a23c30cd97eb8c6f3760f90d91d1-35,18fcfc8ab62cfc330c3f6196ef442129fb7aa85321743b11ebe623a7835e0417,application/x-nwb,2024-06-07T23:28:36.023790-07:00,2026-08-25T22:33:01.033983+00:00,https://dandiarchive.s3.amazonaws.com/blobs/ce1/184/ce11847a-19b5-4a16-a4f9-b904cc8aece6,session_nwb,615563,2022-07-26T22:36:06.211000Z,EPHYS_1,Male,Sst-IRES-Cre/wt;Ai32(RCL-ChR2(H134R)_EYFP)/wt,Mus musculus - House mouse,P213D,6,https://dandiarchive.s3.amazonaws.com/blobs/ce1/184/ce11847a-19b5-4a16-a4f9-b904cc8aece6,1194411467,1194443657,2022-07-26 15:36:06.211000,1,M,Sst-IRES-Cre/wt;Ai32(RCL-ChR2(H134R)_EYFP)/wt,DynamicGating,213,2878,2304,im104_r-1.0,true,/Users/benh/github/ai-dg-paper/results/cache/dynamic_gating_session_metadata.csv,18,18,true,true,no_reward_late,2,true,0.0,0,42,0.045454545454545456,1,22,-0.7568162102172835,true,true
001051,0.260825.2232,10.48324/dandi.001051/0.260825.2232,https://dandiarchive.s3.amazonaws.com/dandisets/001051/0.260825.2232/assets.jsonld,2026-09-07T03:05:27.689410+00:00,ea0f88cb-c8eb-4b89-8810-99d3e7133c46,sub-615563/sub-615563_ses-20220726T223606.nwb,2323548849,60f9a23c30cd97eb8c6f3760f90d91d1-35,18fcfc8ab62cfc330c3f6196ef442129fb7aa85321743b11ebe623a7835e0417,application/x-nwb,2024-06-07T23:28:36.023790-07:00,2026-08-25T22:33:01.033983+00:00,https://dandiarchive.s3.amazonaws.com/blobs/ce1/184/ce11847a-19b5-4a16-a4f9-b904cc8aece6,session_nwb,615563,2022-07-26T22:36:06.211000Z,EPHYS_1,Male,Sst-IRES-Cre/wt;Ai32(RCL-ChR2(H134R)_EYFP)/wt,Mus musculus - House mouse,P213D,6,https://dandiarchive.s3.amazonaws.com/blobs/ce1/184/ce11847a-19b5-4a16-a4f9-b904cc8aece6,1194411467,1194443657,2022-07-26 15:36:06.211000,1,M,Sst-IRES-Cre/wt;Ai32(RCL-ChR2(H134R)_EYFP)/wt,DynamicGating,213,2878,2304,im104_r-1.0,true,/Users/benh/github/ai-dg-paper/results/cache/dynamic_gating_session_metadata.csv,18,18,true,true,engaged_2_early,3,true,0.9310344827586207,27,29,0.2222222222222222,4,18,2.09949162727863,true,true
001051,0.260825.2232,10.48324/dandi.001051/0.260825.2232,https://dandiarchive.s3.amazonaws.com/dandisets/001051/0.260825.2232/assets.jsonld,2026-09-07T03:05:27.689410+00:00,ea0f88cb-c8eb-4b89-8810-99d3e7133c46,sub-615563/sub-615563_ses-20220726T223606.nwb,2323548849,60f9a23c30cd97eb8c6f3760f90d91d1-35,18fcfc8ab62cfc330c3f6196ef442129fb7aa85321743b11ebe623a7835e0417,application/x-nwb,2024-06-07T23:28:36.023790-07:00,2026-08-25T22:33:01.033983+00:00,https://dandiarchive.s3.amazonaws.com/blobs/ce1/184/ce11847a-19b5-4a16-a4f9-b904cc8aece6,session_nwb,615563,2022-07-26T22:36:06.211000Z,EPHYS_1,Male,Sst-IRES-Cre/wt;Ai32(RCL-ChR2(H134R)_EYFP)/wt,Mus musculus - House mouse,P213D,6,https://dandiarchive.s3.amazonaws.com/blobs/ce1/184/ce11847a-19b5-4a16-a4f9-b904cc8aece6,1194411467,1194443657,2022-07-26 15:36:06.211000,1,M,Sst-IRES-Cre/wt;Ai32(RCL-ChR2(H134R)_EYFP)/wt,DynamicGating,213,2878,2304,im104_r-1.0,true,/Users/benh/github/ai-dg-paper/results/cache/dynamic_gating_session_metadata.csv,18,18,true,true,engaged_2_late,4,false,0.9285714285714286,26,28,0.23529411764705882,4,17,2.03897849836641,true,true
001051,0.260825.2232,10.48324/dandi.001051/0.260825.2232,https://dandiarchive.s3.amazonaws.com/dandisets/001051/0.260825.2232/assets.jsonld,2026-09-07T03:05:27.689410+00:00,81c3ebd8-a14a-4bd9-9ef3-5e5c86f4d330,sub-615563/sub-615563_ses-20220729T172702.nwb,1594436290,9b2daf583c96f0d7b4532ca910839fb9-24,6418b9d3447eb8da0c6e35b9d20fb9037b0e38a4bc74b81d56a7bec439407bfc,application/x-nwb,2024-06-07T23:31:23.675765-07:00,2026-08-25T22:33:01.054964+00:00,https://dandiarchive.s3.amazonaws.com/blobs/ce2/279/ce2279e0-4653-4528-b6a3-5dcf3b13bc5f,session_nwb,615563,2022-07-29T17:27:02.280000Z,EPHYS_4,Male,Sst-IRES-Cre/wt;Ai32(RCL-ChR2(H134R)_EYFP)/wt,Mus musculus - House mouse,P213D,6,https://dandiarchive.s3.amazonaws.com/blobs/ce2/279/ce2279e0-4653-4528-b6a3-5dcf3b13bc5f,1195036753,1195077403,2022-07-29 10:27:02.280000,4,M,Sst-IRES-Cre/wt;Ai32(RCL-ChR2(H134R)_EYFP)/wt,DynamicGating,213,1975,2304,im087_r-1.0,true,/Users/benh/github/ai-dg-paper/results/cache/dynamic_gating_session_metadata.csv,18,18,true,true,engaged_1,1,true,0.7450980392156863,38,51,0.03225806451612903,1,31,2.320471328880057,true,true
001051,0.260825.2232,10.48324/dandi.001051/0.260825.2232,https://dandiarchive.s3.amazonaws.com/dandisets/001051/0.260825.2232/assets.jsonld,2026-09-07T03:05:27.689410+00:00,81c3ebd8-a14a-4bd9-9ef3-5e5c86f4d330,sub-615563/sub-615563_ses-20220729T172702.nwb,1594436290,9b2daf583c96f0d7b4532ca910839fb9-24,6418b9d3447eb8da0c6e35b9d20fb9037b0e38a4bc74b81d56a7bec439407bfc,application/x-nwb,2024-06-07T23:31:23.675765-07:00,2026-08-25T22:33:01.054964+00:00,https://dandiarchive.s3.amazonaws.com/blobs/ce2/279/ce2279e0-4653-4528-b6a3-5dcf3b13bc5f,session_nwb,615563,2022-07-29T17:27:02.280000Z,EPHYS_4,Male,Sst-IRES-Cre/wt;Ai32(RCL-ChR2(H134R)_EYFP)/wt,Mus musculus - House mouse,P213D,6,https://dandiarchive.s3.amazonaws.com/blobs/ce2/279/ce2279e0-4653-4528-b6a3-5dcf3b13bc5f,1195036753,1195077403,2022-07-29 10:27:02.280000,4,M,Sst-IRES-Cre/wt;Ai32(RCL-ChR2(H134R)_EYFP)/wt,DynamicGating,213,1975,2304,im087_r-1.0,true,/Users/benh/github/ai-dg-paper/results/cache/dynamic_gating_session_metadata.csv,18,18,true,true,no_reward_late,2,true,0.125,4,32,0.045454545454545456,1,22,0.4155860239741671,true,true
001051,0.260825.2232,10.48324/dandi.001051/0.260825.2232,https://dandiarchive.s3.amazonaws.com/dandisets/001051/0.260825.2232/assets.jsonld,2026-09-07T03:05:27.689410+00:00,81c3ebd8-a14a-4bd9-9ef3-5e5c86f4d330,sub-615563/sub-615563_ses-20220729T172702.nwb,1594436290,9b2daf583c96f0d7b4532ca910839fb9-24,6418b9d3447eb8da0c6e35b9d20fb9037b0e38a4bc74b81d56a7bec439407bfc,application/x-nwb,2024-06-07T23:31:23.675765-07:00,2026-08-25T22:33:01.054964+00:00,https://dandiarchive.s3.amazonaws.com/blobs/ce2/279/ce2279e0-4653-4528-b6a3-5dcf3b13bc5f,session_nwb,615563,2022-07-29T17:27:02.280000Z,EPHYS_4,Male,Sst-IRES-Cre/wt;Ai32(RCL-ChR2(H134R)_EYFP)/wt,Mus musculus - House mouse,P213D,6,https://dandiarchive.s3.amazonaws.com/blobs/ce2/279/ce2279e0-4653-4528-b6a3-5dcf3b13bc5f,1195036753,1195077403,2022-07-29 10:27:02.280000,4,M,Sst-IRES-Cre/wt;Ai32(RCL-ChR2(H134R)_EYFP)/wt,DynamicGating,213,1975,2304,im087_r-1.0,true,/Users/benh/github/ai-dg-paper/results/cache/dynamic_gating_session_metadata.csv,18,18,true,true,engaged_2_early,3,true,0.782608695652174,36,46,0.11538461538461539,3,26,1.8888901190500247,true,true
001051,0.260825.2232,10.48324/dandi.001051/0.260825.2232,https://dandiarchive.s3.amazonaws.com/dandisets/001051/0.260825.2232/assets.jsonld,2026-09-07T03:05:27.689410+00:00,81c3ebd8-a14a-4bd9-9ef3-5e5c86f4d330,sub-615563/sub-615563_ses-20220729T172702.nwb,1594436290,9b2daf583c96f0d7b4532ca910839fb9-24,6418b9d3447eb8da0c6e35b9d20fb9037b0e38a4bc74b81d56a7bec439407bfc,application/x-nwb,2024-06-07T23:31:23.675765-07:00,2026-08-25T22:33:01.054964+00:00,https://dandiarchive.s3.amazonaws.com/blobs/ce2/279/ce2279e0-4653-4528-b6a3-5dcf3b13bc5f,session_nwb,615563,2022-07-29T17:27:02.280000Z,EPHYS_4,Male,Sst-IRES-Cre/wt;Ai32(RCL-ChR2(H134R)_EYFP)/wt,Mus musculus - House mouse,P213D,6,https://dandiarchive.s3.amazonaws.com/blobs/ce2/279/ce2279e0-4653-4528-b6a3-5dcf3b13bc5f,1195036753,1195077403,2022-07-29 10:27:02.280000,4,M,Sst-IRES-Cre/wt;Ai32(RCL-ChR2(H134R)_EYFP)/wt,DynamicGating,213,1975,2304,im087_r-1.0,true,/Users/benh/github/ai-dg-paper/results/cache/dynamic_gating_session_metadata.csv,18,18,true,true,engaged_2_late,4,false,0.7916666666666666,19,24,0.23529411764705882,4,17,1.4466829643847667,true,true
001051,0.260825.2232,10.48324/dandi.001051/0.260825.2232,https://dandiarchive.s3.amazonaws.com/dandisets/001051/0.260825.2232/assets.jsonld,2026-09-07T03:05:27.689410+00:00,a328a768-2f48-4973-a519-a9c37a342288,sub-615048/sub-615048_ses-20220811T211342.nwb,2161269321,87a9f3f7f4c426a33b5524405ccd859c-33,33025b4dcd947faf3550979855a4a48e1c5a6779647c0f766de8364e58866dbd,application/x-nwb,2024-06-07T22:47:38.408723-07:00,2026-08-25T22:33:00.780762+00:00,https://dandiarchive.s3.amazonaws.com/blobs/cef/352/cef35297-7f3a-41ce-949d-59dd2a4c4bc1,session_nwb,615048,2022-08-11T21:13:42.892000Z,EPHYS_3,Male,Vip-IRES-Cre/wt;Ai32(RCL-ChR2(H134R)_EYFP)/wt,Mus musculus - House mouse,P233D,6,https://dandiarchive.s3.amazonaws.com/blobs/cef/352/cef35297-7f3a-41ce-949d-59dd2a4c4bc1,1197967151,1198001226,2022-08-11 14:13:42.892000,3,M,Vip-IRES-Cre/wt;Ai32(RCL-ChR2(H134R)_EYFP)/wt,DynamicGating,233,2742,2304,im005_r-1.0,true,/Users/benh/github/ai-dg-paper/results/cache/dynamic_gating_session_metadata.csv,24,24,true,true,engaged_1,1,true,0.6,27,45,0.14814814814814814,4,27,1.2392506493300963,true,false
001051,0.260825.2232,10.48324/dandi.001051/0.260825.2232,https://dandiarchive.s3.amazonaws.com/dandisets/001051/0.260825.2232/assets.jsonld,2026-09-07T03:05:27.689410+00:00,a328a768-2f48-4973-a519-a9c37a342288,sub-615048/sub-615048_ses-20220811T211342.nwb,2161269321,87a9f3f7f4c426a33b5524405ccd859c-33,33025b4dcd947faf3550979855a4a48e1c5a6779647c0f766de8364e58866dbd,application/x-nwb,2024-06-07T22:47:38.408723-07:00,2026-08-25T22:33:00.780762+00:00,https://dandiarchive.s3.amazonaws.com/blobs/cef/352/cef35297-7f3a-41ce-949d-59dd2a4c4bc1,session_nwb,615048,2022-08-11T21:13:42.892000Z,EPHYS_3,Male,Vip-IRES-Cre/wt;Ai32(RCL-ChR2(H134R)_EYFP)/wt,Mus musculus - House mouse,P233D,6,https://dandiarchive.s3.amazonaws.com/blobs/cef/352/cef35297-7f3a-41ce-949d-59dd2a4c4bc1,1197967151,1198001226,2022-08-11 14:13:42.892000,3,M,Vip-IRES-Cre/wt;Ai32(RCL-ChR2(H134R)_EYFP)/wt,DynamicGating,233,2742,2304,im005_r-1.0,true,/Users/benh/github/ai-dg-paper/results/cache/dynamic_gating_session_metadata.csv,24,24,true,true,no_reward_late,2,true,0.0625,2,32,0.0,0,21,0.5662234094195997,true,false
001051,0.260825.2232,10.48324/dandi.001051/0.260825.2232,https://dandiarchive.s3.amazonaws.com/dandisets/001051/0.260825.2232/assets.jsonld,2026-09-07T03:05:27.689410+00:00,a328a768-2f48-4973-a519-a9c37a342288,sub-615048/sub-615048_ses-20220811T211342.nwb,2161269321,87a9f3f7f4c426a33b5524405ccd859c-33,33025b4dcd947faf3550979855a4a48e1c5a6779647c0f766de8364e58866dbd,application/x-nwb,2024-06-07T22:47:38.408723-07:00,2026-08-25T22:33:00.780762+00:00,https://dandiarchive.s3.amazonaws.com/blobs/cef/352/cef35297-7f3a-41ce-949d-59dd2a4c4bc1,session_nwb,615048,2022-08-11T21:13:42.892000Z,EPHYS_3,Male,Vip-IRES-Cre/wt;Ai32(RCL-ChR2(H134R)_EYFP)/wt,Mus musculus - House mouse,P233D,6,https://dandiarchive.s3.amazonaws.com/blobs/cef/352/cef35297-7f3a-41ce-949d-59dd2a4c4bc1,1197967151,1198001226,2022-08-11 14:13:42.892000,3,M,Vip-IRES-Cre/wt;Ai32(RCL-ChR2(H134R)_EYFP)/wt,DynamicGating,233,2742,2304,im005_r-1.0,true,/Users/benh/github/ai-dg-paper/results/cache/dynamic_gating_session_metadata.csv,24,24,true,true,engaged_2_early,3,true,0.05660377358490566,3,53,0.0,0,30,0.6256340965831446,true,false
001051,0.260825.2232,10.48324/dandi.001051/0.260825.2232,https://dandiarchive.s3.amazonaws.com/dandisets/001051/0.260825.2232/assets.jsonld,2026-09-07T03:05:27.689410+00:00,a328a768-2f48-4973-a519-a9c37a342288,sub-615048/sub-615048_ses-20220811T211342.nwb,2161269321,87a9f3f7f4c426a33b5524405ccd859c-33,33025b4dcd947faf3550979855a4a48e1c5a6779647c0f766de8364e58866dbd,application/x-nwb,2024-06-07T22:47:38.408723-07:00,2026-08-25T22:33:00.780762+00:00,https://dandiarchive.s3.amazonaws.com/blobs/cef/352/cef35297-7f3a-41ce-949d-59dd2a4c4bc1,session_nwb,615048,2022-08-11T21:13:42.892000Z,EPHYS_3,Male,Vip-IRES-Cre/wt;Ai32(RCL-ChR2(H134R)_EYFP)/wt,Mus musculus - House mouse,P233D,6,https://dandiarchive.s3.amazonaws.com/blobs/cef/352/cef35297-7f3a-41ce-949d-59dd2a4c4bc1,1197967151,1198001226,2022-08-11 14:13:42.892000,3,M,Vip-IRES-Cre/wt;Ai32(RCL-ChR2(H134R)_EYFP)/wt,DynamicGating,233,2742,2304,im005_r-1.0,true,/Users/benh/github/ai-dg-paper/results/cache/dynamic_gating_session_metadata.csv,24,24,true,true,engaged_2_late,4,false,0.027777777777777776,1,36,0.0,0,24,0.3093013684908541,true,false
001051,0.260825.2232,10.48324/dandi.001051/0.260825.2232,https://dandiarchive.s3.amazonaws.com/dandisets/001051/0.260825.2232/assets.jsonld,2026-09-07T03:05:27.689410+00:00,f731d2de-e047-4a71-9e1b-4a84364fc2f1,sub-640887/sub-640887_ses-20221222T040053.nwb,1921770401,6d5b760423e69a22a4f8f0443e3d5a3f-29,af4dd1cd221d3a70a5207ff549ec70101b3558c12fa3fa25a96135c6528a94ac,application/x-nwb,2024-06-08T06:57:36.530716-07:00,2026-08-25T22:33:05.290085+00:00,https://dandiarchive.s3.amazonaws.com/blobs/cfc/bf1/cfcbf155-cb15-455d-8450-0ef256540990,session_nwb,640887,2022-12-22T04:00:53.408000Z,EPHYS_3,Male,Sst-IRES-Cre/wt;Ai32(RCL-ChR2(H134R)_EYFP)/wt,Mus musculus - House mouse,P172D,6,https://dandiarchive.s3.amazonaws.com/blobs/cfc/bf1/cfcbf155-cb15-455d-8450-0ef256540990,1234410451,1234442908,2022-12-21 20:00:53.408000,3,M,Sst-IRES-Cre/wt;Ai32(RCL-ChR2(H134R)_EYFP)/wt,DynamicGating,172,2096,1920,im005_r-1.0,true,/Users/benh/github/ai-dg-paper/results/cache/dynamic_gating_session_metadata.csv,18,18,true,true,engaged_1,1,true,0.7924528301886793,42,53,0.058823529411764705,2,34,2.2614163644629146,true,true
001051,0.260825.2232,10.48324/dandi.001051/0.260825.2232,https://dandiarchive.s3.amazonaws.com/dandisets/001051/0.260825.2232/assets.jsonld,2026-09-07T03:05:27.689410+00:00,f731d2de-e047-4a71-9e1b-4a84364fc2f1,sub-640887/sub-640887_ses-20221222T040053.nwb,1921770401,6d5b760423e69a22a4f8f0443e3d5a3f-29,af4dd1cd221d3a70a5207ff549ec70101b3558c12fa3fa25a96135c6528a94ac,application/x-nwb,2024-06-08T06:57:36.530716-07:00,2026-08-25T22:33:05.290085+00:00,https://dandiarchive.s3.amazonaws.com/blobs/cfc/bf1/cfcbf155-cb15-455d-8450-0ef256540990,session_nwb,640887,2022-12-22T04:00:53.408000Z,EPHYS_3,Male,Sst-IRES-Cre/wt;Ai32(RCL-ChR2(H134R)_EYFP)/wt,Mus musculus - House mouse,P172D,6,https://dandiarchive.s3.amazonaws.com/blobs/cfc/bf1/cfcbf155-cb15-455d-8450-0ef256540990,1234410451,1234442908,2022-12-21 20:00:53.408000,3,M,Sst-IRES-Cre/wt;Ai32(RCL-ChR2(H134R)_EYFP)/wt,DynamicGating,172,2096,1920,im005_r-1.0,true,/Users/benh/github/ai-dg-paper/results/cache/dynamic_gating_session_metadata.csv,18,18,true,true,no_reward_late,2,true,0.027777777777777776,1,36,0.125,3,24,-0.6641282013260121,true,true
001051,0.260825.2232,10.48324/dandi.001051/0.260825.2232,https://dandiarchive.s3.amazonaws.com/dandisets/001051/0.260825.2232/assets.jsonld,2026-09-07T03:05:27.689410+00:00,f731d2de-e047-4a71-9e1b-4a84364fc2f1,sub-640887/sub-640887_ses-20221222T040053.nwb,1921770401,6d5b760423e69a22a4f8f0443e3d5a3f-29,af4dd1cd221d3a70a5207ff549ec70101b3558c12fa3fa25a96135c6528a94ac,application/x-nwb,2024-06-08T06:57:36.530716-07:00,2026-08-25T22:33:05.290085+00:00,https://dandiarchive.s3.amazonaws.com/blobs/cfc/bf1/cfcbf155-cb15-455d-8450-0ef256540990,session_nwb,640887,2022-12-22T04:00:53.408000Z,EPHYS_3,Male,Sst-IRES-Cre/wt;Ai32(RCL-ChR2(H134R)_EYFP)/wt,Mus musculus - House mouse,P172D,6,https://dandiarchive.s3.amazonaws.com/blobs/cfc/bf1/cfcbf155-cb15-455d-8450-0ef256540990,1234410451,1234442908,2022-12-21 20:00:53.408000,3,M,Sst-IRES-Cre/wt;Ai32(RCL-ChR2(H134R)_EYFP)/wt,DynamicGating,172,2096,1920,im005_r-1.0,true,/Users/benh/github/ai-dg-paper/results/cache/dynamic_gating_session_metadata.csv,18,18,true,true,engaged_2_early,3,true,0.8363636363636363,46,55,0.03225806451612903,1,31,2.6315172607138755,true,true
001051,0.260825.2232,10.48324/dandi.001051/0.260825.2232,https://dandiarchive.s3.amazonaws.com/dandisets/001051/0.260825.2232/assets.jsonld,2026-09-07T03:05:27.689410+00:00,f731d2de-e047-4a71-9e1b-4a84364fc2f1,sub-640887/sub-640887_ses-20221222T040053.nwb,1921770401,6d5b760423e69a22a4f8f0443e3d5a3f-29,af4dd1cd221d3a70a5207ff549ec70101b3558c12fa3fa25a96135c6528a94ac,application/x-nwb,2024-06-08T06:57:36.530716-07:00,2026-08-25T22:33:05.290085+00:00,https://dandiarchive.s3.amazonaws.com/blobs/cfc/bf1/cfcbf155-cb15-455d-8450-0ef256540990,session_nwb,640887,2022-12-22T04:00:53.408000Z,EPHYS_3,Male,Sst-IRES-Cre/wt;Ai32(RCL-ChR2(H134R)_EYFP)/wt,Mus musculus - House mouse,P172D,6,https://dandiarchive.s3.amazonaws.com/blobs/cfc/bf1/cfcbf155-cb15-455d-8450-0ef256540990,1234410451,1234442908,2022-12-21 20:00:53.408000,3,M,Sst-IRES-Cre/wt;Ai32(RCL-ChR2(H134R)_EYFP)/wt,DynamicGating,172,2096,1920,im005_r-1.0,true,/Users/benh/github/ai-dg-paper/results/cache/dynamic_gating_session_metadata.csv,18,18,true,true,engaged_2_late,4,false,1.0,33,33,0.0,0,19,4.137887053622239,true,true
001051,0.260825.2232,10.48324/dandi.001051/0.260825.2232,https://dandiarchive.s3.amazonaws.com/dandisets/001051/0.260825.2232/assets.jsonld,2026-09-07T03:05:27.689410+00:00,434f6554-eaa7-416a-a5da-1b53ab742e40,sub-607660/sub-607660_ses-20220609T211116.nwb,2416354740,a1b7dd54b473793906e83f808321bf86-37,ff3855807672e04acc88a3ccdb7fcc92e10353d4faf62f07189b24dbe5a18ad5,application/x-nwb,2024-06-07T17:39:29.080235-07:00,2026-08-25T22:32:58.234882+00:00,https://dandiarchive.s3.amazonaws.com/blobs/d01/275/d012752e-19c8-4ea9-bba6-59bf0983cff5,session_nwb,607660,2022-06-09T21:11:16.580000Z,EPHYS_4,Female,Sst-IRES-Cre/wt;Ai32(RCL-ChR2(H134R)_EYFP)/wt,Mus musculus - House mouse,P225D,6,https://dandiarchive.s3.amazonaws.com/blobs/d01/275/d012752e-19c8-4ea9-bba6-59bf0983cff5,1183071525,1183102079,2022-06-09 14:11:16.580000,4,F,Sst-IRES-Cre/wt;Ai32(RCL-ChR2(H134R)_EYFP)/wt,DynamicGating_DEV,225,2375,2304,im087_r-1.0,true,/Users/benh/github/ai-dg-paper/results/cache/dynamic_gating_session_metadata.csv,24,24,true,true,engaged_1,1,true,0.6538461538461539,17,26,0.0,0,8,1.9735444597866814,true,false
001051,0.260825.2232,10.48324/dandi.001051/0.260825.2232,https://dandiarchive.s3.amazonaws.com/dandisets/001051/0.260825.2232/assets.jsonld,2026-09-07T03:05:27.689410+00:00,434f6554-eaa7-416a-a5da-1b53ab742e40,sub-607660/sub-607660_ses-20220609T211116.nwb,2416354740,a1b7dd54b473793906e83f808321bf86-37,ff3855807672e04acc88a3ccdb7fcc92e10353d4faf62f07189b24dbe5a18ad5,application/x-nwb,2024-06-07T17:39:29.080235-07:00,2026-08-25T22:32:58.234882+00:00,https://dandiarchive.s3.amazonaws.com/blobs/d01/275/d012752e-19c8-4ea9-bba6-59bf0983cff5,session_nwb,607660,2022-06-09T21:11:16.580000Z,EPHYS_4,Female,Sst-IRES-Cre/wt;Ai32(RCL-ChR2(H134R)_EYFP)/wt,Mus musculus - House mouse,P225D,6,https://dandiarchive.s3.amazonaws.com/blobs/d01/275/d012752e-19c8-4ea9-bba6-59bf0983cff5,1183071525,1183102079,2022-06-09 14:11:16.580000,4,F,Sst-IRES-Cre/wt;Ai32(RCL-ChR2(H134R)_EYFP)/wt,DynamicGating_DEV,225,2375,2304,im087_r-1.0,true,/Users/benh/github/ai-dg-paper/results/cache/dynamic_gating_session_metadata.csv,24,24,true,true,no_reward_late,2,true,0.17391304347826086,8,46,0.0,0,16,0.9773834563296314,true,false
001051,0.260825.2232,10.48324/dandi.001051/0.260825.2232,https://dandiarchive.s3.amazonaws.com/dandisets/001051/0.260825.2232/assets.jsonld,2026-09-07T03:05:27.689410+00:00,434f6554-eaa7-416a-a5da-1b53ab742e40,sub-607660/sub-607660_ses-20220609T211116.nwb,2416354740,a1b7dd54b473793906e83f808321bf86-37,ff3855807672e04acc88a3ccdb7fcc92e10353d4faf62f07189b24dbe5a18ad5,application/x-nwb,2024-06-07T17:39:29.080235-07:00,2026-08-25T22:32:58.234882+00:00,https://dandiarchive.s3.amazonaws.com/blobs/d01/275/d012752e-19c8-4ea9-bba6-59bf0983cff5,session_nwb,607660,2022-06-09T21:11:16.580000Z,EPHYS_4,Female,Sst-IRES-Cre/wt;Ai32(RCL-ChR2(H134R)_EYFP)/wt,Mus musculus - House mouse,P225D,6,https://dandiarchive.s3.amazonaws.com/blobs/d01/275/d012752e-19c8-4ea9-bba6-59bf0983cff5,1183071525,1183102079,2022-06-09 14:11:16.580000,4,F,Sst-IRES-Cre/wt;Ai32(RCL-ChR2(H134R)_EYFP)/wt,DynamicGating_DEV,225,2375,2304,im087_r-1.0,true,/Users/benh/github/ai-dg-paper/results/cache/dynamic_gating_session_metadata.csv,24,24,true,true,engaged_2_early,3,true,0.4482758620689655,13,29,0.125,1,8,0.8417602192466271,true,false
001051,0.260825.2232,10.48324/dandi.001051/0.260825.2232,https://dandiarchive.s3.amazonaws.com/dandisets/001051/0.260825.2232/assets.jsonld,2026-09-07T03:05:27.689410+00:00,434f6554-eaa7-416a-a5da-1b53ab742e40,sub-607660/sub-607660_ses-20220609T211116.nwb,2416354740,a1b7dd54b473793906e83f808321bf86-37,ff3855807672e04acc88a3ccdb7fcc92e10353d4faf62f07189b24dbe5a18ad5,application/x-nwb,2024-06-07T17:39:29.080235-07:00,2026-08-25T22:32:58.234882+00:00,https://dandiarchive.s3.amazonaws.com/blobs/d01/275/d012752e-19c8-4ea9-bba6-59bf0983cff5,session_nwb,607660,2022-06-09T21:11:16.580000Z,EPHYS_4,Female,Sst-IRES-Cre/wt;Ai32(RCL-ChR2(H134R)_EYFP)/wt,Mus musculus - House mouse,P225D,6,https://dandiarchive.s3.amazonaws.com/blobs/d01/275/d012752e-19c8-4ea9-bba6-59bf0983cff5,1183071525,1183102079,2022-06-09 14:11:16.580000,4,F,Sst-IRES-Cre/wt;Ai32(RCL-ChR2(H134R)_EYFP)/wt,DynamicGating_DEV,225,2375,2304,im087_r-1.0,true,/Users/benh/github/ai-dg-paper/results/cache/dynamic_gating_session_metadata.csv,24,24,true,true,engaged_2_late,4,false,0.2777777777777778,10,36,0.0,0,13,1.231105565574104,true,false
001051,0.260825.2232,10.48324/dandi.001051/0.260825.2232,https://dandiarchive.s3.amazonaws.com/dandisets/001051/0.260825.2232/assets.jsonld,2026-09-07T03:05:27.689410+00:00,f5a33a8a-8167-46aa-9c16-019797a7b509,sub-623322/sub-623322_ses-20220825T212029.nwb,1100953508,b550aba58d44c1ccad5dbe4e1a60d4db-17,35e23c987e5653e6949b296bb7750ffed432a1b23000b3bc094f39288b812085,application/x-nwb,2024-06-08T01:10:11.095225-07:00,2026-08-25T22:33:02.297160+00:00,https://dandiarchive.s3.amazonaws.com/blobs/d0e/7e5/d0e7e549-f015-47fe-baa5-db8170c52771,session_nwb,623322,2022-08-25T21:20:29.007000Z,EPHYS_4,Male,wt/wt,Mus musculus - House mouse,P181D,6,https://dandiarchive.s3.amazonaws.com/blobs/d0e/7e5/d0e7e549-f015-47fe-baa5-db8170c52771,1200878248,1200916621,2022-08-25 14:20:29.007000,4,M,wt/wt,DynamicGating,181,1854,2304,im087_r-1.0,true,/Users/benh/github/ai-dg-paper/results/cache/dynamic_gating_session_metadata.csv,24,24,true,true,engaged_1,1,true,0.8695652173913043,40,46,0.04,1,25,2.6624435219527975,true,true
001051,0.260825.2232,10.48324/dandi.001051/0.260825.2232,https://dandiarchive.s3.amazonaws.com/dandisets/001051/0.260825.2232/assets.jsonld,2026-09-07T03:05:27.689410+00:00,f5a33a8a-8167-46aa-9c16-019797a7b509,sub-623322/sub-623322_ses-20220825T212029.nwb,1100953508,b550aba58d44c1ccad5dbe4e1a60d4db-17,35e23c987e5653e6949b296bb7750ffed432a1b23000b3bc094f39288b812085,application/x-nwb,2024-06-08T01:10:11.095225-07:00,2026-08-25T22:33:02.297160+00:00,https://dandiarchive.s3.amazonaws.com/blobs/d0e/7e5/d0e7e549-f015-47fe-baa5-db8170c52771,session_nwb,623322,2022-08-25T21:20:29.007000Z,EPHYS_4,Male,wt/wt,Mus musculus - House mouse,P181D,6,https://dandiarchive.s3.amazonaws.com/blobs/d0e/7e5/d0e7e549-f015-47fe-baa5-db8170c52771,1200878248,1200916621,2022-08-25 14:20:29.007000,4,M,wt/wt,DynamicGating,181,1854,2304,im087_r-1.0,true,/Users/benh/github/ai-dg-paper/results/cache/dynamic_gating_session_metadata.csv,24,24,true,true,no_reward_late,2,true,0.024390243902439025,1,41,0.04,1,25,-0.22829812552214723,true,true
001051,0.260825.2232,10.48324/dandi.001051/0.260825.2232,https://dandiarchive.s3.amazonaws.com/dandisets/001051/0.260825.2232/assets.jsonld,2026-09-07T03:05:27.689410+00:00,f5a33a8a-8167-46aa-9c16-019797a7b509,sub-623322/sub-623322_ses-20220825T212029.nwb,1100953508,b550aba58d44c1ccad5dbe4e1a60d4db-17,35e23c987e5653e6949b296bb7750ffed432a1b23000b3bc094f39288b812085,application/x-nwb,2024-06-08T01:10:11.095225-07:00,2026-08-25T22:33:02.297160+00:00,https://dandiarchive.s3.amazonaws.com/blobs/d0e/7e5/d0e7e549-f015-47fe-baa5-db8170c52771,session_nwb,623322,2022-08-25T21:20:29.007000Z,EPHYS_4,Male,wt/wt,Mus musculus - House mouse,P181D,6,https://dandiarchive.s3.amazonaws.com/blobs/d0e/7e5/d0e7e549-f015-47fe-baa5-db8170c52771,1200878248,1200916621,2022-08-25 14:20:29.007000,4,M,wt/wt,DynamicGating,181,1854,2304,im087_r-1.0,true,/Users/benh/github/ai-dg-paper/results/cache/dynamic_gating_session_metadata.csv,24,24,true,true,engaged_2_early,3,true,0.6363636363636364,28,44,0.07142857142857142,2,28,1.7051835752581235,true,true
001051,0.260825.2232,10.48324/dandi.001051/0.260825.2232,https://dandiarchive.s3.amazonaws.com/dandisets/001051/0.260825.2232/assets.jsonld,2026-09-07T03:05:27.689410+00:00,f5a33a8a-8167-46aa-9c16-019797a7b509,sub-623322/sub-623322_ses-20220825T212029.nwb,1100953508,b550aba58d44c1ccad5dbe4e1a60d4db-17,35e23c987e5653e6949b296bb7750ffed432a1b23000b3bc094f39288b812085,application/x-nwb,2024-06-08T01:10:11.095225-07:00,2026-08-25T22:33:02.297160+00:00,https://dandiarchive.s3.amazonaws.com/blobs/d0e/7e5/d0e7e549-f015-47fe-baa5-db8170c52771,session_nwb,623322,2022-08-25T21:20:29.007000Z,EPHYS_4,Male,wt/wt,Mus musculus - House mouse,P181D,6,https://dandiarchive.s3.amazonaws.com/blobs/d0e/7e5/d0e7e549-f015-47fe-baa5-db8170c52771,1200878248,1200916621,2022-08-25 14:20:29.007000,4,M,wt/wt,DynamicGating,181,1854,2304,im087_r-1.0,true,/Users/benh/github/ai-dg-paper/results/cache/dynamic_gating_session_metadata.csv,24,24,true,true,engaged_2_late,4,false,0.6,21,35,0.05555555555555555,1,18,1.6583512255675232,true,true
001051,0.260825.2232,10.48324/dandi.001051/0.260825.2232,https://dandiarchive.s3.amazonaws.com/dandisets/001051/0.260825.2232/assets.jsonld,2026-09-07T03:05:27.689410+00:00,4df8418f-eb96-404c-9b4d-b162d4fceb0a,sub-615563/sub-615563_ses-20220728T204852.nwb,1719047985,43b1a389b6ccbd2a7659cbd79a5903b4-26,33ca54624cadc4b913464fc5eed3817a039ca58a52b78e61256a6e2be1cc0642,application/x-nwb,2024-06-07T23:27:19.128942-07:00,2026-08-25T22:33:01.022815+00:00,https://dandiarchive.s3.amazonaws.com/blobs/d53/5f5/d535f597-e428-4fbb-aa14-16ef4a07f81b,session_nwb,615563,2022-07-28T20:48:52.855000Z,EPHYS_3,Male,Sst-IRES-Cre/wt;Ai32(RCL-ChR2(H134R)_EYFP)/wt,Mus musculus - House mouse,P213D,6,https://dandiarchive.s3.amazonaws.com/blobs/d53/5f5/d535f597-e428-4fbb-aa14-16ef4a07f81b,1194850630,1194907400,2022-07-28 13:48:52.855000,3,M,Sst-IRES-Cre/wt;Ai32(RCL-ChR2(H134R)_EYFP)/wt,DynamicGating,213,2106,2304,im005_r-1.0,true,/Users/benh/github/ai-dg-paper/results/cache/dynamic_gating_session_metadata.csv,18,18,true,true,engaged_1,1,true,0.8809523809523809,37,42,0.08695652173913043,2,23,2.3945023803184866,true,true
001051,0.260825.2232,10.48324/dandi.001051/0.260825.2232,https://dandiarchive.s3.amazonaws.com/dandisets/001051/0.260825.2232/assets.jsonld,2026-09-07T03:05:27.689410+00:00,4df8418f-eb96-404c-9b4d-b162d4fceb0a,sub-615563/sub-615563_ses-20220728T204852.nwb,1719047985,43b1a389b6ccbd2a7659cbd79a5903b4-26,33ca54624cadc4b913464fc5eed3817a039ca58a52b78e61256a6e2be1cc0642,application/x-nwb,2024-06-07T23:27:19.128942-07:00,2026-08-25T22:33:01.022815+00:00,https://dandiarchive.s3.amazonaws.com/blobs/d53/5f5/d535f597-e428-4fbb-aa14-16ef4a07f81b,session_nwb,615563,2022-07-28T20:48:52.855000Z,EPHYS_3,Male,Sst-IRES-Cre/wt;Ai32(RCL-ChR2(H134R)_EYFP)/wt,Mus musculus - House mouse,P213D,6,https://dandiarchive.s3.amazonaws.com/blobs/d53/5f5/d535f597-e428-4fbb-aa14-16ef4a07f81b,1194850630,1194907400,2022-07-28 13:48:52.855000,3,M,Sst-IRES-Cre/wt;Ai32(RCL-ChR2(H134R)_EYFP)/wt,DynamicGating,213,2106,2304,im005_r-1.0,true,/Users/benh/github/ai-dg-paper/results/cache/dynamic_gating_session_metadata.csv,18,18,true,true,no_reward_late,2,true,0.07894736842105263,3,38,0.0,0,26,0.7430198859545674,true,true
001051,0.260825.2232,10.48324/dandi.001051/0.260825.2232,https://dandiarchive.s3.amazonaws.com/dandisets/001051/0.260825.2232/assets.jsonld,2026-09-07T03:05:27.689410+00:00,4df8418f-eb96-404c-9b4d-b162d4fceb0a,sub-615563/sub-615563_ses-20220728T204852.nwb,1719047985,43b1a389b6ccbd2a7659cbd79a5903b4-26,33ca54624cadc4b913464fc5eed3817a039ca58a52b78e61256a6e2be1cc0642,application/x-nwb,2024-06-07T23:27:19.128942-07:00,2026-08-25T22:33:01.022815+00:00,https://dandiarchive.s3.amazonaws.com/blobs/d53/5f5/d535f597-e428-4fbb-aa14-16ef4a07f81b,session_nwb,615563,2022-07-28T20:48:52.855000Z,EPHYS_3,Male,Sst-IRES-Cre/wt;Ai32(RCL-ChR2(H134R)_EYFP)/wt,Mus musculus - House mouse,P213D,6,https://dandiarchive.s3.amazonaws.com/blobs/d53/5f5/d535f597-e428-4fbb-aa14-16ef4a07f81b,1194850630,1194907400,2022-07-28 13:48:52.855000,3,M,Sst-IRES-Cre/wt;Ai32(RCL-ChR2(H134R)_EYFP)/wt,DynamicGating,213,2106,2304,im005_r-1.0,true,/Users/benh/github/ai-dg-paper/results/cache/dynamic_gating_session_metadata.csv,18,18,true,true,engaged_2_early,3,true,0.7708333333333334,37,48,0.03571428571428571,1,28,2.351836981258801,true,true
001051,0.260825.2232,10.48324/dandi.001051/0.260825.2232,https://dandiarchive.s3.amazonaws.com/dandisets/001051/0.260825.2232/assets.jsonld,2026-09-07T03:05:27.689410+00:00,4df8418f-eb96-404c-9b4d-b162d4fceb0a,sub-615563/sub-615563_ses-20220728T204852.nwb,1719047985,43b1a389b6ccbd2a7659cbd79a5903b4-26,33ca54624cadc4b913464fc5eed3817a039ca58a52b78e61256a6e2be1cc0642,application/x-nwb,2024-06-07T23:27:19.128942-07:00,2026-08-25T22:33:01.022815+00:00,https://dandiarchive.s3.amazonaws.com/blobs/d53/5f5/d535f597-e428-4fbb-aa14-16ef4a07f81b,session_nwb,615563,2022-07-28T20:48:52.855000Z,EPHYS_3,Male,Sst-IRES-Cre/wt;Ai32(RCL-ChR2(H134R)_EYFP)/wt,Mus musculus - House mouse,P213D,6,https://dandiarchive.s3.amazonaws.com/blobs/d53/5f5/d535f597-e428-4fbb-aa14-16ef4a07f81b,1194850630,1194907400,2022-07-28 13:48:52.855000,3,M,Sst-IRES-Cre/wt;Ai32(RCL-ChR2(H134R)_EYFP)/wt,DynamicGating,213,2106,2304,im005_r-1.0,true,/Users/benh/github/ai-dg-paper/results/cache/dynamic_gating_session_metadata.csv,18,18,true,true,engaged_2_late,4,false,0.6470588235294118,22,34,0.09523809523809523,2,21,1.5735204070227713,true,true
001051,0.260825.2232,10.48324/dandi.001051/0.260825.2232,https://dandiarchive.s3.amazonaws.com/dandisets/001051/0.260825.2232/assets.jsonld,2026-09-07T03:05:27.689410+00:00,ebf9a223-13f2-4160-af40-18231920a2bb,sub-637488/sub-637488_ses-20221208T063534.nwb,1821277277,d1da5516121d7dc8389ee41c476d5eed-28,425f79cb8d611c08a7d7716c4adaad8a80ff0d22e4559094758b2792641dd672,application/x-nwb,2024-06-08T05:43:21.246141-07:00,2026-08-25T22:33:04.668063+00:00,https://dandiarchive.s3.amazonaws.com/blobs/d66/dd6/d66dd6e8-811f-4763-9d8f-69071ba64b62,session_nwb,637488,2022-12-08T06:35:34.265000Z,EPHYS_3,Female,Sst-IRES-Cre/wt;Ai32(RCL-ChR2(H134R)_EYFP)/wt,Mus musculus - House mouse,P183D,6,https://dandiarchive.s3.amazonaws.com/blobs/d66/dd6/d66dd6e8-811f-4763-9d8f-69071ba64b62,1231219674,1231267390,2022-12-07 22:35:34.265000,3,F,Sst-IRES-Cre/wt;Ai32(RCL-ChR2(H134R)_EYFP)/wt,DynamicGating,183,2573,0,im005_r-1.0,true,/Users/benh/github/ai-dg-paper/results/cache/dynamic_gating_session_metadata.csv,24,24,true,true,engaged_1,1,true,0.4583333333333333,22,48,0.13793103448275862,4,29,0.933942881802338,true,false
001051,0.260825.2232,10.48324/dandi.001051/0.260825.2232,https://dandiarchive.s3.amazonaws.com/dandisets/001051/0.260825.2232/assets.jsonld,2026-09-07T03:05:27.689410+00:00,ebf9a223-13f2-4160-af40-18231920a2bb,sub-637488/sub-637488_ses-20221208T063534.nwb,1821277277,d1da5516121d7dc8389ee41c476d5eed-28,425f79cb8d611c08a7d7716c4adaad8a80ff0d22e4559094758b2792641dd672,application/x-nwb,2024-06-08T05:43:21.246141-07:00,2026-08-25T22:33:04.668063+00:00,https://dandiarchive.s3.amazonaws.com/blobs/d66/dd6/d66dd6e8-811f-4763-9d8f-69071ba64b62,session_nwb,637488,2022-12-08T06:35:34.265000Z,EPHYS_3,Female,Sst-IRES-Cre/wt;Ai32(RCL-ChR2(H134R)_EYFP)/wt,Mus musculus - House mouse,P183D,6,https://dandiarchive.s3.amazonaws.com/blobs/d66/dd6/d66dd6e8-811f-4763-9d8f-69071ba64b62,1231219674,1231267390,2022-12-07 22:35:34.265000,3,F,Sst-IRES-Cre/wt;Ai32(RCL-ChR2(H134R)_EYFP)/wt,DynamicGating,183,2573,0,im005_r-1.0,true,/Users/benh/github/ai-dg-paper/results/cache/dynamic_gating_session_metadata.csv,24,24,true,true,no_reward_late,2,true,0.0,0,43,0.0,0,23,-0.24115420132734666,true,false
001051,0.260825.2232,10.48324/dandi.001051/0.260825.2232,https://dandiarchive.s3.amazonaws.com/dandisets/001051/0.260825.2232/assets.jsonld,2026-09-07T03:05:27.689410+00:00,ebf9a223-13f2-4160-af40-18231920a2bb,sub-637488/sub-637488_ses-20221208T063534.nwb,1821277277,d1da5516121d7dc8389ee41c476d5eed-28,425f79cb8d611c08a7d7716c4adaad8a80ff0d22e4559094758b2792641dd672,application/x-nwb,2024-06-08T05:43:21.246141-07:00,2026-08-25T22:33:04.668063+00:00,https://dandiarchive.s3.amazonaws.com/blobs/d66/dd6/d66dd6e8-811f-4763-9d8f-69071ba64b62,session_nwb,637488,2022-12-08T06:35:34.265000Z,EPHYS_3,Female,Sst-IRES-Cre/wt;Ai32(RCL-ChR2(H134R)_EYFP)/wt,Mus musculus - House mouse,P183D,6,https://dandiarchive.s3.amazonaws.com/blobs/d66/dd6/d66dd6e8-811f-4763-9d8f-69071ba64b62,1231219674,1231267390,2022-12-07 22:35:34.265000,3,F,Sst-IRES-Cre/wt;Ai32(RCL-ChR2(H134R)_EYFP)/wt,DynamicGating,183,2573,0,im005_r-1.0,true,/Users/benh/github/ai-dg-paper/results/cache/dynamic_gating_session_metadata.csv,24,24,true,true,engaged_2_early,3,true,0.2413793103448276,14,58,0.0,0,35,1.5125259313164137,true,false
001051,0.260825.2232,10.48324/dandi.001051/0.260825.2232,https://dandiarchive.s3.amazonaws.com/dandisets/001051/0.260825.2232/assets.jsonld,2026-09-07T03:05:27.689410+00:00,ebf9a223-13f2-4160-af40-18231920a2bb,sub-637488/sub-637488_ses-20221208T063534.nwb,1821277277,d1da5516121d7dc8389ee41c476d5eed-28,425f79cb8d611c08a7d7716c4adaad8a80ff0d22e4559094758b2792641dd672,application/x-nwb,2024-06-08T05:43:21.246141-07:00,2026-08-25T22:33:04.668063+00:00,https://dandiarchive.s3.amazonaws.com/blobs/d66/dd6/d66dd6e8-811f-4763-9d8f-69071ba64b62,session_nwb,637488,2022-12-08T06:35:34.265000Z,EPHYS_3,Female,Sst-IRES-Cre/wt;Ai32(RCL-ChR2(H134R)_EYFP)/wt,Mus musculus - House mouse,P183D,6,https://dandiarchive.s3.amazonaws.com/blobs/d66/dd6/d66dd6e8-811f-4763-9d8f-69071ba64b62,1231219674,1231267390,2022-12-07 22:35:34.265000,3,F,Sst-IRES-Cre/wt;Ai32(RCL-ChR2(H134R)_EYFP)/wt,DynamicGating,183,2573,0,im005_r-1.0,true,/Users/benh/github/ai-dg-paper/results/cache/dynamic_gating_session_metadata.csv,24,24,true,true,engaged_2_late,4,false,0.6285714285714286,22,35,0.09523809523809523,2,21,1.526053414186577,true,false
001051,0.260825.2232,10.48324/dandi.001051/0.260825.2232,https://dandiarchive.s3.amazonaws.com/dandisets/001051/0.260825.2232/assets.jsonld,2026-09-07T03:05:27.689410+00:00,afe2d0d6-2d77-4617-bdb2-053bc4cbf433,sub-638387/sub-638387_ses-20221201T063548.nwb,1695297698,4a25d7165f93bb431adfa73558fe6105-26,5b899c5f6e42a5e92355ed79a9b5287c69365caf3950190d044873c0c1ed942d,application/x-nwb,2024-06-08T06:16:09.175471-07:00,2026-08-25T22:33:04.942541+00:00,https://dandiarchive.s3.amazonaws.com/blobs/d8b/8a9/d8b8a9fb-eda0-459f-a722-60a69961c992,session_nwb,638387,2022-12-01T06:35:48Z,EPHYS_2,Male,Sst-IRES-Cre/wt;Ai32(RCL-ChR2(H134R)_EYFP)/wt,Mus musculus - House mouse,P169D,6,https://dandiarchive.s3.amazonaws.com/blobs/d8b/8a9/d8b8a9fb-eda0-459f-a722-60a69961c992,1229654875,1229690648,2022-11-30 22:35:48,2,M,Sst-IRES-Cre/wt;Ai32(RCL-ChR2(H134R)_EYFP)/wt,DynamicGating,169,1861,1920,im114_r-1.0,true,/Users/benh/github/ai-dg-paper/results/cache/dynamic_gating_session_metadata.csv,24,24,true,true,engaged_1,1,true,0.7021276595744681,33,47,0.07407407407407407,2,27,1.863584622615892,true,true
001051,0.260825.2232,10.48324/dandi.001051/0.260825.2232,https://dandiarchive.s3.amazonaws.com/dandisets/001051/0.260825.2232/assets.jsonld,2026-09-07T03:05:27.689410+00:00,afe2d0d6-2d77-4617-bdb2-053bc4cbf433,sub-638387/sub-638387_ses-20221201T063548.nwb,1695297698,4a25d7165f93bb431adfa73558fe6105-26,5b899c5f6e42a5e92355ed79a9b5287c69365caf3950190d044873c0c1ed942d,application/x-nwb,2024-06-08T06:16:09.175471-07:00,2026-08-25T22:33:04.942541+00:00,https://dandiarchive.s3.amazonaws.com/blobs/d8b/8a9/d8b8a9fb-eda0-459f-a722-60a69961c992,session_nwb,638387,2022-12-01T06:35:48Z,EPHYS_2,Male,Sst-IRES-Cre/wt;Ai32(RCL-ChR2(H134R)_EYFP)/wt,Mus musculus - House mouse,P169D,6,https://dandiarchive.s3.amazonaws.com/blobs/d8b/8a9/d8b8a9fb-eda0-459f-a722-60a69961c992,1229654875,1229690648,2022-11-30 22:35:48,2,M,Sst-IRES-Cre/wt;Ai32(RCL-ChR2(H134R)_EYFP)/wt,DynamicGating,169,1861,1920,im114_r-1.0,true,/Users/benh/github/ai-dg-paper/results/cache/dynamic_gating_session_metadata.csv,24,24,true,true,no_reward_late,2,true,0.038461538461538464,1,26,0.0625,1,16,-0.2415165780923889,true,true
001051,0.260825.2232,10.48324/dandi.001051/0.260825.2232,https://dandiarchive.s3.amazonaws.com/dandisets/001051/0.260825.2232/assets.jsonld,2026-09-07T03:05:27.689410+00:00,afe2d0d6-2d77-4617-bdb2-053bc4cbf433,sub-638387/sub-638387_ses-20221201T063548.nwb,1695297698,4a25d7165f93bb431adfa73558fe6105-26,5b899c5f6e42a5e92355ed79a9b5287c69365caf3950190d044873c0c1ed942d,application/x-nwb,2024-06-08T06:16:09.175471-07:00,2026-08-25T22:33:04.942541+00:00,https://dandiarchive.s3.amazonaws.com/blobs/d8b/8a9/d8b8a9fb-eda0-459f-a722-60a69961c992,session_nwb,638387,2022-12-01T06:35:48Z,EPHYS_2,Male,Sst-IRES-Cre/wt;Ai32(RCL-ChR2(H134R)_EYFP)/wt,Mus musculus - House mouse,P169D,6,https://dandiarchive.s3.amazonaws.com/blobs/d8b/8a9/d8b8a9fb-eda0-459f-a722-60a69961c992,1229654875,1229690648,2022-11-30 22:35:48,2,M,Sst-IRES-Cre/wt;Ai32(RCL-ChR2(H134R)_EYFP)/wt,DynamicGating,169,1861,1920,im114_r-1.0,true,/Users/benh/github/ai-dg-paper/results/cache/dynamic_gating_session_metadata.csv,24,24,true,true,engaged_2_early,3,true,0.6333333333333333,19,30,0.05555555555555555,1,18,1.741478925884286,true,true
001051,0.260825.2232,10.48324/dandi.001051/0.260825.2232,https://dandiarchive.s3.amazonaws.com/dandisets/001051/0.260825.2232/assets.jsonld,2026-09-07T03:05:27.689410+00:00,afe2d0d6-2d77-4617-bdb2-053bc4cbf433,sub-638387/sub-638387_ses-20221201T063548.nwb,1695297698,4a25d7165f93bb431adfa73558fe6105-26,5b899c5f6e42a5e92355ed79a9b5287c69365caf3950190d044873c0c1ed942d,application/x-nwb,2024-06-08T06:16:09.175471-07:00,2026-08-25T22:33:04.942541+00:00,https://dandiarchive.s3.amazonaws.com/blobs/d8b/8a9/d8b8a9fb-eda0-459f-a722-60a69961c992,session_nwb,638387,2022-12-01T06:35:48Z,EPHYS_2,Male,Sst-IRES-Cre/wt;Ai32(RCL-ChR2(H134R)_EYFP)/wt,Mus musculus - House mouse,P169D,6,https://dandiarchive.s3.amazonaws.com/blobs/d8b/8a9/d8b8a9fb-eda0-459f-a722-60a69961c992,1229654875,1229690648,2022-11-30 22:35:48,2,M,Sst-IRES-Cre/wt;Ai32(RCL-ChR2(H134R)_EYFP)/wt,DynamicGating,169,1861,1920,im114_r-1.0,true,/Users/benh/github/ai-dg-paper/results/cache/dynamic_gating_session_metadata.csv,24,24,true,true,engaged_2_late,4,false,0.42857142857142855,9,21,0.23076923076923078,3,13,0.50274266055857,true,true
001051,0.260825.2232,10.48324/dandi.001051/0.260825.2232,https://dandiarchive.s3.amazonaws.com/dandisets/001051/0.260825.2232/assets.jsonld,2026-09-07T03:05:27.689410+00:00,a37a0426-1532-4df3-b0cd-3cefca2ba6f0,sub-632295/sub-632295_ses-20221019T215724.nwb,1782645215,862fe6f97b95ea40f006d8729eb34236-27,fa70fe65f3f0f792a14d3ba717e94bb73973533262bd4a153627a59351471e09,application/x-nwb,2024-06-08T03:31:14.033286-07:00,2026-08-25T22:33:03.501727+00:00,https://dandiarchive.s3.amazonaws.com/blobs/db1/7c5/db17c503-6c6e-44c4-921f-4b0ddfa6dbdb,session_nwb,632295,2022-10-19T21:57:24.516000Z,EPHYS_3,Female,wt/wt,Mus musculus - House mouse,P173D,6,https://dandiarchive.s3.amazonaws.com/blobs/db1/7c5/db17c503-6c6e-44c4-921f-4b0ddfa6dbdb,1219127153,1219190138,2022-10-19 14:57:24.516000,3,F,wt/wt,DynamicGating,173,1719,1920,im005_r-1.0,true,/Users/benh/github/ai-dg-paper/results/cache/dynamic_gating_session_metadata.csv,24,24,true,true,engaged_1,1,true,0.8928571428571429,25,28,0.23529411764705882,4,17,1.8460359214988435,true,true
001051,0.260825.2232,10.48324/dandi.001051/0.260825.2232,https://dandiarchive.s3.amazonaws.com/dandisets/001051/0.260825.2232/assets.jsonld,2026-09-07T03:05:27.689410+00:00,a37a0426-1532-4df3-b0cd-3cefca2ba6f0,sub-632295/sub-632295_ses-20221019T215724.nwb,1782645215,862fe6f97b95ea40f006d8729eb34236-27,fa70fe65f3f0f792a14d3ba717e94bb73973533262bd4a153627a59351471e09,application/x-nwb,2024-06-08T03:31:14.033286-07:00,2026-08-25T22:33:03.501727+00:00,https://dandiarchive.s3.amazonaws.com/blobs/db1/7c5/db17c503-6c6e-44c4-921f-4b0ddfa6dbdb,session_nwb,632295,2022-10-19T21:57:24.516000Z,EPHYS_3,Female,wt/wt,Mus musculus - House mouse,P173D,6,https://dandiarchive.s3.amazonaws.com/blobs/db1/7c5/db17c503-6c6e-44c4-921f-4b0ddfa6dbdb,1219127153,1219190138,2022-10-19 14:57:24.516000,3,F,wt/wt,DynamicGating,173,1719,1920,im005_r-1.0,true,/Users/benh/github/ai-dg-paper/results/cache/dynamic_gating_session_metadata.csv,24,24,true,true,no_reward_late,2,true,0.05405405405405406,2,37,0.0,0,23,0.528929540260829,true,true
001051,0.260825.2232,10.48324/dandi.001051/0.260825.2232,https://dandiarchive.s3.amazonaws.com/dandisets/001051/0.260825.2232/assets.jsonld,2026-09-07T03:05:27.689410+00:00,a37a0426-1532-4df3-b0cd-3cefca2ba6f0,sub-632295/sub-632295_ses-20221019T215724.nwb,1782645215,862fe6f97b95ea40f006d8729eb34236-27,fa70fe65f3f0f792a14d3ba717e94bb73973533262bd4a153627a59351471e09,application/x-nwb,2024-06-08T03:31:14.033286-07:00,2026-08-25T22:33:03.501727+00:00,https://dandiarchive.s3.amazonaws.com/blobs/db1/7c5/db17c503-6c6e-44c4-921f-4b0ddfa6dbdb,session_nwb,632295,2022-10-19T21:57:24.516000Z,EPHYS_3,Female,wt/wt,Mus musculus - House mouse,P173D,6,https://dandiarchive.s3.amazonaws.com/blobs/db1/7c5/db17c503-6c6e-44c4-921f-4b0ddfa6dbdb,1219127153,1219190138,2022-10-19 14:57:24.516000,3,F,wt/wt,DynamicGating,173,1719,1920,im005_r-1.0,true,/Users/benh/github/ai-dg-paper/results/cache/dynamic_gating_session_metadata.csv,24,24,true,true,engaged_2_early,3,true,0.8205128205128205,32,39,0.2608695652173913,6,23,1.4974411692052088,true,true
001051,0.260825.2232,10.48324/dandi.001051/0.260825.2232,https://dandiarchive.s3.amazonaws.com/dandisets/001051/0.260825.2232/assets.jsonld,2026-09-07T03:05:27.689410+00:00,a37a0426-1532-4df3-b0cd-3cefca2ba6f0,sub-632295/sub-632295_ses-20221019T215724.nwb,1782645215,862fe6f97b95ea40f006d8729eb34236-27,fa70fe65f3f0f792a14d3ba717e94bb73973533262bd4a153627a59351471e09,application/x-nwb,2024-06-08T03:31:14.033286-07:00,2026-08-25T22:33:03.501727+00:00,https://dandiarchive.s3.amazonaws.com/blobs/db1/7c5/db17c503-6c6e-44c4-921f-4b0ddfa6dbdb,session_nwb,632295,2022-10-19T21:57:24.516000Z,EPHYS_3,Female,wt/wt,Mus musculus - House mouse,P173D,6,https://dandiarchive.s3.amazonaws.com/blobs/db1/7c5/db17c503-6c6e-44c4-921f-4b0ddfa6dbdb,1219127153,1219190138,2022-10-19 14:57:24.516000,3,F,wt/wt,DynamicGating,173,1719,1920,im005_r-1.0,true,/Users/benh/github/ai-dg-paper/results/cache/dynamic_gating_session_metadata.csv,24,24,true,true,engaged_2_late,4,false,0.76,19,25,0.1875,3,16,1.4952818385284623,true,true
001051,0.260825.2232,10.48324/dandi.001051/0.260825.2232,https://dandiarchive.s3.amazonaws.com/dandisets/001051/0.260825.2232/assets.jsonld,2026-09-07T03:05:27.689410+00:00,05409f9b-35a3-4899-8e11-77c914af1de7,sub-614547/sub-614547_ses-20220531T221544.nwb,2485302862,8def59a99b4a6e452ca58669ab802878-38,98526e5ed9b5641f713a04274233a03013c72db67c30d6241eb75c765e0666f6,application/x-nwb,2024-06-07T21:06:45.902170-07:00,2026-08-25T22:32:59.834744+00:00,https://dandiarchive.s3.amazonaws.com/blobs/e00/438/e0043830-9418-4875-88b6-c0b5aefca5ae,session_nwb,614547,2022-05-31T22:15:44.760000Z,EPHYS_1,Male,Vip-IRES-Cre/wt;Ai32(RCL-ChR2(H134R)_EYFP)/wt,Mus musculus - House mouse,P167D,5,https://dandiarchive.s3.amazonaws.com/blobs/e00/438/e0043830-9418-4875-88b6-c0b5aefca5ae,1181096406,1181158215,2022-05-31 15:15:44.760000,1,M,Vip-IRES-Cre/wt;Ai32(RCL-ChR2(H134R)_EYFP)/wt,DynamicGating_DEV,167,2257,1920,im104_r-1.0,true,/Users/benh/github/ai-dg-paper/results/cache/dynamic_gating_session_metadata.csv,17,17,true,true,engaged_1,1,true,0.8620689655172413,25,29,0.3333333333333333,3,9,1.421753855901357,true,false
001051,0.260825.2232,10.48324/dandi.001051/0.260825.2232,https://dandiarchive.s3.amazonaws.com/dandisets/001051/0.260825.2232/assets.jsonld,2026-09-07T03:05:27.689410+00:00,05409f9b-35a3-4899-8e11-77c914af1de7,sub-614547/sub-614547_ses-20220531T221544.nwb,2485302862,8def59a99b4a6e452ca58669ab802878-38,98526e5ed9b5641f713a04274233a03013c72db67c30d6241eb75c765e0666f6,application/x-nwb,2024-06-07T21:06:45.902170-07:00,2026-08-25T22:32:59.834744+00:00,https://dandiarchive.s3.amazonaws.com/blobs/e00/438/e0043830-9418-4875-88b6-c0b5aefca5ae,session_nwb,614547,2022-05-31T22:15:44.760000Z,EPHYS_1,Male,Vip-IRES-Cre/wt;Ai32(RCL-ChR2(H134R)_EYFP)/wt,Mus musculus - House mouse,P167D,5,https://dandiarchive.s3.amazonaws.com/blobs/e00/438/e0043830-9418-4875-88b6-c0b5aefca5ae,1181096406,1181158215,2022-05-31 15:15:44.760000,1,M,Vip-IRES-Cre/wt;Ai32(RCL-ChR2(H134R)_EYFP)/wt,DynamicGating_DEV,167,2257,1920,im104_r-1.0,true,/Users/benh/github/ai-dg-paper/results/cache/dynamic_gating_session_metadata.csv,17,17,true,true,no_reward_late,2,true,0.20408163265306123,10,49,0.125,2,16,0.24271015094573078,true,false
001051,0.260825.2232,10.48324/dandi.001051/0.260825.2232,https://dandiarchive.s3.amazonaws.com/dandisets/001051/0.260825.2232/assets.jsonld,2026-09-07T03:05:27.689410+00:00,05409f9b-35a3-4899-8e11-77c914af1de7,sub-614547/sub-614547_ses-20220531T221544.nwb,2485302862,8def59a99b4a6e452ca58669ab802878-38,98526e5ed9b5641f713a04274233a03013c72db67c30d6241eb75c765e0666f6,application/x-nwb,2024-06-07T21:06:45.902170-07:00,2026-08-25T22:32:59.834744+00:00,https://dandiarchive.s3.amazonaws.com/blobs/e00/438/e0043830-9418-4875-88b6-c0b5aefca5ae,session_nwb,614547,2022-05-31T22:15:44.760000Z,EPHYS_1,Male,Vip-IRES-Cre/wt;Ai32(RCL-ChR2(H134R)_EYFP)/wt,Mus musculus - House mouse,P167D,5,https://dandiarchive.s3.amazonaws.com/blobs/e00/438/e0043830-9418-4875-88b6-c0b5aefca5ae,1181096406,1181158215,2022-05-31 15:15:44.760000,1,M,Vip-IRES-Cre/wt;Ai32(RCL-ChR2(H134R)_EYFP)/wt,DynamicGating_DEV,167,2257,1920,im104_r-1.0,true,/Users/benh/github/ai-dg-paper/results/cache/dynamic_gating_session_metadata.csv,17,17,true,true,engaged_2_early,3,true,0.7450980392156863,38,51,0.0625,1,16,1.9962338460372746,true,false
001051,0.260825.2232,10.48324/dandi.001051/0.260825.2232,https://dandiarchive.s3.amazonaws.com/dandisets/001051/0.260825.2232/assets.jsonld,2026-09-07T03:05:27.689410+00:00,05409f9b-35a3-4899-8e11-77c914af1de7,sub-614547/sub-614547_ses-20220531T221544.nwb,2485302862,8def59a99b4a6e452ca58669ab802878-38,98526e5ed9b5641f713a04274233a03013c72db67c30d6241eb75c765e0666f6,application/x-nwb,2024-06-07T21:06:45.902170-07:00,2026-08-25T22:32:59.834744+00:00,https://dandiarchive.s3.amazonaws.com/blobs/e00/438/e0043830-9418-4875-88b6-c0b5aefca5ae,session_nwb,614547,2022-05-31T22:15:44.760000Z,EPHYS_1,Male,Vip-IRES-Cre/wt;Ai32(RCL-ChR2(H134R)_EYFP)/wt,Mus musculus - House mouse,P167D,5,https://dandiarchive.s3.amazonaws.com/blobs/e00/438/e0043830-9418-4875-88b6-c0b5aefca5ae,1181096406,1181158215,2022-05-31 15:15:44.760000,1,M,Vip-IRES-Cre/wt;Ai32(RCL-ChR2(H134R)_EYFP)/wt,DynamicGating_DEV,167,2257,1920,im104_r-1.0,true,/Users/benh/github/ai-dg-paper/results/cache/dynamic_gating_session_metadata.csv,17,17,true,true,engaged_2_late,4,false,0.6857142857142857,24,35,0.16666666666666666,2,12,1.3386766571016881,true,false
001051,0.260825.2232,10.48324/dandi.001051/0.260825.2232,https://dandiarchive.s3.amazonaws.com/dandisets/001051/0.260825.2232/assets.jsonld,2026-09-07T03:05:27.689410+00:00,fe3d7ace-4cf8-458b-aede-3d433e350cd9,sub-640890/sub-640890_ses-20221214T070918.nwb,1645959431,5b5c97c6105a9fef4b3a98e761d5e05f-25,eabef8309a3a00617ba85b801b392feb2654ea718d7b369c7ff1f0351b0de769,application/x-nwb,2024-06-08T07:19:26.647335-07:00,2026-08-25T22:33:05.443977+00:00,https://dandiarchive.s3.amazonaws.com/blobs/e3b/977/e3b97777-89fa-4730-8d0e-fae22e471f07,session_nwb,640890,2022-12-14T07:09:18.825000Z,EPHYS_2,Male,Sst-IRES-Cre/wt;Ai32(RCL-ChR2(H134R)_EYFP)/wt,Mus musculus - House mouse,P165D,6,https://dandiarchive.s3.amazonaws.com/blobs/e3b/977/e3b97777-89fa-4730-8d0e-fae22e471f07,1232725697,1232770660,2022-12-13 23:09:18.825000,2,M,Sst-IRES-Cre/wt;Ai32(RCL-ChR2(H134R)_EYFP)/wt,DynamicGating,165,1959,1920,im114_r-1.0,true,/Users/benh/github/ai-dg-paper/results/cache/dynamic_gating_session_metadata.csv,24,24,true,true,engaged_1,1,true,0.9285714285714286,39,42,0.07692307692307693,2,26,2.720704681842645,true,true
001051,0.260825.2232,10.48324/dandi.001051/0.260825.2232,https://dandiarchive.s3.amazonaws.com/dandisets/001051/0.260825.2232/assets.jsonld,2026-09-07T03:05:27.689410+00:00,fe3d7ace-4cf8-458b-aede-3d433e350cd9,sub-640890/sub-640890_ses-20221214T070918.nwb,1645959431,5b5c97c6105a9fef4b3a98e761d5e05f-25,eabef8309a3a00617ba85b801b392feb2654ea718d7b369c7ff1f0351b0de769,application/x-nwb,2024-06-08T07:19:26.647335-07:00,2026-08-25T22:33:05.443977+00:00,https://dandiarchive.s3.amazonaws.com/blobs/e3b/977/e3b97777-89fa-4730-8d0e-fae22e471f07,session_nwb,640890,2022-12-14T07:09:18.825000Z,EPHYS_2,Male,Sst-IRES-Cre/wt;Ai32(RCL-ChR2(H134R)_EYFP)/wt,Mus musculus - House mouse,P165D,6,https://dandiarchive.s3.amazonaws.com/blobs/e3b/977/e3b97777-89fa-4730-8d0e-fae22e471f07,1232725697,1232770660,2022-12-13 23:09:18.825000,2,M,Sst-IRES-Cre/wt;Ai32(RCL-ChR2(H134R)_EYFP)/wt,DynamicGating,165,1959,1920,im114_r-1.0,true,/Users/benh/github/ai-dg-paper/results/cache/dynamic_gating_session_metadata.csv,24,24,true,true,no_reward_late,2,true,0.17073170731707318,7,41,0.0,0,23,1.1160111553330092,true,true
001051,0.260825.2232,10.48324/dandi.001051/0.260825.2232,https://dandiarchive.s3.amazonaws.com/dandisets/001051/0.260825.2232/assets.jsonld,2026-09-07T03:05:27.689410+00:00,fe3d7ace-4cf8-458b-aede-3d433e350cd9,sub-640890/sub-640890_ses-20221214T070918.nwb,1645959431,5b5c97c6105a9fef4b3a98e761d5e05f-25,eabef8309a3a00617ba85b801b392feb2654ea718d7b369c7ff1f0351b0de769,application/x-nwb,2024-06-08T07:19:26.647335-07:00,2026-08-25T22:33:05.443977+00:00,https://dandiarchive.s3.amazonaws.com/blobs/e3b/977/e3b97777-89fa-4730-8d0e-fae22e471f07,session_nwb,640890,2022-12-14T07:09:18.825000Z,EPHYS_2,Male,Sst-IRES-Cre/wt;Ai32(RCL-ChR2(H134R)_EYFP)/wt,Mus musculus - House mouse,P165D,6,https://dandiarchive.s3.amazonaws.com/blobs/e3b/977/e3b97777-89fa-4730-8d0e-fae22e471f07,1232725697,1232770660,2022-12-13 23:09:18.825000,2,M,Sst-IRES-Cre/wt;Ai32(RCL-ChR2(H134R)_EYFP)/wt,DynamicGating,165,1959,1920,im114_r-1.0,true,/Users/benh/github/ai-dg-paper/results/cache/dynamic_gating_session_metadata.csv,24,24,true,true,engaged_2_early,3,true,0.8888888888888888,48,54,0.03225806451612903,1,31,2.86006459350778,true,true
001051,0.260825.2232,10.48324/dandi.001051/0.260825.2232,https://dandiarchive.s3.amazonaws.com/dandisets/001051/0.260825.2232/assets.jsonld,2026-09-07T03:05:27.689410+00:00,fe3d7ace-4cf8-458b-aede-3d433e350cd9,sub-640890/sub-640890_ses-20221214T070918.nwb,1645959431,5b5c97c6105a9fef4b3a98e761d5e05f-25,eabef8309a3a00617ba85b801b392feb2654ea718d7b369c7ff1f0351b0de769,application/x-nwb,2024-06-08T07:19:26.647335-07:00,2026-08-25T22:33:05.443977+00:00,https://dandiarchive.s3.amazonaws.com/blobs/e3b/977/e3b97777-89fa-4730-8d0e-fae22e471f07,session_nwb,640890,2022-12-14T07:09:18.825000Z,EPHYS_2,Male,Sst-IRES-Cre/wt;Ai32(RCL-ChR2(H134R)_EYFP)/wt,Mus musculus - House mouse,P165D,6,https://dandiarchive.s3.amazonaws.com/blobs/e3b/977/e3b97777-89fa-4730-8d0e-fae22e471f07,1232725697,1232770660,2022-12-13 23:09:18.825000,2,M,Sst-IRES-Cre/wt;Ai32(RCL-ChR2(H134R)_EYFP)/wt,DynamicGating,165,1959,1920,im114_r-1.0,true,/Users/benh/github/ai-dg-paper/results/cache/dynamic_gating_session_metadata.csv,24,24,true,true,engaged_2_late,4,false,0.2,7,35,0.125,3,24,0.26810153931504344,true,true
001051,0.260825.2232,10.48324/dandi.001051/0.260825.2232,https://dandiarchive.s3.amazonaws.com/dandisets/001051/0.260825.2232/assets.jsonld,2026-09-07T03:05:27.689410+00:00,0f3dad61-fba3-4429-b69a-0afae63b5d52,sub-612090/sub-612090_ses-20220527T182739.nwb,2049606455,a0e7c66e6ce9683420de5749e2370c96-31,ad3ec46b7b7236ab6c9b45db91033747fad0cd6ca4a2698871e406ee79dfc92a,application/x-nwb,2024-06-07T20:32:05.537569-07:00,2026-08-25T22:32:59.558278+00:00,https://dandiarchive.s3.amazonaws.com/blobs/e4a/849/e4a84972-c995-4591-b870-4171b092406b,session_nwb,612090,2022-05-27T18:27:39.873000Z,EPHYS_4,Male,Vip-IRES-Cre/wt;Ai32(RCL-ChR2(H134R)_EYFP)/wt,Mus musculus - House mouse,P180D,5,https://dandiarchive.s3.amazonaws.com/blobs/e4a/849/e4a84972-c995-4591-b870-4171b092406b,1180266229,1180344154,2022-05-27 11:27:39.873000,4,M,Vip-IRES-Cre/wt;Ai32(RCL-ChR2(H134R)_EYFP)/wt,DynamicGating_DEV,180,1867,768,im087_r-1.0,true,/Users/benh/github/ai-dg-paper/results/cache/dynamic_gating_session_metadata.csv,22,22,true,true,engaged_1,1,true,0.509090909090909,28,55,0.16666666666666666,3,18,0.921817385966652,true,false
001051,0.260825.2232,10.48324/dandi.001051/0.260825.2232,https://dandiarchive.s3.amazonaws.com/dandisets/001051/0.260825.2232/assets.jsonld,2026-09-07T03:05:27.689410+00:00,0f3dad61-fba3-4429-b69a-0afae63b5d52,sub-612090/sub-612090_ses-20220527T182739.nwb,2049606455,a0e7c66e6ce9683420de5749e2370c96-31,ad3ec46b7b7236ab6c9b45db91033747fad0cd6ca4a2698871e406ee79dfc92a,application/x-nwb,2024-06-07T20:32:05.537569-07:00,2026-08-25T22:32:59.558278+00:00,https://dandiarchive.s3.amazonaws.com/blobs/e4a/849/e4a84972-c995-4591-b870-4171b092406b,session_nwb,612090,2022-05-27T18:27:39.873000Z,EPHYS_4,Male,Vip-IRES-Cre/wt;Ai32(RCL-ChR2(H134R)_EYFP)/wt,Mus musculus - House mouse,P180D,5,https://dandiarchive.s3.amazonaws.com/blobs/e4a/849/e4a84972-c995-4591-b870-4171b092406b,1180266229,1180344154,2022-05-27 11:27:39.873000,4,M,Vip-IRES-Cre/wt;Ai32(RCL-ChR2(H134R)_EYFP)/wt,DynamicGating_DEV,180,1867,768,im087_r-1.0,true,/Users/benh/github/ai-dg-paper/results/cache/dynamic_gating_session_metadata.csv,22,22,true,true,no_reward_late,2,true,0.10638297872340426,5,47,0.0,0,18,0.7354232479273806,true,false
001051,0.260825.2232,10.48324/dandi.001051/0.260825.2232,https://dandiarchive.s3.amazonaws.com/dandisets/001051/0.260825.2232/assets.jsonld,2026-09-07T03:05:27.689410+00:00,0f3dad61-fba3-4429-b69a-0afae63b5d52,sub-612090/sub-612090_ses-20220527T182739.nwb,2049606455,a0e7c66e6ce9683420de5749e2370c96-31,ad3ec46b7b7236ab6c9b45db91033747fad0cd6ca4a2698871e406ee79dfc92a,application/x-nwb,2024-06-07T20:32:05.537569-07:00,2026-08-25T22:32:59.558278+00:00,https://dandiarchive.s3.amazonaws.com/blobs/e4a/849/e4a84972-c995-4591-b870-4171b092406b,session_nwb,612090,2022-05-27T18:27:39.873000Z,EPHYS_4,Male,Vip-IRES-Cre/wt;Ai32(RCL-ChR2(H134R)_EYFP)/wt,Mus musculus - House mouse,P180D,5,https://dandiarchive.s3.amazonaws.com/blobs/e4a/849/e4a84972-c995-4591-b870-4171b092406b,1180266229,1180344154,2022-05-27 11:27:39.873000,4,M,Vip-IRES-Cre/wt;Ai32(RCL-ChR2(H134R)_EYFP)/wt,DynamicGating_DEV,180,1867,768,im087_r-1.0,true,/Users/benh/github/ai-dg-paper/results/cache/dynamic_gating_session_metadata.csv,22,22,true,true,engaged_2_early,3,true,0.5172413793103449,30,58,0.05555555555555555,1,18,1.454685592912333,true,false
001051,0.260825.2232,10.48324/dandi.001051/0.260825.2232,https://dandiarchive.s3.amazonaws.com/dandisets/001051/0.260825.2232/assets.jsonld,2026-09-07T03:05:27.689410+00:00,0f3dad61-fba3-4429-b69a-0afae63b5d52,sub-612090/sub-612090_ses-20220527T182739.nwb,2049606455,a0e7c66e6ce9683420de5749e2370c96-31,ad3ec46b7b7236ab6c9b45db91033747fad0cd6ca4a2698871e406ee79dfc92a,application/x-nwb,2024-06-07T20:32:05.537569-07:00,2026-08-25T22:32:59.558278+00:00,https://dandiarchive.s3.amazonaws.com/blobs/e4a/849/e4a84972-c995-4591-b870-4171b092406b,session_nwb,612090,2022-05-27T18:27:39.873000Z,EPHYS_4,Male,Vip-IRES-Cre/wt;Ai32(RCL-ChR2(H134R)_EYFP)/wt,Mus musculus - House mouse,P180D,5,https://dandiarchive.s3.amazonaws.com/blobs/e4a/849/e4a84972-c995-4591-b870-4171b092406b,1180266229,1180344154,2022-05-27 11:27:39.873000,4,M,Vip-IRES-Cre/wt;Ai32(RCL-ChR2(H134R)_EYFP)/wt,DynamicGating_DEV,180,1867,768,im087_r-1.0,true,/Users/benh/github/ai-dg-paper/results/cache/dynamic_gating_session_metadata.csv,22,22,true,true,engaged_2_late,4,false,0.6060606060606061,20,33,0.16666666666666666,2,12,1.130391173690339,true,false
001051,0.260825.2232,10.48324/dandi.001051/0.260825.2232,https://dandiarchive.s3.amazonaws.com/dandisets/001051/0.260825.2232/assets.jsonld,2026-09-07T03:05:27.689410+00:00,857ba3a7-53cb-45dd-8da5-2afa1ce5e467,sub-608671/sub-608671_ses-20220519T214322.nwb,1932736494,d1be02593cb795de38205d7f73b611a4-29,060d6849e803fb20ce59bfed815d47dea9deb20e9501ff0457866914a62b5d80,application/x-nwb,2024-06-07T18:16:57.744139-07:00,2026-08-25T22:32:58.525724+00:00,https://dandiarchive.s3.amazonaws.com/blobs/e4f/a5f/e4fa5f32-279b-40b0-a324-b0d14d1c4cdc,session_nwb,608671,2022-05-19T21:43:22.978000Z,EPHYS_3,Male,Sst-IRES-Cre/wt;Ai32(RCL-ChR2(H134R)_EYFP)/wt,Mus musculus - House mouse,P222D,6,https://dandiarchive.s3.amazonaws.com/blobs/e4f/a5f/e4fa5f32-279b-40b0-a324-b0d14d1c4cdc,1178460518,1178532134,2022-05-19 14:43:22.978000,3,M,Sst-IRES-Cre/wt;Ai32(RCL-ChR2(H134R)_EYFP)/wt,DynamicGating_DEV,222,1969,1536,im005_r-1.0,true,/Users/benh/github/ai-dg-paper/results/cache/dynamic_gating_session_metadata.csv,21,21,true,true,engaged_1,1,true,0.5365853658536586,22,41,0.21428571428571427,3,14,0.8175556419574066,true,false
001051,0.260825.2232,10.48324/dandi.001051/0.260825.2232,https://dandiarchive.s3.amazonaws.com/dandisets/001051/0.260825.2232/assets.jsonld,2026-09-07T03:05:27.689410+00:00,857ba3a7-53cb-45dd-8da5-2afa1ce5e467,sub-608671/sub-608671_ses-20220519T214322.nwb,1932736494,d1be02593cb795de38205d7f73b611a4-29,060d6849e803fb20ce59bfed815d47dea9deb20e9501ff0457866914a62b5d80,application/x-nwb,2024-06-07T18:16:57.744139-07:00,2026-08-25T22:32:58.525724+00:00,https://dandiarchive.s3.amazonaws.com/blobs/e4f/a5f/e4fa5f32-279b-40b0-a324-b0d14d1c4cdc,session_nwb,608671,2022-05-19T21:43:22.978000Z,EPHYS_3,Male,Sst-IRES-Cre/wt;Ai32(RCL-ChR2(H134R)_EYFP)/wt,Mus musculus - House mouse,P222D,6,https://dandiarchive.s3.amazonaws.com/blobs/e4f/a5f/e4fa5f32-279b-40b0-a324-b0d14d1c4cdc,1178460518,1178532134,2022-05-19 14:43:22.978000,3,M,Sst-IRES-Cre/wt;Ai32(RCL-ChR2(H134R)_EYFP)/wt,DynamicGating_DEV,222,1969,1536,im005_r-1.0,true,/Users/benh/github/ai-dg-paper/results/cache/dynamic_gating_session_metadata.csv,21,21,true,true,no_reward_late,2,true,0.0,0,48,0.0,0,15,-0.456026103556181,true,false
001051,0.260825.2232,10.48324/dandi.001051/0.260825.2232,https://dandiarchive.s3.amazonaws.com/dandisets/001051/0.260825.2232/assets.jsonld,2026-09-07T03:05:27.689410+00:00,857ba3a7-53cb-45dd-8da5-2afa1ce5e467,sub-608671/sub-608671_ses-20220519T214322.nwb,1932736494,d1be02593cb795de38205d7f73b611a4-29,060d6849e803fb20ce59bfed815d47dea9deb20e9501ff0457866914a62b5d80,application/x-nwb,2024-06-07T18:16:57.744139-07:00,2026-08-25T22:32:58.525724+00:00,https://dandiarchive.s3.amazonaws.com/blobs/e4f/a5f/e4fa5f32-279b-40b0-a324-b0d14d1c4cdc,session_nwb,608671,2022-05-19T21:43:22.978000Z,EPHYS_3,Male,Sst-IRES-Cre/wt;Ai32(RCL-ChR2(H134R)_EYFP)/wt,Mus musculus - House mouse,P222D,6,https://dandiarchive.s3.amazonaws.com/blobs/e4f/a5f/e4fa5f32-279b-40b0-a324-b0d14d1c4cdc,1178460518,1178532134,2022-05-19 14:43:22.978000,3,M,Sst-IRES-Cre/wt;Ai32(RCL-ChR2(H134R)_EYFP)/wt,DynamicGating_DEV,222,1969,1536,im005_r-1.0,true,/Users/benh/github/ai-dg-paper/results/cache/dynamic_gating_session_metadata.csv,21,21,true,true,engaged_2_early,3,true,0.48,24,50,0.0625,1,16,1.3025328608911035,true,false
001051,0.260825.2232,10.48324/dandi.001051/0.260825.2232,https://dandiarchive.s3.amazonaws.com/dandisets/001051/0.260825.2232/assets.jsonld,2026-09-07T03:05:27.689410+00:00,857ba3a7-53cb-45dd-8da5-2afa1ce5e467,sub-608671/sub-608671_ses-20220519T214322.nwb,1932736494,d1be02593cb795de38205d7f73b611a4-29,060d6849e803fb20ce59bfed815d47dea9deb20e9501ff0457866914a62b5d80,application/x-nwb,2024-06-07T18:16:57.744139-07:00,2026-08-25T22:32:58.525724+00:00,https://dandiarchive.s3.amazonaws.com/blobs/e4f/a5f/e4fa5f32-279b-40b0-a324-b0d14d1c4cdc,session_nwb,608671,2022-05-19T21:43:22.978000Z,EPHYS_3,Male,Sst-IRES-Cre/wt;Ai32(RCL-ChR2(H134R)_EYFP)/wt,Mus musculus - House mouse,P222D,6,https://dandiarchive.s3.amazonaws.com/blobs/e4f/a5f/e4fa5f32-279b-40b0-a324-b0d14d1c4cdc,1178460518,1178532134,2022-05-19 14:43:22.978000,3,M,Sst-IRES-Cre/wt;Ai32(RCL-ChR2(H134R)_EYFP)/wt,DynamicGating_DEV,222,1969,1536,im005_r-1.0,true,/Users/benh/github/ai-dg-paper/results/cache/dynamic_gating_session_metadata.csv,21,21,true,true,engaged_2_late,4,false,0.5,17,34,0.16666666666666666,2,12,0.8694237732888861,true,false
001051,0.260825.2232,10.48324/dandi.001051/0.260825.2232,https://dandiarchive.s3.amazonaws.com/dandisets/001051/0.260825.2232/assets.jsonld,2026-09-07T03:05:27.689410+00:00,b29b295d-eda4-41d5-853d-a642d49104a8,sub-614547/sub-614547_ses-20220601T205407.nwb,2597826148,778879795d5c7a760b0c848b1f33ff9b-39,dc0ca8dfccc60283f37b27fdf8d076605fb0260d9052ff96e8b5f6fdf39fb0e5,application/x-nwb,2024-06-07T21:06:49.288412-07:00,2026-08-25T22:32:59.845857+00:00,https://dandiarchive.s3.amazonaws.com/blobs/e52/a35/e52a35c1-68c0-4750-9822-c73be5911a37,session_nwb,614547,2022-06-01T20:54:07.026000Z,EPHYS_2,Male,Vip-IRES-Cre/wt;Ai32(RCL-ChR2(H134R)_EYFP)/wt,Mus musculus - House mouse,P167D,6,https://dandiarchive.s3.amazonaws.com/blobs/e52/a35/e52a35c1-68c0-4750-9822-c73be5911a37,1181324124,1181368438,2022-06-01 13:54:07.026000,2,M,Vip-IRES-Cre/wt;Ai32(RCL-ChR2(H134R)_EYFP)/wt,DynamicGating_DEV,167,2532,2304,im114_r-1.0,true,/Users/benh/github/ai-dg-paper/results/cache/dynamic_gating_session_metadata.csv,17,17,true,true,engaged_1,1,true,0.7586206896551724,22,29,0.09090909090909091,1,11,1.8248391305720895,true,false
001051,0.260825.2232,10.48324/dandi.001051/0.260825.2232,https://dandiarchive.s3.amazonaws.com/dandisets/001051/0.260825.2232/assets.jsonld,2026-09-07T03:05:27.689410+00:00,b29b295d-eda4-41d5-853d-a642d49104a8,sub-614547/sub-614547_ses-20220601T205407.nwb,2597826148,778879795d5c7a760b0c848b1f33ff9b-39,dc0ca8dfccc60283f37b27fdf8d076605fb0260d9052ff96e8b5f6fdf39fb0e5,application/x-nwb,2024-06-07T21:06:49.288412-07:00,2026-08-25T22:32:59.845857+00:00,https://dandiarchive.s3.amazonaws.com/blobs/e52/a35/e52a35c1-68c0-4750-9822-c73be5911a37,session_nwb,614547,2022-06-01T20:54:07.026000Z,EPHYS_2,Male,Vip-IRES-Cre/wt;Ai32(RCL-ChR2(H134R)_EYFP)/wt,Mus musculus - House mouse,P167D,6,https://dandiarchive.s3.amazonaws.com/blobs/e52/a35/e52a35c1-68c0-4750-9822-c73be5911a37,1181324124,1181368438,2022-06-01 13:54:07.026000,2,M,Vip-IRES-Cre/wt;Ai32(RCL-ChR2(H134R)_EYFP)/wt,DynamicGating_DEV,167,2532,2304,im114_r-1.0,true,/Users/benh/github/ai-dg-paper/results/cache/dynamic_gating_session_metadata.csv,17,17,true,true,no_reward_late,2,true,0.32,16,50,0.35714285714285715,5,14,-0.11715710392469947,true,false
001051,0.260825.2232,10.48324/dandi.001051/0.260825.2232,https://dandiarchive.s3.amazonaws.com/dandisets/001051/0.260825.2232/assets.jsonld,2026-09-07T03:05:27.689410+00:00,b29b295d-eda4-41d5-853d-a642d49104a8,sub-614547/sub-614547_ses-20220601T205407.nwb,2597826148,778879795d5c7a760b0c848b1f33ff9b-39,dc0ca8dfccc60283f37b27fdf8d076605fb0260d9052ff96e8b5f6fdf39fb0e5,application/x-nwb,2024-06-07T21:06:49.288412-07:00,2026-08-25T22:32:59.845857+00:00,https://dandiarchive.s3.amazonaws.com/blobs/e52/a35/e52a35c1-68c0-4750-9822-c73be5911a37,session_nwb,614547,2022-06-01T20:54:07.026000Z,EPHYS_2,Male,Vip-IRES-Cre/wt;Ai32(RCL-ChR2(H134R)_EYFP)/wt,Mus musculus - House mouse,P167D,6,https://dandiarchive.s3.amazonaws.com/blobs/e52/a35/e52a35c1-68c0-4750-9822-c73be5911a37,1181324124,1181368438,2022-06-01 13:54:07.026000,2,M,Vip-IRES-Cre/wt;Ai32(RCL-ChR2(H134R)_EYFP)/wt,DynamicGating_DEV,167,2532,2304,im114_r-1.0,true,/Users/benh/github/ai-dg-paper/results/cache/dynamic_gating_session_metadata.csv,17,17,true,true,engaged_2_early,3,true,0.7446808510638298,35,47,0.1875,3,16,1.462853463608882,true,false
001051,0.260825.2232,10.48324/dandi.001051/0.260825.2232,https://dandiarchive.s3.amazonaws.com/dandisets/001051/0.260825.2232/assets.jsonld,2026-09-07T03:05:27.689410+00:00,b29b295d-eda4-41d5-853d-a642d49104a8,sub-614547/sub-614547_ses-20220601T205407.nwb,2597826148,778879795d5c7a760b0c848b1f33ff9b-39,dc0ca8dfccc60283f37b27fdf8d076605fb0260d9052ff96e8b5f6fdf39fb0e5,application/x-nwb,2024-06-07T21:06:49.288412-07:00,2026-08-25T22:32:59.845857+00:00,https://dandiarchive.s3.amazonaws.com/blobs/e52/a35/e52a35c1-68c0-4750-9822-c73be5911a37,session_nwb,614547,2022-06-01T20:54:07.026000Z,EPHYS_2,Male,Vip-IRES-Cre/wt;Ai32(RCL-ChR2(H134R)_EYFP)/wt,Mus musculus - House mouse,P167D,6,https://dandiarchive.s3.amazonaws.com/blobs/e52/a35/e52a35c1-68c0-4750-9822-c73be5911a37,1181324124,1181368438,2022-06-01 13:54:07.026000,2,M,Vip-IRES-Cre/wt;Ai32(RCL-ChR2(H134R)_EYFP)/wt,DynamicGating_DEV,167,2532,2304,im114_r-1.0,true,/Users/benh/github/ai-dg-paper/results/cache/dynamic_gating_session_metadata.csv,17,17,true,true,engaged_2_late,4,false,0.6666666666666666,18,27,0.0,0,11,2.146077725722322,true,false
001051,0.260825.2232,10.48324/dandi.001051/0.260825.2232,https://dandiarchive.s3.amazonaws.com/dandisets/001051/0.260825.2232/assets.jsonld,2026-09-07T03:05:27.689410+00:00,262fe134-e942-4d0f-9f13-6943be381f00,sub-604914/sub-604914_ses-20220429T060155.nwb,2211105784,f964a068842a10d388a975bb4711d4f6-33,6974fedbf8e36cfa25e7a3c280cb24a9394d48978817b4a7183be7ae105abc81,application/x-nwb,2024-06-07T17:30:16.592686-07:00,2026-08-25T22:32:58.143114+00:00,https://dandiarchive.s3.amazonaws.com/blobs/e5f/59c/e5f59ceb-77c6-417f-a55e-4574c0d390ba,session_nwb,604914,2022-04-29T06:01:55Z,EPHYS_4,Female,Sst-IRES-Cre/wt;Ai32(RCL-ChR2(H134R)_EYFP)/wt,Mus musculus - House mouse,P203D,6,https://dandiarchive.s3.amazonaws.com/blobs/e5f/59c/e5f59ceb-77c6-417f-a55e-4574c0d390ba,1173741216,1173788279,2022-04-28 23:01:55,4,F,Sst-IRES-Cre/wt;Ai32(RCL-ChR2(H134R)_EYFP)/wt,DynamicGating_DEV,203,2262,2304,im087_r-1.0,false,/Users/benh/github/ai-dg-paper/results/cache/dynamic_gating_session_metadata.csv,0,0,true,true,engaged_1,1,true,0.5319148936170213,25,47,0.11764705882352941,2,17,1.163737320809871,true,false
001051,0.260825.2232,10.48324/dandi.001051/0.260825.2232,https://dandiarchive.s3.amazonaws.com/dandisets/001051/0.260825.2232/assets.jsonld,2026-09-07T03:05:27.689410+00:00,262fe134-e942-4d0f-9f13-6943be381f00,sub-604914/sub-604914_ses-20220429T060155.nwb,2211105784,f964a068842a10d388a975bb4711d4f6-33,6974fedbf8e36cfa25e7a3c280cb24a9394d48978817b4a7183be7ae105abc81,application/x-nwb,2024-06-07T17:30:16.592686-07:00,2026-08-25T22:32:58.143114+00:00,https://dandiarchive.s3.amazonaws.com/blobs/e5f/59c/e5f59ceb-77c6-417f-a55e-4574c0d390ba,session_nwb,604914,2022-04-29T06:01:55Z,EPHYS_4,Female,Sst-IRES-Cre/wt;Ai32(RCL-ChR2(H134R)_EYFP)/wt,Mus musculus - House mouse,P203D,6,https://dandiarchive.s3.amazonaws.com/blobs/e5f/59c/e5f59ceb-77c6-417f-a55e-4574c0d390ba,1173741216,1173788279,2022-04-28 23:01:55,4,F,Sst-IRES-Cre/wt;Ai32(RCL-ChR2(H134R)_EYFP)/wt,DynamicGating_DEV,203,2262,2304,im087_r-1.0,false,/Users/benh/github/ai-dg-paper/results/cache/dynamic_gating_session_metadata.csv,0,0,true,true,no_reward_late,2,true,0.08,4,50,0.0,0,15,0.5110296274909898,true,false
001051,0.260825.2232,10.48324/dandi.001051/0.260825.2232,https://dandiarchive.s3.amazonaws.com/dandisets/001051/0.260825.2232/assets.jsonld,2026-09-07T03:05:27.689410+00:00,262fe134-e942-4d0f-9f13-6943be381f00,sub-604914/sub-604914_ses-20220429T060155.nwb,2211105784,f964a068842a10d388a975bb4711d4f6-33,6974fedbf8e36cfa25e7a3c280cb24a9394d48978817b4a7183be7ae105abc81,application/x-nwb,2024-06-07T17:30:16.592686-07:00,2026-08-25T22:32:58.143114+00:00,https://dandiarchive.s3.amazonaws.com/blobs/e5f/59c/e5f59ceb-77c6-417f-a55e-4574c0d390ba,session_nwb,604914,2022-04-29T06:01:55Z,EPHYS_4,Female,Sst-IRES-Cre/wt;Ai32(RCL-ChR2(H134R)_EYFP)/wt,Mus musculus - House mouse,P203D,6,https://dandiarchive.s3.amazonaws.com/blobs/e5f/59c/e5f59ceb-77c6-417f-a55e-4574c0d390ba,1173741216,1173788279,2022-04-28 23:01:55,4,F,Sst-IRES-Cre/wt;Ai32(RCL-ChR2(H134R)_EYFP)/wt,DynamicGating_DEV,203,2262,2304,im087_r-1.0,false,/Users/benh/github/ai-dg-paper/results/cache/dynamic_gating_session_metadata.csv,0,0,true,true,engaged_2_early,3,true,0.0,0,71,0.0,0,25,-0.3902225066649505,true,false
001051,0.260825.2232,10.48324/dandi.001051/0.260825.2232,https://dandiarchive.s3.amazonaws.com/dandisets/001051/0.260825.2232/assets.jsonld,2026-09-07T03:05:27.689410+00:00,262fe134-e942-4d0f-9f13-6943be381f00,sub-604914/sub-604914_ses-20220429T060155.nwb,2211105784,f964a068842a10d388a975bb4711d4f6-33,6974fedbf8e36cfa25e7a3c280cb24a9394d48978817b4a7183be7ae105abc81,application/x-nwb,2024-06-07T17:30:16.592686-07:00,2026-08-25T22:32:58.143114+00:00,https://dandiarchive.s3.amazonaws.com/blobs/e5f/59c/e5f59ceb-77c6-417f-a55e-4574c0d390ba,session_nwb,604914,2022-04-29T06:01:55Z,EPHYS_4,Female,Sst-IRES-Cre/wt;Ai32(RCL-ChR2(H134R)_EYFP)/wt,Mus musculus - House mouse,P203D,6,https://dandiarchive.s3.amazonaws.com/blobs/e5f/59c/e5f59ceb-77c6-417f-a55e-4574c0d390ba,1173741216,1173788279,2022-04-28 23:01:55,4,F,Sst-IRES-Cre/wt;Ai32(RCL-ChR2(H134R)_EYFP)/wt,DynamicGating_DEV,203,2262,2304,im087_r-1.0,false,/Users/benh/github/ai-dg-paper/results/cache/dynamic_gating_session_metadata.csv,0,0,true,true,engaged_2_late,4,false,0.020833333333333332,1,48,0.0,0,15,-0.009138863445593781,true,false
001051,0.260825.2232,10.48324/dandi.001051/0.260825.2232,https://dandiarchive.s3.amazonaws.com/dandisets/001051/0.260825.2232/assets.jsonld,2026-09-07T03:05:27.689410+00:00,99d9e1b0-0c38-4c82-9f6e-05a307543a5a,sub-633232/sub-633232_ses-20221109T225948.nwb,1267362362,0d11953db097138f1b5e86fee933156a-19,b7bb7ef493defddb3f640da4dd3e88a3d2e6b4ce0cf2a5ec1130f0979394da41,application/x-nwb,2024-06-08T04:08:43.907340-07:00,2026-08-25T22:33:03.815074+00:00,https://dandiarchive.s3.amazonaws.com/blobs/e64/266/e642660d-05ba-4a34-a104-de354fd9c83a,session_nwb,633232,2022-11-09T22:59:48.077000Z,EPHYS_3,Female,Sst-IRES-Cre/wt;Ai32(RCL-ChR2(H134R)_EYFP)/wt,Mus musculus - House mouse,P186D,6,https://dandiarchive.s3.amazonaws.com/blobs/e64/266/e642660d-05ba-4a34-a104-de354fd9c83a,1224928532,1224969502,2022-11-09 14:59:48.077000,3,F,Sst-IRES-Cre/wt;Ai32(RCL-ChR2(H134R)_EYFP)/wt,DynamicGating,186,1451,1536,im005_r-1.0,true,/Users/benh/github/ai-dg-paper/results/cache/dynamic_gating_session_metadata.csv,24,24,true,true,engaged_1,1,true,0.2727272727272727,9,33,0.17647058823529413,3,17,0.27704426311469876,true,false
001051,0.260825.2232,10.48324/dandi.001051/0.260825.2232,https://dandiarchive.s3.amazonaws.com/dandisets/001051/0.260825.2232/assets.jsonld,2026-09-07T03:05:27.689410+00:00,99d9e1b0-0c38-4c82-9f6e-05a307543a5a,sub-633232/sub-633232_ses-20221109T225948.nwb,1267362362,0d11953db097138f1b5e86fee933156a-19,b7bb7ef493defddb3f640da4dd3e88a3d2e6b4ce0cf2a5ec1130f0979394da41,application/x-nwb,2024-06-08T04:08:43.907340-07:00,2026-08-25T22:33:03.815074+00:00,https://dandiarchive.s3.amazonaws.com/blobs/e64/266/e642660d-05ba-4a34-a104-de354fd9c83a,session_nwb,633232,2022-11-09T22:59:48.077000Z,EPHYS_3,Female,Sst-IRES-Cre/wt;Ai32(RCL-ChR2(H134R)_EYFP)/wt,Mus musculus - House mouse,P186D,6,https://dandiarchive.s3.amazonaws.com/blobs/e64/266/e642660d-05ba-4a34-a104-de354fd9c83a,1224928532,1224969502,2022-11-09 14:59:48.077000,3,F,Sst-IRES-Cre/wt;Ai32(RCL-ChR2(H134R)_EYFP)/wt,DynamicGating,186,1451,1536,im005_r-1.0,true,/Users/benh/github/ai-dg-paper/results/cache/dynamic_gating_session_metadata.csv,24,24,true,true,no_reward_late,2,true,0.2857142857142857,8,28,0.2,4,20,0.24729769280776392,true,false
001051,0.260825.2232,10.48324/dandi.001051/0.260825.2232,https://dandiarchive.s3.amazonaws.com/dandisets/001051/0.260825.2232/assets.jsonld,2026-09-07T03:05:27.689410+00:00,99d9e1b0-0c38-4c82-9f6e-05a307543a5a,sub-633232/sub-633232_ses-20221109T225948.nwb,1267362362,0d11953db097138f1b5e86fee933156a-19,b7bb7ef493defddb3f640da4dd3e88a3d2e6b4ce0cf2a5ec1130f0979394da41,application/x-nwb,2024-06-08T04:08:43.907340-07:00,2026-08-25T22:33:03.815074+00:00,https://dandiarchive.s3.amazonaws.com/blobs/e64/266/e642660d-05ba-4a34-a104-de354fd9c83a,session_nwb,633232,2022-11-09T22:59:48.077000Z,EPHYS_3,Female,Sst-IRES-Cre/wt;Ai32(RCL-ChR2(H134R)_EYFP)/wt,Mus musculus - House mouse,P186D,6,https://dandiarchive.s3.amazonaws.com/blobs/e64/266/e642660d-05ba-4a34-a104-de354fd9c83a,1224928532,1224969502,2022-11-09 14:59:48.077000,3,F,Sst-IRES-Cre/wt;Ai32(RCL-ChR2(H134R)_EYFP)/wt,DynamicGating,186,1451,1536,im005_r-1.0,true,/Users/benh/github/ai-dg-paper/results/cache/dynamic_gating_session_metadata.csv,24,24,true,true,engaged_2_early,3,true,0.325,13,40,0.16,4,25,0.5001412486107979,true,false
001051,0.260825.2232,10.48324/dandi.001051/0.260825.2232,https://dandiarchive.s3.amazonaws.com/dandisets/001051/0.260825.2232/assets.jsonld,2026-09-07T03:05:27.689410+00:00,99d9e1b0-0c38-4c82-9f6e-05a307543a5a,sub-633232/sub-633232_ses-20221109T225948.nwb,1267362362,0d11953db097138f1b5e86fee933156a-19,b7bb7ef493defddb3f640da4dd3e88a3d2e6b4ce0cf2a5ec1130f0979394da41,application/x-nwb,2024-06-08T04:08:43.907340-07:00,2026-08-25T22:33:03.815074+00:00,https://dandiarchive.s3.amazonaws.com/blobs/e64/266/e642660d-05ba-4a34-a104-de354fd9c83a,session_nwb,633232,2022-11-09T22:59:48.077000Z,EPHYS_3,Female,Sst-IRES-Cre/wt;Ai32(RCL-ChR2(H134R)_EYFP)/wt,Mus musculus - House mouse,P186D,6,https://dandiarchive.s3.amazonaws.com/blobs/e64/266/e642660d-05ba-4a34-a104-de354fd9c83a,1224928532,1224969502,2022-11-09 14:59:48.077000,3,F,Sst-IRES-Cre/wt;Ai32(RCL-ChR2(H134R)_EYFP)/wt,DynamicGating,186,1451,1536,im005_r-1.0,true,/Users/benh/github/ai-dg-paper/results/cache/dynamic_gating_session_metadata.csv,24,24,true,true,engaged_2_late,4,false,0.4444444444444444,12,27,0.13333333333333333,2,15,0.8753003752406625,true,false
001051,0.260825.2232,10.48324/dandi.001051/0.260825.2232,https://dandiarchive.s3.amazonaws.com/dandisets/001051/0.260825.2232/assets.jsonld,2026-09-07T03:05:27.689410+00:00,342dfac8-6a18-41a2-9a70-b6d95118c391,sub-608672/sub-608672_ses-20220504T211150.nwb,2612895956,36e7f8ca5b33a0247833320a91dbff21-39,ba8f18355a2733b678895f7c24df89d5acacc7aee304ab254178bd7ae7236c8c,application/x-nwb,2024-06-07T18:47:55.823899-07:00,2026-08-25T22:32:58.756273+00:00,https://dandiarchive.s3.amazonaws.com/blobs/ecf/4b0/ecf4b0b7-074f-487d-974c-a5188c39f67e,session_nwb,608672,2022-05-04T21:11:50.167000Z,EPHYS_3,Female,Sst-IRES-Cre/wt;Ai32(RCL-ChR2(H134R)_EYFP)/wt,Mus musculus - House mouse,P208D,6,https://dandiarchive.s3.amazonaws.com/blobs/ecf/4b0/ecf4b0b7-074f-487d-974c-a5188c39f67e,1175067685,1175099033,2022-05-04 14:11:50.167000,3,F,Sst-IRES-Cre/wt;Ai32(RCL-ChR2(H134R)_EYFP)/wt,DynamicGating_DEV,208,2304,2304,im005_r-1.0,true,/Users/benh/github/ai-dg-paper/results/cache/dynamic_gating_session_metadata.csv,24,24,true,true,engaged_1,1,true,0.7419354838709677,23,31,0.18181818181818182,2,11,1.4383168138463338,true,false
001051,0.260825.2232,10.48324/dandi.001051/0.260825.2232,https://dandiarchive.s3.amazonaws.com/dandisets/001051/0.260825.2232/assets.jsonld,2026-09-07T03:05:27.689410+00:00,342dfac8-6a18-41a2-9a70-b6d95118c391,sub-608672/sub-608672_ses-20220504T211150.nwb,2612895956,36e7f8ca5b33a0247833320a91dbff21-39,ba8f18355a2733b678895f7c24df89d5acacc7aee304ab254178bd7ae7236c8c,application/x-nwb,2024-06-07T18:47:55.823899-07:00,2026-08-25T22:32:58.756273+00:00,https://dandiarchive.s3.amazonaws.com/blobs/ecf/4b0/ecf4b0b7-074f-487d-974c-a5188c39f67e,session_nwb,608672,2022-05-04T21:11:50.167000Z,EPHYS_3,Female,Sst-IRES-Cre/wt;Ai32(RCL-ChR2(H134R)_EYFP)/wt,Mus musculus - House mouse,P208D,6,https://dandiarchive.s3.amazonaws.com/blobs/ecf/4b0/ecf4b0b7-074f-487d-974c-a5188c39f67e,1175067685,1175099033,2022-05-04 14:11:50.167000,3,F,Sst-IRES-Cre/wt;Ai32(RCL-ChR2(H134R)_EYFP)/wt,DynamicGating_DEV,208,2304,2304,im005_r-1.0,true,/Users/benh/github/ai-dg-paper/results/cache/dynamic_gating_session_metadata.csv,24,24,true,true,no_reward_late,2,true,0.08888888888888889,4,45,0.0,0,15,0.5686935157797952,true,false
001051,0.260825.2232,10.48324/dandi.001051/0.260825.2232,https://dandiarchive.s3.amazonaws.com/dandisets/001051/0.260825.2232/assets.jsonld,2026-09-07T03:05:27.689410+00:00,342dfac8-6a18-41a2-9a70-b6d95118c391,sub-608672/sub-608672_ses-20220504T211150.nwb,2612895956,36e7f8ca5b33a0247833320a91dbff21-39,ba8f18355a2733b678895f7c24df89d5acacc7aee304ab254178bd7ae7236c8c,application/x-nwb,2024-06-07T18:47:55.823899-07:00,2026-08-25T22:32:58.756273+00:00,https://dandiarchive.s3.amazonaws.com/blobs/ecf/4b0/ecf4b0b7-074f-487d-974c-a5188c39f67e,session_nwb,608672,2022-05-04T21:11:50.167000Z,EPHYS_3,Female,Sst-IRES-Cre/wt;Ai32(RCL-ChR2(H134R)_EYFP)/wt,Mus musculus - House mouse,P208D,6,https://dandiarchive.s3.amazonaws.com/blobs/ecf/4b0/ecf4b0b7-074f-487d-974c-a5188c39f67e,1175067685,1175099033,2022-05-04 14:11:50.167000,3,F,Sst-IRES-Cre/wt;Ai32(RCL-ChR2(H134R)_EYFP)/wt,DynamicGating_DEV,208,2304,2304,im005_r-1.0,true,/Users/benh/github/ai-dg-paper/results/cache/dynamic_gating_session_metadata.csv,24,24,true,true,engaged_2_early,3,true,0.03508771929824561,2,57,0.05555555555555555,1,18,-0.30356740477751765,true,false
001051,0.260825.2232,10.48324/dandi.001051/0.260825.2232,https://dandiarchive.s3.amazonaws.com/dandisets/001051/0.260825.2232/assets.jsonld,2026-09-07T03:05:27.689410+00:00,342dfac8-6a18-41a2-9a70-b6d95118c391,sub-608672/sub-608672_ses-20220504T211150.nwb,2612895956,36e7f8ca5b33a0247833320a91dbff21-39,ba8f18355a2733b678895f7c24df89d5acacc7aee304ab254178bd7ae7236c8c,application/x-nwb,2024-06-07T18:47:55.823899-07:00,2026-08-25T22:32:58.756273+00:00,https://dandiarchive.s3.amazonaws.com/blobs/ecf/4b0/ecf4b0b7-074f-487d-974c-a5188c39f67e,session_nwb,608672,2022-05-04T21:11:50.167000Z,EPHYS_3,Female,Sst-IRES-Cre/wt;Ai32(RCL-ChR2(H134R)_EYFP)/wt,Mus musculus - House mouse,P208D,6,https://dandiarchive.s3.amazonaws.com/blobs/ecf/4b0/ecf4b0b7-074f-487d-974c-a5188c39f67e,1175067685,1175099033,2022-05-04 14:11:50.167000,3,F,Sst-IRES-Cre/wt;Ai32(RCL-ChR2(H134R)_EYFP)/wt,DynamicGating_DEV,208,2304,2304,im005_r-1.0,true,/Users/benh/github/ai-dg-paper/results/cache/dynamic_gating_session_metadata.csv,24,24,true,true,engaged_2_late,4,false,0.1,4,40,0.0,0,15,0.6349056061103784,true,false
001051,0.260825.2232,10.48324/dandi.001051/0.260825.2232,https://dandiarchive.s3.amazonaws.com/dandisets/001051/0.260825.2232/assets.jsonld,2026-09-07T03:05:27.689410+00:00,3ceabbd8-204a-4e4a-980f-69913d55e96e,sub-612090/sub-612090_ses-20220525T214650.nwb,1654829260,62b717773f751f5381f3e14c392e4be2-25,e33c5d0dde2304633d520c42da5ac8303faa0ee8bfb0aca7c6206af72ce2b96c,application/x-nwb,2024-06-07T20:28:12.609656-07:00,2026-08-25T22:32:59.515506+00:00,https://dandiarchive.s3.amazonaws.com/blobs/ecf/ff1/ecfff12c-b251-430f-9c0d-05025ad77f11,session_nwb,612090,2022-05-25T21:46:50.138000Z,EPHYS_2,Male,Vip-IRES-Cre/wt;Ai32(RCL-ChR2(H134R)_EYFP)/wt,Mus musculus - House mouse,P180D,5,https://dandiarchive.s3.amazonaws.com/blobs/ecf/ff1/ecfff12c-b251-430f-9c0d-05025ad77f11,1179911454,1179945643,2022-05-25 14:46:50.138000,2,M,Vip-IRES-Cre/wt;Ai32(RCL-ChR2(H134R)_EYFP)/wt,DynamicGating_DEV,180,1296,1920,im114_r-1.0,true,/Users/benh/github/ai-dg-paper/results/cache/dynamic_gating_session_metadata.csv,22,22,true,true,engaged_1,1,true,0.5918367346938775,29,49,0.0625,1,16,1.5792472165718108,true,true
001051,0.260825.2232,10.48324/dandi.001051/0.260825.2232,https://dandiarchive.s3.amazonaws.com/dandisets/001051/0.260825.2232/assets.jsonld,2026-09-07T03:05:27.689410+00:00,3ceabbd8-204a-4e4a-980f-69913d55e96e,sub-612090/sub-612090_ses-20220525T214650.nwb,1654829260,62b717773f751f5381f3e14c392e4be2-25,e33c5d0dde2304633d520c42da5ac8303faa0ee8bfb0aca7c6206af72ce2b96c,application/x-nwb,2024-06-07T20:28:12.609656-07:00,2026-08-25T22:32:59.515506+00:00,https://dandiarchive.s3.amazonaws.com/blobs/ecf/ff1/ecfff12c-b251-430f-9c0d-05025ad77f11,session_nwb,612090,2022-05-25T21:46:50.138000Z,EPHYS_2,Male,Vip-IRES-Cre/wt;Ai32(RCL-ChR2(H134R)_EYFP)/wt,Mus musculus - House mouse,P180D,5,https://dandiarchive.s3.amazonaws.com/blobs/ecf/ff1/ecfff12c-b251-430f-9c0d-05025ad77f11,1179911454,1179945643,2022-05-25 14:46:50.138000,2,M,Vip-IRES-Cre/wt;Ai32(RCL-ChR2(H134R)_EYFP)/wt,DynamicGating_DEV,180,1296,1920,im114_r-1.0,true,/Users/benh/github/ai-dg-paper/results/cache/dynamic_gating_session_metadata.csv,22,22,true,true,no_reward_late,2,true,0.020833333333333332,1,48,0.0,0,17,0.04263509418831202,true,true
001051,0.260825.2232,10.48324/dandi.001051/0.260825.2232,https://dandiarchive.s3.amazonaws.com/dandisets/001051/0.260825.2232/assets.jsonld,2026-09-07T03:05:27.689410+00:00,3ceabbd8-204a-4e4a-980f-69913d55e96e,sub-612090/sub-612090_ses-20220525T214650.nwb,1654829260,62b717773f751f5381f3e14c392e4be2-25,e33c5d0dde2304633d520c42da5ac8303faa0ee8bfb0aca7c6206af72ce2b96c,application/x-nwb,2024-06-07T20:28:12.609656-07:00,2026-08-25T22:32:59.515506+00:00,https://dandiarchive.s3.amazonaws.com/blobs/ecf/ff1/ecfff12c-b251-430f-9c0d-05025ad77f11,session_nwb,612090,2022-05-25T21:46:50.138000Z,EPHYS_2,Male,Vip-IRES-Cre/wt;Ai32(RCL-ChR2(H134R)_EYFP)/wt,Mus musculus - House mouse,P180D,5,https://dandiarchive.s3.amazonaws.com/blobs/ecf/ff1/ecfff12c-b251-430f-9c0d-05025ad77f11,1179911454,1179945643,2022-05-25 14:46:50.138000,2,M,Vip-IRES-Cre/wt;Ai32(RCL-ChR2(H134R)_EYFP)/wt,DynamicGating_DEV,180,1296,1920,im114_r-1.0,true,/Users/benh/github/ai-dg-paper/results/cache/dynamic_gating_session_metadata.csv,22,22,true,true,engaged_2_early,3,true,0.5223880597014925,35,67,0.047619047619047616,1,21,1.5447915183892165,true,true
001051,0.260825.2232,10.48324/dandi.001051/0.260825.2232,https://dandiarchive.s3.amazonaws.com/dandisets/001051/0.260825.2232/assets.jsonld,2026-09-07T03:05:27.689410+00:00,3ceabbd8-204a-4e4a-980f-69913d55e96e,sub-612090/sub-612090_ses-20220525T214650.nwb,1654829260,62b717773f751f5381f3e14c392e4be2-25,e33c5d0dde2304633d520c42da5ac8303faa0ee8bfb0aca7c6206af72ce2b96c,application/x-nwb,2024-06-07T20:28:12.609656-07:00,2026-08-25T22:32:59.515506+00:00,https://dandiarchive.s3.amazonaws.com/blobs/ecf/ff1/ecfff12c-b251-430f-9c0d-05025ad77f11,session_nwb,612090,2022-05-25T21:46:50.138000Z,EPHYS_2,Male,Vip-IRES-Cre/wt;Ai32(RCL-ChR2(H134R)_EYFP)/wt,Mus musculus - House mouse,P180D,5,https://dandiarchive.s3.amazonaws.com/blobs/ecf/ff1/ecfff12c-b251-430f-9c0d-05025ad77f11,1179911454,1179945643,2022-05-25 14:46:50.138000,2,M,Vip-IRES-Cre/wt;Ai32(RCL-ChR2(H134R)_EYFP)/wt,DynamicGating_DEV,180,1296,1920,im114_r-1.0,true,/Users/benh/github/ai-dg-paper/results/cache/dynamic_gating_session_metadata.csv,22,22,true,true,engaged_2_late,4,false,0.6052631578947368,23,38,0.07692307692307693,1,13,1.5018563930743904,true,true
001051,0.260825.2232,10.48324/dandi.001051/0.260825.2232,https://dandiarchive.s3.amazonaws.com/dandisets/001051/0.260825.2232/assets.jsonld,2026-09-07T03:05:27.689410+00:00,fbf88df5-6a6d-4ec7-81d6-31c1adceed8c,sub-636740/sub-636740_ses-20221115T052954.nwb,1540641753,3902929f2a1f9874af3a9240055609e9-23,f97b9ea64f5f116ace1e21b59a0af45f57fc6f102fa35916f50b6ca551b6081e,application/x-nwb,2024-06-08T04:43:30.404735-07:00,2026-08-25T22:33:04.113927+00:00,https://dandiarchive.s3.amazonaws.com/blobs/f0c/39c/f0c39cce-3f08-4bbe-8fac-b1942b204ff6,session_nwb,636740,2022-11-15T05:29:54.682000Z,EPHYS_1,Female,Sst-IRES-Cre/wt;Ai32(RCL-ChR2(H134R)_EYFP)/wt,Mus musculus - House mouse,P166D,6,https://dandiarchive.s3.amazonaws.com/blobs/f0c/39c/f0c39cce-3f08-4bbe-8fac-b1942b204ff6,1226010097,1226047081,2022-11-14 21:29:54.682000,1,F,Sst-IRES-Cre/wt;Ai32(RCL-ChR2(H134R)_EYFP)/wt,DynamicGating,166,1938,2304,im104_r-1.0,true,/Users/benh/github/ai-dg-paper/results/cache/dynamic_gating_session_metadata.csv,24,24,true,true,engaged_1,1,true,0.017241379310344827,1,58,0.0,0,33,0.22515815373696868,true,false
001051,0.260825.2232,10.48324/dandi.001051/0.260825.2232,https://dandiarchive.s3.amazonaws.com/dandisets/001051/0.260825.2232/assets.jsonld,2026-09-07T03:05:27.689410+00:00,fbf88df5-6a6d-4ec7-81d6-31c1adceed8c,sub-636740/sub-636740_ses-20221115T052954.nwb,1540641753,3902929f2a1f9874af3a9240055609e9-23,f97b9ea64f5f116ace1e21b59a0af45f57fc6f102fa35916f50b6ca551b6081e,application/x-nwb,2024-06-08T04:43:30.404735-07:00,2026-08-25T22:33:04.113927+00:00,https://dandiarchive.s3.amazonaws.com/blobs/f0c/39c/f0c39cce-3f08-4bbe-8fac-b1942b204ff6,session_nwb,636740,2022-11-15T05:29:54.682000Z,EPHYS_1,Female,Sst-IRES-Cre/wt;Ai32(RCL-ChR2(H134R)_EYFP)/wt,Mus musculus - House mouse,P166D,6,https://dandiarchive.s3.amazonaws.com/blobs/f0c/39c/f0c39cce-3f08-4bbe-8fac-b1942b204ff6,1226010097,1226047081,2022-11-14 21:29:54.682000,1,F,Sst-IRES-Cre/wt;Ai32(RCL-ChR2(H134R)_EYFP)/wt,DynamicGating,166,1938,2304,im104_r-1.0,true,/Users/benh/github/ai-dg-paper/results/cache/dynamic_gating_session_metadata.csv,24,24,true,true,no_reward_late,2,true,0.0,0,43,0.041666666666666664,1,24,-0.7232147384318814,true,false
001051,0.260825.2232,10.48324/dandi.001051/0.260825.2232,https://dandiarchive.s3.amazonaws.com/dandisets/001051/0.260825.2232/assets.jsonld,2026-09-07T03:05:27.689410+00:00,fbf88df5-6a6d-4ec7-81d6-31c1adceed8c,sub-636740/sub-636740_ses-20221115T052954.nwb,1540641753,3902929f2a1f9874af3a9240055609e9-23,f97b9ea64f5f116ace1e21b59a0af45f57fc6f102fa35916f50b6ca551b6081e,application/x-nwb,2024-06-08T04:43:30.404735-07:00,2026-08-25T22:33:04.113927+00:00,https://dandiarchive.s3.amazonaws.com/blobs/f0c/39c/f0c39cce-3f08-4bbe-8fac-b1942b204ff6,session_nwb,636740,2022-11-15T05:29:54.682000Z,EPHYS_1,Female,Sst-IRES-Cre/wt;Ai32(RCL-ChR2(H134R)_EYFP)/wt,Mus musculus - House mouse,P166D,6,https://dandiarchive.s3.amazonaws.com/blobs/f0c/39c/f0c39cce-3f08-4bbe-8fac-b1942b204ff6,1226010097,1226047081,2022-11-14 21:29:54.682000,1,F,Sst-IRES-Cre/wt;Ai32(RCL-ChR2(H134R)_EYFP)/wt,DynamicGating,166,1938,2304,im104_r-1.0,true,/Users/benh/github/ai-dg-paper/results/cache/dynamic_gating_session_metadata.csv,24,24,true,true,engaged_2_early,3,true,0.04918032786885246,3,61,0.0,0,37,0.6362417668170492,true,false
001051,0.260825.2232,10.48324/dandi.001051/0.260825.2232,https://dandiarchive.s3.amazonaws.com/dandisets/001051/0.260825.2232/assets.jsonld,2026-09-07T03:05:27.689410+00:00,fbf88df5-6a6d-4ec7-81d6-31c1adceed8c,sub-636740/sub-636740_ses-20221115T052954.nwb,1540641753,3902929f2a1f9874af3a9240055609e9-23,f97b9ea64f5f116ace1e21b59a0af45f57fc6f102fa35916f50b6ca551b6081e,application/x-nwb,2024-06-08T04:43:30.404735-07:00,2026-08-25T22:33:04.113927+00:00,https://dandiarchive.s3.amazonaws.com/blobs/f0c/39c/f0c39cce-3f08-4bbe-8fac-b1942b204ff6,session_nwb,636740,2022-11-15T05:29:54.682000Z,EPHYS_1,Female,Sst-IRES-Cre/wt;Ai32(RCL-ChR2(H134R)_EYFP)/wt,Mus musculus - House mouse,P166D,6,https://dandiarchive.s3.amazonaws.com/blobs/f0c/39c/f0c39cce-3f08-4bbe-8fac-b1942b204ff6,1226010097,1226047081,2022-11-14 21:29:54.682000,1,F,Sst-IRES-Cre/wt;Ai32(RCL-ChR2(H134R)_EYFP)/wt,DynamicGating,166,1938,2304,im104_r-1.0,true,/Users/benh/github/ai-dg-paper/results/cache/dynamic_gating_session_metadata.csv,24,24,true,true,engaged_2_late,4,false,0.025,1,40,0.0,0,23,0.24506984432287227,true,false
001051,0.260825.2232,10.48324/dandi.001051/0.260825.2232,https://dandiarchive.s3.amazonaws.com/dandisets/001051/0.260825.2232/assets.jsonld,2026-09-07T03:05:27.689410+00:00,f17c9c1e-e8a6-4b90-8d8c-c859ec5c802a,sub-607660/sub-607660_ses-20220608T211810.nwb,2539290676,904dcc95e17445492fa7a99bd142a507-38,4221eb2c9472af06091a275d147009339823039750a7974a07fe5fced1f5809d,application/x-nwb,2024-06-07T17:30:16.255110-07:00,2026-08-25T22:32:58.167363+00:00,https://dandiarchive.s3.amazonaws.com/blobs/f23/541/f2354121-247a-43f9-a28f-6b8b8c4570d4,session_nwb,607660,2022-06-08T21:18:10.420000Z,EPHYS_3,Female,Sst-IRES-Cre/wt;Ai32(RCL-ChR2(H134R)_EYFP)/wt,Mus musculus - House mouse,P225D,6,https://dandiarchive.s3.amazonaws.com/blobs/f23/541/f2354121-247a-43f9-a28f-6b8b8c4570d4,1182871514,1182899502,2022-06-08 14:18:10.420000,3,F,Sst-IRES-Cre/wt;Ai32(RCL-ChR2(H134R)_EYFP)/wt,DynamicGating_DEV,225,2605,2304,im005_r-1.0,true,/Users/benh/github/ai-dg-paper/results/cache/dynamic_gating_session_metadata.csv,24,24,true,true,engaged_1,1,true,0.5588235294117647,19,34,0.2727272727272727,3,11,0.692251516403922,true,false
001051,0.260825.2232,10.48324/dandi.001051/0.260825.2232,https://dandiarchive.s3.amazonaws.com/dandisets/001051/0.260825.2232/assets.jsonld,2026-09-07T03:05:27.689410+00:00,f17c9c1e-e8a6-4b90-8d8c-c859ec5c802a,sub-607660/sub-607660_ses-20220608T211810.nwb,2539290676,904dcc95e17445492fa7a99bd142a507-38,4221eb2c9472af06091a275d147009339823039750a7974a07fe5fced1f5809d,application/x-nwb,2024-06-07T17:30:16.255110-07:00,2026-08-25T22:32:58.167363+00:00,https://dandiarchive.s3.amazonaws.com/blobs/f23/541/f2354121-247a-43f9-a28f-6b8b8c4570d4,session_nwb,607660,2022-06-08T21:18:10.420000Z,EPHYS_3,Female,Sst-IRES-Cre/wt;Ai32(RCL-ChR2(H134R)_EYFP)/wt,Mus musculus - House mouse,P225D,6,https://dandiarchive.s3.amazonaws.com/blobs/f23/541/f2354121-247a-43f9-a28f-6b8b8c4570d4,1182871514,1182899502,2022-06-08 14:18:10.420000,3,F,Sst-IRES-Cre/wt;Ai32(RCL-ChR2(H134R)_EYFP)/wt,DynamicGating_DEV,225,2605,2304,im005_r-1.0,true,/Users/benh/github/ai-dg-paper/results/cache/dynamic_gating_session_metadata.csv,24,24,true,true,no_reward_late,2,true,0.10204081632653061,5,49,0.0,0,16,0.6629818402968202,true,false
001051,0.260825.2232,10.48324/dandi.001051/0.260825.2232,https://dandiarchive.s3.amazonaws.com/dandisets/001051/0.260825.2232/assets.jsonld,2026-09-07T03:05:27.689410+00:00,f17c9c1e-e8a6-4b90-8d8c-c859ec5c802a,sub-607660/sub-607660_ses-20220608T211810.nwb,2539290676,904dcc95e17445492fa7a99bd142a507-38,4221eb2c9472af06091a275d147009339823039750a7974a07fe5fced1f5809d,application/x-nwb,2024-06-07T17:30:16.255110-07:00,2026-08-25T22:32:58.167363+00:00,https://dandiarchive.s3.amazonaws.com/blobs/f23/541/f2354121-247a-43f9-a28f-6b8b8c4570d4,session_nwb,607660,2022-06-08T21:18:10.420000Z,EPHYS_3,Female,Sst-IRES-Cre/wt;Ai32(RCL-ChR2(H134R)_EYFP)/wt,Mus musculus - House mouse,P225D,6,https://dandiarchive.s3.amazonaws.com/blobs/f23/541/f2354121-247a-43f9-a28f-6b8b8c4570d4,1182871514,1182899502,2022-06-08 14:18:10.420000,3,F,Sst-IRES-Cre/wt;Ai32(RCL-ChR2(H134R)_EYFP)/wt,DynamicGating_DEV,225,2605,2304,im005_r-1.0,true,/Users/benh/github/ai-dg-paper/results/cache/dynamic_gating_session_metadata.csv,24,24,true,true,engaged_2_early,3,true,0.39473684210526316,15,38,0.23076923076923078,3,13,0.4145001489650113,true,false
001051,0.260825.2232,10.48324/dandi.001051/0.260825.2232,https://dandiarchive.s3.amazonaws.com/dandisets/001051/0.260825.2232/assets.jsonld,2026-09-07T03:05:27.689410+00:00,f17c9c1e-e8a6-4b90-8d8c-c859ec5c802a,sub-607660/sub-607660_ses-20220608T211810.nwb,2539290676,904dcc95e17445492fa7a99bd142a507-38,4221eb2c9472af06091a275d147009339823039750a7974a07fe5fced1f5809d,application/x-nwb,2024-06-07T17:30:16.255110-07:00,2026-08-25T22:32:58.167363+00:00,https://dandiarchive.s3.amazonaws.com/blobs/f23/541/f2354121-247a-43f9-a28f-6b8b8c4570d4,session_nwb,607660,2022-06-08T21:18:10.420000Z,EPHYS_3,Female,Sst-IRES-Cre/wt;Ai32(RCL-ChR2(H134R)_EYFP)/wt,Mus musculus - House mouse,P225D,6,https://dandiarchive.s3.amazonaws.com/blobs/f23/541/f2354121-247a-43f9-a28f-6b8b8c4570d4,1182871514,1182899502,2022-06-08 14:18:10.420000,3,F,Sst-IRES-Cre/wt;Ai32(RCL-ChR2(H134R)_EYFP)/wt,DynamicGating_DEV,225,2605,2304,im005_r-1.0,true,/Users/benh/github/ai-dg-paper/results/cache/dynamic_gating_session_metadata.csv,24,24,true,true,engaged_2_late,4,false,0.5,15,30,0.2,2,10,0.7478585947633022,true,false
001051,0.260825.2232,10.48324/dandi.001051/0.260825.2232,https://dandiarchive.s3.amazonaws.com/dandisets/001051/0.260825.2232/assets.jsonld,2026-09-07T03:05:27.689410+00:00,fffe5361-5f08-440b-b47a-03d8f1ac9f28,sub-636740/sub-636740_ses-20221115T214032.nwb,2286390506,20a821e2de4e7e8b3b4ebb2a07da54a2-35,3fdc0cb4258720d4871bd97963e8bf235fab76240bb1e2ce750f5f76875976e8,application/x-nwb,2024-06-08T04:43:34.246775-07:00,2026-08-25T22:33:04.125400+00:00,https://dandiarchive.s3.amazonaws.com/blobs/f5f/cc2/f5fcc2ca-f86f-4533-8e69-479f32781517,session_nwb,636740,2022-11-15T21:40:32.631000Z,EPHYS_2,Female,Sst-IRES-Cre/wt;Ai32(RCL-ChR2(H134R)_EYFP)/wt,Mus musculus - House mouse,P166D,6,https://dandiarchive.s3.amazonaws.com/blobs/f5f/cc2/f5fcc2ca-f86f-4533-8e69-479f32781517,1226251663,1226300314,2022-11-15 13:40:32.631000,2,F,Sst-IRES-Cre/wt;Ai32(RCL-ChR2(H134R)_EYFP)/wt,DynamicGating,166,2665,2304,im114_r-1.0,true,/Users/benh/github/ai-dg-paper/results/cache/dynamic_gating_session_metadata.csv,24,24,true,true,engaged_1,1,true,0.5641025641025641,22,39,0.034482758620689655,1,29,1.8021643115616428,true,false
001051,0.260825.2232,10.48324/dandi.001051/0.260825.2232,https://dandiarchive.s3.amazonaws.com/dandisets/001051/0.260825.2232/assets.jsonld,2026-09-07T03:05:27.689410+00:00,fffe5361-5f08-440b-b47a-03d8f1ac9f28,sub-636740/sub-636740_ses-20221115T214032.nwb,2286390506,20a821e2de4e7e8b3b4ebb2a07da54a2-35,3fdc0cb4258720d4871bd97963e8bf235fab76240bb1e2ce750f5f76875976e8,application/x-nwb,2024-06-08T04:43:34.246775-07:00,2026-08-25T22:33:04.125400+00:00,https://dandiarchive.s3.amazonaws.com/blobs/f5f/cc2/f5fcc2ca-f86f-4533-8e69-479f32781517,session_nwb,636740,2022-11-15T21:40:32.631000Z,EPHYS_2,Female,Sst-IRES-Cre/wt;Ai32(RCL-ChR2(H134R)_EYFP)/wt,Mus musculus - House mouse,P166D,6,https://dandiarchive.s3.amazonaws.com/blobs/f5f/cc2/f5fcc2ca-f86f-4533-8e69-479f32781517,1226251663,1226300314,2022-11-15 13:40:32.631000,2,F,Sst-IRES-Cre/wt;Ai32(RCL-ChR2(H134R)_EYFP)/wt,DynamicGating,166,2665,2304,im114_r-1.0,true,/Users/benh/github/ai-dg-paper/results/cache/dynamic_gating_session_metadata.csv,24,24,true,true,no_reward_late,2,true,0.1,4,40,0.043478260869565216,1,23,0.30629428304127315,true,false
001051,0.260825.2232,10.48324/dandi.001051/0.260825.2232,https://dandiarchive.s3.amazonaws.com/dandisets/001051/0.260825.2232/assets.jsonld,2026-09-07T03:05:27.689410+00:00,fffe5361-5f08-440b-b47a-03d8f1ac9f28,sub-636740/sub-636740_ses-20221115T214032.nwb,2286390506,20a821e2de4e7e8b3b4ebb2a07da54a2-35,3fdc0cb4258720d4871bd97963e8bf235fab76240bb1e2ce750f5f76875976e8,application/x-nwb,2024-06-08T04:43:34.246775-07:00,2026-08-25T22:33:04.125400+00:00,https://dandiarchive.s3.amazonaws.com/blobs/f5f/cc2/f5fcc2ca-f86f-4533-8e69-479f32781517,session_nwb,636740,2022-11-15T21:40:32.631000Z,EPHYS_2,Female,Sst-IRES-Cre/wt;Ai32(RCL-ChR2(H134R)_EYFP)/wt,Mus musculus - House mouse,P166D,6,https://dandiarchive.s3.amazonaws.com/blobs/f5f/cc2/f5fcc2ca-f86f-4533-8e69-479f32781517,1226251663,1226300314,2022-11-15 13:40:32.631000,2,F,Sst-IRES-Cre/wt;Ai32(RCL-ChR2(H134R)_EYFP)/wt,DynamicGating,166,2665,2304,im114_r-1.0,true,/Users/benh/github/ai-dg-paper/results/cache/dynamic_gating_session_metadata.csv,24,24,true,true,engaged_2_early,3,true,0.28846153846153844,15,52,0.0,0,32,1.6198735717615418,true,false
001051,0.260825.2232,10.48324/dandi.001051/0.260825.2232,https://dandiarchive.s3.amazonaws.com/dandisets/001051/0.260825.2232/assets.jsonld,2026-09-07T03:05:27.689410+00:00,fffe5361-5f08-440b-b47a-03d8f1ac9f28,sub-636740/sub-636740_ses-20221115T214032.nwb,2286390506,20a821e2de4e7e8b3b4ebb2a07da54a2-35,3fdc0cb4258720d4871bd97963e8bf235fab76240bb1e2ce750f5f76875976e8,application/x-nwb,2024-06-08T04:43:34.246775-07:00,2026-08-25T22:33:04.125400+00:00,https://dandiarchive.s3.amazonaws.com/blobs/f5f/cc2/f5fcc2ca-f86f-4533-8e69-479f32781517,session_nwb,636740,2022-11-15T21:40:32.631000Z,EPHYS_2,Female,Sst-IRES-Cre/wt;Ai32(RCL-ChR2(H134R)_EYFP)/wt,Mus musculus - House mouse,P166D,6,https://dandiarchive.s3.amazonaws.com/blobs/f5f/cc2/f5fcc2ca-f86f-4533-8e69-479f32781517,1226251663,1226300314,2022-11-15 13:40:32.631000,2,F,Sst-IRES-Cre/wt;Ai32(RCL-ChR2(H134R)_EYFP)/wt,DynamicGating,166,2665,2304,im114_r-1.0,true,/Users/benh/github/ai-dg-paper/results/cache/dynamic_gating_session_metadata.csv,24,24,true,true,engaged_2_late,4,false,0.6875,22,32,0.0,0,19,2.432753105532321,true,false
001051,0.260825.2232,10.48324/dandi.001051/0.260825.2232,https://dandiarchive.s3.amazonaws.com/dandisets/001051/0.260825.2232/assets.jsonld,2026-09-07T03:05:27.689410+00:00,87ff44fa-bd4f-4bc2-ae9a-14fb46cfc084,sub-608671/sub-608671_ses-20220520T181402.nwb,1646903852,a363a5ac7597ee479167b0c501b9472b-25,87ef448cc62670965b7b6861f6e37f1a0f304a0b035a84ac3b178375a6da7d0c,application/x-nwb,2024-06-07T18:16:26.722728-07:00,2026-08-25T22:32:58.502442+00:00,https://dandiarchive.s3.amazonaws.com/blobs/f8f/a8d/f8fa8d9d-b477-4570-875d-852aa7c507d4,session_nwb,608671,2022-05-20T18:14:02.013000Z,EPHYS_4,Male,Sst-IRES-Cre/wt;Ai32(RCL-ChR2(H134R)_EYFP)/wt,Mus musculus - House mouse,P222D,4,https://dandiarchive.s3.amazonaws.com/blobs/f8f/a8d/f8fa8d9d-b477-4570-875d-852aa7c507d4,1178693650,1178737854,2022-05-20 11:14:02.013000,4,M,Sst-IRES-Cre/wt;Ai32(RCL-ChR2(H134R)_EYFP)/wt,DynamicGating_DEV,222,1278,1536,im087_r-1.0,true,/Users/benh/github/ai-dg-paper/results/cache/dynamic_gating_session_metadata.csv,21,21,true,true,engaged_1,1,true,0.4375,14,32,0.0,0,11,1.5791584218760009,true,false
001051,0.260825.2232,10.48324/dandi.001051/0.260825.2232,https://dandiarchive.s3.amazonaws.com/dandisets/001051/0.260825.2232/assets.jsonld,2026-09-07T03:05:27.689410+00:00,87ff44fa-bd4f-4bc2-ae9a-14fb46cfc084,sub-608671/sub-608671_ses-20220520T181402.nwb,1646903852,a363a5ac7597ee479167b0c501b9472b-25,87ef448cc62670965b7b6861f6e37f1a0f304a0b035a84ac3b178375a6da7d0c,application/x-nwb,2024-06-07T18:16:26.722728-07:00,2026-08-25T22:32:58.502442+00:00,https://dandiarchive.s3.amazonaws.com/blobs/f8f/a8d/f8fa8d9d-b477-4570-875d-852aa7c507d4,session_nwb,608671,2022-05-20T18:14:02.013000Z,EPHYS_4,Male,Sst-IRES-Cre/wt;Ai32(RCL-ChR2(H134R)_EYFP)/wt,Mus musculus - House mouse,P222D,4,https://dandiarchive.s3.amazonaws.com/blobs/f8f/a8d/f8fa8d9d-b477-4570-875d-852aa7c507d4,1178693650,1178737854,2022-05-20 11:14:02.013000,4,M,Sst-IRES-Cre/wt;Ai32(RCL-ChR2(H134R)_EYFP)/wt,DynamicGating_DEV,222,1278,1536,im087_r-1.0,true,/Users/benh/github/ai-dg-paper/results/cache/dynamic_gating_session_metadata.csv,21,21,true,true,no_reward_late,2,true,0.0,0,48,0.0,0,17,-0.4042521459222752,true,false
001051,0.260825.2232,10.48324/dandi.001051/0.260825.2232,https://dandiarchive.s3.amazonaws.com/dandisets/001051/0.260825.2232/assets.jsonld,2026-09-07T03:05:27.689410+00:00,87ff44fa-bd4f-4bc2-ae9a-14fb46cfc084,sub-608671/sub-608671_ses-20220520T181402.nwb,1646903852,a363a5ac7597ee479167b0c501b9472b-25,87ef448cc62670965b7b6861f6e37f1a0f304a0b035a84ac3b178375a6da7d0c,application/x-nwb,2024-06-07T18:16:26.722728-07:00,2026-08-25T22:32:58.502442+00:00,https://dandiarchive.s3.amazonaws.com/blobs/f8f/a8d/f8fa8d9d-b477-4570-875d-852aa7c507d4,session_nwb,608671,2022-05-20T18:14:02.013000Z,EPHYS_4,Male,Sst-IRES-Cre/wt;Ai32(RCL-ChR2(H134R)_EYFP)/wt,Mus musculus - House mouse,P222D,4,https://dandiarchive.s3.amazonaws.com/blobs/f8f/a8d/f8fa8d9d-b477-4570-875d-852aa7c507d4,1178693650,1178737854,2022-05-20 11:14:02.013000,4,M,Sst-IRES-Cre/wt;Ai32(RCL-ChR2(H134R)_EYFP)/wt,DynamicGating_DEV,222,1278,1536,im087_r-1.0,true,/Users/benh/github/ai-dg-paper/results/cache/dynamic_gating_session_metadata.csv,21,21,true,true,engaged_2_early,3,true,0.23076923076923078,12,52,0.058823529411764705,1,17,0.6632752695754031,true,false
001051,0.260825.2232,10.48324/dandi.001051/0.260825.2232,https://dandiarchive.s3.amazonaws.com/dandisets/001051/0.260825.2232/assets.jsonld,2026-09-07T03:05:27.689410+00:00,87ff44fa-bd4f-4bc2-ae9a-14fb46cfc084,sub-608671/sub-608671_ses-20220520T181402.nwb,1646903852,a363a5ac7597ee479167b0c501b9472b-25,87ef448cc62670965b7b6861f6e37f1a0f304a0b035a84ac3b178375a6da7d0c,application/x-nwb,2024-06-07T18:16:26.722728-07:00,2026-08-25T22:32:58.502442+00:00,https://dandiarchive.s3.amazonaws.com/blobs/f8f/a8d/f8fa8d9d-b477-4570-875d-852aa7c507d4,session_nwb,608671,2022-05-20T18:14:02.013000Z,EPHYS_4,Male,Sst-IRES-Cre/wt;Ai32(RCL-ChR2(H134R)_EYFP)/wt,Mus musculus - House mouse,P222D,4,https://dandiarchive.s3.amazonaws.com/blobs/f8f/a8d/f8fa8d9d-b477-4570-875d-852aa7c507d4,1178693650,1178737854,2022-05-20 11:14:02.013000,4,M,Sst-IRES-Cre/wt;Ai32(RCL-ChR2(H134R)_EYFP)/wt,DynamicGating_DEV,222,1278,1536,im087_r-1.0,true,/Users/benh/github/ai-dg-paper/results/cache/dynamic_gating_session_metadata.csv,21,21,true,true,engaged_2_late,4,false,0.4,12,30,0.0,0,11,1.4866581730849247,true,false
001051,0.260825.2232,10.48324/dandi.001051/0.260825.2232,https://dandiarchive.s3.amazonaws.com/dandisets/001051/0.260825.2232/assets.jsonld,2026-09-07T03:05:27.689410+00:00,62eb6208-d267-48ec-ae3f-a7fa88d7d9fe,sub-614608/sub-614608_ses-20220629T220553.nwb,2601944263,00042e2740fd82879e76ee058304837f-39,d8e8c4478b5b888ccbcaca8f4f6131a032cd514fb60ba0a4620b1592105812e0,application/x-nwb,2024-06-07T21:36:06.271996-07:00,2026-08-25T22:33:00.185500+00:00,https://dandiarchive.s3.amazonaws.com/blobs/fd4/c49/fd4c4964-f02b-456e-af4d-b9407877d0de,session_nwb,614608,2022-06-29T22:05:53.771000Z,EPHYS_3,Male,Sst-IRES-Cre/wt;Ai32(RCL-ChR2(H134R)_EYFP)/wt,Mus musculus - House mouse,P194D,5,https://dandiarchive.s3.amazonaws.com/blobs/fd4/c49/fd4c4964-f02b-456e-af4d-b9407877d0de,1187940755,1187966621,2022-06-29 15:05:53.771000,3,M,Sst-IRES-Cre/wt;Ai32(RCL-ChR2(H134R)_EYFP)/wt,DynamicGating_DEV,194,2356,1920,im005_r-1.0,true,/Users/benh/github/ai-dg-paper/results/cache/dynamic_gating_session_metadata.csv,23,24,false,true,engaged_1,1,true,0.66,33,50,0.125,2,16,1.4530473713083802,true,true
001051,0.260825.2232,10.48324/dandi.001051/0.260825.2232,https://dandiarchive.s3.amazonaws.com/dandisets/001051/0.260825.2232/assets.jsonld,2026-09-07T03:05:27.689410+00:00,62eb6208-d267-48ec-ae3f-a7fa88d7d9fe,sub-614608/sub-614608_ses-20220629T220553.nwb,2601944263,00042e2740fd82879e76ee058304837f-39,d8e8c4478b5b888ccbcaca8f4f6131a032cd514fb60ba0a4620b1592105812e0,application/x-nwb,2024-06-07T21:36:06.271996-07:00,2026-08-25T22:33:00.185500+00:00,https://dandiarchive.s3.amazonaws.com/blobs/fd4/c49/fd4c4964-f02b-456e-af4d-b9407877d0de,session_nwb,614608,2022-06-29T22:05:53.771000Z,EPHYS_3,Male,Sst-IRES-Cre/wt;Ai32(RCL-ChR2(H134R)_EYFP)/wt,Mus musculus - House mouse,P194D,5,https://dandiarchive.s3.amazonaws.com/blobs/fd4/c49/fd4c4964-f02b-456e-af4d-b9407877d0de,1187940755,1187966621,2022-06-29 15:05:53.771000,3,M,Sst-IRES-Cre/wt;Ai32(RCL-ChR2(H134R)_EYFP)/wt,DynamicGating_DEV,194,2356,1920,im005_r-1.0,true,/Users/benh/github/ai-dg-paper/results/cache/dynamic_gating_session_metadata.csv,23,24,false,true,no_reward_late,2,true,0.08695652173913043,4,46,0.0,0,16,0.5833241048010316,true,true
001051,0.260825.2232,10.48324/dandi.001051/0.260825.2232,https://dandiarchive.s3.amazonaws.com/dandisets/001051/0.260825.2232/assets.jsonld,2026-09-07T03:05:27.689410+00:00,62eb6208-d267-48ec-ae3f-a7fa88d7d9fe,sub-614608/sub-614608_ses-20220629T220553.nwb,2601944263,00042e2740fd82879e76ee058304837f-39,d8e8c4478b5b888ccbcaca8f4f6131a032cd514fb60ba0a4620b1592105812e0,application/x-nwb,2024-06-07T21:36:06.271996-07:00,2026-08-25T22:33:00.185500+00:00,https://dandiarchive.s3.amazonaws.com/blobs/fd4/c49/fd4c4964-f02b-456e-af4d-b9407877d0de,session_nwb,614608,2022-06-29T22:05:53.771000Z,EPHYS_3,Male,Sst-IRES-Cre/wt;Ai32(RCL-ChR2(H134R)_EYFP)/wt,Mus musculus - House mouse,P194D,5,https://dandiarchive.s3.amazonaws.com/blobs/fd4/c49/fd4c4964-f02b-456e-af4d-b9407877d0de,1187940755,1187966621,2022-06-29 15:05:53.771000,3,M,Sst-IRES-Cre/wt;Ai32(RCL-ChR2(H134R)_EYFP)/wt,DynamicGating_DEV,194,2356,1920,im005_r-1.0,true,/Users/benh/github/ai-dg-paper/results/cache/dynamic_gating_session_metadata.csv,23,24,false,true,engaged_2_early,3,true,0.5957446808510638,28,47,0.06666666666666667,1,15,1.5552130066323244,true,true
001051,0.260825.2232,10.48324/dandi.001051/0.260825.2232,https://dandiarchive.s3.amazonaws.com/dandisets/001051/0.260825.2232/assets.jsonld,2026-09-07T03:05:27.689410+00:00,62eb6208-d267-48ec-ae3f-a7fa88d7d9fe,sub-614608/sub-614608_ses-20220629T220553.nwb,2601944263,00042e2740fd82879e76ee058304837f-39,d8e8c4478b5b888ccbcaca8f4f6131a032cd514fb60ba0a4620b1592105812e0,application/x-nwb,2024-06-07T21:36:06.271996-07:00,2026-08-25T22:33:00.185500+00:00,https://dandiarchive.s3.amazonaws.com/blobs/fd4/c49/fd4c4964-f02b-456e-af4d-b9407877d0de,session_nwb,614608,2022-06-29T22:05:53.771000Z,EPHYS_3,Male,Sst-IRES-Cre/wt;Ai32(RCL-ChR2(H134R)_EYFP)/wt,Mus musculus - House mouse,P194D,5,https://dandiarchive.s3.amazonaws.com/blobs/fd4/c49/fd4c4964-f02b-456e-af4d-b9407877d0de,1187940755,1187966621,2022-06-29 15:05:53.771000,3,M,Sst-IRES-Cre/wt;Ai32(RCL-ChR2(H134R)_EYFP)/wt,DynamicGating_DEV,194,2356,1920,im005_r-1.0,true,/Users/benh/github/ai-dg-paper/results/cache/dynamic_gating_session_metadata.csv,23,24,false,true,engaged_2_late,4,false,0.5882352941176471,20,34,0.0,0,11,1.9481985205714163,true,true
001051,0.260825.2232,10.48324/dandi.001051/0.260825.2232,https://dandiarchive.s3.amazonaws.com/dandisets/001051/0.260825.2232/assets.jsonld,2026-09-07T03:05:27.689410+00:00,57231aaa-dcee-4109-8377-4d491f8214cd,sub-615048/sub-615048_ses-20220809T213337.nwb,2066891822,8d50764c9b2a6564695d511914027325-31,c5e1ea649b55368f6312727f4590b45d079e3f3c6227e2b54b0e396e7b73b6c7,application/x-nwb,2024-06-07T22:47:33.668165-07:00,2026-08-25T22:33:00.742880+00:00,https://dandiarchive.s3.amazonaws.com/blobs/fe0/9ba/fe09ba54-89e9-4b73-bf95-5127c2ee2ad9,session_nwb,615048,2022-08-09T21:33:37.222000Z,EPHYS_1,Male,Vip-IRES-Cre/wt;Ai32(RCL-ChR2(H134R)_EYFP)/wt,Mus musculus - House mouse,P233D,6,https://dandiarchive.s3.amazonaws.com/blobs/fe0/9ba/fe09ba54-89e9-4b73-bf95-5127c2ee2ad9,1197514969,1197547900,2022-08-09 14:33:37.222000,1,M,Vip-IRES-Cre/wt;Ai32(RCL-ChR2(H134R)_EYFP)/wt,DynamicGating,233,2559,2304,im104_r-1.0,true,/Users/benh/github/ai-dg-paper/results/cache/dynamic_gating_session_metadata.csv,24,24,true,true,engaged_1,1,true,0.5263157894736842,20,38,0.0,0,21,2.0647404042298536,true,true
001051,0.260825.2232,10.48324/dandi.001051/0.260825.2232,https://dandiarchive.s3.amazonaws.com/dandisets/001051/0.260825.2232/assets.jsonld,2026-09-07T03:05:27.689410+00:00,57231aaa-dcee-4109-8377-4d491f8214cd,sub-615048/sub-615048_ses-20220809T213337.nwb,2066891822,8d50764c9b2a6564695d511914027325-31,c5e1ea649b55368f6312727f4590b45d079e3f3c6227e2b54b0e396e7b73b6c7,application/x-nwb,2024-06-07T22:47:33.668165-07:00,2026-08-25T22:33:00.742880+00:00,https://dandiarchive.s3.amazonaws.com/blobs/fe0/9ba/fe09ba54-89e9-4b73-bf95-5127c2ee2ad9,session_nwb,615048,2022-08-09T21:33:37.222000Z,EPHYS_1,Male,Vip-IRES-Cre/wt;Ai32(RCL-ChR2(H134R)_EYFP)/wt,Mus musculus - House mouse,P233D,6,https://dandiarchive.s3.amazonaws.com/blobs/fe0/9ba/fe09ba54-89e9-4b73-bf95-5127c2ee2ad9,1197514969,1197547900,2022-08-09 14:33:37.222000,1,M,Vip-IRES-Cre/wt;Ai32(RCL-ChR2(H134R)_EYFP)/wt,DynamicGating,233,2559,2304,im104_r-1.0,true,/Users/benh/github/ai-dg-paper/results/cache/dynamic_gating_session_metadata.csv,24,24,true,true,no_reward_late,2,true,0.09090909090909091,3,33,0.047619047619047616,1,21,0.22450079744379248,true,true
001051,0.260825.2232,10.48324/dandi.001051/0.260825.2232,https://dandiarchive.s3.amazonaws.com/dandisets/001051/0.260825.2232/assets.jsonld,2026-09-07T03:05:27.689410+00:00,57231aaa-dcee-4109-8377-4d491f8214cd,sub-615048/sub-615048_ses-20220809T213337.nwb,2066891822,8d50764c9b2a6564695d511914027325-31,c5e1ea649b55368f6312727f4590b45d079e3f3c6227e2b54b0e396e7b73b6c7,application/x-nwb,2024-06-07T22:47:33.668165-07:00,2026-08-25T22:33:00.742880+00:00,https://dandiarchive.s3.amazonaws.com/blobs/fe0/9ba/fe09ba54-89e9-4b73-bf95-5127c2ee2ad9,session_nwb,615048,2022-08-09T21:33:37.222000Z,EPHYS_1,Male,Vip-IRES-Cre/wt;Ai32(RCL-ChR2(H134R)_EYFP)/wt,Mus musculus - House mouse,P233D,6,https://dandiarchive.s3.amazonaws.com/blobs/fe0/9ba/fe09ba54-89e9-4b73-bf95-5127c2ee2ad9,1197514969,1197547900,2022-08-09 14:33:37.222000,1,M,Vip-IRES-Cre/wt;Ai32(RCL-ChR2(H134R)_EYFP)/wt,DynamicGating,233,2559,2304,im104_r-1.0,true,/Users/benh/github/ai-dg-paper/results/cache/dynamic_gating_session_metadata.csv,24,24,true,true,engaged_2_early,3,true,0.6304347826086957,29,46,0.125,3,24,1.4059803452814894,true,true
001051,0.260825.2232,10.48324/dandi.001051/0.260825.2232,https://dandiarchive.s3.amazonaws.com/dandisets/001051/0.260825.2232/assets.jsonld,2026-09-07T03:05:27.689410+00:00,57231aaa-dcee-4109-8377-4d491f8214cd,sub-615048/sub-615048_ses-20220809T213337.nwb,2066891822,8d50764c9b2a6564695d511914027325-31,c5e1ea649b55368f6312727f4590b45d079e3f3c6227e2b54b0e396e7b73b6c7,application/x-nwb,2024-06-07T22:47:33.668165-07:00,2026-08-25T22:33:00.742880+00:00,https://dandiarchive.s3.amazonaws.com/blobs/fe0/9ba/fe09ba54-89e9-4b73-bf95-5127c2ee2ad9,session_nwb,615048,2022-08-09T21:33:37.222000Z,EPHYS_1,Male,Vip-IRES-Cre/wt;Ai32(RCL-ChR2(H134R)_EYFP)/wt,Mus musculus - House mouse,P233D,6,https://dandiarchive.s3.amazonaws.com/blobs/fe0/9ba/fe09ba54-89e9-4b73-bf95-5127c2ee2ad9,1197514969,1197547900,2022-08-09 14:33:37.222000,1,M,Vip-IRES-Cre/wt;Ai32(RCL-ChR2(H134R)_EYFP)/wt,DynamicGating,233,2559,2304,im104_r-1.0,true,/Users/benh/github/ai-dg-paper/results/cache/dynamic_gating_session_metadata.csv,24,24,true,true,engaged_2_late,4,false,0.625,20,32,0.10526315789473684,2,19,1.459015186070942,true,true
001051,0.260825.2232,10.48324/dandi.001051/0.260825.2232,https://dandiarchive.s3.amazonaws.com/dandisets/001051/0.260825.2232/assets.jsonld,2026-09-07T03:05:27.689410+00:00,d65ae3ba-50dc-4698-8410-14c256b672b6,sub-608671/sub-608671_ses-20220518T214848.nwb,1850932174,dd6d39e8cefd8a48cf1d0c3e49332f9e-28,be136b20c80eb88ec603be881258196411a65db6b089c0cc61c84bf2e8a50009,application/x-nwb,2024-06-07T18:16:57.744139-07:00,2026-08-25T22:32:58.535796+00:00,https://dandiarchive.s3.amazonaws.com/blobs/fe8/82f/fe882f8d-cadd-49b7-a088-3f7605d8b083,session_nwb,608671,2022-05-18T21:48:48.743000Z,EPHYS_2,Male,Sst-IRES-Cre/wt;Ai32(RCL-ChR2(H134R)_EYFP)/wt,Mus musculus - House mouse,P222D,6,https://dandiarchive.s3.amazonaws.com/blobs/fe8/82f/fe882f8d-cadd-49b7-a088-3f7605d8b083,1178173272,1178236346,2022-05-18 14:48:48.743000,2,M,Sst-IRES-Cre/wt;Ai32(RCL-ChR2(H134R)_EYFP)/wt,DynamicGating_DEV,222,1760,1920,im114_r-1.0,true,/Users/benh/github/ai-dg-paper/results/cache/dynamic_gating_session_metadata.csv,21,21,true,true,engaged_1,1,true,0.49019607843137253,25,51,0.0625,1,16,1.3275977109500583,true,false
001051,0.260825.2232,10.48324/dandi.001051/0.260825.2232,https://dandiarchive.s3.amazonaws.com/dandisets/001051/0.260825.2232/assets.jsonld,2026-09-07T03:05:27.689410+00:00,d65ae3ba-50dc-4698-8410-14c256b672b6,sub-608671/sub-608671_ses-20220518T214848.nwb,1850932174,dd6d39e8cefd8a48cf1d0c3e49332f9e-28,be136b20c80eb88ec603be881258196411a65db6b089c0cc61c84bf2e8a50009,application/x-nwb,2024-06-07T18:16:57.744139-07:00,2026-08-25T22:32:58.535796+00:00,https://dandiarchive.s3.amazonaws.com/blobs/fe8/82f/fe882f8d-cadd-49b7-a088-3f7605d8b083,session_nwb,608671,2022-05-18T21:48:48.743000Z,EPHYS_2,Male,Sst-IRES-Cre/wt;Ai32(RCL-ChR2(H134R)_EYFP)/wt,Mus musculus - House mouse,P222D,6,https://dandiarchive.s3.amazonaws.com/blobs/fe8/82f/fe882f8d-cadd-49b7-a088-3f7605d8b083,1178173272,1178236346,2022-05-18 14:48:48.743000,2,M,Sst-IRES-Cre/wt;Ai32(RCL-ChR2(H134R)_EYFP)/wt,DynamicGating_DEV,222,1760,1920,im114_r-1.0,true,/Users/benh/github/ai-dg-paper/results/cache/dynamic_gating_session_metadata.csv,21,21,true,true,no_reward_late,2,true,0.0,0,47,0.0,0,16,-0.4214813779239883,true,false
001051,0.260825.2232,10.48324/dandi.001051/0.260825.2232,https://dandiarchive.s3.amazonaws.com/dandisets/001051/0.260825.2232/assets.jsonld,2026-09-07T03:05:27.689410+00:00,d65ae3ba-50dc-4698-8410-14c256b672b6,sub-608671/sub-608671_ses-20220518T214848.nwb,1850932174,dd6d39e8cefd8a48cf1d0c3e49332f9e-28,be136b20c80eb88ec603be881258196411a65db6b089c0cc61c84bf2e8a50009,application/x-nwb,2024-06-07T18:16:57.744139-07:00,2026-08-25T22:32:58.535796+00:00,https://dandiarchive.s3.amazonaws.com/blobs/fe8/82f/fe882f8d-cadd-49b7-a088-3f7605d8b083,session_nwb,608671,2022-05-18T21:48:48.743000Z,EPHYS_2,Male,Sst-IRES-Cre/wt;Ai32(RCL-ChR2(H134R)_EYFP)/wt,Mus musculus - House mouse,P222D,6,https://dandiarchive.s3.amazonaws.com/blobs/fe8/82f/fe882f8d-cadd-49b7-a088-3f7605d8b083,1178173272,1178236346,2022-05-18 14:48:48.743000,2,M,Sst-IRES-Cre/wt;Ai32(RCL-ChR2(H134R)_EYFP)/wt,DynamicGating_DEV,222,1760,1920,im114_r-1.0,true,/Users/benh/github/ai-dg-paper/results/cache/dynamic_gating_session_metadata.csv,21,21,true,true,engaged_2_early,3,true,0.140625,9,64,0.1,2,20,0.12668845807660256,true,false
001051,0.260825.2232,10.48324/dandi.001051/0.260825.2232,https://dandiarchive.s3.amazonaws.com/dandisets/001051/0.260825.2232/assets.jsonld,2026-09-07T03:05:27.689410+00:00,d65ae3ba-50dc-4698-8410-14c256b672b6,sub-608671/sub-608671_ses-20220518T214848.nwb,1850932174,dd6d39e8cefd8a48cf1d0c3e49332f9e-28,be136b20c80eb88ec603be881258196411a65db6b089c0cc61c84bf2e8a50009,application/x-nwb,2024-06-07T18:16:57.744139-07:00,2026-08-25T22:32:58.535796+00:00,https://dandiarchive.s3.amazonaws.com/blobs/fe8/82f/fe882f8d-cadd-49b7-a088-3f7605d8b083,session_nwb,608671,2022-05-18T21:48:48.743000Z,EPHYS_2,Male,Sst-IRES-Cre/wt;Ai32(RCL-ChR2(H134R)_EYFP)/wt,Mus musculus - House mouse,P222D,6,https://dandiarchive.s3.amazonaws.com/blobs/fe8/82f/fe882f8d-cadd-49b7-a088-3f7605d8b083,1178173272,1178236346,2022-05-18 14:48:48.743000,2,M,Sst-IRES-Cre/wt;Ai32(RCL-ChR2(H134R)_EYFP)/wt,DynamicGating_DEV,222,1760,1920,im114_r-1.0,true,/Users/benh/github/ai-dg-paper/results/cache/dynamic_gating_session_metadata.csv,21,21,true,true,engaged_2_late,4,false,0.0,0,42,0.0,0,15,-0.4064739288633126,true,false
