_nwb_path,subject_id,transition_id,transition_order,effect_direction_multiplier,latency_direction_multiplier,included_in_transition_analysis,condition,real_pre_response_probability,real_pre_median_response_latency_seconds,real_pre_n_trials,real_pre_n_latency_responses,real_post_response_probability,real_post_median_response_latency_seconds,real_post_n_trials,real_post_n_latency_responses,pseudo_pre_response_probability,pseudo_pre_median_response_latency_seconds,pseudo_pre_n_trials,pseudo_pre_n_latency_responses,pseudo_post_response_probability,pseudo_post_median_response_latency_seconds,pseudo_post_n_trials,pseudo_post_n_latency_responses,real_step,pseudo_step,real_latency_step_seconds,pseudo_latency_step_seconds,n_real_window_trials,n_pseudo_window_trials,n_real_window_latency_responses,n_pseudo_window_latency_responses,pseudo_controlled_step,pseudo_controlled_latency_step_seconds,n_controlled_window_trials,n_controlled_window_latency_responses,real_step_estimable,pseudo_step_estimable,controlled_step_estimable,real_latency_estimable,pseudo_latency_estimable,controlled_latency_estimable
https://dandiarchive.s3.amazonaws.com/blobs/585/411/5854110b-2b31-4bbf-881e-3280f7b87b95,604914,reward_withdrawal,1,-1.0,1.0,true,catch,1.0,0.17798499999992146,4,4,1.0,0.17791500000004135,4,4,1.0,0.1771800000000212,2,2,,,0,0,-0.0,,-0.00006999999988011041,,8,2,8,2,,,10,10,true,false,false,true,false,false
https://dandiarchive.s3.amazonaws.com/blobs/585/411/5854110b-2b31-4bbf-881e-3280f7b87b95,604914,reward_withdrawal,1,-1.0,1.0,true,go,1.0,0.17774999999994634,6,6,1.0,0.1782599999999661,16,16,1.0,0.1865500000000111,2,2,1.0,0.19376999999997224,3,3,-0.0,-0.0,0.0005100000000197724,0.007219999999961146,22,5,22,5,0.0,-0.006709999999941374,27,27,true,true,true,true,true,true
https://dandiarchive.s3.amazonaws.com/blobs/585/411/5854110b-2b31-4bbf-881e-3280f7b87b95,604914,reward_withdrawal,1,-1.0,1.0,true,go_minus_catch,,,,,,,,,,,,,,,,,0.0,,,,30,7,0,0,,,37,0,true,false,false,false,false,false
https://dandiarchive.s3.amazonaws.com/blobs/585/411/5854110b-2b31-4bbf-881e-3280f7b87b95,604914,reward_restoration,2,1.0,-1.0,true,catch,1.0,0.17797999999993408,5,5,1.0,0.17734999999993306,1,1,1.0,0.17813999999998487,5,5,1.0,0.17826999999988402,5,5,0.0,0.0,0.0006300000000010186,-0.00012999999989915523,6,10,6,10,0.0,0.0007599999999001739,16,16,true,true,true,true,true,true
https://dandiarchive.s3.amazonaws.com/blobs/585/411/5854110b-2b31-4bbf-881e-3280f7b87b95,604914,reward_restoration,2,1.0,-1.0,true,go,1.0,0.17837999999983367,12,12,1.0,0.17830999999978303,9,9,1.0,0.17836499999998523,14,14,1.0,0.17814999999995962,13,13,0.0,0.0,0.00007000000005064066,0.00021500000002561137,21,27,21,27,0.0,-0.0001449999999749707,48,48,true,true,true,true,true,true
https://dandiarchive.s3.amazonaws.com/blobs/585/411/5854110b-2b31-4bbf-881e-3280f7b87b95,604914,reward_restoration,2,1.0,-1.0,true,go_minus_catch,,,,,,,,,,,,,,,,,0.0,0.0,,,27,37,0,0,0.0,,64,0,true,true,true,false,false,false
https://dandiarchive.s3.amazonaws.com/blobs/e5f/59c/e5f59ceb-77c6-417f-a55e-4574c0d390ba,604914,reward_withdrawal,1,-1.0,1.0,true,catch,0.0,,4,0,0.0,,5,0,0.2,0.3933000000000675,5,1,0.0,,4,0,-0.0,0.2,,,9,9,0,1,-0.2,,18,1,true,true,true,false,false,false
https://dandiarchive.s3.amazonaws.com/blobs/e5f/59c/e5f59ceb-77c6-417f-a55e-4574c0d390ba,604914,reward_withdrawal,1,-1.0,1.0,true,go,0.3333333333333333,0.5960549999999785,12,4,0.0,,15,0,0.5,0.5113500000000499,10,5,0.5833333333333334,0.5118999999999687,12,7,0.3333333333333333,-0.08333333333333337,,0.0005499999999187821,27,22,4,12,0.4166666666666667,,49,16,true,true,true,false,true,false
https://dandiarchive.s3.amazonaws.com/blobs/e5f/59c/e5f59ceb-77c6-417f-a55e-4574c0d390ba,604914,reward_withdrawal,1,-1.0,1.0,true,go_minus_catch,,,,,,,,,,,,,,,,,0.3333333333333333,-0.2833333333333334,,,36,31,0,0,0.6166666666666667,,67,0,true,true,true,false,false,false
https://dandiarchive.s3.amazonaws.com/blobs/e5f/59c/e5f59ceb-77c6-417f-a55e-4574c0d390ba,604914,reward_restoration,2,1.0,-1.0,true,catch,0.0,,4,0,0.0,,5,0,0.0,,5,0,0.0,,5,0,0.0,0.0,,,9,10,0,0,0.0,,19,0,true,true,true,false,false,false
https://dandiarchive.s3.amazonaws.com/blobs/e5f/59c/e5f59ceb-77c6-417f-a55e-4574c0d390ba,604914,reward_restoration,2,1.0,-1.0,true,go,0.0625,0.7456200000001445,16,1,0.0,,14,0,0.15384615384615385,0.6954399999999623,13,2,0.06666666666666667,0.6287600000000566,15,1,-0.0625,-0.08717948717948719,,0.0666799999999057,30,28,1,3,0.02467948717948719,,58,4,true,true,true,false,true,false
https://dandiarchive.s3.amazonaws.com/blobs/e5f/59c/e5f59ceb-77c6-417f-a55e-4574c0d390ba,604914,reward_restoration,2,1.0,-1.0,true,go_minus_catch,,,,,,,,,,,,,,,,,-0.0625,-0.08717948717948719,,,39,38,0,0,0.02467948717948719,,77,0,true,true,true,false,false,false
https://dandiarchive.s3.amazonaws.com/blobs/324/6c5/3246c508-0142-4e96-b1f4-13ab63ee636e,607660,reward_withdrawal,1,-1.0,1.0,true,catch,0.0,,4,0,0.0,,7,0,0.0,,2,0,0.3333333333333333,0.6283799999999928,3,1,-0.0,-0.3333333333333333,,,11,5,0,1,0.3333333333333333,,16,1,true,true,true,false,false,false
https://dandiarchive.s3.amazonaws.com/blobs/324/6c5/3246c508-0142-4e96-b1f4-13ab63ee636e,607660,reward_withdrawal,1,-1.0,1.0,true,go,0.5,0.2954599999999914,8,4,0.07692307692307693,0.24466999999992822,13,1,0.7142857142857143,0.41097000000002026,7,5,0.3333333333333333,0.4444700000000239,9,3,0.4230769230769231,0.380952380952381,-0.050790000000063174,0.03350000000000364,21,16,5,8,0.042124542124542086,-0.08429000000006681,37,13,true,true,true,true,true,true
https://dandiarchive.s3.amazonaws.com/blobs/324/6c5/3246c508-0142-4e96-b1f4-13ab63ee636e,607660,reward_withdrawal,1,-1.0,1.0,true,go_minus_catch,,,,,,,,,,,,,,,,,0.4230769230769231,0.7142857142857143,,,32,21,0,0,-0.29120879120879123,,53,0,true,true,true,false,false,false
https://dandiarchive.s3.amazonaws.com/blobs/324/6c5/3246c508-0142-4e96-b1f4-13ab63ee636e,607660,reward_restoration,2,1.0,-1.0,true,catch,0.0,,5,0,0.0,,3,0,0.0,,5,0,0.0,,4,0,0.0,0.0,,,8,9,0,0,0.0,,17,0,true,true,true,false,false,false
https://dandiarchive.s3.amazonaws.com/blobs/324/6c5/3246c508-0142-4e96-b1f4-13ab63ee636e,607660,reward_restoration,2,1.0,-1.0,true,go,0.06666666666666667,0.7113899999999376,15,1,0.0,,11,0,0.0,,15,0,0.07142857142857142,0.4618199999999888,14,1,-0.06666666666666667,0.07142857142857142,,,26,29,1,1,-0.1380952380952381,,55,2,true,true,true,false,false,false
https://dandiarchive.s3.amazonaws.com/blobs/324/6c5/3246c508-0142-4e96-b1f4-13ab63ee636e,607660,reward_restoration,2,1.0,-1.0,true,go_minus_catch,,,,,,,,,,,,,,,,,-0.06666666666666667,0.07142857142857142,,,34,38,0,0,-0.1380952380952381,,72,0,true,true,true,false,false,false
https://dandiarchive.s3.amazonaws.com/blobs/c1b/70d/c1b70d41-1214-4afd-9fcc-b1a3b128c5d6,607660,reward_withdrawal,1,-1.0,1.0,true,catch,0.0,,3,0,0.6666666666666666,0.2780599999999822,6,4,0.0,,3,0,0.0,,3,0,-0.6666666666666666,-0.0,,,9,6,4,0,-0.6666666666666666,,15,4,true,true,true,false,false,false
https://dandiarchive.s3.amazonaws.com/blobs/c1b/70d/c1b70d41-1214-4afd-9fcc-b1a3b128c5d6,607660,reward_withdrawal,1,-1.0,1.0,true,go,0.18181818181818182,0.6293799999999123,11,2,0.23076923076923078,0.4117199999999457,13,3,0.3333333333333333,0.4204350000000261,12,4,0.5,0.5043549999999755,8,4,-0.04895104895104896,-0.16666666666666669,-0.21765999999996666,0.08391999999994937,24,20,5,8,0.11771561771561773,-0.301579999999916,44,13,true,true,true,true,true,true
https://dandiarchive.s3.amazonaws.com/blobs/c1b/70d/c1b70d41-1214-4afd-9fcc-b1a3b128c5d6,607660,reward_withdrawal,1,-1.0,1.0,true,go_minus_catch,,,,,,,,,,,,,,,,,0.6177156177156177,-0.16666666666666669,,,33,26,0,0,0.7843822843822843,,59,0,true,true,true,false,false,false
https://dandiarchive.s3.amazonaws.com/blobs/c1b/70d/c1b70d41-1214-4afd-9fcc-b1a3b128c5d6,607660,reward_restoration,2,1.0,-1.0,true,catch,0.25,0.3781300000000556,4,1,0.0,,4,0,0.0,,6,0,0.25,0.6284899999998288,4,1,-0.25,0.25,,,8,10,1,1,-0.5,,18,2,true,true,true,false,false,false
https://dandiarchive.s3.amazonaws.com/blobs/c1b/70d/c1b70d41-1214-4afd-9fcc-b1a3b128c5d6,607660,reward_restoration,2,1.0,-1.0,true,go,0.14285714285714285,0.46176500000001397,14,2,0.2857142857142857,0.4615999999998621,7,2,0.07142857142857142,0.6951699999999619,14,1,0.06666666666666667,0.5765599999999722,15,1,0.14285714285714285,-0.004761904761904759,0.00016500000015184924,0.11860999999998967,21,29,4,2,0.1476190476190476,-0.11844499999983782,50,6,true,true,true,true,true,true
https://dandiarchive.s3.amazonaws.com/blobs/c1b/70d/c1b70d41-1214-4afd-9fcc-b1a3b128c5d6,607660,reward_restoration,2,1.0,-1.0,true,go_minus_catch,,,,,,,,,,,,,,,,,0.39285714285714285,-0.25476190476190474,,,29,39,0,0,0.6476190476190475,,68,0,true,true,true,false,false,false
https://dandiarchive.s3.amazonaws.com/blobs/d01/275/d012752e-19c8-4ea9-bba6-59bf0983cff5,607660,reward_withdrawal,1,-1.0,1.0,true,catch,0.0,,3,0,0.2,0.6957500000000891,5,1,0.0,,2,0,0.0,,1,0,-0.2,-0.0,,,8,3,1,0,-0.2,,11,1,true,true,true,false,false,false
https://dandiarchive.s3.amazonaws.com/blobs/d01/275/d012752e-19c8-4ea9-bba6-59bf0983cff5,607660,reward_withdrawal,1,-1.0,1.0,true,go,0.7142857142857143,0.529329999999959,7,5,0.35714285714285715,0.36167999999997846,14,5,0.5,0.34483000000000175,2,1,0.625,0.36257000000000517,8,5,0.35714285714285715,-0.125,-0.16764999999998054,0.01774000000000342,21,10,10,6,0.48214285714285715,-0.18538999999998396,31,16,true,true,true,true,true,true
https://dandiarchive.s3.amazonaws.com/blobs/d01/275/d012752e-19c8-4ea9-bba6-59bf0983cff5,607660,reward_withdrawal,1,-1.0,1.0,true,go_minus_catch,,,,,,,,,,,,,,,,,0.5571428571428572,-0.125,,,29,13,0,0,0.6821428571428572,,42,0,true,true,true,false,false,false
https://dandiarchive.s3.amazonaws.com/blobs/d01/275/d012752e-19c8-4ea9-bba6-59bf0983cff5,607660,reward_restoration,2,1.0,-1.0,true,catch,0.0,,5,0,,,0,0,0.0,,4,0,0.0,,6,0,,0.0,,,5,10,0,0,,,15,0,false,true,false,false,false,false
https://dandiarchive.s3.amazonaws.com/blobs/d01/275/d012752e-19c8-4ea9-bba6-59bf0983cff5,607660,reward_restoration,2,1.0,-1.0,true,go,0.0,,13,0,0.5,0.3780099999999038,2,1,0.3333333333333333,0.4284549999999854,12,4,0.0,,14,0,0.5,-0.3333333333333333,,,15,26,1,4,0.8333333333333333,,41,5,true,true,true,false,false,false
https://dandiarchive.s3.amazonaws.com/blobs/d01/275/d012752e-19c8-4ea9-bba6-59bf0983cff5,607660,reward_restoration,2,1.0,-1.0,true,go_minus_catch,,,,,,,,,,,,,,,,,,-0.3333333333333333,,,20,36,0,0,,,56,0,false,true,false,false,false,false
https://dandiarchive.s3.amazonaws.com/blobs/f23/541/f2354121-247a-43f9-a28f-6b8b8c4570d4,607660,reward_withdrawal,1,-1.0,1.0,true,catch,0.6666666666666666,0.3115949999998975,3,2,0.0,,4,0,0.0,,3,0,0.5,0.1945299999999861,2,1,0.6666666666666666,-0.5,,,7,5,2,1,1.1666666666666665,,12,3,true,true,true,false,false,false
https://dandiarchive.s3.amazonaws.com/blobs/f23/541/f2354121-247a-43f9-a28f-6b8b8c4570d4,607660,reward_withdrawal,1,-1.0,1.0,true,go,1.0,0.3208750000000009,6,6,0.4,0.3783949999998981,15,6,0.375,0.3457300000000032,8,3,0.5,0.5956249999999841,4,2,0.6,-0.125,0.05751999999989721,0.24989499999998088,21,12,12,5,0.725,-0.19237500000008367,33,17,true,true,true,true,true,true
https://dandiarchive.s3.amazonaws.com/blobs/f23/541/f2354121-247a-43f9-a28f-6b8b8c4570d4,607660,reward_withdrawal,1,-1.0,1.0,true,go_minus_catch,,,,,,,,,,,,,,,,,-0.06666666666666665,0.375,,,28,17,0,0,-0.44166666666666654,,45,0,true,true,true,false,false,false
https://dandiarchive.s3.amazonaws.com/blobs/f23/541/f2354121-247a-43f9-a28f-6b8b8c4570d4,607660,reward_restoration,2,1.0,-1.0,true,catch,0.0,,7,0,0.5,0.34519000000000233,2,1,0.25,0.2949399999997695,4,1,0.0,,4,0,0.5,-0.25,,,9,8,1,1,0.75,,17,2,true,true,true,false,false,false
https://dandiarchive.s3.amazonaws.com/blobs/f23/541/f2354121-247a-43f9-a28f-6b8b8c4570d4,607660,reward_restoration,2,1.0,-1.0,true,go,0.21428571428571427,0.4284299999999348,14,3,0.3333333333333333,0.49598999999989246,9,3,0.25,0.478279999999927,16,4,0.35714285714285715,0.39525000000003274,14,5,0.11904761904761904,0.10714285714285715,-0.06755999999995765,0.08302999999989424,23,30,6,9,0.01190476190476189,-0.1505899999998519,53,15,true,true,true,true,true,true
https://dandiarchive.s3.amazonaws.com/blobs/f23/541/f2354121-247a-43f9-a28f-6b8b8c4570d4,607660,reward_restoration,2,1.0,-1.0,true,go_minus_catch,,,,,,,,,,,,,,,,,-0.38095238095238093,0.35714285714285715,,,32,38,0,0,-0.7380952380952381,,70,0,true,true,true,false,false,false
https://dandiarchive.s3.amazonaws.com/blobs/2b8/c4a/2b8c4a9d-2e57-4a8d-a9dd-3aa56cf82732,608671,reward_withdrawal,1,-1.0,1.0,true,catch,0.0,,4,0,0.2,0.5282399999998688,5,1,0.0,,5,0,0.0,,2,0,-0.2,-0.0,,,9,7,1,0,-0.2,,16,1,true,true,true,false,false,false
https://dandiarchive.s3.amazonaws.com/blobs/2b8/c4a/2b8c4a9d-2e57-4a8d-a9dd-3aa56cf82732,608671,reward_withdrawal,1,-1.0,1.0,true,go,0.4166666666666667,0.4786099999998896,12,5,0.26666666666666666,0.40330000000000155,15,4,0.36363636363636365,0.49616500000001906,11,4,0.5,0.462805000000003,12,6,0.15000000000000002,-0.13636363636363635,-0.07530999999988808,-0.033360000000016043,27,23,9,10,0.2863636363636364,-0.041949999999872034,50,19,true,true,true,true,true,true
https://dandiarchive.s3.amazonaws.com/blobs/2b8/c4a/2b8c4a9d-2e57-4a8d-a9dd-3aa56cf82732,608671,reward_withdrawal,1,-1.0,1.0,true,go_minus_catch,,,,,,,,,,,,,,,,,0.35000000000000003,-0.13636363636363635,,,36,30,0,0,0.4863636363636364,,66,0,true,true,true,false,false,false
https://dandiarchive.s3.amazonaws.com/blobs/2b8/c4a/2b8c4a9d-2e57-4a8d-a9dd-3aa56cf82732,608671,reward_restoration,2,1.0,-1.0,true,catch,0.0,,4,0,0.0,,4,0,0.0,,5,0,0.2,0.22804999999993925,5,1,0.0,0.2,,,8,10,0,1,-0.2,,18,1,true,true,true,false,false,false
https://dandiarchive.s3.amazonaws.com/blobs/2b8/c4a/2b8c4a9d-2e57-4a8d-a9dd-3aa56cf82732,608671,reward_restoration,2,1.0,-1.0,true,go,0.0,,16,0,0.0,,12,0,0.0,,13,0,0.0,,16,0,0.0,0.0,,,28,29,0,0,0.0,,57,0,true,true,true,false,false,false
https://dandiarchive.s3.amazonaws.com/blobs/2b8/c4a/2b8c4a9d-2e57-4a8d-a9dd-3aa56cf82732,608671,reward_restoration,2,1.0,-1.0,true,go_minus_catch,,,,,,,,,,,,,,,,,0.0,-0.2,,,36,39,0,0,0.2,,75,0,true,true,true,false,false,false
https://dandiarchive.s3.amazonaws.com/blobs/e4f/a5f/e4fa5f32-279b-40b0-a324-b0d14d1c4cdc,608671,reward_withdrawal,1,-1.0,1.0,true,catch,0.0,,4,0,0.0,,5,0,0.0,,3,0,0.3333333333333333,0.5950800000000527,3,1,-0.0,-0.3333333333333333,,,9,6,0,1,0.3333333333333333,,15,1,true,true,true,false,false,false
https://dandiarchive.s3.amazonaws.com/blobs/e4f/a5f/e4fa5f32-279b-40b0-a324-b0d14d1c4cdc,608671,reward_withdrawal,1,-1.0,1.0,true,go,0.3333333333333333,0.6281499999998914,9,3,0.06666666666666667,0.345299999999952,15,1,0.5454545454545454,0.5213800000000504,11,6,0.6666666666666666,0.5034999999999741,9,6,0.26666666666666666,-0.12121212121212122,-0.2828499999999394,-0.01788000000007628,24,20,4,12,0.3878787878787879,-0.26496999999986315,44,16,true,true,true,true,true,true
https://dandiarchive.s3.amazonaws.com/blobs/e4f/a5f/e4fa5f32-279b-40b0-a324-b0d14d1c4cdc,608671,reward_withdrawal,1,-1.0,1.0,true,go_minus_catch,,,,,,,,,,,,,,,,,0.26666666666666666,0.2121212121212121,,,33,26,0,0,0.054545454545454564,,59,0,true,true,true,false,false,false
https://dandiarchive.s3.amazonaws.com/blobs/e4f/a5f/e4fa5f32-279b-40b0-a324-b0d14d1c4cdc,608671,reward_restoration,2,1.0,-1.0,true,catch,0.0,,4,0,0.0,,1,0,0.0,,4,0,0.0,,5,0,0.0,0.0,,,5,9,0,0,0.0,,14,0,true,true,true,false,false,false
https://dandiarchive.s3.amazonaws.com/blobs/e4f/a5f/e4fa5f32-279b-40b0-a324-b0d14d1c4cdc,608671,reward_restoration,2,1.0,-1.0,true,go,0.0,,15,0,0.5555555555555556,0.4295899999997346,9,5,0.0,,15,0,0.0,,14,0,0.5555555555555556,0.0,,,24,29,5,0,0.5555555555555556,,53,5,true,true,true,false,false,false
https://dandiarchive.s3.amazonaws.com/blobs/e4f/a5f/e4fa5f32-279b-40b0-a324-b0d14d1c4cdc,608671,reward_restoration,2,1.0,-1.0,true,go_minus_catch,,,,,,,,,,,,,,,,,0.5555555555555556,0.0,,,29,38,0,0,0.5555555555555556,,67,0,true,true,true,false,false,false
https://dandiarchive.s3.amazonaws.com/blobs/f8f/a8d/f8fa8d9d-b477-4570-875d-852aa7c507d4,608671,reward_withdrawal,1,-1.0,1.0,true,catch,0.0,,3,0,0.0,,4,0,0.0,,2,0,0.0,,3,0,-0.0,-0.0,,,7,5,0,0,0.0,,12,0,true,true,true,false,false,false
https://dandiarchive.s3.amazonaws.com/blobs/f8f/a8d/f8fa8d9d-b477-4570-875d-852aa7c507d4,608671,reward_withdrawal,1,-1.0,1.0,true,go,0.6,0.48719499999992877,10,6,0.3076923076923077,0.5452699999999595,13,4,0.5,0.46145500000000084,4,2,0.1,0.32989999999995234,10,1,0.29230769230769227,0.4,0.05807500000003074,-0.1315550000000485,23,14,10,3,-0.10769230769230775,0.18963000000007924,37,13,true,true,true,true,true,true
https://dandiarchive.s3.amazonaws.com/blobs/f8f/a8d/f8fa8d9d-b477-4570-875d-852aa7c507d4,608671,reward_withdrawal,1,-1.0,1.0,true,go_minus_catch,,,,,,,,,,,,,,,,,0.29230769230769227,0.4,,,30,19,0,0,-0.10769230769230775,,49,0,true,true,true,false,false,false
https://dandiarchive.s3.amazonaws.com/blobs/f8f/a8d/f8fa8d9d-b477-4570-875d-852aa7c507d4,608671,reward_restoration,2,1.0,-1.0,true,catch,0.0,,6,0,0.0,,5,0,0.0,,6,0,0.0,,4,0,0.0,0.0,,,11,10,0,0,0.0,,21,0,true,true,true,false,false,false
https://dandiarchive.s3.amazonaws.com/blobs/f8f/a8d/f8fa8d9d-b477-4570-875d-852aa7c507d4,608671,reward_restoration,2,1.0,-1.0,true,go,0.0,,14,0,0.14285714285714285,0.6284900000000562,7,1,0.08333333333333333,0.5617499999998472,12,1,0.25,0.6285199999998667,16,4,0.14285714285714285,0.16666666666666669,,-0.06677000000001954,21,28,1,5,-0.023809523809523836,,49,6,true,true,true,false,true,false
https://dandiarchive.s3.amazonaws.com/blobs/f8f/a8d/f8fa8d9d-b477-4570-875d-852aa7c507d4,608671,reward_restoration,2,1.0,-1.0,true,go_minus_catch,,,,,,,,,,,,,,,,,0.14285714285714285,0.16666666666666669,,,32,38,0,0,-0.023809523809523836,,70,0,true,true,true,false,false,false
https://dandiarchive.s3.amazonaws.com/blobs/fe8/82f/fe882f8d-cadd-49b7-a088-3f7605d8b083,608671,reward_withdrawal,1,-1.0,1.0,true,catch,0.0,,3,0,0.0,,6,0,0.2,0.5447500000000218,5,1,0.0,,4,0,-0.0,0.2,,,9,9,0,1,-0.2,,18,1,true,true,true,false,false,false
https://dandiarchive.s3.amazonaws.com/blobs/fe8/82f/fe882f8d-cadd-49b7-a088-3f7605d8b083,608671,reward_withdrawal,1,-1.0,1.0,true,go,0.45454545454545453,0.5127699999999322,11,5,0.07692307692307693,0.6952699999999368,13,1,0.3076923076923077,0.512610000000052,13,4,0.5833333333333334,0.462289999999939,12,7,0.3776223776223776,-0.27564102564102566,0.18250000000000455,-0.05032000000011294,24,25,6,11,0.6532634032634033,0.2328200000001175,49,17,true,true,true,true,true,true
https://dandiarchive.s3.amazonaws.com/blobs/fe8/82f/fe882f8d-cadd-49b7-a088-3f7605d8b083,608671,reward_withdrawal,1,-1.0,1.0,true,go_minus_catch,,,,,,,,,,,,,,,,,0.3776223776223776,-0.47564102564102567,,,33,34,0,0,0.8532634032634032,,67,0,true,true,true,false,false,false
https://dandiarchive.s3.amazonaws.com/blobs/fe8/82f/fe882f8d-cadd-49b7-a088-3f7605d8b083,608671,reward_restoration,2,1.0,-1.0,true,catch,0.0,,4,0,0.5,0.7450599999997394,2,1,0.0,,5,0,0.0,,4,0,0.5,0.0,,,6,9,1,0,0.5,,15,1,true,true,true,false,false,false
https://dandiarchive.s3.amazonaws.com/blobs/fe8/82f/fe882f8d-cadd-49b7-a088-3f7605d8b083,608671,reward_restoration,2,1.0,-1.0,true,go,0.0,,13,0,0.375,0.47951999999986583,8,3,0.0,,13,0,0.0,,13,0,0.375,0.0,,,21,26,3,0,0.375,,47,3,true,true,true,false,false,false
https://dandiarchive.s3.amazonaws.com/blobs/fe8/82f/fe882f8d-cadd-49b7-a088-3f7605d8b083,608671,reward_restoration,2,1.0,-1.0,true,go_minus_catch,,,,,,,,,,,,,,,,,-0.125,0.0,,,27,35,0,0,-0.125,,62,0,true,true,true,false,false,false
https://dandiarchive.s3.amazonaws.com/blobs/0ab/b29/0abb2952-5419-4c3b-b848-d58b590e49b5,608672,reward_withdrawal,1,-1.0,1.0,true,catch,0.0,,3,0,0.0,,5,0,0.0,,3,0,0.3333333333333333,0.294840000000022,3,1,-0.0,-0.3333333333333333,,,8,6,0,1,0.3333333333333333,,14,1,true,true,true,false,false,false
https://dandiarchive.s3.amazonaws.com/blobs/0ab/b29/0abb2952-5419-4c3b-b848-d58b590e49b5,608672,reward_withdrawal,1,-1.0,1.0,true,go,0.875,0.32935999999995147,8,7,0.3076923076923077,0.3533199999999965,13,4,0.6666666666666666,0.3537400000000446,6,4,0.6,0.3622249999999667,10,6,0.5673076923076923,0.06666666666666665,0.023960000000045056,0.008484999999922138,21,16,11,10,0.5006410256410256,0.015475000000122918,37,21,true,true,true,true,true,true
https://dandiarchive.s3.amazonaws.com/blobs/0ab/b29/0abb2952-5419-4c3b-b848-d58b590e49b5,608672,reward_withdrawal,1,-1.0,1.0,true,go_minus_catch,,,,,,,,,,,,,,,,,0.5673076923076923,0.39999999999999997,,,29,22,0,0,0.16730769230769232,,51,0,true,true,true,false,false,false
https://dandiarchive.s3.amazonaws.com/blobs/0ab/b29/0abb2952-5419-4c3b-b848-d58b590e49b5,608672,reward_restoration,2,1.0,-1.0,true,catch,0.0,,5,0,1.0,0.4783999999997377,2,2,0.0,,5,0,0.0,,4,0,1.0,0.0,,,7,9,2,0,1.0,,16,2,true,true,true,false,false,false
https://dandiarchive.s3.amazonaws.com/blobs/0ab/b29/0abb2952-5419-4c3b-b848-d58b590e49b5,608672,reward_restoration,2,1.0,-1.0,true,go,0.07142857142857142,0.5286999999998443,14,1,0.625,0.3949699999998302,8,5,0.09090909090909091,0.3783900000000813,11,1,0.0,,14,0,0.5535714285714286,-0.09090909090909091,0.13373000000001412,,22,25,6,1,0.6444805194805195,,47,7,true,true,true,true,false,false
https://dandiarchive.s3.amazonaws.com/blobs/0ab/b29/0abb2952-5419-4c3b-b848-d58b590e49b5,608672,reward_restoration,2,1.0,-1.0,true,go_minus_catch,,,,,,,,,,,,,,,,,-0.4464285714285714,-0.09090909090909091,,,29,34,0,0,-0.35551948051948046,,63,0,true,true,true,false,false,false
https://dandiarchive.s3.amazonaws.com/blobs/45e/b63/45eb632e-a7df-4d91-b0ea-ab8ff3512409,608672,reward_withdrawal,1,-1.0,1.0,true,catch,0.0,,2,0,0.0,,6,0,0.0,,2,0,0.3333333333333333,0.328239999999937,3,1,-0.0,-0.3333333333333333,,,8,5,0,1,0.3333333333333333,,13,1,true,true,true,false,false,false
https://dandiarchive.s3.amazonaws.com/blobs/45e/b63/45eb632e-a7df-4d91-b0ea-ab8ff3512409,608672,reward_withdrawal,1,-1.0,1.0,true,go,0.6,0.32832999999993717,5,3,0.46153846153846156,0.37836999999996124,13,6,0.5714285714285714,0.3786350000000027,7,4,0.4,0.36988499999995383,5,2,0.1384615384615384,0.17142857142857137,0.050040000000024065,-0.008750000000048885,18,12,9,6,-0.03296703296703296,0.05879000000007295,30,15,true,true,true,true,true,true
https://dandiarchive.s3.amazonaws.com/blobs/45e/b63/45eb632e-a7df-4d91-b0ea-ab8ff3512409,608672,reward_withdrawal,1,-1.0,1.0,true,go_minus_catch,,,,,,,,,,,,,,,,,0.1384615384615384,0.5047619047619047,,,26,17,0,0,-0.3663003663003663,,43,0,true,true,true,false,false,false
https://dandiarchive.s3.amazonaws.com/blobs/45e/b63/45eb632e-a7df-4d91-b0ea-ab8ff3512409,608672,reward_restoration,2,1.0,-1.0,true,catch,0.0,,5,0,0.0,,3,0,0.0,,6,0,0.0,,3,0,0.0,0.0,,,8,9,0,0,0.0,,17,0,true,true,true,false,false,false
https://dandiarchive.s3.amazonaws.com/blobs/45e/b63/45eb632e-a7df-4d91-b0ea-ab8ff3512409,608672,reward_restoration,2,1.0,-1.0,true,go,0.0,,13,0,0.4444444444444444,0.4631449999999404,9,4,0.14285714285714285,0.4277999999999338,14,2,0.0,,14,0,0.4444444444444444,-0.14285714285714285,,,22,28,4,2,0.5873015873015872,,50,6,true,true,true,false,false,false
https://dandiarchive.s3.amazonaws.com/blobs/45e/b63/45eb632e-a7df-4d91-b0ea-ab8ff3512409,608672,reward_restoration,2,1.0,-1.0,true,go_minus_catch,,,,,,,,,,,,,,,,,0.4444444444444444,-0.14285714285714285,,,30,37,0,0,0.5873015873015872,,67,0,true,true,true,false,false,false
https://dandiarchive.s3.amazonaws.com/blobs/bee/4c8/bee4c859-5d34-4bb8-aff9-c839f7465d57,608672,reward_withdrawal,1,-1.0,1.0,true,catch,0.3333333333333333,0.39504999999996926,3,1,0.0,,5,0,0.0,,4,0,0.25,0.3437900000000127,4,1,0.3333333333333333,-0.25,,,8,8,1,1,0.5833333333333333,,16,2,true,true,true,false,false,false
https://dandiarchive.s3.amazonaws.com/blobs/bee/4c8/bee4c859-5d34-4bb8-aff9-c839f7465d57,608672,reward_withdrawal,1,-1.0,1.0,true,go,0.7,0.3947399999999561,10,7,0.4,0.39493500000003223,15,6,0.6666666666666666,0.38628000000005613,9,6,0.4,0.39553000000000793,10,4,0.29999999999999993,0.2666666666666666,0.00019500000007610652,0.009249999999951797,25,19,13,10,0.033333333333333326,-0.00905499999987569,44,23,true,true,true,true,true,true
https://dandiarchive.s3.amazonaws.com/blobs/bee/4c8/bee4c859-5d34-4bb8-aff9-c839f7465d57,608672,reward_withdrawal,1,-1.0,1.0,true,go_minus_catch,,,,,,,,,,,,,,,,,-0.03333333333333338,0.5166666666666666,,,33,27,0,0,-0.5499999999999999,,60,0,true,true,true,false,false,false
https://dandiarchive.s3.amazonaws.com/blobs/bee/4c8/bee4c859-5d34-4bb8-aff9-c839f7465d57,608672,reward_restoration,2,1.0,-1.0,true,catch,0.2,0.2953299999999217,5,1,0.0,,2,0,0.0,,4,0,0.0,,5,0,-0.2,0.0,,,7,9,1,0,-0.2,,16,1,true,true,true,false,false,false
https://dandiarchive.s3.amazonaws.com/blobs/bee/4c8/bee4c859-5d34-4bb8-aff9-c839f7465d57,608672,reward_restoration,2,1.0,-1.0,true,go,0.2,0.5116299999999683,15,3,0.14285714285714285,0.4950300000000425,7,1,0.21428571428571427,0.5286799999998948,14,3,0.0,,15,0,-0.05714285714285716,-0.21428571428571427,0.016599999999925785,,22,29,4,3,0.1571428571428571,,51,7,true,true,true,true,false,false
https://dandiarchive.s3.amazonaws.com/blobs/bee/4c8/bee4c859-5d34-4bb8-aff9-c839f7465d57,608672,reward_restoration,2,1.0,-1.0,true,go_minus_catch,,,,,,,,,,,,,,,,,0.14285714285714285,-0.21428571428571427,,,29,38,0,0,0.3571428571428571,,67,0,true,true,true,false,false,false
https://dandiarchive.s3.amazonaws.com/blobs/ecf/4b0/ecf4b0b7-074f-487d-974c-a5188c39f67e,608672,reward_withdrawal,1,-1.0,1.0,true,catch,0.5,0.4121299999999337,2,1,0.0,,4,0,0.25,0.34489999999999554,4,1,0.0,,2,0,0.5,0.25,,,6,6,1,1,0.25,,12,2,true,true,true,false,false,false
https://dandiarchive.s3.amazonaws.com/blobs/ecf/4b0/ecf4b0b7-074f-487d-974c-a5188c39f67e,608672,reward_withdrawal,1,-1.0,1.0,true,go,0.8571428571428571,0.3537849999999594,7,6,0.26666666666666666,0.37012999999996055,15,4,0.7142857142857143,0.3432799999999929,7,5,0.875,0.3617699999999786,8,7,0.5904761904761904,-0.1607142857142857,0.016345000000001164,0.018489999999985685,22,15,10,12,0.7511904761904761,-0.0021449999999845204,37,22,true,true,true,true,true,true
https://dandiarchive.s3.amazonaws.com/blobs/ecf/4b0/ecf4b0b7-074f-487d-974c-a5188c39f67e,608672,reward_withdrawal,1,-1.0,1.0,true,go_minus_catch,,,,,,,,,,,,,,,,,0.09047619047619038,-0.4107142857142857,,,28,21,0,0,0.5011904761904761,,49,0,true,true,true,false,false,false
https://dandiarchive.s3.amazonaws.com/blobs/ecf/4b0/ecf4b0b7-074f-487d-974c-a5188c39f67e,608672,reward_restoration,2,1.0,-1.0,true,catch,0.0,,6,0,1.0,0.2447799999995368,1,1,0.0,,4,0,0.0,,5,0,1.0,0.0,,,7,9,1,0,1.0,,16,1,true,true,true,false,false,false
https://dandiarchive.s3.amazonaws.com/blobs/ecf/4b0/ecf4b0b7-074f-487d-974c-a5188c39f67e,608672,reward_restoration,2,1.0,-1.0,true,go,0.07142857142857142,0.512079999999969,14,1,0.2857142857142857,0.36896999999999025,7,2,0.14285714285714285,0.4442699999999604,14,2,0.3125,0.3616099999999278,16,5,0.21428571428571427,0.16964285714285715,0.14310999999997875,0.0826600000000326,21,30,3,7,0.04464285714285712,0.06044999999994616,51,10,true,true,true,true,true,true
https://dandiarchive.s3.amazonaws.com/blobs/ecf/4b0/ecf4b0b7-074f-487d-974c-a5188c39f67e,608672,reward_restoration,2,1.0,-1.0,true,go_minus_catch,,,,,,,,,,,,,,,,,-0.7857142857142857,0.16964285714285715,,,28,39,0,0,-0.9553571428571429,,67,0,true,true,true,false,false,false
https://dandiarchive.s3.amazonaws.com/blobs/0e3/8be/0e38be1e-c081-4521-86c7-d316a3aa6a09,611160,reward_withdrawal,1,-1.0,1.0,true,catch,0.25,0.32821000000001277,4,1,0.0,,5,0,0.0,,1,0,0.0,,3,0,0.25,-0.0,,,9,4,1,0,0.25,,13,1,true,true,true,false,false,false
https://dandiarchive.s3.amazonaws.com/blobs/0e3/8be/0e38be1e-c081-4521-86c7-d316a3aa6a09,611160,reward_withdrawal,1,-1.0,1.0,true,go,0.625,0.34465000000000146,8,5,0.5333333333333333,0.41982499999994616,15,8,0.625,0.37786000000005515,8,5,0.5,0.39510999999993146,6,3,0.09166666666666667,0.125,0.0751749999999447,0.01724999999987631,23,14,13,8,-0.033333333333333326,0.057925000000068394,37,21,true,true,true,true,true,true
https://dandiarchive.s3.amazonaws.com/blobs/0e3/8be/0e38be1e-c081-4521-86c7-d316a3aa6a09,611160,reward_withdrawal,1,-1.0,1.0,true,go_minus_catch,,,,,,,,,,,,,,,,,-0.15833333333333333,0.125,,,32,18,0,0,-0.2833333333333333,,50,0,true,true,true,false,false,false
https://dandiarchive.s3.amazonaws.com/blobs/0e3/8be/0e38be1e-c081-4521-86c7-d316a3aa6a09,611160,reward_restoration,2,1.0,-1.0,true,catch,0.0,,5,0,0.0,,1,0,0.0,,4,0,0.0,,5,0,0.0,0.0,,,6,9,0,0,0.0,,15,0,true,true,true,false,false,false
https://dandiarchive.s3.amazonaws.com/blobs/0e3/8be/0e38be1e-c081-4521-86c7-d316a3aa6a09,611160,reward_restoration,2,1.0,-1.0,true,go,0.0,,15,0,0.2,0.3865200000000186,10,2,0.0,,15,0,0.0625,0.294439999999895,16,1,0.2,0.0625,,,25,31,2,1,0.1375,,56,3,true,true,true,false,false,false
https://dandiarchive.s3.amazonaws.com/blobs/0e3/8be/0e38be1e-c081-4521-86c7-d316a3aa6a09,611160,reward_restoration,2,1.0,-1.0,true,go_minus_catch,,,,,,,,,,,,,,,,,0.2,0.0625,,,31,40,0,0,0.1375,,71,0,true,true,true,false,false,false
https://dandiarchive.s3.amazonaws.com/blobs/31a/05e/31a05e05-48b4-4889-a8b3-8dffcdc8ef89,611160,reward_withdrawal,1,-1.0,1.0,true,catch,0.0,,3,0,0.0,,5,0,0.0,,2,0,0.0,,3,0,-0.0,-0.0,,,8,5,0,0,0.0,,13,0,true,true,true,false,false,false
https://dandiarchive.s3.amazonaws.com/blobs/31a/05e/31a05e05-48b4-4889-a8b3-8dffcdc8ef89,611160,reward_withdrawal,1,-1.0,1.0,true,go,0.7777777777777778,0.42895999999996093,9,7,0.3125,0.4281700000000228,16,5,0.7142857142857143,0.44471000000004324,7,5,0.75,0.36229999999989104,4,3,0.4652777777777778,-0.0357142857142857,-0.000789999999938118,-0.0824100000001522,25,11,12,8,0.5009920634920635,0.08162000000021408,36,20,true,true,true,true,true,true
https://dandiarchive.s3.amazonaws.com/blobs/31a/05e/31a05e05-48b4-4889-a8b3-8dffcdc8ef89,611160,reward_withdrawal,1,-1.0,1.0,true,go_minus_catch,,,,,,,,,,,,,,,,,0.4652777777777778,-0.0357142857142857,,,33,16,0,0,0.5009920634920635,,49,0,true,true,true,false,false,false
https://dandiarchive.s3.amazonaws.com/blobs/31a/05e/31a05e05-48b4-4889-a8b3-8dffcdc8ef89,611160,reward_restoration,2,1.0,-1.0,true,catch,0.0,,7,0,0.0,,3,0,0.0,,3,0,0.0,,7,0,0.0,0.0,,,10,10,0,0,0.0,,20,0,true,true,true,false,false,false
https://dandiarchive.s3.amazonaws.com/blobs/31a/05e/31a05e05-48b4-4889-a8b3-8dffcdc8ef89,611160,reward_restoration,2,1.0,-1.0,true,go,0.16666666666666666,0.4534799999998995,12,2,0.5,0.4458399999998619,10,5,0.14285714285714285,0.5035150000001067,14,2,0.15384615384615385,0.5873799999999392,13,2,0.33333333333333337,0.010989010989011005,0.007640000000037617,-0.08386499999983243,22,27,7,4,0.32234432234432236,0.09150499999987005,49,11,true,true,true,true,true,true
https://dandiarchive.s3.amazonaws.com/blobs/31a/05e/31a05e05-48b4-4889-a8b3-8dffcdc8ef89,611160,reward_restoration,2,1.0,-1.0,true,go_minus_catch,,,,,,,,,,,,,,,,,0.33333333333333337,0.010989010989011005,,,32,37,0,0,0.32234432234432236,,69,0,true,true,true,false,false,false
https://dandiarchive.s3.amazonaws.com/blobs/8a2/759/8a27595e-a223-4dec-9fcd-0f886050fa7d,611160,reward_withdrawal,1,-1.0,1.0,true,catch,1.0,0.402924999999982,2,2,0.0,,5,0,0.0,,2,0,0.5,0.21142999999995027,2,1,1.0,-0.5,,,7,4,2,1,1.5,,11,3,true,true,true,false,false,false
https://dandiarchive.s3.amazonaws.com/blobs/8a2/759/8a27595e-a223-4dec-9fcd-0f886050fa7d,611160,reward_withdrawal,1,-1.0,1.0,true,go,0.5833333333333334,0.42895999999996093,12,7,0.6428571428571429,0.39424000000008164,14,9,0.8333333333333334,0.39503000000001975,6,5,0.7142857142857143,0.3620400000000359,7,5,-0.059523809523809534,0.11904761904761907,-0.03471999999987929,-0.032989999999983866,26,13,16,10,-0.1785714285714286,-0.0017299999998954263,39,26,true,true,true,true,true,true
https://dandiarchive.s3.amazonaws.com/blobs/8a2/759/8a27595e-a223-4dec-9fcd-0f886050fa7d,611160,reward_withdrawal,1,-1.0,1.0,true,go_minus_catch,,,,,,,,,,,,,,,,,-1.0595238095238095,0.6190476190476191,,,33,17,0,0,-1.6785714285714286,,50,0,true,true,true,false,false,false
https://dandiarchive.s3.amazonaws.com/blobs/8a2/759/8a27595e-a223-4dec-9fcd-0f886050fa7d,611160,reward_restoration,2,1.0,-1.0,true,catch,0.0,,4,0,0.0,,4,0,0.25,0.561429999999973,4,1,0.0,,4,0,0.0,-0.25,,,8,8,0,1,0.25,,16,1,true,true,true,false,false,false
https://dandiarchive.s3.amazonaws.com/blobs/8a2/759/8a27595e-a223-4dec-9fcd-0f886050fa7d,611160,reward_restoration,2,1.0,-1.0,true,go,0.06666666666666667,0.3280299999996714,15,1,0.5555555555555556,0.3957399999999325,9,5,0.26666666666666666,0.38661500000000615,15,4,0.3333333333333333,0.4113199999999324,15,5,0.48888888888888893,0.06666666666666665,-0.06771000000026106,-0.024704999999926258,24,30,6,9,0.4222222222222223,-0.0430050000003348,54,15,true,true,true,true,true,true
https://dandiarchive.s3.amazonaws.com/blobs/8a2/759/8a27595e-a223-4dec-9fcd-0f886050fa7d,611160,reward_restoration,2,1.0,-1.0,true,go_minus_catch,,,,,,,,,,,,,,,,,0.48888888888888893,0.31666666666666665,,,32,38,0,0,0.17222222222222228,,70,0,true,true,true,false,false,false
https://dandiarchive.s3.amazonaws.com/blobs/6a7/f05/6a7f05a7-12dd-44cc-8d40-59fa08937b0e,611166,reward_withdrawal,1,-1.0,1.0,true,catch,0.3333333333333333,0.2944400000000087,3,1,0.0,,4,0,0.0,,3,0,0.0,,1,0,0.3333333333333333,-0.0,,,7,4,1,0,0.3333333333333333,,11,1,true,true,true,false,false,false
https://dandiarchive.s3.amazonaws.com/blobs/6a7/f05/6a7f05a7-12dd-44cc-8d40-59fa08937b0e,611166,reward_withdrawal,1,-1.0,1.0,true,go,0.25,0.6286399999999617,8,2,0.3076923076923077,0.4370199999999045,13,4,1.0,0.6290799999999876,5,5,0.5,0.41273999999987154,2,1,-0.05769230769230771,0.5,-0.1916200000000572,-0.2163400000001161,21,7,6,6,-0.5576923076923077,0.024720000000058917,28,12,true,true,true,true,true,true
https://dandiarchive.s3.amazonaws.com/blobs/6a7/f05/6a7f05a7-12dd-44cc-8d40-59fa08937b0e,611166,reward_withdrawal,1,-1.0,1.0,true,go_minus_catch,,,,,,,,,,,,,,,,,-0.391025641025641,0.5,,,28,11,0,0,-0.891025641025641,,39,0,true,true,true,false,false,false
https://dandiarchive.s3.amazonaws.com/blobs/6a7/f05/6a7f05a7-12dd-44cc-8d40-59fa08937b0e,611166,reward_restoration,2,1.0,-1.0,true,catch,0.0,,4,0,1.0,0.47792000000026746,1,1,0.0,,5,0,0.0,,3,0,1.0,0.0,,,5,8,1,0,1.0,,13,1,true,true,true,false,false,false
https://dandiarchive.s3.amazonaws.com/blobs/6a7/f05/6a7f05a7-12dd-44cc-8d40-59fa08937b0e,611166,reward_restoration,2,1.0,-1.0,true,go,0.0625,0.22769999999991342,16,1,0.42857142857142855,0.4956099999999424,7,3,0.125,0.3867799999999306,16,2,0.06666666666666667,0.1617799999999079,15,1,0.36607142857142855,-0.058333333333333334,-0.26791000000002896,0.22500000000002274,23,31,4,3,0.4244047619047619,-0.4929100000000517,54,7,true,true,true,true,true,true
https://dandiarchive.s3.amazonaws.com/blobs/6a7/f05/6a7f05a7-12dd-44cc-8d40-59fa08937b0e,611166,reward_restoration,2,1.0,-1.0,true,go_minus_catch,,,,,,,,,,,,,,,,,-0.6339285714285714,-0.058333333333333334,,,28,39,0,0,-0.575595238095238,,67,0,true,true,true,false,false,false
https://dandiarchive.s3.amazonaws.com/blobs/718/75c/71875c87-1585-49ee-b80f-26210d975e15,611166,reward_withdrawal,1,-1.0,1.0,true,catch,0.3333333333333333,0.5460199999999986,3,1,0.0,,5,0,0.0,,3,0,0.5,0.42823999999995976,2,1,0.3333333333333333,-0.5,,,8,5,1,1,0.8333333333333333,,13,2,true,true,true,false,false,false
https://dandiarchive.s3.amazonaws.com/blobs/718/75c/71875c87-1585-49ee-b80f-26210d975e15,611166,reward_withdrawal,1,-1.0,1.0,true,go,0.7,0.5124899999998433,10,7,0.42857142857142855,0.45962499999996,14,6,0.8333333333333334,0.5450099999999338,6,5,0.5714285714285714,0.528744999999958,7,4,0.2714285714285714,0.261904761904762,-0.052864999999883366,-0.01626499999997577,24,13,13,9,0.009523809523809434,-0.036599999999907595,37,22,true,true,true,true,true,true
https://dandiarchive.s3.amazonaws.com/blobs/718/75c/71875c87-1585-49ee-b80f-26210d975e15,611166,reward_withdrawal,1,-1.0,1.0,true,go_minus_catch,,,,,,,,,,,,,,,,,-0.06190476190476191,0.761904761904762,,,32,18,0,0,-0.8238095238095238,,50,0,true,true,true,false,false,false
https://dandiarchive.s3.amazonaws.com/blobs/718/75c/71875c87-1585-49ee-b80f-26210d975e15,611166,reward_restoration,2,1.0,-1.0,true,catch,0.0,,4,0,0.0,,3,0,0.0,,4,0,0.0,,5,0,0.0,0.0,,,7,9,0,0,0.0,,16,0,true,true,true,false,false,false
https://dandiarchive.s3.amazonaws.com/blobs/718/75c/71875c87-1585-49ee-b80f-26210d975e15,611166,reward_restoration,2,1.0,-1.0,true,go,0.0,,16,0,0.0,,11,0,0.15384615384615385,0.5183399999999665,13,2,0.21428571428571427,0.46018000000003667,14,3,0.0,0.06043956043956042,,0.05815999999992982,27,27,0,5,-0.06043956043956042,,54,5,true,true,true,false,true,false
https://dandiarchive.s3.amazonaws.com/blobs/718/75c/71875c87-1585-49ee-b80f-26210d975e15,611166,reward_restoration,2,1.0,-1.0,true,go_minus_catch,,,,,,,,,,,,,,,,,0.0,0.06043956043956042,,,34,36,0,0,-0.06043956043956042,,70,0,true,true,true,false,false,false
https://dandiarchive.s3.amazonaws.com/blobs/861/4d2/8614d263-cbc7-4fbd-bc00-69a8b1b927e5,611166,reward_withdrawal,1,-1.0,1.0,true,catch,0.0,,1,0,0.0,,5,0,0.0,,2,0,0.0,,4,0,-0.0,-0.0,,,6,6,0,0,0.0,,12,0,true,true,true,false,false,false
https://dandiarchive.s3.amazonaws.com/blobs/861/4d2/8614d263-cbc7-4fbd-bc00-69a8b1b927e5,611166,reward_withdrawal,1,-1.0,1.0,true,go,0.6,0.5278600000001461,5,3,0.14285714285714285,0.6122349999998278,14,2,0.5555555555555556,0.56120999999996,9,5,0.0,,6,0,0.45714285714285713,0.5555555555555556,0.08437499999968168,,19,15,5,5,-0.09841269841269845,,34,10,true,true,true,true,false,false
https://dandiarchive.s3.amazonaws.com/blobs/861/4d2/8614d263-cbc7-4fbd-bc00-69a8b1b927e5,611166,reward_withdrawal,1,-1.0,1.0,true,go_minus_catch,,,,,,,,,,,,,,,,,0.45714285714285713,0.5555555555555556,,,25,21,0,0,-0.09841269841269845,,46,0,true,true,true,false,false,false
https://dandiarchive.s3.amazonaws.com/blobs/861/4d2/8614d263-cbc7-4fbd-bc00-69a8b1b927e5,611166,reward_restoration,2,1.0,-1.0,true,catch,0.0,,4,0,0.0,,5,0,0.0,,5,0,0.25,0.4613999999999123,4,1,0.0,0.25,,,9,9,0,1,-0.25,,18,1,true,true,true,false,false,false
https://dandiarchive.s3.amazonaws.com/blobs/861/4d2/8614d263-cbc7-4fbd-bc00-69a8b1b927e5,611166,reward_restoration,2,1.0,-1.0,true,go,0.13333333333333333,0.3701849999999922,15,2,0.0,,9,0,0.07692307692307693,0.6283899999998539,13,1,0.058823529411764705,0.47854999999981374,17,1,-0.13333333333333333,-0.018099547511312222,,0.14984000000004016,24,30,2,2,-0.11523378582202111,,54,4,true,true,true,false,true,false
https://dandiarchive.s3.amazonaws.com/blobs/861/4d2/8614d263-cbc7-4fbd-bc00-69a8b1b927e5,611166,reward_restoration,2,1.0,-1.0,true,go_minus_catch,,,,,,,,,,,,,,,,,-0.13333333333333333,-0.2680995475113122,,,33,39,0,0,0.1347662141779789,,72,0,true,true,true,false,false,false
https://dandiarchive.s3.amazonaws.com/blobs/b7c/991/b7c991b8-a603-458b-8e4b-8b721669fecd,611166,reward_withdrawal,1,-1.0,1.0,true,catch,0.0,,3,0,0.0,,3,0,0.0,,3,0,0.25,0.32781999999997424,4,1,-0.0,-0.25,,,6,7,0,1,0.25,,13,1,true,true,true,false,false,false
https://dandiarchive.s3.amazonaws.com/blobs/b7c/991/b7c991b8-a603-458b-8e4b-8b721669fecd,611166,reward_withdrawal,1,-1.0,1.0,true,go,0.25,0.5459299999999416,8,2,0.4,0.5950349999999958,15,6,0.2222222222222222,0.5282250000000204,9,2,0.2857142857142857,0.2877799999999979,7,2,-0.15000000000000002,-0.06349206349206349,0.04910500000005413,-0.24044500000002245,23,16,8,4,-0.08650793650793653,0.2895500000000766,39,12,true,true,true,true,true,true
https://dandiarchive.s3.amazonaws.com/blobs/b7c/991/b7c991b8-a603-458b-8e4b-8b721669fecd,611166,reward_withdrawal,1,-1.0,1.0,true,go_minus_catch,,,,,,,,,,,,,,,,,-0.15000000000000002,0.1865079365079365,,,29,23,0,0,-0.33650793650793653,,52,0,true,true,true,false,false,false
https://dandiarchive.s3.amazonaws.com/blobs/b7c/991/b7c991b8-a603-458b-8e4b-8b721669fecd,611166,reward_restoration,2,1.0,-1.0,true,catch,0.0,,4,0,0.0,,2,0,0.0,,4,0,0.16666666666666666,0.34514999999987594,6,1,0.0,0.16666666666666666,,,6,10,0,1,-0.16666666666666666,,16,1,true,true,true,false,false,false
https://dandiarchive.s3.amazonaws.com/blobs/b7c/991/b7c991b8-a603-458b-8e4b-8b721669fecd,611166,reward_restoration,2,1.0,-1.0,true,go,0.07142857142857142,0.47856999999976324,14,1,0.8,0.49541999999996733,5,4,0.06666666666666667,0.19485999999983505,15,1,0.23076923076923078,0.5117099999999937,13,3,0.7285714285714286,0.16410256410256413,-0.01685000000020409,-0.3168500000001586,19,28,5,4,0.5644688644688645,0.2999999999999545,47,9,true,true,true,true,true,true
https://dandiarchive.s3.amazonaws.com/blobs/b7c/991/b7c991b8-a603-458b-8e4b-8b721669fecd,611166,reward_restoration,2,1.0,-1.0,true,go_minus_catch,,,,,,,,,,,,,,,,,0.7285714285714286,-0.0025641025641025272,,,25,38,0,0,0.7311355311355311,,63,0,true,true,true,false,false,false
https://dandiarchive.s3.amazonaws.com/blobs/755/a0b/755a0bb5-97d8-4679-a2d6-1be3366d9cff,612090,reward_withdrawal,1,-1.0,1.0,true,catch,0.0,,4,0,0.25,0.5948700000001281,4,1,0.25,0.44497999999998683,4,1,0.0,,2,0,-0.25,0.25,,,8,6,1,1,-0.5,,14,2,true,true,true,false,false,false
https://dandiarchive.s3.amazonaws.com/blobs/755/a0b/755a0bb5-97d8-4679-a2d6-1be3366d9cff,612090,reward_withdrawal,1,-1.0,1.0,true,go,0.7777777777777778,0.4959599999999682,9,7,0.5333333333333333,0.4698199999999133,15,8,0.6,0.5045300000000452,10,6,0.6666666666666666,0.4111950000000206,9,6,0.24444444444444446,-0.06666666666666665,-0.026140000000054897,-0.09333500000002459,24,19,15,12,0.3111111111111111,0.0671949999999697,43,27,true,true,true,true,true,true
https://dandiarchive.s3.amazonaws.com/blobs/755/a0b/755a0bb5-97d8-4679-a2d6-1be3366d9cff,612090,reward_withdrawal,1,-1.0,1.0,true,go_minus_catch,,,,,,,,,,,,,,,,,0.49444444444444446,-0.31666666666666665,,,32,25,0,0,0.8111111111111111,,57,0,true,true,true,false,false,false
https://dandiarchive.s3.amazonaws.com/blobs/755/a0b/755a0bb5-97d8-4679-a2d6-1be3366d9cff,612090,reward_restoration,2,1.0,-1.0,true,catch,0.0,,3,0,0.3333333333333333,0.34468999999990046,3,1,0.0,,6,0,0.0,,3,0,0.3333333333333333,0.0,,,6,9,1,0,0.3333333333333333,,15,1,true,true,true,false,false,false
https://dandiarchive.s3.amazonaws.com/blobs/755/a0b/755a0bb5-97d8-4679-a2d6-1be3366d9cff,612090,reward_restoration,2,1.0,-1.0,true,go,0.0,,16,0,0.5,0.4531849999998485,12,6,0.38461538461538464,0.3955000000000837,13,5,0.3076923076923077,0.5784799999998995,13,4,0.5,-0.07692307692307693,,-0.18297999999981585,28,26,6,9,0.5769230769230769,,54,15,true,true,true,false,true,false
https://dandiarchive.s3.amazonaws.com/blobs/755/a0b/755a0bb5-97d8-4679-a2d6-1be3366d9cff,612090,reward_restoration,2,1.0,-1.0,true,go_minus_catch,,,,,,,,,,,,,,,,,0.16666666666666669,-0.07692307692307693,,,34,35,0,0,0.24358974358974356,,69,0,true,true,true,false,false,false
https://dandiarchive.s3.amazonaws.com/blobs/805/c33/805c3334-a4f4-4386-90fd-c7b064a28be8,612090,reward_withdrawal,1,-1.0,1.0,true,catch,0.0,,2,0,0.25,0.32829000000015185,4,1,0.0,,4,0,0.0,,1,0,-0.25,-0.0,,,6,5,1,0,-0.25,,11,1,true,true,true,false,false,false
https://dandiarchive.s3.amazonaws.com/blobs/805/c33/805c3334-a4f4-4386-90fd-c7b064a28be8,612090,reward_withdrawal,1,-1.0,1.0,true,go,0.6666666666666666,0.4114049999999452,6,4,0.6428571428571429,0.4782999999999902,14,9,0.4444444444444444,0.4377150000000256,9,4,0.5714285714285714,0.3789549999999906,7,4,0.023809523809523725,-0.12698412698412698,0.066895000000045,-0.058760000000035006,20,16,13,8,0.1507936507936507,0.12565500000008,36,21,true,true,true,true,true,true
https://dandiarchive.s3.amazonaws.com/blobs/805/c33/805c3334-a4f4-4386-90fd-c7b064a28be8,612090,reward_withdrawal,1,-1.0,1.0,true,go_minus_catch,,,,,,,,,,,,,,,,,0.2738095238095237,-0.12698412698412698,,,26,21,0,0,0.4007936507936507,,47,0,true,true,true,false,false,false
https://dandiarchive.s3.amazonaws.com/blobs/805/c33/805c3334-a4f4-4386-90fd-c7b064a28be8,612090,reward_restoration,2,1.0,-1.0,true,catch,0.0,,5,0,0.0,,4,0,0.6,0.31147999999984677,5,3,0.25,0.5594099999998434,4,1,0.0,-0.35,,-0.24792999999999665,9,9,0,4,0.35,,18,4,true,true,true,false,true,false
https://dandiarchive.s3.amazonaws.com/blobs/805/c33/805c3334-a4f4-4386-90fd-c7b064a28be8,612090,reward_restoration,2,1.0,-1.0,true,go,0.0,,15,0,0.6666666666666666,0.4291399999999612,9,6,0.06666666666666667,0.5620799999999235,15,1,0.38461538461538464,0.5286599999999453,13,5,0.6666666666666666,0.317948717948718,,0.033419999999978245,24,28,6,6,0.34871794871794864,,52,12,true,true,true,false,true,false
https://dandiarchive.s3.amazonaws.com/blobs/805/c33/805c3334-a4f4-4386-90fd-c7b064a28be8,612090,reward_restoration,2,1.0,-1.0,true,go_minus_catch,,,,,,,,,,,,,,,,,0.6666666666666666,0.667948717948718,,,33,37,0,0,-0.001282051282051333,,70,0,true,true,true,false,false,false
https://dandiarchive.s3.amazonaws.com/blobs/e4a/849/e4a84972-c995-4591-b870-4171b092406b,612090,reward_withdrawal,1,-1.0,1.0,true,catch,0.0,,4,0,0.0,,5,0,0.0,,3,0,0.3333333333333333,0.45333499999992455,6,2,-0.0,-0.3333333333333333,,,9,9,0,2,0.3333333333333333,,18,2,true,true,true,false,false,false
https://dandiarchive.s3.amazonaws.com/blobs/e4a/849/e4a84972-c995-4591-b870-4171b092406b,612090,reward_withdrawal,1,-1.0,1.0,true,go,0.6666666666666666,0.5209699999999771,12,8,0.3333333333333333,0.4452800000000252,15,5,0.38461538461538464,0.546260000000018,13,5,0.6363636363636364,0.5126400000000331,11,7,0.3333333333333333,-0.2517482517482517,-0.07568999999995185,-0.033619999999984884,27,24,13,12,0.585081585081585,-0.04206999999996697,51,25,true,true,true,true,true,true
https://dandiarchive.s3.amazonaws.com/blobs/e4a/849/e4a84972-c995-4591-b870-4171b092406b,612090,reward_withdrawal,1,-1.0,1.0,true,go_minus_catch,,,,,,,,,,,,,,,,,0.3333333333333333,0.0815850815850816,,,36,33,0,0,0.2517482517482517,,69,0,true,true,true,false,false,false
https://dandiarchive.s3.amazonaws.com/blobs/e4a/849/e4a84972-c995-4591-b870-4171b092406b,612090,reward_restoration,2,1.0,-1.0,true,catch,0.0,,7,0,0.0,,2,0,0.0,,6,0,0.0,,4,0,0.0,0.0,,,9,10,0,0,0.0,,19,0,true,true,true,false,false,false
https://dandiarchive.s3.amazonaws.com/blobs/e4a/849/e4a84972-c995-4591-b870-4171b092406b,612090,reward_restoration,2,1.0,-1.0,true,go,0.07142857142857142,0.5955500000000029,14,1,0.4,0.41200999999978194,10,4,0.18181818181818182,0.6202999999999292,11,2,0.11764705882352941,0.43644499999993513,17,2,0.3285714285714286,-0.06417112299465241,0.18354000000022097,0.1838549999999941,24,28,5,4,0.39274255156608107,-0.00031499999977313564,52,9,true,true,true,true,true,true
https://dandiarchive.s3.amazonaws.com/blobs/e4a/849/e4a84972-c995-4591-b870-4171b092406b,612090,reward_restoration,2,1.0,-1.0,true,go_minus_catch,,,,,,,,,,,,,,,,,0.3285714285714286,-0.06417112299465241,,,33,38,0,0,0.39274255156608107,,71,0,true,true,true,false,false,false
https://dandiarchive.s3.amazonaws.com/blobs/ecf/ff1/ecfff12c-b251-430f-9c0d-05025ad77f11,612090,reward_withdrawal,1,-1.0,1.0,true,catch,0.0,,4,0,0.0,,5,0,0.0,,4,0,0.25,0.5451399999999467,4,1,-0.0,-0.25,,,9,8,0,1,0.25,,17,1,true,true,true,false,false,false
https://dandiarchive.s3.amazonaws.com/blobs/ecf/ff1/ecfff12c-b251-430f-9c0d-05025ad77f11,612090,reward_withdrawal,1,-1.0,1.0,true,go,0.7272727272727273,0.47091999999997824,11,8,0.46153846153846156,0.536754999999971,13,6,0.8,0.5128400000000397,10,8,0.5454545454545454,0.5279950000000326,11,6,0.26573426573426573,0.25454545454545463,0.06583499999999276,0.015154999999992924,24,21,14,14,0.011188811188811099,0.050679999999999836,45,28,true,true,true,true,true,true
https://dandiarchive.s3.amazonaws.com/blobs/ecf/ff1/ecfff12c-b251-430f-9c0d-05025ad77f11,612090,reward_withdrawal,1,-1.0,1.0,true,go_minus_catch,,,,,,,,,,,,,,,,,0.26573426573426573,0.5045454545454546,,,33,29,0,0,-0.2388111888111889,,62,0,true,true,true,false,false,false
https://dandiarchive.s3.amazonaws.com/blobs/ecf/ff1/ecfff12c-b251-430f-9c0d-05025ad77f11,612090,reward_restoration,2,1.0,-1.0,true,catch,0.0,,6,0,0.0,,4,0,0.0,,5,0,0.0,,5,0,0.0,0.0,,,10,10,0,0,0.0,,20,0,true,true,true,false,false,false
https://dandiarchive.s3.amazonaws.com/blobs/ecf/ff1/ecfff12c-b251-430f-9c0d-05025ad77f11,612090,reward_restoration,2,1.0,-1.0,true,go,0.0,,15,0,0.5,0.4793650000001435,12,6,0.06666666666666667,0.5272899999999936,15,1,0.2,0.645279999999957,15,3,0.5,0.13333333333333336,,-0.1179899999999634,27,30,6,4,0.36666666666666664,,57,10,true,true,true,false,true,false
https://dandiarchive.s3.amazonaws.com/blobs/ecf/ff1/ecfff12c-b251-430f-9c0d-05025ad77f11,612090,reward_restoration,2,1.0,-1.0,true,go_minus_catch,,,,,,,,,,,,,,,,,0.5,0.13333333333333336,,,37,40,0,0,0.36666666666666664,,77,0,true,true,true,false,false,false
https://dandiarchive.s3.amazonaws.com/blobs/c78/ef5/c78ef53f-16de-4f5e-8235-afe87a226203,614547,reward_withdrawal,1,-1.0,1.0,true,catch,0.25,0.6786499999999478,4,1,0.25,0.21145000000001346,4,1,0.0,,2,0,0.25,0.2617199999999684,4,1,-0.0,-0.25,-0.46719999999993433,,8,6,2,1,0.25,,14,3,true,true,true,true,false,false
https://dandiarchive.s3.amazonaws.com/blobs/c78/ef5/c78ef53f-16de-4f5e-8235-afe87a226203,614547,reward_withdrawal,1,-1.0,1.0,true,go,0.875,0.3281299999999874,8,7,0.5333333333333333,0.3446500000000583,15,8,0.7272727272727273,0.3203149999999937,11,8,0.5,0.3448399999999765,6,3,0.3416666666666667,0.2272727272727273,0.016520000000070922,0.02452499999998281,23,17,15,11,0.11439393939393938,-0.008004999999911888,40,26,true,true,true,true,true,true
https://dandiarchive.s3.amazonaws.com/blobs/c78/ef5/c78ef53f-16de-4f5e-8235-afe87a226203,614547,reward_withdrawal,1,-1.0,1.0,true,go_minus_catch,,,,,,,,,,,,,,,,,0.3416666666666667,0.4772727272727273,,,31,23,0,0,-0.13560606060606062,,54,0,true,true,true,false,false,false
https://dandiarchive.s3.amazonaws.com/blobs/c78/ef5/c78ef53f-16de-4f5e-8235-afe87a226203,614547,reward_restoration,2,1.0,-1.0,true,catch,0.0,,4,0,0.0,,3,0,0.16666666666666666,0.19255999999995765,6,1,0.0,,5,0,0.0,-0.16666666666666666,,,7,11,0,1,0.16666666666666666,,18,1,true,true,true,false,false,false
https://dandiarchive.s3.amazonaws.com/blobs/c78/ef5/c78ef53f-16de-4f5e-8235-afe87a226203,614547,reward_restoration,2,1.0,-1.0,true,go,0.0625,0.6952000000001135,16,1,1.0,0.3456500000002052,5,5,0.15384615384615385,0.3948400000000447,13,2,0.23076923076923078,0.395319999999856,13,3,0.9375,0.07692307692307693,0.3495499999999083,-0.00047999999981129804,21,26,6,5,0.8605769230769231,0.3500299999997196,47,11,true,true,true,true,true,true
https://dandiarchive.s3.amazonaws.com/blobs/c78/ef5/c78ef53f-16de-4f5e-8235-afe87a226203,614547,reward_restoration,2,1.0,-1.0,true,go_minus_catch,,,,,,,,,,,,,,,,,0.9375,0.24358974358974358,,,28,37,0,0,0.6939102564102565,,65,0,true,true,true,false,false,false
https://dandiarchive.s3.amazonaws.com/blobs/e00/438/e0043830-9418-4875-88b6-c0b5aefca5ae,614547,reward_withdrawal,1,-1.0,1.0,true,catch,0.0,,2,0,0.16666666666666666,0.16137000000003354,6,1,0.0,,2,0,0.5,0.3272799999998597,2,1,-0.16666666666666666,-0.5,,,8,4,1,1,0.33333333333333337,,12,2,true,true,true,false,false,false
https://dandiarchive.s3.amazonaws.com/blobs/e00/438/e0043830-9418-4875-88b6-c0b5aefca5ae,614547,reward_withdrawal,1,-1.0,1.0,true,go,0.7777777777777778,0.3947899999999436,9,7,0.5833333333333334,0.36146999999994023,12,7,1.0,0.3447850000000585,6,6,1.0,0.3851649999999722,4,4,0.19444444444444442,-0.0,-0.03332000000000335,0.04037999999991371,21,10,14,10,0.19444444444444442,-0.07369999999991705,31,24,true,true,true,true,true,true
https://dandiarchive.s3.amazonaws.com/blobs/e00/438/e0043830-9418-4875-88b6-c0b5aefca5ae,614547,reward_withdrawal,1,-1.0,1.0,true,go_minus_catch,,,,,,,,,,,,,,,,,0.36111111111111105,0.5,,,29,14,0,0,-0.13888888888888895,,43,0,true,true,true,false,false,false
https://dandiarchive.s3.amazonaws.com/blobs/e00/438/e0043830-9418-4875-88b6-c0b5aefca5ae,614547,reward_restoration,2,1.0,-1.0,true,catch,0.2,0.32785999999987325,5,1,0.0,,3,0,0.2,0.4612899999999627,5,1,0.0,,4,0,-0.2,-0.2,,,8,9,1,1,0.0,,17,2,true,true,true,false,false,false
https://dandiarchive.s3.amazonaws.com/blobs/e00/438/e0043830-9418-4875-88b6-c0b5aefca5ae,614547,reward_restoration,2,1.0,-1.0,true,go,0.26666666666666666,0.4282949999999346,15,4,0.8,0.35384499999986474,5,4,0.35714285714285715,0.37847000000010667,14,5,0.4,0.39492999999993117,15,6,0.5333333333333334,0.04285714285714287,0.07445000000006985,-0.016459999999824504,20,29,8,11,0.49047619047619057,0.09090999999989435,49,19,true,true,true,true,true,true
https://dandiarchive.s3.amazonaws.com/blobs/e00/438/e0043830-9418-4875-88b6-c0b5aefca5ae,614547,reward_restoration,2,1.0,-1.0,true,go_minus_catch,,,,,,,,,,,,,,,,,0.7333333333333334,0.24285714285714288,,,28,38,0,0,0.49047619047619057,,66,0,true,true,true,false,false,false
https://dandiarchive.s3.amazonaws.com/blobs/e52/a35/e52a35c1-68c0-4750-9822-c73be5911a37,614547,reward_withdrawal,1,-1.0,1.0,true,catch,0.0,,3,0,0.25,0.37821999999982836,4,1,0.5,0.5611000000000104,2,1,0.0,,4,0,-0.25,0.5,,,7,6,1,1,-0.75,,13,2,true,true,true,false,false,false
https://dandiarchive.s3.amazonaws.com/blobs/e52/a35/e52a35c1-68c0-4750-9822-c73be5911a37,614547,reward_withdrawal,1,-1.0,1.0,true,go,0.7,0.3280700000000252,10,7,0.6666666666666666,0.3447649999999953,15,10,0.8,0.35332000000002495,5,4,0.8,0.30391499999996086,5,4,0.033333333333333326,-0.0,0.01669499999997015,-0.04940500000006409,25,10,17,8,0.033333333333333326,0.06610000000003424,35,25,true,true,true,true,true,true
https://dandiarchive.s3.amazonaws.com/blobs/e52/a35/e52a35c1-68c0-4750-9822-c73be5911a37,614547,reward_withdrawal,1,-1.0,1.0,true,go_minus_catch,,,,,,,,,,,,,,,,,0.2833333333333333,-0.5,,,32,16,0,0,0.7833333333333333,,48,0,true,true,true,false,false,false
https://dandiarchive.s3.amazonaws.com/blobs/e52/a35/e52a35c1-68c0-4750-9822-c73be5911a37,614547,reward_restoration,2,1.0,-1.0,true,catch,0.25,0.6118099999998776,4,1,0.0,,1,0,0.0,,4,0,0.0,,6,0,-0.25,0.0,,,5,10,1,0,-0.25,,15,1,true,true,true,false,false,false
https://dandiarchive.s3.amazonaws.com/blobs/e52/a35/e52a35c1-68c0-4750-9822-c73be5911a37,614547,reward_restoration,2,1.0,-1.0,true,go,0.25,0.4281149999999343,16,4,0.75,0.32082999999988715,8,6,0.5,0.26142000000004373,14,7,0.42857142857142855,0.3370199999999386,14,6,0.5,-0.07142857142857145,0.10728500000004715,-0.07559999999989486,24,28,10,13,0.5714285714285714,0.182884999999942,52,23,true,true,true,true,true,true
https://dandiarchive.s3.amazonaws.com/blobs/e52/a35/e52a35c1-68c0-4750-9822-c73be5911a37,614547,reward_restoration,2,1.0,-1.0,true,go_minus_catch,,,,,,,,,,,,,,,,,0.75,-0.07142857142857145,,,29,38,0,0,0.8214285714285714,,67,0,true,true,true,false,false,false
https://dandiarchive.s3.amazonaws.com/blobs/0bd/fcc/0bdfccec-c7f5-413e-b52d-4ad1895672fa,614608,reward_withdrawal,1,-1.0,1.0,true,catch,0.0,,4,0,0.0,,4,0,0.6666666666666666,0.3852899999999977,3,2,0.0,,4,0,-0.0,0.6666666666666666,,,8,7,0,2,-0.6666666666666666,,15,2,true,true,true,false,false,false
https://dandiarchive.s3.amazonaws.com/blobs/0bd/fcc/0bdfccec-c7f5-413e-b52d-4ad1895672fa,614608,reward_withdrawal,1,-1.0,1.0,true,go,0.7,0.41245999999978267,10,7,0.6666666666666666,0.43667500000003656,12,8,0.7272727272727273,0.4038949999999204,11,8,0.8181818181818182,0.4295999999999367,11,9,0.033333333333333326,-0.09090909090909094,0.024215000000253895,0.025705000000016298,22,22,15,17,0.12424242424242427,-0.0014899999997624036,44,32,true,true,true,true,true,true
https://dandiarchive.s3.amazonaws.com/blobs/0bd/fcc/0bdfccec-c7f5-413e-b52d-4ad1895672fa,614608,reward_withdrawal,1,-1.0,1.0,true,go_minus_catch,,,,,,,,,,,,,,,,,0.033333333333333326,-0.7575757575757576,,,30,29,0,0,0.7909090909090909,,59,0,true,true,true,false,false,false
https://dandiarchive.s3.amazonaws.com/blobs/0bd/fcc/0bdfccec-c7f5-413e-b52d-4ad1895672fa,614608,reward_restoration,2,1.0,-1.0,true,catch,0.0,,5,0,0.0,,3,0,0.0,,4,0,0.0,,6,0,0.0,0.0,,,8,10,0,0,0.0,,18,0,true,true,true,false,false,false
https://dandiarchive.s3.amazonaws.com/blobs/0bd/fcc/0bdfccec-c7f5-413e-b52d-4ad1895672fa,614608,reward_restoration,2,1.0,-1.0,true,go,0.0,,13,0,0.5,0.4123799999997573,12,6,0.0,,15,0,0.09090909090909091,0.5452700000000732,11,1,0.5,0.09090909090909091,,,25,26,6,1,0.40909090909090906,,51,7,true,true,true,false,false,false
https://dandiarchive.s3.amazonaws.com/blobs/0bd/fcc/0bdfccec-c7f5-413e-b52d-4ad1895672fa,614608,reward_restoration,2,1.0,-1.0,true,go_minus_catch,,,,,,,,,,,,,,,,,0.5,0.09090909090909091,,,33,36,0,0,0.40909090909090906,,69,0,true,true,true,false,false,false
https://dandiarchive.s3.amazonaws.com/blobs/170/d5f/170d5fde-4cd2-400a-9e5e-40fbcb9b6985,614608,reward_withdrawal,1,-1.0,1.0,true,catch,0.0,,3,0,0.0,,6,0,0.0,,4,0,0.5,0.42005000000000337,4,2,-0.0,-0.5,,,9,8,0,2,0.5,,17,2,true,true,true,false,false,false
https://dandiarchive.s3.amazonaws.com/blobs/170/d5f/170d5fde-4cd2-400a-9e5e-40fbcb9b6985,614608,reward_withdrawal,1,-1.0,1.0,true,go,0.5,0.3953999999999951,10,5,0.5,0.4102899999998044,14,7,0.7,0.36342000000001917,10,7,0.7,0.42914999999993597,10,7,-0.0,-0.0,0.014889999999809334,0.0657299999999168,24,20,12,14,0.0,-0.050840000000107466,44,26,true,true,true,true,true,true
https://dandiarchive.s3.amazonaws.com/blobs/170/d5f/170d5fde-4cd2-400a-9e5e-40fbcb9b6985,614608,reward_withdrawal,1,-1.0,1.0,true,go_minus_catch,,,,,,,,,,,,,,,,,0.0,0.5,,,33,28,0,0,-0.5,,61,0,true,true,true,false,false,false
https://dandiarchive.s3.amazonaws.com/blobs/170/d5f/170d5fde-4cd2-400a-9e5e-40fbcb9b6985,614608,reward_restoration,2,1.0,-1.0,true,catch,0.16666666666666666,0.21129999999993743,6,1,0.0,,2,0,0.0,,5,0,0.0,,5,0,-0.16666666666666666,0.0,,,8,10,1,0,-0.16666666666666666,,18,1,true,true,true,false,false,false
https://dandiarchive.s3.amazonaws.com/blobs/170/d5f/170d5fde-4cd2-400a-9e5e-40fbcb9b6985,614608,reward_restoration,2,1.0,-1.0,true,go,0.23076923076923078,0.3950099999997292,13,3,0.6363636363636364,0.39586000000008426,11,7,0.15384615384615385,0.47838500000000295,13,2,0.5714285714285714,0.3867800000000443,14,8,0.40559440559440557,0.41758241758241754,-0.0008500000003550667,0.09160499999995864,24,27,10,10,-0.01198801198801197,-0.0924550000003137,51,20,true,true,true,true,true,true
https://dandiarchive.s3.amazonaws.com/blobs/170/d5f/170d5fde-4cd2-400a-9e5e-40fbcb9b6985,614608,reward_restoration,2,1.0,-1.0,true,go_minus_catch,,,,,,,,,,,,,,,,,0.5722610722610723,0.41758241758241754,,,32,37,0,0,0.1546786546786547,,69,0,true,true,true,false,false,false
https://dandiarchive.s3.amazonaws.com/blobs/68c/a06/68ca0674-2a8a-4931-8d5b-10a3edfb0cfa,614608,reward_withdrawal,1,-1.0,1.0,true,catch,0.0,,5,0,0.0,,4,0,0.3333333333333333,0.3565399999999954,3,1,0.3333333333333333,0.37447999999994863,3,1,-0.0,-0.0,,0.017939999999953216,9,6,0,2,0.0,,15,2,true,true,true,false,true,false
https://dandiarchive.s3.amazonaws.com/blobs/68c/a06/68ca0674-2a8a-4931-8d5b-10a3edfb0cfa,614608,reward_withdrawal,1,-1.0,1.0,true,go,0.625,0.5590499999999565,8,5,0.5,0.44366500000012365,16,8,0.8333333333333334,0.36107000000004064,6,5,0.7777777777777778,0.47600999999997384,9,7,0.125,0.05555555555555558,-0.11538499999983287,0.1149399999999332,24,15,13,12,0.06944444444444442,-0.23032499999976608,39,25,true,true,true,true,true,true
https://dandiarchive.s3.amazonaws.com/blobs/68c/a06/68ca0674-2a8a-4931-8d5b-10a3edfb0cfa,614608,reward_withdrawal,1,-1.0,1.0,true,go_minus_catch,,,,,,,,,,,,,,,,,0.125,0.05555555555555558,,,33,21,0,0,0.06944444444444442,,54,0,true,true,true,false,false,false
https://dandiarchive.s3.amazonaws.com/blobs/68c/a06/68ca0674-2a8a-4931-8d5b-10a3edfb0cfa,614608,reward_restoration,2,1.0,-1.0,true,catch,0.0,,4,0,0.5,0.4089899999999034,2,1,0.0,,4,0,0.0,,5,0,0.5,0.0,,,6,9,1,0,0.5,,15,1,true,true,true,false,false,false
https://dandiarchive.s3.amazonaws.com/blobs/68c/a06/68ca0674-2a8a-4931-8d5b-10a3edfb0cfa,614608,reward_restoration,2,1.0,-1.0,true,go,0.07142857142857142,0.4602899999999863,14,1,0.6666666666666666,0.4680999999998221,9,6,0.6363636363636364,0.3936300000000301,11,7,0.13333333333333333,0.41861999999991895,15,2,0.5952380952380952,-0.503030303030303,-0.007809999999835782,-0.024989999999888823,23,26,7,9,1.0982683982683983,0.01718000000005304,49,16,true,true,true,true,true,true
https://dandiarchive.s3.amazonaws.com/blobs/68c/a06/68ca0674-2a8a-4931-8d5b-10a3edfb0cfa,614608,reward_restoration,2,1.0,-1.0,true,go_minus_catch,,,,,,,,,,,,,,,,,0.09523809523809523,-0.503030303030303,,,29,35,0,0,0.5982683982683983,,64,0,true,true,true,false,false,false
https://dandiarchive.s3.amazonaws.com/blobs/fd4/c49/fd4c4964-f02b-456e-af4d-b9407877d0de,614608,reward_withdrawal,1,-1.0,1.0,true,catch,0.25,0.4116300000000592,4,1,0.0,,4,0,0.25,0.3950999999999567,4,1,0.0,,4,0,0.25,0.25,,,8,8,1,1,0.0,,16,2,true,true,true,false,false,false
https://dandiarchive.s3.amazonaws.com/blobs/fd4/c49/fd4c4964-f02b-456e-af4d-b9407877d0de,614608,reward_withdrawal,1,-1.0,1.0,true,go,0.6666666666666666,0.5710749999999507,9,6,0.6428571428571429,0.3619899999998779,14,9,0.8,0.4629300000000285,10,8,0.7,0.41255999999998494,10,7,0.023809523809523725,0.10000000000000009,-0.2090850000000728,-0.05037000000004355,23,20,15,15,-0.07619047619047636,-0.15871500000002925,43,30,true,true,true,true,true,true
https://dandiarchive.s3.amazonaws.com/blobs/fd4/c49/fd4c4964-f02b-456e-af4d-b9407877d0de,614608,reward_withdrawal,1,-1.0,1.0,true,go_minus_catch,,,,,,,,,,,,,,,,,-0.22619047619047628,-0.1499999999999999,,,31,28,0,0,-0.07619047619047636,,59,0,true,true,true,false,false,false
https://dandiarchive.s3.amazonaws.com/blobs/fd4/c49/fd4c4964-f02b-456e-af4d-b9407877d0de,614608,reward_restoration,2,1.0,-1.0,true,catch,0.0,,4,0,0.0,,3,0,0.0,,5,0,0.0,,5,0,0.0,0.0,,,7,10,0,0,0.0,,17,0,true,true,true,false,false,false
https://dandiarchive.s3.amazonaws.com/blobs/fd4/c49/fd4c4964-f02b-456e-af4d-b9407877d0de,614608,reward_restoration,2,1.0,-1.0,true,go,0.13333333333333333,0.4622199999998884,15,2,0.6666666666666666,0.40362999999979365,9,6,0.0,,14,0,0.0,,15,0,0.5333333333333333,0.0,0.05859000000009473,,24,29,8,0,0.5333333333333333,,53,8,true,true,true,true,false,false
https://dandiarchive.s3.amazonaws.com/blobs/fd4/c49/fd4c4964-f02b-456e-af4d-b9407877d0de,614608,reward_restoration,2,1.0,-1.0,true,go_minus_catch,,,,,,,,,,,,,,,,,0.5333333333333333,0.0,,,31,39,0,0,0.5333333333333333,,70,0,true,true,true,false,false,false
https://dandiarchive.s3.amazonaws.com/blobs/333/44c/33344c82-0b1b-48ac-b5b1-ba6eac47f6e2,615047,reward_withdrawal,1,-1.0,1.0,true,catch,0.0,,1,0,0.8,0.44497499999988577,5,4,0.0,,3,0,0.0,,2,0,-0.8,-0.0,,,6,5,4,0,-0.8,,11,4,true,true,true,false,false,false
https://dandiarchive.s3.amazonaws.com/blobs/333/44c/33344c82-0b1b-48ac-b5b1-ba6eac47f6e2,615047,reward_withdrawal,1,-1.0,1.0,true,go,0.625,0.544589999999971,8,5,0.3076923076923077,0.21990999999991345,13,4,0.625,0.47938000000004877,8,5,0.4166666666666667,0.4788499999999658,12,5,0.3173076923076923,0.20833333333333331,-0.3246800000000576,-0.0005300000000829641,21,20,9,10,0.10897435897435898,-0.3241499999999746,41,19,true,true,true,true,true,true
https://dandiarchive.s3.amazonaws.com/blobs/333/44c/33344c82-0b1b-48ac-b5b1-ba6eac47f6e2,615047,reward_withdrawal,1,-1.0,1.0,true,go_minus_catch,,,,,,,,,,,,,,,,,1.1173076923076923,0.20833333333333331,,,27,25,0,0,0.9089743589743591,,52,0,true,true,true,false,false,false
https://dandiarchive.s3.amazonaws.com/blobs/333/44c/33344c82-0b1b-48ac-b5b1-ba6eac47f6e2,615047,reward_restoration,2,1.0,-1.0,true,catch,0.6,0.2115299999995841,5,3,0.0,,1,0,0.4,0.5367049999999836,5,2,0.0,,4,0,-0.6,-0.4,,,6,9,3,2,-0.19999999999999996,,15,5,true,true,true,false,false,false
https://dandiarchive.s3.amazonaws.com/blobs/333/44c/33344c82-0b1b-48ac-b5b1-ba6eac47f6e2,615047,reward_restoration,2,1.0,-1.0,true,go,0.5,0.3786199999999553,14,7,0.0,,5,0,0.38461538461538464,0.32706000000007407,13,5,0.25,0.26157000000011976,12,3,-0.5,-0.13461538461538464,,0.06548999999995431,19,25,7,8,-0.36538461538461536,,44,15,true,true,true,false,true,false
https://dandiarchive.s3.amazonaws.com/blobs/333/44c/33344c82-0b1b-48ac-b5b1-ba6eac47f6e2,615047,reward_restoration,2,1.0,-1.0,true,go_minus_catch,,,,,,,,,,,,,,,,,0.09999999999999998,0.2653846153846154,,,25,34,0,0,-0.1653846153846154,,59,0,true,true,true,false,false,false
https://dandiarchive.s3.amazonaws.com/blobs/4d8/ee0/4d8ee03a-8ed6-46af-baef-48bcdc3bda86,615047,reward_withdrawal,1,-1.0,1.0,true,catch,0.3333333333333333,0.4447699999999486,3,1,0.0,,4,0,0.0,,5,0,0.0,,2,0,0.3333333333333333,-0.0,,,7,7,1,0,0.3333333333333333,,14,1,true,true,true,false,false,false
https://dandiarchive.s3.amazonaws.com/blobs/4d8/ee0/4d8ee03a-8ed6-46af-baef-48bcdc3bda86,615047,reward_withdrawal,1,-1.0,1.0,true,go,0.4,0.5789349999999445,10,4,0.5,0.5700649999999996,12,6,0.46153846153846156,0.5454300000000387,13,6,0.6666666666666666,0.5774749999999358,9,6,-0.09999999999999998,-0.20512820512820507,-0.008869999999944866,0.03204499999989707,22,22,10,12,0.10512820512820509,-0.04091499999984194,44,22,true,true,true,true,true,true
https://dandiarchive.s3.amazonaws.com/blobs/4d8/ee0/4d8ee03a-8ed6-46af-baef-48bcdc3bda86,615047,reward_withdrawal,1,-1.0,1.0,true,go_minus_catch,,,,,,,,,,,,,,,,,-0.4333333333333333,-0.20512820512820507,,,29,29,0,0,-0.22820512820512823,,58,0,true,true,true,false,false,false
https://dandiarchive.s3.amazonaws.com/blobs/4d8/ee0/4d8ee03a-8ed6-46af-baef-48bcdc3bda86,615047,reward_restoration,2,1.0,-1.0,true,catch,0.0,,2,0,0.0,,5,0,0.0,,3,0,0.0,,6,0,0.0,0.0,,,7,9,0,0,0.0,,16,0,true,true,true,false,false,false
https://dandiarchive.s3.amazonaws.com/blobs/4d8/ee0/4d8ee03a-8ed6-46af-baef-48bcdc3bda86,615047,reward_restoration,2,1.0,-1.0,true,go,0.0,,16,0,0.5,0.4782000000000153,6,3,0.0625,0.6283699999999044,16,1,0.3333333333333333,0.47790999999995165,12,4,0.5,0.2708333333333333,,0.15045999999995274,22,28,3,5,0.22916666666666669,,50,8,true,true,true,false,true,false
https://dandiarchive.s3.amazonaws.com/blobs/4d8/ee0/4d8ee03a-8ed6-46af-baef-48bcdc3bda86,615047,reward_restoration,2,1.0,-1.0,true,go_minus_catch,,,,,,,,,,,,,,,,,0.5,0.2708333333333333,,,29,37,0,0,0.22916666666666669,,66,0,true,true,true,false,false,false
https://dandiarchive.s3.amazonaws.com/blobs/9b5/21d/9b521df8-c80b-4305-b5f5-6830e47015dc,615047,reward_withdrawal,1,-1.0,1.0,true,catch,0.0,,4,0,0.2,0.6451500000000578,5,1,0.0,,3,0,0.0,,4,0,-0.2,-0.0,,,9,7,1,0,-0.2,,16,1,true,true,true,false,false,false
https://dandiarchive.s3.amazonaws.com/blobs/9b5/21d/9b521df8-c80b-4305-b5f5-6830e47015dc,615047,reward_withdrawal,1,-1.0,1.0,true,go,0.18181818181818182,0.5711749999999824,11,2,0.13333333333333333,0.5948250000000144,15,2,0.0,,12,0,0.2,0.5782499999999686,10,2,0.04848484848484849,-0.2,0.023650000000031923,,26,22,4,2,0.2484848484848485,,48,6,true,true,true,true,false,false
https://dandiarchive.s3.amazonaws.com/blobs/9b5/21d/9b521df8-c80b-4305-b5f5-6830e47015dc,615047,reward_withdrawal,1,-1.0,1.0,true,go_minus_catch,,,,,,,,,,,,,,,,,0.2484848484848485,-0.2,,,35,29,0,0,0.4484848484848485,,64,0,true,true,true,false,false,false
https://dandiarchive.s3.amazonaws.com/blobs/9b5/21d/9b521df8-c80b-4305-b5f5-6830e47015dc,615047,reward_restoration,2,1.0,-1.0,true,catch,0.0,,4,0,,,0,0,0.0,,3,0,0.0,,5,0,,0.0,,,4,8,0,0,,,12,0,false,true,false,false,false,false
https://dandiarchive.s3.amazonaws.com/blobs/9b5/21d/9b521df8-c80b-4305-b5f5-6830e47015dc,615047,reward_restoration,2,1.0,-1.0,true,go,0.13333333333333333,0.5870250000000397,15,2,0.0,,1,0,0.23076923076923078,0.6120599999999286,13,3,0.07692307692307693,0.44544999999993706,13,1,-0.13333333333333333,-0.15384615384615385,,0.1666099999999915,16,26,2,4,0.020512820512820523,,42,6,true,true,true,false,true,false
https://dandiarchive.s3.amazonaws.com/blobs/9b5/21d/9b521df8-c80b-4305-b5f5-6830e47015dc,615047,reward_restoration,2,1.0,-1.0,true,go_minus_catch,,,,,,,,,,,,,,,,,,-0.15384615384615385,,,20,34,0,0,,,54,0,false,true,false,false,false,false
https://dandiarchive.s3.amazonaws.com/blobs/a25/64a/a2564a07-a0cb-4376-b229-bb8586440a65,615047,reward_withdrawal,1,-1.0,1.0,true,catch,0.0,,4,0,0.0,,4,0,0.0,,4,0,0.0,,4,0,-0.0,-0.0,,,8,8,0,0,0.0,,16,0,true,true,true,false,false,false
https://dandiarchive.s3.amazonaws.com/blobs/a25/64a/a2564a07-a0cb-4376-b229-bb8586440a65,615047,reward_withdrawal,1,-1.0,1.0,true,go,0.23076923076923078,0.6300899999999956,13,3,0.3333333333333333,0.5286599999999453,15,5,0.3,0.5626700000000255,10,3,0.15384615384615385,0.6452999999999065,13,2,-0.10256410256410253,0.14615384615384613,-0.10143000000005031,0.08262999999988097,28,23,8,5,-0.24871794871794867,-0.18405999999993128,51,13,true,true,true,true,true,true
https://dandiarchive.s3.amazonaws.com/blobs/a25/64a/a2564a07-a0cb-4376-b229-bb8586440a65,615047,reward_withdrawal,1,-1.0,1.0,true,go_minus_catch,,,,,,,,,,,,,,,,,-0.10256410256410253,0.14615384615384613,,,36,31,0,0,-0.24871794871794867,,67,0,true,true,true,false,false,false
https://dandiarchive.s3.amazonaws.com/blobs/a25/64a/a2564a07-a0cb-4376-b229-bb8586440a65,615047,reward_restoration,2,1.0,-1.0,true,catch,0.0,,5,0,0.0,,3,0,0.0,,6,0,0.0,,5,0,0.0,0.0,,,8,11,0,0,0.0,,19,0,true,true,true,false,false,false
https://dandiarchive.s3.amazonaws.com/blobs/a25/64a/a2564a07-a0cb-4376-b229-bb8586440a65,615047,reward_restoration,2,1.0,-1.0,true,go,0.0,,15,0,0.4,0.4877400000000307,10,4,0.35714285714285715,0.5451900000000478,14,5,0.21428571428571427,0.5944499999998243,14,3,0.4,-0.14285714285714288,,-0.04925999999977648,25,28,4,8,0.5428571428571429,,53,12,true,true,true,false,true,false
https://dandiarchive.s3.amazonaws.com/blobs/a25/64a/a2564a07-a0cb-4376-b229-bb8586440a65,615047,reward_restoration,2,1.0,-1.0,true,go_minus_catch,,,,,,,,,,,,,,,,,0.4,-0.14285714285714288,,,33,39,0,0,0.5428571428571429,,72,0,true,true,true,false,false,false
https://dandiarchive.s3.amazonaws.com/blobs/75d/9d0/75d9d091-e7db-47d1-aac4-d41133e29393,615048,reward_withdrawal,1,-1.0,1.0,true,catch,0.2,0.5794099999999389,5,1,0.25,0.6469499999999471,8,2,0.0,,3,0,0.0,,3,0,-0.04999999999999999,-0.0,0.06754000000000815,,13,6,3,0,-0.04999999999999999,,19,3,true,true,true,true,false,false
https://dandiarchive.s3.amazonaws.com/blobs/75d/9d0/75d9d091-e7db-47d1-aac4-d41133e29393,615048,reward_withdrawal,1,-1.0,1.0,true,go,0.3333333333333333,0.4632599999999911,9,3,0.5555555555555556,0.4458399999998619,9,5,0.75,0.39659999999992124,4,3,0.6666666666666666,0.438054999999963,9,6,-0.22222222222222227,0.08333333333333337,-0.01742000000012922,0.041455000000041764,18,13,8,9,-0.30555555555555564,-0.058875000000170985,31,17,true,true,true,true,true,true
https://dandiarchive.s3.amazonaws.com/blobs/75d/9d0/75d9d091-e7db-47d1-aac4-d41133e29393,615048,reward_withdrawal,1,-1.0,1.0,true,go_minus_catch,,,,,,,,,,,,,,,,,-0.17222222222222228,0.08333333333333337,,,31,19,0,0,-0.25555555555555565,,50,0,true,true,true,false,false,false
https://dandiarchive.s3.amazonaws.com/blobs/75d/9d0/75d9d091-e7db-47d1-aac4-d41133e29393,615048,reward_restoration,2,1.0,-1.0,true,catch,0.0,,7,0,0.4,0.5040350000001581,5,2,0.0,,6,0,0.0,,6,0,0.4,0.0,,,12,12,2,0,0.4,,24,2,true,true,true,false,false,false
https://dandiarchive.s3.amazonaws.com/blobs/75d/9d0/75d9d091-e7db-47d1-aac4-d41133e29393,615048,reward_restoration,2,1.0,-1.0,true,go,0.0,,10,0,0.75,0.496494999999868,8,6,0.45454545454545453,0.562689999999975,11,5,0.07142857142857142,0.4977400000000216,14,1,0.75,-0.3831168831168831,,0.06494999999995343,18,25,6,6,1.133116883116883,,43,12,true,true,true,false,true,false
https://dandiarchive.s3.amazonaws.com/blobs/75d/9d0/75d9d091-e7db-47d1-aac4-d41133e29393,615048,reward_restoration,2,1.0,-1.0,true,go_minus_catch,,,,,,,,,,,,,,,,,0.35,-0.3831168831168831,,,30,37,0,0,0.733116883116883,,67,0,true,true,true,false,false,false
https://dandiarchive.s3.amazonaws.com/blobs/79f/491/79f49133-ebbc-4302-9892-e200c2fad8e2,615048,reward_withdrawal,1,-1.0,1.0,true,catch,0.0,,7,0,0.0,,6,0,0.0,,10,0,0.0,,5,0,-0.0,-0.0,,,13,15,0,0,0.0,,28,0,true,true,true,false,false,false
https://dandiarchive.s3.amazonaws.com/blobs/79f/491/79f49133-ebbc-4302-9892-e200c2fad8e2,615048,reward_withdrawal,1,-1.0,1.0,true,go,0.38461538461538464,0.5296700000000101,13,5,0.1,0.6793999999999869,10,1,0.5714285714285714,0.5217350000000351,7,4,0.8,0.5466099999999301,10,8,0.2846153846153846,-0.22857142857142865,0.14972999999997683,0.024874999999894953,23,17,6,12,0.5131868131868133,0.12485500000008187,40,18,true,true,true,true,true,true
https://dandiarchive.s3.amazonaws.com/blobs/79f/491/79f49133-ebbc-4302-9892-e200c2fad8e2,615048,reward_withdrawal,1,-1.0,1.0,true,go_minus_catch,,,,,,,,,,,,,,,,,0.2846153846153846,-0.22857142857142865,,,36,32,0,0,0.5131868131868133,,68,0,true,true,true,false,false,false
https://dandiarchive.s3.amazonaws.com/blobs/79f/491/79f49133-ebbc-4302-9892-e200c2fad8e2,615048,reward_restoration,2,1.0,-1.0,true,catch,0.0,,8,0,0.0,,4,0,0.125,0.4297399999998106,8,1,0.0,,7,0,0.0,-0.125,,,12,15,0,1,0.125,,27,1,true,true,true,false,false,false
https://dandiarchive.s3.amazonaws.com/blobs/79f/491/79f49133-ebbc-4302-9892-e200c2fad8e2,615048,reward_restoration,2,1.0,-1.0,true,go,0.1,0.6629900000002635,10,1,0.45454545454545453,0.4137399999999616,11,5,0.0,,11,0,0.0,,14,0,0.3545454545454545,0.0,0.24925000000030195,,21,25,6,0,0.3545454545454545,,46,6,true,true,true,true,false,false
https://dandiarchive.s3.amazonaws.com/blobs/79f/491/79f49133-ebbc-4302-9892-e200c2fad8e2,615048,reward_restoration,2,1.0,-1.0,true,go_minus_catch,,,,,,,,,,,,,,,,,0.3545454545454545,0.125,,,33,40,0,0,0.2295454545454545,,73,0,true,true,true,false,false,false
https://dandiarchive.s3.amazonaws.com/blobs/cef/352/cef35297-7f3a-41ce-949d-59dd2a4c4bc1,615048,reward_withdrawal,1,-1.0,1.0,true,catch,0.0,,5,0,0.0,,5,0,0.5,0.5128399999999829,4,2,0.0,,7,0,-0.0,0.5,,,10,11,0,2,-0.5,,21,2,true,true,true,false,false,false
https://dandiarchive.s3.amazonaws.com/blobs/cef/352/cef35297-7f3a-41ce-949d-59dd2a4c4bc1,615048,reward_withdrawal,1,-1.0,1.0,true,go,0.45454545454545453,0.5309599999999364,11,5,0.4,0.49565499999994245,10,4,0.5,0.5798849999999334,8,4,0.7,0.5459399999999732,10,7,0.05454545454545451,-0.19999999999999996,-0.035304999999993925,-0.033944999999960146,21,18,9,11,0.25454545454545446,-0.0013600000000337786,39,20,true,true,true,true,true,true
https://dandiarchive.s3.amazonaws.com/blobs/cef/352/cef35297-7f3a-41ce-949d-59dd2a4c4bc1,615048,reward_withdrawal,1,-1.0,1.0,true,go_minus_catch,,,,,,,,,,,,,,,,,0.05454545454545451,-0.7,,,31,29,0,0,0.7545454545454544,,60,0,true,true,true,false,false,false
https://dandiarchive.s3.amazonaws.com/blobs/cef/352/cef35297-7f3a-41ce-949d-59dd2a4c4bc1,615048,reward_restoration,2,1.0,-1.0,true,catch,0.0,,8,0,0.0,,3,0,0.0,,5,0,0.0,,8,0,0.0,0.0,,,11,13,0,0,0.0,,24,0,true,true,true,false,false,false
https://dandiarchive.s3.amazonaws.com/blobs/cef/352/cef35297-7f3a-41ce-949d-59dd2a4c4bc1,615048,reward_restoration,2,1.0,-1.0,true,go,0.14285714285714285,0.4791099999997641,7,1,0.5,0.546730000000025,6,3,0.15384615384615385,0.5043749999998681,13,2,0.0,,10,0,0.35714285714285715,-0.15384615384615385,-0.06762000000026092,,13,23,4,2,0.510989010989011,,36,6,true,true,true,true,false,false
https://dandiarchive.s3.amazonaws.com/blobs/cef/352/cef35297-7f3a-41ce-949d-59dd2a4c4bc1,615048,reward_restoration,2,1.0,-1.0,true,go_minus_catch,,,,,,,,,,,,,,,,,0.35714285714285715,-0.15384615384615385,,,24,36,0,0,0.510989010989011,,60,0,true,true,true,false,false,false
https://dandiarchive.s3.amazonaws.com/blobs/fe0/9ba/fe09ba54-89e9-4b73-bf95-5127c2ee2ad9,615048,reward_withdrawal,1,-1.0,1.0,true,catch,0.0,,6,0,0.14285714285714285,0.42919999999980973,7,1,0.0,,2,0,0.0,,5,0,-0.14285714285714285,-0.0,,,13,7,1,0,-0.14285714285714285,,20,1,true,true,true,false,false,false
https://dandiarchive.s3.amazonaws.com/blobs/fe0/9ba/fe09ba54-89e9-4b73-bf95-5127c2ee2ad9,615048,reward_withdrawal,1,-1.0,1.0,true,go,0.42857142857142855,0.5466800000000376,7,3,0.3,0.47907999999983986,10,3,0.8333333333333334,0.4966800000000262,6,5,0.7777777777777778,0.49716000000000804,9,7,0.12857142857142856,0.05555555555555558,-0.06760000000019772,0.0004799999999818283,17,15,6,12,0.07301587301587298,-0.06808000000017955,32,18,true,true,true,true,true,true
https://dandiarchive.s3.amazonaws.com/blobs/fe0/9ba/fe09ba54-89e9-4b73-bf95-5127c2ee2ad9,615048,reward_withdrawal,1,-1.0,1.0,true,go_minus_catch,,,,,,,,,,,,,,,,,0.2714285714285714,0.05555555555555558,,,30,22,0,0,0.21587301587301583,,52,0,true,true,true,false,false,false
https://dandiarchive.s3.amazonaws.com/blobs/fe0/9ba/fe09ba54-89e9-4b73-bf95-5127c2ee2ad9,615048,reward_restoration,2,1.0,-1.0,true,catch,0.0,,5,0,0.0,,3,0,0.2,0.5128699999997934,5,1,0.0,,7,0,0.0,-0.2,,,8,12,0,1,0.2,,20,1,true,true,true,false,false,false
https://dandiarchive.s3.amazonaws.com/blobs/fe0/9ba/fe09ba54-89e9-4b73-bf95-5127c2ee2ad9,615048,reward_restoration,2,1.0,-1.0,true,go,0.14285714285714285,0.19563000000016473,7,1,0.4,0.546179999999822,10,4,0.16666666666666666,0.6292799999998806,12,2,0.125,0.7294499999998152,8,1,0.2571428571428572,-0.04166666666666666,-0.3505499999996573,-0.10016999999993459,17,20,5,3,0.29880952380952386,-0.2503799999997227,37,8,true,true,true,true,true,true
https://dandiarchive.s3.amazonaws.com/blobs/fe0/9ba/fe09ba54-89e9-4b73-bf95-5127c2ee2ad9,615048,reward_restoration,2,1.0,-1.0,true,go_minus_catch,,,,,,,,,,,,,,,,,0.2571428571428572,0.15833333333333335,,,25,32,0,0,0.09880952380952385,,57,0,true,true,true,false,false,false
https://dandiarchive.s3.amazonaws.com/blobs/ce1/184/ce11847a-19b5-4a16-a4f9-b904cc8aece6,615563,reward_withdrawal,1,-1.0,1.0,true,catch,0.0,,6,0,0.0,,6,0,0.0,,4,0,0.2,0.19576999999992495,5,1,-0.0,-0.2,,,12,9,0,1,0.2,,21,1,true,true,true,false,false,false
https://dandiarchive.s3.amazonaws.com/blobs/ce1/184/ce11847a-19b5-4a16-a4f9-b904cc8aece6,615563,reward_withdrawal,1,-1.0,1.0,true,go,0.7777777777777778,0.5132899999999836,9,7,0.6666666666666666,0.5461249999999609,12,8,0.9090909090909091,0.4552500000000066,11,10,1.0,0.47998999999992975,11,11,0.11111111111111116,-0.09090909090909094,0.0328349999999773,0.024739999999923157,21,22,15,21,0.2020202020202021,0.008095000000054142,43,36,true,true,true,true,true,true
https://dandiarchive.s3.amazonaws.com/blobs/ce1/184/ce11847a-19b5-4a16-a4f9-b904cc8aece6,615563,reward_withdrawal,1,-1.0,1.0,true,go_minus_catch,,,,,,,,,,,,,,,,,0.11111111111111116,0.10909090909090907,,,33,31,0,0,0.0020202020202020887,,64,0,true,true,true,false,false,false
https://dandiarchive.s3.amazonaws.com/blobs/ce1/184/ce11847a-19b5-4a16-a4f9-b904cc8aece6,615563,reward_restoration,2,1.0,-1.0,true,catch,0.16666666666666666,0.32975000000033106,6,1,0.5,0.47836000000006607,2,1,0.0,,5,0,0.0,,9,0,0.33333333333333337,0.0,-0.148609999999735,,8,14,2,0,0.33333333333333337,,22,2,true,true,true,true,false,false
https://dandiarchive.s3.amazonaws.com/blobs/ce1/184/ce11847a-19b5-4a16-a4f9-b904cc8aece6,615563,reward_restoration,2,1.0,-1.0,true,go,0.0,,12,0,1.0,0.3460949999998775,2,2,0.0,,11,0,0.07692307692307693,0.5794499999999516,13,1,1.0,0.07692307692307693,,,14,24,2,1,0.9230769230769231,,38,3,true,true,true,false,false,false
https://dandiarchive.s3.amazonaws.com/blobs/ce1/184/ce11847a-19b5-4a16-a4f9-b904cc8aece6,615563,reward_restoration,2,1.0,-1.0,true,go_minus_catch,,,,,,,,,,,,,,,,,0.6666666666666666,0.07692307692307693,,,22,38,0,0,0.5897435897435898,,60,0,true,true,true,false,false,false
https://dandiarchive.s3.amazonaws.com/blobs/ce2/279/ce2279e0-4653-4528-b6a3-5dcf3b13bc5f,615563,reward_withdrawal,1,-1.0,1.0,true,catch,0.0,,5,0,0.0,,8,0,0.0,,8,0,0.2,0.5466099999999869,5,1,-0.0,-0.2,,,13,13,0,1,0.2,,26,1,true,true,true,false,false,false
https://dandiarchive.s3.amazonaws.com/blobs/ce2/279/ce2279e0-4653-4528-b6a3-5dcf3b13bc5f,615563,reward_withdrawal,1,-1.0,1.0,true,go,1.0,0.5049399999999764,10,10,0.6,0.5461450000000241,10,6,0.5555555555555556,0.5132000000000403,9,5,0.9166666666666666,0.53024999999991,12,11,0.4,-0.36111111111111105,0.041205000000047676,0.01704999999986967,20,21,16,16,0.7611111111111111,0.024155000000178006,41,32,true,true,true,true,true,true
https://dandiarchive.s3.amazonaws.com/blobs/ce2/279/ce2279e0-4653-4528-b6a3-5dcf3b13bc5f,615563,reward_withdrawal,1,-1.0,1.0,true,go_minus_catch,,,,,,,,,,,,,,,,,0.4,-0.16111111111111104,,,33,34,0,0,0.5611111111111111,,67,0,true,true,true,false,false,false
https://dandiarchive.s3.amazonaws.com/blobs/ce2/279/ce2279e0-4653-4528-b6a3-5dcf3b13bc5f,615563,reward_restoration,2,1.0,-1.0,true,catch,0.0,,6,0,0.0,,4,0,0.14285714285714285,0.7297799999998915,7,1,0.0,,6,0,0.0,-0.14285714285714285,,,10,13,0,1,0.14285714285714285,,23,1,true,true,true,false,false,false
https://dandiarchive.s3.amazonaws.com/blobs/ce2/279/ce2279e0-4653-4528-b6a3-5dcf3b13bc5f,615563,reward_restoration,2,1.0,-1.0,true,go,0.1,0.3957700000000841,10,1,0.7777777777777778,0.5140899999996691,9,7,0.3333333333333333,0.5456550000000107,12,4,0.3,0.5960500000001048,10,3,0.6777777777777778,-0.033333333333333326,-0.11831999999958498,-0.050395000000094115,19,22,8,7,0.7111111111111111,-0.06792499999949086,41,15,true,true,true,true,true,true
https://dandiarchive.s3.amazonaws.com/blobs/ce2/279/ce2279e0-4653-4528-b6a3-5dcf3b13bc5f,615563,reward_restoration,2,1.0,-1.0,true,go_minus_catch,,,,,,,,,,,,,,,,,0.6777777777777778,0.10952380952380952,,,29,35,0,0,0.5682539682539682,,64,0,true,true,true,false,false,false
https://dandiarchive.s3.amazonaws.com/blobs/d53/5f5/d535f597-e428-4fbb-aa14-16ef4a07f81b,615563,reward_withdrawal,1,-1.0,1.0,true,catch,0.0,,5,0,0.16666666666666666,0.5293899999999212,6,1,0.3333333333333333,0.47117000000000075,6,2,0.0,,6,0,-0.16666666666666666,0.3333333333333333,,,11,12,1,2,-0.5,,23,3,true,true,true,false,false,false
https://dandiarchive.s3.amazonaws.com/blobs/d53/5f5/d535f597-e428-4fbb-aa14-16ef4a07f81b,615563,reward_withdrawal,1,-1.0,1.0,true,go,0.8333333333333334,0.4798299999999358,12,10,0.4,0.5961549999999534,10,4,0.8888888888888888,0.4216100000000438,9,8,0.875,0.46245999999996457,8,7,0.43333333333333335,0.01388888888888884,0.11632500000001755,0.04084999999992078,22,17,14,15,0.4194444444444445,0.07547500000009677,39,29,true,true,true,true,true,true
https://dandiarchive.s3.amazonaws.com/blobs/d53/5f5/d535f597-e428-4fbb-aa14-16ef4a07f81b,615563,reward_withdrawal,1,-1.0,1.0,true,go_minus_catch,,,,,,,,,,,,,,,,,0.6,-0.3194444444444445,,,33,29,0,0,0.9194444444444445,,62,0,true,true,true,false,false,false
https://dandiarchive.s3.amazonaws.com/blobs/d53/5f5/d535f597-e428-4fbb-aa14-16ef4a07f81b,615563,reward_restoration,2,1.0,-1.0,true,catch,0.0,,9,0,0.0,,2,0,0.0,,7,0,0.16666666666666666,0.21273999999993976,6,1,0.0,0.16666666666666666,,,11,13,0,1,-0.16666666666666666,,24,1,true,true,true,false,false,false
https://dandiarchive.s3.amazonaws.com/blobs/d53/5f5/d535f597-e428-4fbb-aa14-16ef4a07f81b,615563,reward_restoration,2,1.0,-1.0,true,go,0.09090909090909091,0.5968400000001566,11,1,1.0,0.5464899999997215,7,7,0.08333333333333333,0.22969999999986612,12,1,0.07692307692307693,0.6462100000001101,13,1,0.9090909090909091,-0.006410256410256401,0.0503500000004351,-0.41651000000024396,18,25,8,2,0.9155011655011654,0.46686000000067907,43,10,true,true,true,true,true,true
https://dandiarchive.s3.amazonaws.com/blobs/d53/5f5/d535f597-e428-4fbb-aa14-16ef4a07f81b,615563,reward_restoration,2,1.0,-1.0,true,go_minus_catch,,,,,,,,,,,,,,,,,0.9090909090909091,-0.17307692307692307,,,29,38,0,0,1.082167832167832,,67,0,true,true,true,false,false,false
https://dandiarchive.s3.amazonaws.com/blobs/050/7be/0507bec5-48af-4de6-8094-ccb38f901537,615564,reward_withdrawal,1,-1.0,1.0,true,catch,0.0,,4,0,0.14285714285714285,0.4957999999999174,7,1,0.2,0.5124200000000201,5,1,0.4,0.31246000000004415,5,2,-0.14285714285714285,-0.2,,-0.19995999999997593,11,10,1,3,0.05714285714285716,,21,4,true,true,true,false,true,false
https://dandiarchive.s3.amazonaws.com/blobs/050/7be/0507bec5-48af-4de6-8094-ccb38f901537,615564,reward_withdrawal,1,-1.0,1.0,true,go,0.375,0.6289799999999559,8,3,0.3,0.5122099999999818,10,3,0.875,0.5467499999999745,8,7,0.375,0.6298699999998689,8,3,0.07500000000000001,0.5,-0.11676999999997406,0.08311999999989439,18,16,6,10,-0.425,-0.19988999999986845,34,16,true,true,true,true,true,true
https://dandiarchive.s3.amazonaws.com/blobs/050/7be/0507bec5-48af-4de6-8094-ccb38f901537,615564,reward_withdrawal,1,-1.0,1.0,true,go_minus_catch,,,,,,,,,,,,,,,,,0.21785714285714286,0.7,,,29,26,0,0,-0.48214285714285715,,55,0,true,true,true,false,false,false
https://dandiarchive.s3.amazonaws.com/blobs/050/7be/0507bec5-48af-4de6-8094-ccb38f901537,615564,reward_restoration,2,1.0,-1.0,true,catch,0.0,,4,0,0.25,0.29563999999982116,4,1,0.16666666666666666,0.3122699999998986,6,1,0.0,,7,0,0.25,-0.16666666666666666,,,8,13,1,1,0.41666666666666663,,21,2,true,true,true,false,false,false
https://dandiarchive.s3.amazonaws.com/blobs/050/7be/0507bec5-48af-4de6-8094-ccb38f901537,615564,reward_restoration,2,1.0,-1.0,true,go,0.0,,12,0,0.7777777777777778,0.5632900000000518,9,7,0.18181818181818182,0.5459649999999101,11,2,0.08333333333333333,0.5122000000001208,12,1,0.7777777777777778,-0.0984848484848485,,0.033764999999789325,21,23,7,3,0.8762626262626263,,44,10,true,true,true,false,true,false
https://dandiarchive.s3.amazonaws.com/blobs/050/7be/0507bec5-48af-4de6-8094-ccb38f901537,615564,reward_restoration,2,1.0,-1.0,true,go_minus_catch,,,,,,,,,,,,,,,,,0.5277777777777778,0.06818181818181816,,,29,36,0,0,0.45959595959595967,,65,0,true,true,true,false,false,false
https://dandiarchive.s3.amazonaws.com/blobs/3ae/b2f/3aeb2f0d-c1c1-4b50-964b-61caffa07ee9,615564,reward_withdrawal,1,-1.0,1.0,true,catch,0.3333333333333333,0.16186999999990803,3,1,0.0,,4,0,0.2,0.6464599999999336,5,1,0.16666666666666666,0.17901999999992313,6,1,0.3333333333333333,0.033333333333333354,,-0.4674400000000105,7,11,1,2,0.29999999999999993,,18,3,true,true,true,false,true,false
https://dandiarchive.s3.amazonaws.com/blobs/3ae/b2f/3aeb2f0d-c1c1-4b50-964b-61caffa07ee9,615564,reward_withdrawal,1,-1.0,1.0,true,go,0.8571428571428571,0.42992999999989934,7,6,0.5,0.6153999999999087,2,1,0.8888888888888888,0.5214399999999841,9,8,0.875,0.49667999999996937,8,7,0.3571428571428571,0.01388888888888884,0.18547000000000935,-0.02476000000001477,9,17,7,15,0.34325396825396826,0.21023000000002412,26,22,true,true,true,true,true,true
https://dandiarchive.s3.amazonaws.com/blobs/3ae/b2f/3aeb2f0d-c1c1-4b50-964b-61caffa07ee9,615564,reward_withdrawal,1,-1.0,1.0,true,go_minus_catch,,,,,,,,,,,,,,,,,0.02380952380952378,-0.019444444444444514,,,16,28,0,0,0.04325396825396832,,44,0,true,true,true,false,false,false
https://dandiarchive.s3.amazonaws.com/blobs/3ae/b2f/3aeb2f0d-c1c1-4b50-964b-61caffa07ee9,615564,reward_restoration,2,1.0,-1.0,true,catch,0.14285714285714285,0.4472099999998136,7,1,0.3333333333333333,0.1956599999998616,3,1,0.25,0.4128399999999601,4,1,0.0,,4,0,0.19047619047619047,-0.25,0.251549999999952,,10,8,2,1,0.44047619047619047,,18,3,true,true,true,true,false,false
https://dandiarchive.s3.amazonaws.com/blobs/3ae/b2f/3aeb2f0d-c1c1-4b50-964b-61caffa07ee9,615564,reward_restoration,2,1.0,-1.0,true,go,0.5555555555555556,0.2290100000000166,9,5,0.75,0.6290799999997034,4,3,0.1111111111111111,0.6126199999998789,9,1,0.2857142857142857,0.5046399999998812,7,2,0.19444444444444442,0.1746031746031746,-0.40006999999968684,0.10797999999999774,13,16,8,3,0.019841269841269826,-0.5080499999996846,29,11,true,true,true,true,true,true
https://dandiarchive.s3.amazonaws.com/blobs/3ae/b2f/3aeb2f0d-c1c1-4b50-964b-61caffa07ee9,615564,reward_restoration,2,1.0,-1.0,true,go_minus_catch,,,,,,,,,,,,,,,,,0.003968253968253954,0.4246031746031746,,,23,24,0,0,-0.42063492063492064,,47,0,true,true,true,false,false,false
https://dandiarchive.s3.amazonaws.com/blobs/635/68b/63568b8b-5957-4045-b90d-d75108909249,615564,reward_withdrawal,1,-1.0,1.0,true,catch,0.16666666666666666,0.17898999999988519,6,1,0.125,0.2956899999999223,8,1,0.16666666666666666,0.34593999999992775,6,1,0.0,,4,0,0.04166666666666666,0.16666666666666666,0.11670000000003711,,14,10,2,1,-0.125,,24,3,true,true,true,true,false,false
https://dandiarchive.s3.amazonaws.com/blobs/635/68b/63568b8b-5957-4045-b90d-d75108909249,615564,reward_withdrawal,1,-1.0,1.0,true,go,0.8571428571428571,0.5800549999999589,7,6,0.5454545454545454,0.6540950000000976,11,6,0.75,0.39655500000000643,8,6,0.75,0.48002999999994245,8,6,0.3116883116883117,-0.0,0.07404000000013866,0.08347499999993602,18,16,12,12,0.3116883116883117,-0.009434999999797355,34,24,true,true,true,true,true,true
https://dandiarchive.s3.amazonaws.com/blobs/635/68b/63568b8b-5957-4045-b90d-d75108909249,615564,reward_withdrawal,1,-1.0,1.0,true,go_minus_catch,,,,,,,,,,,,,,,,,0.27002164502164505,-0.16666666666666666,,,32,26,0,0,0.4366883116883117,,58,0,true,true,true,false,false,false
https://dandiarchive.s3.amazonaws.com/blobs/635/68b/63568b8b-5957-4045-b90d-d75108909249,615564,reward_restoration,2,1.0,-1.0,true,catch,0.0,,3,0,0.6666666666666666,0.25432500000010805,3,2,0.3333333333333333,0.44468000000006214,3,1,0.14285714285714285,0.27917999999999665,7,1,0.6666666666666666,-0.19047619047619047,,0.16550000000006548,6,10,2,2,0.8571428571428571,,16,4,true,true,true,false,true,false
https://dandiarchive.s3.amazonaws.com/blobs/635/68b/63568b8b-5957-4045-b90d-d75108909249,615564,reward_restoration,2,1.0,-1.0,true,go,0.2,0.37085999999976593,10,2,0.75,0.413300000000163,4,3,0.2857142857142857,0.429224999999974,7,2,0.0,,7,0,0.55,-0.2857142857142857,-0.04244000000039705,,14,14,5,2,0.8357142857142857,,28,7,true,true,true,true,false,false
https://dandiarchive.s3.amazonaws.com/blobs/635/68b/63568b8b-5957-4045-b90d-d75108909249,615564,reward_restoration,2,1.0,-1.0,true,go_minus_catch,,,,,,,,,,,,,,,,,-0.11666666666666659,-0.09523809523809523,,,20,24,0,0,-0.021428571428571352,,44,0,true,true,true,false,false,false
https://dandiarchive.s3.amazonaws.com/blobs/932/2b8/9322b892-db03-4e77-a1cd-e428cff1307b,615564,reward_withdrawal,1,-1.0,1.0,true,catch,0.0,,6,0,0.0,,6,0,0.4,0.5290099999999995,5,2,0.0,,8,0,-0.0,0.4,,,12,13,0,2,-0.4,,25,2,true,true,true,false,false,false
https://dandiarchive.s3.amazonaws.com/blobs/932/2b8/9322b892-db03-4e77-a1cd-e428cff1307b,615564,reward_withdrawal,1,-1.0,1.0,true,go,0.8888888888888888,0.47172999999997955,9,8,0.6,0.5293950000000223,10,6,0.4444444444444444,0.5547700000000191,9,4,0.7,0.6464899999999716,10,7,0.28888888888888886,-0.25555555555555554,0.05766500000004271,0.0917199999999525,19,19,14,11,0.5444444444444444,-0.034054999999909796,38,25,true,true,true,true,true,true
https://dandiarchive.s3.amazonaws.com/blobs/932/2b8/9322b892-db03-4e77-a1cd-e428cff1307b,615564,reward_withdrawal,1,-1.0,1.0,true,go_minus_catch,,,,,,,,,,,,,,,,,0.28888888888888886,-0.6555555555555556,,,31,32,0,0,0.9444444444444444,,63,0,true,true,true,false,false,false
https://dandiarchive.s3.amazonaws.com/blobs/932/2b8/9322b892-db03-4e77-a1cd-e428cff1307b,615564,reward_restoration,2,1.0,-1.0,true,catch,0.0,,5,0,0.25,0.34576000000015483,4,1,0.3333333333333333,0.3886499999999842,6,2,0.0,,4,0,0.25,-0.3333333333333333,,,9,10,1,2,0.5833333333333333,,19,3,true,true,true,false,false,false
https://dandiarchive.s3.amazonaws.com/blobs/932/2b8/9322b892-db03-4e77-a1cd-e428cff1307b,615564,reward_restoration,2,1.0,-1.0,true,go,0.375,0.4459900000001653,8,3,0.8,0.5132350000001225,5,4,0.3333333333333333,0.39566499999989446,6,2,0.3333333333333333,0.46234000000004016,6,2,0.42500000000000004,0.0,-0.06724499999995714,-0.0666750000001457,13,12,7,4,0.42500000000000004,-0.0005699999998114436,25,11,true,true,true,true,true,true
https://dandiarchive.s3.amazonaws.com/blobs/932/2b8/9322b892-db03-4e77-a1cd-e428cff1307b,615564,reward_restoration,2,1.0,-1.0,true,go_minus_catch,,,,,,,,,,,,,,,,,0.17500000000000004,0.3333333333333333,,,22,22,0,0,-0.15833333333333321,,44,0,true,true,true,false,false,false
https://dandiarchive.s3.amazonaws.com/blobs/404/f88/404f882a-02c3-400f-b4d6-61772802d386,623319,reward_withdrawal,1,-1.0,1.0,true,catch,0.0,,2,0,0.2,0.42939000000001215,5,1,0.5,0.3123449999999366,4,2,1.0,0.34576999999995905,2,2,-0.2,-0.5,,0.033425000000022465,7,6,1,4,0.3,,13,5,true,true,true,false,true,false
https://dandiarchive.s3.amazonaws.com/blobs/404/f88/404f882a-02c3-400f-b4d6-61772802d386,623319,reward_withdrawal,1,-1.0,1.0,true,go,1.0,0.3380299999998897,6,6,1.0,0.38726999999994405,6,6,0.75,0.37976000000003296,4,3,1.0,0.34868999999991956,3,3,-0.0,-0.25,0.04924000000005435,-0.031070000000113396,12,7,12,6,0.25,0.08031000000016775,19,18,true,true,true,true,true,true
https://dandiarchive.s3.amazonaws.com/blobs/404/f88/404f882a-02c3-400f-b4d6-61772802d386,623319,reward_withdrawal,1,-1.0,1.0,true,go_minus_catch,,,,,,,,,,,,,,,,,0.2,0.25,,,19,13,0,0,-0.04999999999999999,,32,0,true,true,true,false,false,false
https://dandiarchive.s3.amazonaws.com/blobs/404/f88/404f882a-02c3-400f-b4d6-61772802d386,623319,reward_restoration,2,1.0,-1.0,true,catch,0.0,,10,0,0.0,,3,0,0.0,,7,0,0.0,,8,0,0.0,0.0,,,13,15,0,0,0.0,,28,0,true,true,true,false,false,false
https://dandiarchive.s3.amazonaws.com/blobs/404/f88/404f882a-02c3-400f-b4d6-61772802d386,623319,reward_restoration,2,1.0,-1.0,true,go,0.2,0.445884999999862,10,2,0.8,0.3217899999999645,5,4,0.16666666666666666,0.3636099999999942,12,2,0.25,0.4123699999997825,12,3,0.6000000000000001,0.08333333333333334,0.12409499999989748,-0.048759999999788306,15,24,6,5,0.5166666666666667,0.1728549999996858,39,11,true,true,true,true,true,true
https://dandiarchive.s3.amazonaws.com/blobs/404/f88/404f882a-02c3-400f-b4d6-61772802d386,623319,reward_restoration,2,1.0,-1.0,true,go_minus_catch,,,,,,,,,,,,,,,,,0.6000000000000001,0.08333333333333334,,,28,39,0,0,0.5166666666666667,,67,0,true,true,true,false,false,false
https://dandiarchive.s3.amazonaws.com/blobs/957/44e/95744e7f-8578-44a4-99fe-df9cdaf362fe,623319,reward_withdrawal,1,-1.0,1.0,true,catch,0.5,0.480419999999981,2,1,0.2,0.3291799999999512,5,1,0.0,,5,0,0.25,0.3789399999999432,4,1,0.3,-0.25,-0.1512400000000298,,7,9,2,1,0.55,,16,3,true,true,true,true,false,false
https://dandiarchive.s3.amazonaws.com/blobs/957/44e/95744e7f-8578-44a4-99fe-df9cdaf362fe,623319,reward_withdrawal,1,-1.0,1.0,true,go,0.8,0.32148499999993874,5,4,0.75,0.36225999999987835,4,3,0.8333333333333334,0.3299400000000219,6,5,0.8,0.31277000000000044,5,4,0.050000000000000044,0.033333333333333326,0.04077499999993961,-0.017170000000021446,9,11,7,9,0.01666666666666672,0.057944999999961055,20,16,true,true,true,true,true,true
https://dandiarchive.s3.amazonaws.com/blobs/957/44e/95744e7f-8578-44a4-99fe-df9cdaf362fe,623319,reward_withdrawal,1,-1.0,1.0,true,go_minus_catch,,,,,,,,,,,,,,,,,-0.24999999999999994,0.2833333333333333,,,16,20,0,0,-0.5333333333333333,,36,0,true,true,true,false,false,false
https://dandiarchive.s3.amazonaws.com/blobs/957/44e/95744e7f-8578-44a4-99fe-df9cdaf362fe,623319,reward_restoration,2,1.0,-1.0,true,catch,0.0,,8,0,0.0,,3,0,0.14285714285714285,0.4462399999997615,7,1,0.0,,6,0,0.0,-0.14285714285714285,,,11,13,0,1,0.14285714285714285,,24,1,true,true,true,false,false,false
https://dandiarchive.s3.amazonaws.com/blobs/957/44e/95744e7f-8578-44a4-99fe-df9cdaf362fe,623319,reward_restoration,2,1.0,-1.0,true,go,0.18181818181818182,0.49591499999996813,11,2,0.6,0.34609999999975116,5,3,0.0,,13,0,0.3,0.4126499999999851,10,3,0.41818181818181815,0.3,0.14981500000021697,,16,23,5,3,0.11818181818181817,,39,8,true,true,true,true,false,false
https://dandiarchive.s3.amazonaws.com/blobs/957/44e/95744e7f-8578-44a4-99fe-df9cdaf362fe,623319,reward_restoration,2,1.0,-1.0,true,go_minus_catch,,,,,,,,,,,,,,,,,0.41818181818181815,0.44285714285714284,,,27,36,0,0,-0.024675324675324684,,63,0,true,true,true,false,false,false
https://dandiarchive.s3.amazonaws.com/blobs/9ae/cb7/9aecb778-a5a0-4554-8b06-3af01005fea5,623319,reward_withdrawal,1,-1.0,1.0,true,catch,0.5,0.5627700000000004,4,2,0.0,,3,0,0.2,0.7462300000000255,5,1,0.5,0.3207299999999691,4,2,0.5,-0.3,,-0.4255000000000564,7,9,2,3,0.8,,16,5,true,true,true,false,true,false
https://dandiarchive.s3.amazonaws.com/blobs/9ae/cb7/9aecb778-a5a0-4554-8b06-3af01005fea5,623319,reward_withdrawal,1,-1.0,1.0,true,go,0.8571428571428571,0.3630649999999491,7,6,0.5,0.40424499999994623,8,4,0.8,0.37969000000003916,5,4,0.8333333333333334,0.3794199999999819,6,5,0.3571428571428571,-0.033333333333333326,0.04117999999999711,-0.00027000000005728,15,11,10,9,0.3904761904761904,0.04145000000005439,26,19,true,true,true,true,true,true
https://dandiarchive.s3.amazonaws.com/blobs/9ae/cb7/9aecb778-a5a0-4554-8b06-3af01005fea5,623319,reward_withdrawal,1,-1.0,1.0,true,go_minus_catch,,,,,,,,,,,,,,,,,-0.1428571428571429,0.26666666666666666,,,22,20,0,0,-0.4095238095238096,,42,0,true,true,true,false,false,false
https://dandiarchive.s3.amazonaws.com/blobs/9ae/cb7/9aecb778-a5a0-4554-8b06-3af01005fea5,623319,reward_restoration,2,1.0,-1.0,true,catch,0.0,,5,0,0.0,,5,0,0.0,,7,0,0.0,,7,0,0.0,0.0,,,10,14,0,0,0.0,,24,0,true,true,true,false,false,false
https://dandiarchive.s3.amazonaws.com/blobs/9ae/cb7/9aecb778-a5a0-4554-8b06-3af01005fea5,623319,reward_restoration,2,1.0,-1.0,true,go,0.07142857142857142,0.44602000000031694,14,1,1.0,0.38851999999997133,6,6,0.15384615384615385,0.42897999999991043,13,2,0.08333333333333333,0.4119799999998577,12,1,0.9285714285714286,-0.07051282051282053,0.05750000000034561,0.01700000000005275,20,25,7,3,0.9990842490842491,0.04050000000029286,45,10,true,true,true,true,true,true
https://dandiarchive.s3.amazonaws.com/blobs/9ae/cb7/9aecb778-a5a0-4554-8b06-3af01005fea5,623319,reward_restoration,2,1.0,-1.0,true,go_minus_catch,,,,,,,,,,,,,,,,,0.9285714285714286,-0.07051282051282053,,,30,39,0,0,0.9990842490842491,,69,0,true,true,true,false,false,false
https://dandiarchive.s3.amazonaws.com/blobs/3d6/dc4/3d6dc44c-8001-467b-be23-96ba4b22da97,623322,reward_withdrawal,1,-1.0,1.0,true,catch,0.0,,6,0,0.0,,4,0,0.0,,5,0,0.0,,7,0,-0.0,-0.0,,,10,12,0,0,0.0,,22,0,true,true,true,false,false,false
https://dandiarchive.s3.amazonaws.com/blobs/3d6/dc4/3d6dc44c-8001-467b-be23-96ba4b22da97,623322,reward_withdrawal,1,-1.0,1.0,true,go,0.2857142857142857,0.621864999999957,7,2,0.3333333333333333,0.653925000000072,6,2,0.8,0.4800649999999962,10,8,0.3,0.5301000000000613,10,3,-0.047619047619047616,0.5,0.032060000000114997,0.05003500000006511,13,20,4,11,-0.5476190476190477,-0.017974999999950114,33,15,true,true,true,true,true,true
https://dandiarchive.s3.amazonaws.com/blobs/3d6/dc4/3d6dc44c-8001-467b-be23-96ba4b22da97,623322,reward_withdrawal,1,-1.0,1.0,true,go_minus_catch,,,,,,,,,,,,,,,,,-0.047619047619047616,0.5,,,23,32,0,0,-0.5476190476190477,,55,0,true,true,true,false,false,false
https://dandiarchive.s3.amazonaws.com/blobs/3d6/dc4/3d6dc44c-8001-467b-be23-96ba4b22da97,623322,reward_restoration,2,1.0,-1.0,true,catch,0.0,,6,0,0.0,,5,0,0.0,,7,0,0.0,,4,0,0.0,0.0,,,11,11,0,0,0.0,,22,0,true,true,true,false,false,false
https://dandiarchive.s3.amazonaws.com/blobs/3d6/dc4/3d6dc44c-8001-467b-be23-96ba4b22da97,623322,reward_restoration,2,1.0,-1.0,true,go,0.09090909090909091,0.6125600000000304,11,1,0.8181818181818182,0.5308099999997467,11,9,0.5,0.7128349999998136,12,6,0.2,0.6976699999997891,15,3,0.7272727272727273,-0.3,0.08175000000028376,0.01516500000002452,22,27,10,9,1.0272727272727273,0.06658500000025924,49,19,true,true,true,true,true,true
https://dandiarchive.s3.amazonaws.com/blobs/3d6/dc4/3d6dc44c-8001-467b-be23-96ba4b22da97,623322,reward_restoration,2,1.0,-1.0,true,go_minus_catch,,,,,,,,,,,,,,,,,0.7272727272727273,-0.3,,,33,38,0,0,1.0272727272727273,,71,0,true,true,true,false,false,false
https://dandiarchive.s3.amazonaws.com/blobs/5d9/4f7/5d94f7f7-daa2-4d2d-93a5-1bd2bc02e141,623322,reward_withdrawal,1,-1.0,1.0,true,catch,0.0,,5,0,0.14285714285714285,0.5294499999999971,7,1,0.0,,6,0,0.0,,5,0,-0.14285714285714285,-0.0,,,12,11,1,0,-0.14285714285714285,,23,1,true,true,true,false,false,false
https://dandiarchive.s3.amazonaws.com/blobs/5d9/4f7/5d94f7f7-daa2-4d2d-93a5-1bd2bc02e141,623322,reward_withdrawal,1,-1.0,1.0,true,go,1.0,0.4972900000000209,11,11,0.5,0.5465699999999742,10,5,0.7777777777777778,0.5298999999999978,9,7,1.0,0.49640499999998156,8,8,0.5,-0.2222222222222222,0.04927999999995336,-0.03349500000001626,21,17,16,15,0.7222222222222222,0.08277499999996962,38,31,true,true,true,true,true,true
https://dandiarchive.s3.amazonaws.com/blobs/5d9/4f7/5d94f7f7-daa2-4d2d-93a5-1bd2bc02e141,623322,reward_withdrawal,1,-1.0,1.0,true,go_minus_catch,,,,,,,,,,,,,,,,,0.6428571428571428,-0.2222222222222222,,,33,28,0,0,0.8650793650793651,,61,0,true,true,true,false,false,false
https://dandiarchive.s3.amazonaws.com/blobs/5d9/4f7/5d94f7f7-daa2-4d2d-93a5-1bd2bc02e141,623322,reward_restoration,2,1.0,-1.0,true,catch,0.0,,7,0,0.0,,4,0,0.0,,1,0,0.375,0.7297699999999168,8,3,0.0,0.375,,,11,9,0,3,-0.375,,20,3,true,true,true,false,false,false
https://dandiarchive.s3.amazonaws.com/blobs/5d9/4f7/5d94f7f7-daa2-4d2d-93a5-1bd2bc02e141,623322,reward_restoration,2,1.0,-1.0,true,go,0.0,,8,0,0.875,0.5462699999998222,8,7,0.6,0.44570999999996275,5,3,0.2857142857142857,0.4874200000000428,7,2,0.875,-0.3142857142857143,,-0.04171000000008007,16,12,7,5,1.1892857142857143,,28,12,true,true,true,false,true,false
https://dandiarchive.s3.amazonaws.com/blobs/5d9/4f7/5d94f7f7-daa2-4d2d-93a5-1bd2bc02e141,623322,reward_restoration,2,1.0,-1.0,true,go_minus_catch,,,,,,,,,,,,,,,,,0.875,-0.6892857142857143,,,27,21,0,0,1.5642857142857143,,48,0,true,true,true,false,false,false
https://dandiarchive.s3.amazonaws.com/blobs/8b5/9fb/8b59fb00-5a25-456c-a6b8-abbb37b67e36,623322,reward_withdrawal,1,-1.0,1.0,true,catch,0.2,0.629509999999982,5,1,0.0,,7,0,0.0,,7,0,0.0,,5,0,0.2,-0.0,,,12,12,1,0,0.2,,24,1,true,true,true,false,false,false
https://dandiarchive.s3.amazonaws.com/blobs/8b5/9fb/8b59fb00-5a25-456c-a6b8-abbb37b67e36,623322,reward_withdrawal,1,-1.0,1.0,true,go,0.45454545454545453,0.6302699999998822,11,5,0.15384615384615385,0.6544649999999592,13,2,0.4166666666666667,0.5810900000000174,12,5,0.36363636363636365,0.6385549999999398,11,4,0.3006993006993007,0.05303030303030304,0.024195000000077016,0.057464999999922384,24,23,7,9,0.24766899766899764,-0.03326999999984537,47,16,true,true,true,true,true,true
https://dandiarchive.s3.amazonaws.com/blobs/8b5/9fb/8b59fb00-5a25-456c-a6b8-abbb37b67e36,623322,reward_withdrawal,1,-1.0,1.0,true,go_minus_catch,,,,,,,,,,,,,,,,,0.10069930069930066,0.05303030303030304,,,36,35,0,0,0.047668997668997626,,71,0,true,true,true,false,false,false
https://dandiarchive.s3.amazonaws.com/blobs/8b5/9fb/8b59fb00-5a25-456c-a6b8-abbb37b67e36,623322,reward_restoration,2,1.0,-1.0,true,catch,0.3333333333333333,0.39589999999998327,6,2,0.0,,5,0,0.14285714285714285,0.24606999999991785,7,1,0.2,0.6631600000000617,5,1,-0.3333333333333333,0.05714285714285716,,-0.41709000000014385,11,12,2,2,-0.3904761904761905,,23,4,true,true,true,false,true,false
https://dandiarchive.s3.amazonaws.com/blobs/8b5/9fb/8b59fb00-5a25-456c-a6b8-abbb37b67e36,623322,reward_restoration,2,1.0,-1.0,true,go,0.6,0.4789600000003702,5,3,0.8,0.5216049999999086,10,8,0.3333333333333333,0.4874250000000302,12,4,0.125,0.4816899999998441,8,1,0.20000000000000007,-0.20833333333333331,-0.04264499999953841,0.005735000000186119,15,20,11,5,0.4083333333333334,-0.04837999999972453,35,16,true,true,true,true,true,true
https://dandiarchive.s3.amazonaws.com/blobs/8b5/9fb/8b59fb00-5a25-456c-a6b8-abbb37b67e36,623322,reward_restoration,2,1.0,-1.0,true,go_minus_catch,,,,,,,,,,,,,,,,,0.5333333333333334,-0.2654761904761905,,,26,32,0,0,0.7988095238095239,,58,0,true,true,true,false,false,false
https://dandiarchive.s3.amazonaws.com/blobs/d0e/7e5/d0e7e549-f015-47fe-baa5-db8170c52771,623322,reward_withdrawal,1,-1.0,1.0,true,catch,0.0,,2,0,0.0,,10,0,0.0,,8,0,0.2,0.5816299999999046,5,1,-0.0,-0.2,,,12,13,0,1,0.2,,25,1,true,true,true,false,false,false
https://dandiarchive.s3.amazonaws.com/blobs/d0e/7e5/d0e7e549-f015-47fe-baa5-db8170c52771,623322,reward_withdrawal,1,-1.0,1.0,true,go,0.8181818181818182,0.5665599999999813,11,9,0.5555555555555556,0.635530000000017,9,5,0.8181818181818182,0.447840000000042,11,9,1.0,0.4841000000000122,9,9,0.26262626262626265,-0.18181818181818177,0.06897000000003572,0.036259999999970205,20,20,14,18,0.4444444444444444,0.03271000000006552,40,32,true,true,true,true,true,true
https://dandiarchive.s3.amazonaws.com/blobs/d0e/7e5/d0e7e549-f015-47fe-baa5-db8170c52771,623322,reward_withdrawal,1,-1.0,1.0,true,go_minus_catch,,,,,,,,,,,,,,,,,0.26262626262626265,0.018181818181818243,,,32,33,0,0,0.2444444444444444,,65,0,true,true,true,false,false,false
https://dandiarchive.s3.amazonaws.com/blobs/d0e/7e5/d0e7e549-f015-47fe-baa5-db8170c52771,623322,reward_restoration,2,1.0,-1.0,true,catch,0.0,,8,0,0.3333333333333333,0.2312699999997676,3,1,0.0,,5,0,0.0,,6,0,0.3333333333333333,0.0,,,11,11,1,0,0.3333333333333333,,22,1,true,true,true,false,false,false
https://dandiarchive.s3.amazonaws.com/blobs/d0e/7e5/d0e7e549-f015-47fe-baa5-db8170c52771,623322,reward_restoration,2,1.0,-1.0,true,go,0.0,,13,0,0.8,0.45069999999986976,10,8,0.1,0.636299999999892,10,1,0.2857142857142857,0.6267799999999397,7,2,0.8,0.1857142857142857,,0.009519999999952233,23,17,8,3,0.6142857142857143,,40,11,true,true,true,false,true,false
https://dandiarchive.s3.amazonaws.com/blobs/d0e/7e5/d0e7e549-f015-47fe-baa5-db8170c52771,623322,reward_restoration,2,1.0,-1.0,true,go_minus_catch,,,,,,,,,,,,,,,,,0.46666666666666673,0.1857142857142857,,,34,28,0,0,0.280952380952381,,62,0,true,true,true,false,false,false
https://dandiarchive.s3.amazonaws.com/blobs/1bd/46d/1bd46d10-cc18-492e-86d4-27213cbfba1c,623784,reward_withdrawal,1,-1.0,1.0,true,catch,0.3333333333333333,0.3038149999999291,6,2,0.3333333333333333,0.32928999999990083,3,1,0.0,,6,0,0.3333333333333333,0.2956699999999728,3,1,-0.0,-0.3333333333333333,0.025474999999971715,,9,9,3,1,0.3333333333333333,,18,4,true,true,true,true,false,false
https://dandiarchive.s3.amazonaws.com/blobs/1bd/46d/1bd46d10-cc18-492e-86d4-27213cbfba1c,623784,reward_withdrawal,1,-1.0,1.0,true,go,1.0,0.3638300000000072,7,7,0.8333333333333334,0.37932999999998174,6,5,1.0,0.346650000000011,7,7,0.625,0.346149999999966,8,5,0.16666666666666663,0.375,0.015499999999974534,-0.00050000000004502,13,15,12,12,-0.20833333333333337,0.016000000000019554,28,24,true,true,true,true,true,true
https://dandiarchive.s3.amazonaws.com/blobs/1bd/46d/1bd46d10-cc18-492e-86d4-27213cbfba1c,623784,reward_withdrawal,1,-1.0,1.0,true,go_minus_catch,,,,,,,,,,,,,,,,,0.16666666666666663,0.7083333333333333,,,22,24,0,0,-0.5416666666666667,,46,0,true,true,true,false,false,false
https://dandiarchive.s3.amazonaws.com/blobs/1bd/46d/1bd46d10-cc18-492e-86d4-27213cbfba1c,623784,reward_restoration,2,1.0,-1.0,true,catch,0.16666666666666666,0.2622699999997167,6,1,0.0,,2,0,0.0,,7,0,0.0,,6,0,-0.16666666666666666,0.0,,,8,13,1,0,-0.16666666666666666,,21,1,true,true,true,false,false,false
https://dandiarchive.s3.amazonaws.com/blobs/1bd/46d/1bd46d10-cc18-492e-86d4-27213cbfba1c,623784,reward_restoration,2,1.0,-1.0,true,go,0.09090909090909091,0.4456399999999121,11,1,0.6,0.31323999999995067,5,3,0.25,0.42859999999996035,12,3,0.2,0.41346499999997377,10,2,0.509090909090909,-0.04999999999999999,0.13239999999996144,0.015134999999986576,16,22,4,5,0.5590909090909091,0.11726499999997486,38,9,true,true,true,true,true,true
https://dandiarchive.s3.amazonaws.com/blobs/1bd/46d/1bd46d10-cc18-492e-86d4-27213cbfba1c,623784,reward_restoration,2,1.0,-1.0,true,go_minus_catch,,,,,,,,,,,,,,,,,0.6757575757575757,-0.04999999999999999,,,24,35,0,0,0.7257575757575757,,59,0,true,true,true,false,false,false
https://dandiarchive.s3.amazonaws.com/blobs/912/b96/912b96b6-4caa-42bf-9a1c-9cdb604bda77,623784,reward_withdrawal,1,-1.0,1.0,true,catch,0.0,,2,0,0.14285714285714285,0.379320000000007,7,1,0.6,0.34534999999999627,5,3,0.2,0.37931000000003223,5,1,-0.14285714285714285,0.39999999999999997,,0.03396000000003596,9,10,1,4,-0.5428571428571428,,19,5,true,true,true,false,true,false
https://dandiarchive.s3.amazonaws.com/blobs/912/b96/912b96b6-4caa-42bf-9a1c-9cdb604bda77,623784,reward_withdrawal,1,-1.0,1.0,true,go,1.0,0.3298700000000281,5,5,0.8333333333333334,0.41226000000006024,6,5,0.8333333333333334,0.4128000000000043,6,5,0.8888888888888888,0.3798900000000458,9,8,0.16666666666666663,-0.05555555555555547,0.08239000000003216,-0.03290999999995847,11,15,10,13,0.2222222222222221,0.11529999999999063,26,23,true,true,true,true,true,true
https://dandiarchive.s3.amazonaws.com/blobs/912/b96/912b96b6-4caa-42bf-9a1c-9cdb604bda77,623784,reward_withdrawal,1,-1.0,1.0,true,go_minus_catch,,,,,,,,,,,,,,,,,0.3095238095238095,-0.45555555555555544,,,20,25,0,0,0.7650793650793649,,45,0,true,true,true,false,false,false
https://dandiarchive.s3.amazonaws.com/blobs/912/b96/912b96b6-4caa-42bf-9a1c-9cdb604bda77,623784,reward_restoration,2,1.0,-1.0,true,catch,0.2,0.5622399999997469,5,1,0.5,0.7292300000003706,2,1,0.0,,3,0,0.0,,6,0,0.3,0.0,-0.1669900000006237,,7,9,2,0,0.3,,16,2,true,true,true,true,false,false
https://dandiarchive.s3.amazonaws.com/blobs/912/b96/912b96b6-4caa-42bf-9a1c-9cdb604bda77,623784,reward_restoration,2,1.0,-1.0,true,go,0.1,0.628990000000158,10,1,0.7142857142857143,0.32967999999982567,7,5,0.7272727272727273,0.5288600000000088,11,8,0.375,0.46309999999994034,8,3,0.6142857142857143,-0.3522727272727273,0.29931000000033237,0.06576000000006843,17,19,6,11,0.9665584415584416,0.23355000000026394,36,17,true,true,true,true,true,true
https://dandiarchive.s3.amazonaws.com/blobs/912/b96/912b96b6-4caa-42bf-9a1c-9cdb604bda77,623784,reward_restoration,2,1.0,-1.0,true,go_minus_catch,,,,,,,,,,,,,,,,,0.31428571428571433,-0.3522727272727273,,,24,28,0,0,0.6665584415584416,,52,0,true,true,true,false,false,false
https://dandiarchive.s3.amazonaws.com/blobs/9a4/25c/9a425c2d-dc68-407e-8c40-52922bc1fea9,623784,reward_withdrawal,1,-1.0,1.0,true,catch,0.0,,6,0,0.2857142857142857,0.3795000000000073,7,2,0.2,0.3625600000000304,5,1,1.0,0.2291499999998905,3,3,-0.2857142857142857,-0.8,,-0.13341000000013992,13,8,2,4,0.5142857142857143,,21,6,true,true,true,false,true,false
https://dandiarchive.s3.amazonaws.com/blobs/9a4/25c/9a425c2d-dc68-407e-8c40-52922bc1fea9,623784,reward_withdrawal,1,-1.0,1.0,true,go,0.42857142857142855,0.44651999999996406,7,3,0.5833333333333334,0.4149499999998625,12,7,1.0,0.36323999999999046,6,6,0.8333333333333334,0.3468199999999797,6,5,-0.15476190476190482,0.16666666666666663,-0.03157000000010157,-0.01642000000001076,19,12,10,11,-0.32142857142857145,-0.015150000000090813,31,21,true,true,true,true,true,true
https://dandiarchive.s3.amazonaws.com/blobs/9a4/25c/9a425c2d-dc68-407e-8c40-52922bc1fea9,623784,reward_withdrawal,1,-1.0,1.0,true,go_minus_catch,,,,,,,,,,,,,,,,,0.13095238095238088,0.9666666666666667,,,32,20,0,0,-0.8357142857142859,,52,0,true,true,true,false,false,false
https://dandiarchive.s3.amazonaws.com/blobs/9a4/25c/9a425c2d-dc68-407e-8c40-52922bc1fea9,623784,reward_restoration,2,1.0,-1.0,true,catch,1.0,0.47080000000005384,2,2,0.0,,3,0,0.0,,5,0,0.5,0.5795399999999518,2,1,-1.0,0.5,,,5,7,2,1,-1.5,,12,3,true,true,true,false,false,false
https://dandiarchive.s3.amazonaws.com/blobs/9a4/25c/9a425c2d-dc68-407e-8c40-52922bc1fea9,623784,reward_restoration,2,1.0,-1.0,true,go,0.2,0.5958599999999024,5,1,0.8571428571428571,0.37168500000007043,7,6,0.16666666666666666,0.5959900000000289,6,1,0.14285714285714285,0.729910000000018,7,1,0.657142857142857,-0.023809523809523808,0.22417499999983193,-0.13391999999998916,12,13,7,2,0.6809523809523809,0.3580949999998211,25,9,true,true,true,true,true,true
https://dandiarchive.s3.amazonaws.com/blobs/9a4/25c/9a425c2d-dc68-407e-8c40-52922bc1fea9,623784,reward_restoration,2,1.0,-1.0,true,go_minus_catch,,,,,,,,,,,,,,,,,1.657142857142857,-0.5238095238095238,,,17,20,0,0,2.1809523809523808,,37,0,true,true,true,false,false,false
https://dandiarchive.s3.amazonaws.com/blobs/abc/f33/abcf33cb-a783-47f9-be38-2ffdc58b957c,623784,reward_withdrawal,1,-1.0,1.0,true,catch,0.2857142857142857,0.4374499999999557,7,2,0.0,,3,0,0.25,0.3457000000000221,4,1,0.5,0.4883350000000064,4,2,0.2857142857142857,-0.25,,0.1426349999999843,10,8,2,3,0.5357142857142857,,18,5,true,true,true,false,true,false
https://dandiarchive.s3.amazonaws.com/blobs/abc/f33/abcf33cb-a783-47f9-be38-2ffdc58b957c,623784,reward_withdrawal,1,-1.0,1.0,true,go,1.0,0.4132799999999861,4,4,0.8333333333333334,0.3630599999999049,6,5,1.0,0.34646000000000754,8,8,0.7142857142857143,0.36290999999994256,7,5,0.16666666666666663,0.2857142857142857,-0.0502200000000812,0.016449999999935017,10,15,9,13,-0.11904761904761907,-0.06667000000001622,25,22,true,true,true,true,true,true
https://dandiarchive.s3.amazonaws.com/blobs/abc/f33/abcf33cb-a783-47f9-be38-2ffdc58b957c,623784,reward_withdrawal,1,-1.0,1.0,true,go_minus_catch,,,,,,,,,,,,,,,,,-0.11904761904761907,0.5357142857142857,,,20,23,0,0,-0.6547619047619048,,43,0,true,true,true,false,false,false
https://dandiarchive.s3.amazonaws.com/blobs/abc/f33/abcf33cb-a783-47f9-be38-2ffdc58b957c,623784,reward_restoration,2,1.0,-1.0,true,catch,0.5,0.5376750000000357,4,2,0.3333333333333333,0.4209950000001754,6,2,0.0,,3,0,1.0,0.3625299999998788,1,1,-0.16666666666666669,1.0,0.11667999999986023,,10,4,4,1,-1.1666666666666667,,14,5,true,true,true,true,false,false
https://dandiarchive.s3.amazonaws.com/blobs/abc/f33/abcf33cb-a783-47f9-be38-2ffdc58b957c,623784,reward_restoration,2,1.0,-1.0,true,go,0.3333333333333333,0.39566999999988184,6,2,0.8333333333333334,0.41345000000001164,6,5,0.8333333333333334,0.4639300000001185,6,5,0.75,0.32900999999992564,4,3,0.5,-0.08333333333333337,-0.017780000000129803,0.13492000000019289,12,10,7,8,0.5833333333333334,-0.1527000000003227,22,15,true,true,true,true,true,true
https://dandiarchive.s3.amazonaws.com/blobs/abc/f33/abcf33cb-a783-47f9-be38-2ffdc58b957c,623784,reward_restoration,2,1.0,-1.0,true,go_minus_catch,,,,,,,,,,,,,,,,,0.6666666666666667,-1.0833333333333335,,,22,14,0,0,1.75,,36,0,true,true,true,false,false,false
https://dandiarchive.s3.amazonaws.com/blobs/1ac/392/1ac392f0-b27d-4d64-bd96-976288848e9a,623786,reward_withdrawal,1,-1.0,1.0,true,catch,0.16666666666666666,0.729759999999942,6,1,0.0,,5,0,0.0,,6,0,0.14285714285714285,0.530179999999973,7,1,0.16666666666666666,-0.14285714285714285,,,11,13,1,1,0.30952380952380953,,24,2,true,true,true,false,false,false
https://dandiarchive.s3.amazonaws.com/blobs/1ac/392/1ac392f0-b27d-4d64-bd96-976288848e9a,623786,reward_withdrawal,1,-1.0,1.0,true,go,0.8,0.4800449999999046,5,4,0.5833333333333334,0.5293200000000979,12,7,0.6666666666666666,0.49634500000001935,12,8,0.8888888888888888,0.4713649999999916,9,8,0.21666666666666667,-0.2222222222222222,0.04927500000019336,-0.024980000000027758,17,21,11,16,0.4388888888888889,0.07425500000022112,38,27,true,true,true,true,true,true
https://dandiarchive.s3.amazonaws.com/blobs/1ac/392/1ac392f0-b27d-4d64-bd96-976288848e9a,623786,reward_withdrawal,1,-1.0,1.0,true,go_minus_catch,,,,,,,,,,,,,,,,,0.05000000000000002,-0.07936507936507936,,,28,34,0,0,0.12936507936507935,,62,0,true,true,true,false,false,false
https://dandiarchive.s3.amazonaws.com/blobs/1ac/392/1ac392f0-b27d-4d64-bd96-976288848e9a,623786,reward_restoration,2,1.0,-1.0,true,catch,0.0,,1,0,0.0,,3,0,0.0,,1,0,0.0,,1,0,0.0,0.0,,,4,2,0,0,0.0,,6,0,true,true,true,false,false,false
https://dandiarchive.s3.amazonaws.com/blobs/1ac/392/1ac392f0-b27d-4d64-bd96-976288848e9a,623786,reward_restoration,2,1.0,-1.0,true,go,0.3333333333333333,0.329569999999876,3,1,0.6666666666666666,0.5131599999999708,3,2,0.0,,3,0,,,0,0,0.3333333333333333,,-0.18359000000009473,,6,3,3,0,,,9,3,true,false,false,true,false,false
https://dandiarchive.s3.amazonaws.com/blobs/1ac/392/1ac392f0-b27d-4d64-bd96-976288848e9a,623786,reward_restoration,2,1.0,-1.0,true,go_minus_catch,,,,,,,,,,,,,,,,,0.3333333333333333,,,,10,5,0,0,,,15,0,true,false,false,false,false,false
https://dandiarchive.s3.amazonaws.com/blobs/4d3/55e/4d355e88-34ef-43e9-ba82-b9496b312da3,623786,reward_withdrawal,1,-1.0,1.0,true,catch,0.0,,7,0,0.0,,4,0,0.0,,6,0,0.16666666666666666,0.7298499999999422,6,1,-0.0,-0.16666666666666666,,,11,12,0,1,0.16666666666666666,,23,1,true,true,true,false,false,false
https://dandiarchive.s3.amazonaws.com/blobs/4d3/55e/4d355e88-34ef-43e9-ba82-b9496b312da3,623786,reward_withdrawal,1,-1.0,1.0,true,go,0.875,0.5311299999999619,8,7,0.7272727272727273,0.5437749999999824,11,8,0.625,0.5299799999999095,8,5,0.4,0.5635049999999637,10,4,0.1477272727272727,0.22499999999999998,0.012645000000020445,0.033525000000054206,19,18,15,9,-0.07727272727272727,-0.02088000000003376,37,24,true,true,true,true,true,true
https://dandiarchive.s3.amazonaws.com/blobs/4d3/55e/4d355e88-34ef-43e9-ba82-b9496b312da3,623786,reward_withdrawal,1,-1.0,1.0,true,go_minus_catch,,,,,,,,,,,,,,,,,0.1477272727272727,0.3916666666666666,,,30,30,0,0,-0.24393939393939393,,60,0,true,true,true,false,false,false
https://dandiarchive.s3.amazonaws.com/blobs/4d3/55e/4d355e88-34ef-43e9-ba82-b9496b312da3,623786,reward_restoration,2,1.0,-1.0,true,catch,0.0,,8,0,0.0,,5,0,0.0,,7,0,0.0,,7,0,0.0,0.0,,,13,14,0,0,0.0,,27,0,true,true,true,false,false,false
https://dandiarchive.s3.amazonaws.com/blobs/4d3/55e/4d355e88-34ef-43e9-ba82-b9496b312da3,623786,reward_restoration,2,1.0,-1.0,true,go,0.0,,12,0,0.7142857142857143,0.5000299999996969,7,5,0.3333333333333333,0.6681999999999562,12,4,0.15384615384615385,0.6512149999999792,13,2,0.7142857142857143,-0.17948717948717946,,0.016984999999976935,19,25,5,6,0.8937728937728937,,44,11,true,true,true,false,true,false
https://dandiarchive.s3.amazonaws.com/blobs/4d3/55e/4d355e88-34ef-43e9-ba82-b9496b312da3,623786,reward_restoration,2,1.0,-1.0,true,go_minus_catch,,,,,,,,,,,,,,,,,0.7142857142857143,-0.17948717948717946,,,32,39,0,0,0.8937728937728937,,71,0,true,true,true,false,false,false
https://dandiarchive.s3.amazonaws.com/blobs/a3f/49c/a3f49c1c-0ca2-4e5b-8867-f27db4227228,623786,reward_withdrawal,1,-1.0,1.0,true,catch,0.0,,4,0,0.2,0.37875999999982923,5,1,0.16666666666666666,0.4625400000000468,6,1,0.2,0.5125500000000329,5,1,-0.2,-0.033333333333333354,,0.05000999999998612,9,11,1,2,-0.16666666666666666,,20,3,true,true,true,false,true,false
https://dandiarchive.s3.amazonaws.com/blobs/a3f/49c/a3f49c1c-0ca2-4e5b-8867-f27db4227228,623786,reward_withdrawal,1,-1.0,1.0,true,go,0.8888888888888888,0.46322499999990896,9,8,0.4444444444444444,0.4451049999998986,9,4,0.7142857142857143,0.4633099999999786,7,5,0.6666666666666666,0.48068499999999403,9,6,0.4444444444444444,0.04761904761904767,-0.01812000000001035,0.01737500000001546,18,16,12,11,0.39682539682539675,-0.03549500000002581,34,23,true,true,true,true,true,true
https://dandiarchive.s3.amazonaws.com/blobs/a3f/49c/a3f49c1c-0ca2-4e5b-8867-f27db4227228,623786,reward_withdrawal,1,-1.0,1.0,true,go_minus_catch,,,,,,,,,,,,,,,,,0.6444444444444444,0.08095238095238103,,,27,27,0,0,0.5634920634920634,,54,0,true,true,true,false,false,false
https://dandiarchive.s3.amazonaws.com/blobs/a3f/49c/a3f49c1c-0ca2-4e5b-8867-f27db4227228,623786,reward_restoration,2,1.0,-1.0,true,catch,0.0,,5,0,0.0,,3,0,0.14285714285714285,0.5293900000001486,7,1,0.0,,5,0,0.0,-0.14285714285714285,,,8,12,0,1,0.14285714285714285,,20,1,true,true,true,false,false,false
https://dandiarchive.s3.amazonaws.com/blobs/a3f/49c/a3f49c1c-0ca2-4e5b-8867-f27db4227228,623786,reward_restoration,2,1.0,-1.0,true,go,0.0,,8,0,0.5,0.4716849999999795,4,2,0.4,0.5882199999999784,10,4,0.2222222222222222,0.4460199999999759,9,2,0.5,-0.1777777777777778,,0.14220000000000255,12,19,2,6,0.6777777777777778,,31,8,true,true,true,false,true,false
https://dandiarchive.s3.amazonaws.com/blobs/a3f/49c/a3f49c1c-0ca2-4e5b-8867-f27db4227228,623786,reward_restoration,2,1.0,-1.0,true,go_minus_catch,,,,,,,,,,,,,,,,,0.5,-0.03492063492063496,,,20,31,0,0,0.534920634920635,,51,0,true,true,true,false,false,false
https://dandiarchive.s3.amazonaws.com/blobs/cd5/f63/cd5f6323-15e9-4c59-b36c-477c6daead5a,623786,reward_withdrawal,1,-1.0,1.0,true,catch,0.0,,8,0,0.0,,4,0,0.5,0.49677999999994427,2,1,0.0,,4,0,-0.0,0.5,,,12,6,0,1,-0.5,,18,1,true,true,true,false,false,false
https://dandiarchive.s3.amazonaws.com/blobs/cd5/f63/cd5f6323-15e9-4c59-b36c-477c6daead5a,623786,reward_withdrawal,1,-1.0,1.0,true,go,0.8333333333333334,0.4965399999999818,6,5,0.7,0.43029999999998836,10,7,0.8571428571428571,0.4382950000000392,7,6,0.8,0.46305000000000973,5,4,0.13333333333333341,0.05714285714285705,-0.06623999999999342,0.02475499999997055,16,12,12,10,0.07619047619047636,-0.09099499999996397,28,22,true,true,true,true,true,true
https://dandiarchive.s3.amazonaws.com/blobs/cd5/f63/cd5f6323-15e9-4c59-b36c-477c6daead5a,623786,reward_withdrawal,1,-1.0,1.0,true,go_minus_catch,,,,,,,,,,,,,,,,,0.13333333333333341,-0.44285714285714295,,,28,18,0,0,0.5761904761904764,,46,0,true,true,true,false,false,false
https://dandiarchive.s3.amazonaws.com/blobs/cd5/f63/cd5f6323-15e9-4c59-b36c-477c6daead5a,623786,reward_restoration,2,1.0,-1.0,true,catch,0.0,,4,0,0.3333333333333333,0.4961399999997411,3,1,0.14285714285714285,0.32955999999990127,7,1,0.0,,8,0,0.3333333333333333,-0.14285714285714285,,,7,15,1,1,0.47619047619047616,,22,2,true,true,true,false,false,false
https://dandiarchive.s3.amazonaws.com/blobs/cd5/f63/cd5f6323-15e9-4c59-b36c-477c6daead5a,623786,reward_restoration,2,1.0,-1.0,true,go,0.0,,9,0,1.0,0.4802499999996144,5,5,0.2,0.6461150000000089,10,2,0.18181818181818182,0.5791549999999006,11,2,1.0,-0.018181818181818188,,0.06696000000010827,14,21,5,4,1.018181818181818,,35,9,true,true,true,false,true,false
https://dandiarchive.s3.amazonaws.com/blobs/cd5/f63/cd5f6323-15e9-4c59-b36c-477c6daead5a,623786,reward_restoration,2,1.0,-1.0,true,go_minus_catch,,,,,,,,,,,,,,,,,0.6666666666666667,0.12467532467532466,,,21,36,0,0,0.5419913419913419,,57,0,true,true,true,false,false,false
https://dandiarchive.s3.amazonaws.com/blobs/4bd/cd2/4bdcd217-633c-4841-a9b1-208c117f5ea3,626279,reward_withdrawal,1,-1.0,1.0,true,catch,0.14285714285714285,0.4291800000000876,7,1,0.0,,4,0,0.0,,6,0,0.3333333333333333,0.4292199999999866,6,2,0.14285714285714285,-0.3333333333333333,,,11,12,1,2,0.47619047619047616,,23,3,true,true,true,false,false,false
https://dandiarchive.s3.amazonaws.com/blobs/4bd/cd2/4bdcd217-633c-4841-a9b1-208c117f5ea3,626279,reward_withdrawal,1,-1.0,1.0,true,go,0.6666666666666666,0.4802399999999807,9,6,0.46153846153846156,0.454309999999964,13,6,0.5833333333333334,0.44687999999996464,12,7,0.8571428571428571,0.4800749999999425,7,6,0.20512820512820507,-0.2738095238095237,-0.025930000000016662,0.03319499999997788,22,19,12,13,0.4789377289377288,-0.05912499999999454,41,25,true,true,true,true,true,true
https://dandiarchive.s3.amazonaws.com/blobs/4bd/cd2/4bdcd217-633c-4841-a9b1-208c117f5ea3,626279,reward_withdrawal,1,-1.0,1.0,true,go_minus_catch,,,,,,,,,,,,,,,,,0.062271062271062216,0.05952380952380959,,,33,31,0,0,0.0027472527472526265,,64,0,true,true,true,false,false,false
https://dandiarchive.s3.amazonaws.com/blobs/4bd/cd2/4bdcd217-633c-4841-a9b1-208c117f5ea3,626279,reward_restoration,2,1.0,-1.0,true,catch,0.0,,5,0,0.4,0.24559999999974025,5,2,0.2222222222222222,0.4879399999999805,9,2,0.14285714285714285,0.19495000000006257,7,1,0.4,-0.07936507936507936,,0.2929899999999179,10,16,2,3,0.4793650793650794,,26,5,true,true,true,false,true,false
https://dandiarchive.s3.amazonaws.com/blobs/4bd/cd2/4bdcd217-633c-4841-a9b1-208c117f5ea3,626279,reward_restoration,2,1.0,-1.0,true,go,0.15384615384615385,0.46279999999978827,13,2,0.6,0.48040999999966516,5,3,0.1111111111111111,0.4791900000000169,9,1,0.18181818181818182,0.6135999999999058,11,2,0.4461538461538461,0.07070707070707072,-0.01760999999987689,-0.1344099999998889,18,20,5,3,0.3754467754467754,0.116800000000012,38,8,true,true,true,true,true,true
https://dandiarchive.s3.amazonaws.com/blobs/4bd/cd2/4bdcd217-633c-4841-a9b1-208c117f5ea3,626279,reward_restoration,2,1.0,-1.0,true,go_minus_catch,,,,,,,,,,,,,,,,,0.0461538461538461,0.15007215007215008,,,28,36,0,0,-0.10391830391830398,,64,0,true,true,true,false,false,false
https://dandiarchive.s3.amazonaws.com/blobs/588/a20/588a202a-4fc5-4cc5-96cd-84a5cabd3756,626279,reward_withdrawal,1,-1.0,1.0,true,catch,0.0,,3,0,0.0,,9,0,0.0,,8,0,0.0,,6,0,-0.0,-0.0,,,12,14,0,0,0.0,,26,0,true,true,true,false,false,false
https://dandiarchive.s3.amazonaws.com/blobs/588/a20/588a202a-4fc5-4cc5-96cd-84a5cabd3756,626279,reward_withdrawal,1,-1.0,1.0,true,go,0.0,,12,0,0.0,,11,0,0.0,,9,0,0.0,,14,0,-0.0,-0.0,,,23,23,0,0,0.0,,46,0,true,true,true,false,false,false
https://dandiarchive.s3.amazonaws.com/blobs/588/a20/588a202a-4fc5-4cc5-96cd-84a5cabd3756,626279,reward_withdrawal,1,-1.0,1.0,true,go_minus_catch,,,,,,,,,,,,,,,,,0.0,0.0,,,35,37,0,0,0.0,,72,0,true,true,true,false,false,false
https://dandiarchive.s3.amazonaws.com/blobs/588/a20/588a202a-4fc5-4cc5-96cd-84a5cabd3756,626279,reward_restoration,2,1.0,-1.0,true,catch,0.0,,8,0,0.0,,6,0,0.0,,7,0,0.0,,8,0,0.0,0.0,,,14,15,0,0,0.0,,29,0,true,true,true,false,false,false
https://dandiarchive.s3.amazonaws.com/blobs/588/a20/588a202a-4fc5-4cc5-96cd-84a5cabd3756,626279,reward_restoration,2,1.0,-1.0,true,go,0.18181818181818182,0.6125049999998282,11,2,0.4,0.5381849999998849,5,2,0.08333333333333333,0.6119100000000799,12,1,0.0,,13,0,0.2181818181818182,-0.08333333333333333,0.07431999999994332,,16,25,4,1,0.3015151515151515,,41,5,true,true,true,true,false,false
https://dandiarchive.s3.amazonaws.com/blobs/588/a20/588a202a-4fc5-4cc5-96cd-84a5cabd3756,626279,reward_restoration,2,1.0,-1.0,true,go_minus_catch,,,,,,,,,,,,,,,,,0.2181818181818182,-0.08333333333333333,,,30,40,0,0,0.3015151515151515,,70,0,true,true,true,false,false,false
https://dandiarchive.s3.amazonaws.com/blobs/922/bef/922bef73-695d-4dd9-9d17-15fd387f5ee5,626279,reward_withdrawal,1,-1.0,1.0,true,catch,0.0,,6,0,0.16666666666666666,0.596290000000181,6,1,0.25,0.24574000000001206,4,1,1.0,0.39580000000000837,1,1,-0.16666666666666666,-0.75,,0.1500599999999963,12,5,1,2,0.5833333333333334,,17,3,true,true,true,false,true,false
https://dandiarchive.s3.amazonaws.com/blobs/922/bef/922bef73-695d-4dd9-9d17-15fd387f5ee5,626279,reward_withdrawal,1,-1.0,1.0,true,go,0.1,0.5304599999999482,10,1,0.1111111111111111,0.5794599999999264,9,1,0.5,0.3799300000000585,6,3,0.625,0.4799600000000055,8,5,-0.0111111111111111,-0.125,0.04899999999997817,0.100029999999947,19,14,2,8,0.1138888888888889,-0.05102999999996882,33,10,true,true,true,true,true,true
https://dandiarchive.s3.amazonaws.com/blobs/922/bef/922bef73-695d-4dd9-9d17-15fd387f5ee5,626279,reward_withdrawal,1,-1.0,1.0,true,go_minus_catch,,,,,,,,,,,,,,,,,0.15555555555555556,0.625,,,31,19,0,0,-0.46944444444444444,,50,0,true,true,true,false,false,false
https://dandiarchive.s3.amazonaws.com/blobs/922/bef/922bef73-695d-4dd9-9d17-15fd387f5ee5,626279,reward_restoration,2,1.0,-1.0,true,catch,0.0,,8,0,0.0,,1,0,0.0,,7,0,0.0,,6,0,0.0,0.0,,,9,13,0,0,0.0,,22,0,true,true,true,false,false,false
https://dandiarchive.s3.amazonaws.com/blobs/922/bef/922bef73-695d-4dd9-9d17-15fd387f5ee5,626279,reward_restoration,2,1.0,-1.0,true,go,0.07692307692307693,0.6290599999997539,13,1,0.5,0.5965899999998783,4,2,0.38461538461538464,0.5795499999999265,13,5,0.0,,14,0,0.4230769230769231,-0.38461538461538464,0.032469999999875654,,17,27,3,5,0.8076923076923077,,44,8,true,true,true,true,false,false
https://dandiarchive.s3.amazonaws.com/blobs/922/bef/922bef73-695d-4dd9-9d17-15fd387f5ee5,626279,reward_restoration,2,1.0,-1.0,true,go_minus_catch,,,,,,,,,,,,,,,,,0.4230769230769231,-0.38461538461538464,,,26,40,0,0,0.8076923076923077,,66,0,true,true,true,false,false,false
https://dandiarchive.s3.amazonaws.com/blobs/97c/539/97c5397d-8abf-4938-ab34-681220e26999,626279,reward_withdrawal,1,-1.0,1.0,true,catch,0.0,,7,0,0.0,,5,0,0.0,,5,0,0.0,,7,0,-0.0,-0.0,,,12,12,0,0,0.0,,24,0,true,true,true,false,false,false
https://dandiarchive.s3.amazonaws.com/blobs/97c/539/97c5397d-8abf-4938-ab34-681220e26999,626279,reward_withdrawal,1,-1.0,1.0,true,go,0.4444444444444444,0.44679999999993925,9,4,0.25,0.42911500000002434,8,2,0.7,0.37993999999991956,10,7,0.2857142857142857,0.42194499999993695,7,2,0.19444444444444442,0.41428571428571426,-0.017684999999914908,0.04200500000001739,17,17,6,9,-0.21984126984126984,-0.0596899999999323,34,15,true,true,true,true,true,true
https://dandiarchive.s3.amazonaws.com/blobs/97c/539/97c5397d-8abf-4938-ab34-681220e26999,626279,reward_withdrawal,1,-1.0,1.0,true,go_minus_catch,,,,,,,,,,,,,,,,,0.19444444444444442,0.41428571428571426,,,29,29,0,0,-0.21984126984126984,,58,0,true,true,true,false,false,false
https://dandiarchive.s3.amazonaws.com/blobs/97c/539/97c5397d-8abf-4938-ab34-681220e26999,626279,reward_restoration,2,1.0,-1.0,true,catch,0.0,,6,0,0.0,,7,0,0.0,,7,0,0.0,,6,0,0.0,0.0,,,13,13,0,0,0.0,,26,0,true,true,true,false,false,false
https://dandiarchive.s3.amazonaws.com/blobs/97c/539/97c5397d-8abf-4938-ab34-681220e26999,626279,reward_restoration,2,1.0,-1.0,true,go,0.0,,13,0,0.375,0.5299600000003011,8,3,0.21428571428571427,0.5624399999999241,14,3,0.0,,13,0,0.375,-0.21428571428571427,,,21,27,3,3,0.5892857142857143,,48,6,true,true,true,false,false,false
https://dandiarchive.s3.amazonaws.com/blobs/97c/539/97c5397d-8abf-4938-ab34-681220e26999,626279,reward_restoration,2,1.0,-1.0,true,go_minus_catch,,,,,,,,,,,,,,,,,0.375,-0.21428571428571427,,,34,40,0,0,0.5892857142857143,,74,0,true,true,true,false,false,false
https://dandiarchive.s3.amazonaws.com/blobs/17d/ce1/17dce1a6-9218-4477-a99a-980a2903ed1b,632295,reward_withdrawal,1,-1.0,1.0,true,catch,0.3333333333333333,0.5958599999999024,3,1,0.16666666666666666,0.4126099999998587,6,1,0.0,,4,0,0.2,0.4459400000000642,5,1,0.16666666666666666,-0.2,-0.18325000000004366,,9,9,2,1,0.3666666666666667,,18,3,true,true,true,true,false,false
https://dandiarchive.s3.amazonaws.com/blobs/17d/ce1/17dce1a6-9218-4477-a99a-980a2903ed1b,632295,reward_withdrawal,1,-1.0,1.0,true,go,0.8571428571428571,0.3967999999999847,7,6,0.8571428571428571,0.37081000000011954,7,6,1.0,0.38863500000013573,4,4,0.6666666666666666,0.413340000000062,6,4,-0.0,0.33333333333333337,-0.025989999999865177,0.024704999999926258,14,10,12,8,-0.33333333333333337,-0.050694999999791435,24,20,true,true,true,true,true,true
https://dandiarchive.s3.amazonaws.com/blobs/17d/ce1/17dce1a6-9218-4477-a99a-980a2903ed1b,632295,reward_withdrawal,1,-1.0,1.0,true,go_minus_catch,,,,,,,,,,,,,,,,,-0.16666666666666666,0.5333333333333334,,,23,19,0,0,-0.7000000000000001,,42,0,true,true,true,false,false,false
https://dandiarchive.s3.amazonaws.com/blobs/17d/ce1/17dce1a6-9218-4477-a99a-980a2903ed1b,632295,reward_restoration,2,1.0,-1.0,true,catch,0.0,,5,0,0.3333333333333333,0.3458700000001045,3,1,0.0,,6,0,0.0,,4,0,0.3333333333333333,0.0,,,8,10,1,0,0.3333333333333333,,18,1,true,true,true,false,false,false
https://dandiarchive.s3.amazonaws.com/blobs/17d/ce1/17dce1a6-9218-4477-a99a-980a2903ed1b,632295,reward_restoration,2,1.0,-1.0,true,go,0.0,,8,0,0.8888888888888888,0.3548799999998664,9,8,0.7777777777777778,0.41249999999990905,9,7,0.75,0.42079000000012456,8,6,0.8888888888888888,-0.02777777777777779,,-0.008290000000215514,17,17,8,13,0.9166666666666666,,34,21,true,true,true,false,true,false
https://dandiarchive.s3.amazonaws.com/blobs/17d/ce1/17dce1a6-9218-4477-a99a-980a2903ed1b,632295,reward_restoration,2,1.0,-1.0,true,go_minus_catch,,,,,,,,,,,,,,,,,0.5555555555555556,-0.02777777777777779,,,25,27,0,0,0.5833333333333333,,52,0,true,true,true,false,false,false
https://dandiarchive.s3.amazonaws.com/blobs/708/8bf/7088bfa9-4f4c-467d-acb3-e1ca622632db,632295,reward_withdrawal,1,-1.0,1.0,true,catch,0.8,0.30424500000026455,5,4,0.0,,4,0,0.25,0.629069999999956,4,1,0.0,,1,0,0.8,0.25,,,9,5,4,1,0.55,,14,5,true,true,true,false,false,false
https://dandiarchive.s3.amazonaws.com/blobs/708/8bf/7088bfa9-4f4c-467d-acb3-e1ca622632db,632295,reward_withdrawal,1,-1.0,1.0,true,go,0.6666666666666666,0.3381000000001677,3,2,0.5,0.3954199999998309,10,5,0.8181818181818182,0.34615999999982705,11,9,1.0,0.3131799999996474,5,5,0.16666666666666663,-0.18181818181818177,0.057319999999663196,-0.03298000000017964,13,16,7,14,0.3484848484848484,0.09029999999984284,29,21,true,true,true,true,true,true
https://dandiarchive.s3.amazonaws.com/blobs/708/8bf/7088bfa9-4f4c-467d-acb3-e1ca622632db,632295,reward_withdrawal,1,-1.0,1.0,true,go_minus_catch,,,,,,,,,,,,,,,,,-0.6333333333333334,-0.43181818181818177,,,22,21,0,0,-0.20151515151515165,,43,0,true,true,true,false,false,false
https://dandiarchive.s3.amazonaws.com/blobs/708/8bf/7088bfa9-4f4c-467d-acb3-e1ca622632db,632295,reward_restoration,2,1.0,-1.0,true,catch,0.0,,6,0,0.5,0.3127300000001014,2,1,0.0,,8,0,0.0,,5,0,0.5,0.0,,,8,13,1,0,0.5,,21,1,true,true,true,false,false,false
https://dandiarchive.s3.amazonaws.com/blobs/708/8bf/7088bfa9-4f4c-467d-acb3-e1ca622632db,632295,reward_restoration,2,1.0,-1.0,true,go,0.2727272727272727,0.49596999999994296,11,3,1.0,0.3715000000004238,6,6,0.5,0.4291000000000622,12,6,0.25,0.4137999999998101,16,4,0.7272727272727273,-0.25,0.12446999999951913,0.015300000000252112,17,28,9,10,0.9772727272727273,0.10916999999926702,45,19,true,true,true,true,true,true
https://dandiarchive.s3.amazonaws.com/blobs/708/8bf/7088bfa9-4f4c-467d-acb3-e1ca622632db,632295,reward_restoration,2,1.0,-1.0,true,go_minus_catch,,,,,,,,,,,,,,,,,0.2272727272727273,-0.25,,,25,41,0,0,0.4772727272727273,,66,0,true,true,true,false,false,false
https://dandiarchive.s3.amazonaws.com/blobs/8bb/124/8bb12481-57e1-4f9d-95f0-c2ec49f2e338,632295,reward_withdrawal,1,-1.0,1.0,true,catch,0.3333333333333333,0.2638999999999214,3,1,0.14285714285714285,0.4329899999997906,7,1,0.5,0.2562649999998712,4,2,0.0,,2,0,0.19047619047619047,0.5,0.16908999999986918,,10,6,2,2,-0.30952380952380953,,16,4,true,true,true,true,false,false
https://dandiarchive.s3.amazonaws.com/blobs/8bb/124/8bb12481-57e1-4f9d-95f0-c2ec49f2e338,632295,reward_withdrawal,1,-1.0,1.0,true,go,1.0,0.36684999999988577,6,6,0.6666666666666666,0.35217500000021573,9,6,0.8333333333333334,0.3670799999999872,6,5,0.2857142857142857,0.41675000000009277,7,2,0.33333333333333337,0.5476190476190477,-0.014674999999670035,0.049670000000105574,15,13,12,7,-0.2142857142857143,-0.06434499999977561,28,19,true,true,true,true,true,true
https://dandiarchive.s3.amazonaws.com/blobs/8bb/124/8bb12481-57e1-4f9d-95f0-c2ec49f2e338,632295,reward_withdrawal,1,-1.0,1.0,true,go_minus_catch,,,,,,,,,,,,,,,,,0.1428571428571429,0.04761904761904767,,,25,19,0,0,0.09523809523809523,,44,0,true,true,true,false,false,false
https://dandiarchive.s3.amazonaws.com/blobs/8bb/124/8bb12481-57e1-4f9d-95f0-c2ec49f2e338,632295,reward_restoration,2,1.0,-1.0,true,catch,0.125,0.3993300000001909,8,1,0.2,0.3646200000002864,5,1,0.2857142857142857,0.2992749999998523,7,2,0.0,,7,0,0.07500000000000001,-0.2857142857142857,0.03470999999990454,,13,14,2,2,0.3607142857142857,,27,4,true,true,true,true,false,false
https://dandiarchive.s3.amazonaws.com/blobs/8bb/124/8bb12481-57e1-4f9d-95f0-c2ec49f2e338,632295,reward_restoration,2,1.0,-1.0,true,go,0.08333333333333333,0.18571000000019922,12,1,0.8,0.3500550000003386,5,4,0.1,0.40156999999999243,10,1,0.0,,14,0,0.7166666666666667,-0.1,-0.1643450000001394,,17,24,5,1,0.8166666666666667,,41,6,true,true,true,true,false,false
https://dandiarchive.s3.amazonaws.com/blobs/8bb/124/8bb12481-57e1-4f9d-95f0-c2ec49f2e338,632295,reward_restoration,2,1.0,-1.0,true,go_minus_catch,,,,,,,,,,,,,,,,,0.6416666666666666,0.1857142857142857,,,30,38,0,0,0.45595238095238094,,68,0,true,true,true,false,false,false
https://dandiarchive.s3.amazonaws.com/blobs/db1/7c5/db17c503-6c6e-44c4-921f-4b0ddfa6dbdb,632295,reward_withdrawal,1,-1.0,1.0,true,catch,0.3333333333333333,0.29595000000017535,3,1,0.3333333333333333,0.295844999999872,6,2,0.0,,4,0,0.0,,2,0,-0.0,-0.0,-0.00010500000030333467,,9,6,3,0,0.0,,15,3,true,true,true,true,false,false
https://dandiarchive.s3.amazonaws.com/blobs/db1/7c5/db17c503-6c6e-44c4-921f-4b0ddfa6dbdb,632295,reward_withdrawal,1,-1.0,1.0,true,go,1.0,0.3051500000001397,6,6,0.7,0.3457199999998011,10,7,0.8571428571428571,0.3217250000000149,7,6,0.875,0.31298000000015236,8,7,0.30000000000000004,-0.017857142857142905,0.04056999999966138,-0.008744999999862557,16,15,13,13,0.31785714285714295,0.049314999999523934,31,26,true,true,true,true,true,true
https://dandiarchive.s3.amazonaws.com/blobs/db1/7c5/db17c503-6c6e-44c4-921f-4b0ddfa6dbdb,632295,reward_withdrawal,1,-1.0,1.0,true,go_minus_catch,,,,,,,,,,,,,,,,,0.30000000000000004,-0.017857142857142905,,,25,21,0,0,0.31785714285714295,,46,0,true,true,true,false,false,false
https://dandiarchive.s3.amazonaws.com/blobs/db1/7c5/db17c503-6c6e-44c4-921f-4b0ddfa6dbdb,632295,reward_restoration,2,1.0,-1.0,true,catch,0.0,,8,0,1.0,0.17879000000084488,1,1,0.0,,7,0,0.14285714285714285,0.3789799999999559,7,1,1.0,0.14285714285714285,,,9,14,1,1,0.8571428571428572,,23,2,true,true,true,false,false,false
https://dandiarchive.s3.amazonaws.com/blobs/db1/7c5/db17c503-6c6e-44c4-921f-4b0ddfa6dbdb,632295,reward_restoration,2,1.0,-1.0,true,go,0.08333333333333333,0.36213999999972657,12,1,0.6666666666666666,0.3966100000000097,3,2,0.5,0.41247999999995955,10,5,0.36363636363636365,0.40444000000002234,11,4,0.5833333333333333,-0.13636363636363635,-0.03447000000028311,0.008039999999937208,15,21,3,9,0.7196969696969696,-0.042510000000220316,36,12,true,true,true,true,true,true
https://dandiarchive.s3.amazonaws.com/blobs/db1/7c5/db17c503-6c6e-44c4-921f-4b0ddfa6dbdb,632295,reward_restoration,2,1.0,-1.0,true,go_minus_catch,,,,,,,,,,,,,,,,,-0.41666666666666674,-0.2792207792207792,,,24,35,0,0,-0.1374458874458876,,59,0,true,true,true,false,false,false
https://dandiarchive.s3.amazonaws.com/blobs/208/c19/208c19d2-d4b2-41a9-8568-e9ec9d6291a3,633232,reward_withdrawal,1,-1.0,1.0,true,catch,0.0,,4,0,0.0,,3,0,,,0,0,0.0,,3,0,-0.0,,,,7,3,0,0,,,10,0,true,false,false,false,false,false
https://dandiarchive.s3.amazonaws.com/blobs/208/c19/208c19d2-d4b2-41a9-8568-e9ec9d6291a3,633232,reward_withdrawal,1,-1.0,1.0,true,go,0.8333333333333334,0.513709999999719,6,5,0.6666666666666666,0.5123450000000958,6,4,1.0,0.5050249999999323,4,4,1.0,0.479904999999917,4,4,0.16666666666666674,-0.0,-0.001364999999623251,-0.025120000000015352,12,8,9,8,0.16666666666666674,0.0237550000003921,20,17,true,true,true,true,true,true
https://dandiarchive.s3.amazonaws.com/blobs/208/c19/208c19d2-d4b2-41a9-8568-e9ec9d6291a3,633232,reward_withdrawal,1,-1.0,1.0,true,go_minus_catch,,,,,,,,,,,,,,,,,0.16666666666666674,,,,19,11,0,0,,,30,0,true,false,false,false,false,false
https://dandiarchive.s3.amazonaws.com/blobs/208/c19/208c19d2-d4b2-41a9-8568-e9ec9d6291a3,633232,reward_restoration,2,1.0,-1.0,true,catch,0.0,,6,0,0.2,0.46252000000094995,5,1,0.25,0.5131500000002234,4,1,0.16666666666666666,0.328979999999774,6,1,0.2,-0.08333333333333334,,0.18417000000044936,11,10,1,2,0.2833333333333333,,21,3,true,true,true,false,true,false
https://dandiarchive.s3.amazonaws.com/blobs/208/c19/208c19d2-d4b2-41a9-8568-e9ec9d6291a3,633232,reward_restoration,2,1.0,-1.0,true,go,0.07692307692307693,0.6465200000002369,13,1,0.6,0.64716000000044,5,3,0.5,0.5216750000001866,8,4,0.2727272727272727,0.479059999999663,11,3,0.523076923076923,-0.2272727272727273,-0.0006400000002031447,0.04261500000052365,18,19,4,7,0.7503496503496503,-0.043255000000726795,37,11,true,true,true,true,true,true
https://dandiarchive.s3.amazonaws.com/blobs/208/c19/208c19d2-d4b2-41a9-8568-e9ec9d6291a3,633232,reward_restoration,2,1.0,-1.0,true,go_minus_catch,,,,,,,,,,,,,,,,,0.323076923076923,-0.14393939393939395,,,29,29,0,0,0.46701631701631696,,58,0,true,true,true,false,false,false
https://dandiarchive.s3.amazonaws.com/blobs/4cb/2ca/4cb2cabe-f8a3-4e7e-9065-718d65e5ea3f,633232,reward_withdrawal,1,-1.0,1.0,true,catch,0.0,,7,0,0.0,,7,0,0.5,0.4460900000000265,4,2,0.14285714285714285,0.6794600000000628,7,1,-0.0,0.35714285714285715,,0.23337000000003627,14,11,0,3,-0.35714285714285715,,25,3,true,true,true,false,true,false
https://dandiarchive.s3.amazonaws.com/blobs/4cb/2ca/4cb2cabe-f8a3-4e7e-9065-718d65e5ea3f,633232,reward_withdrawal,1,-1.0,1.0,true,go,0.0,,10,0,0.23076923076923078,0.512630000000172,13,3,0.4444444444444444,0.43806999999981144,9,4,0.14285714285714285,0.546389999999974,7,1,-0.23076923076923078,0.30158730158730157,,0.10832000000016251,23,16,3,5,-0.5323565323565324,,39,8,true,true,true,false,true,false
https://dandiarchive.s3.amazonaws.com/blobs/4cb/2ca/4cb2cabe-f8a3-4e7e-9065-718d65e5ea3f,633232,reward_withdrawal,1,-1.0,1.0,true,go_minus_catch,,,,,,,,,,,,,,,,,-0.23076923076923078,-0.05555555555555558,,,37,27,0,0,-0.1752136752136752,,64,0,true,true,true,false,false,false
https://dandiarchive.s3.amazonaws.com/blobs/4cb/2ca/4cb2cabe-f8a3-4e7e-9065-718d65e5ea3f,633232,reward_restoration,2,1.0,-1.0,true,catch,0.0,,10,0,0.0,,6,0,0.2222222222222222,0.36253000000010616,9,2,0.0,,8,0,0.0,-0.2222222222222222,,,16,17,0,2,0.2222222222222222,,33,2,true,true,true,false,false,false
https://dandiarchive.s3.amazonaws.com/blobs/4cb/2ca/4cb2cabe-f8a3-4e7e-9065-718d65e5ea3f,633232,reward_restoration,2,1.0,-1.0,true,go,0.1111111111111111,0.5316500000003543,9,1,0.0,,11,0,0.0,,10,0,0.25,0.5459699999996701,12,3,-0.1111111111111111,0.25,,,20,22,1,3,-0.3611111111111111,,42,4,true,true,true,false,false,false
https://dandiarchive.s3.amazonaws.com/blobs/4cb/2ca/4cb2cabe-f8a3-4e7e-9065-718d65e5ea3f,633232,reward_restoration,2,1.0,-1.0,true,go_minus_catch,,,,,,,,,,,,,,,,,-0.1111111111111111,0.4722222222222222,,,36,39,0,0,-0.5833333333333333,,75,0,true,true,true,false,false,false
https://dandiarchive.s3.amazonaws.com/blobs/758/757/7587577c-c208-438d-9246-8e12c720a91b,633232,reward_withdrawal,1,-1.0,1.0,true,catch,1.0,0.4709349999998267,2,2,0.5,0.6296999999999571,2,1,0.75,0.37878999999998086,4,3,0.0,,1,0,0.5,0.75,0.15876500000013039,,4,5,3,3,-0.25,,9,6,true,true,true,true,false,false
https://dandiarchive.s3.amazonaws.com/blobs/758/757/7587577c-c208-438d-9246-8e12c720a91b,633232,reward_withdrawal,1,-1.0,1.0,true,go,0.3333333333333333,0.6802299999999377,3,1,0.25,0.5807599999998274,4,1,0.8,0.6052099999999427,5,4,0.5,0.5048349999999573,4,2,0.08333333333333331,0.30000000000000004,-0.0994700000001103,-0.10037499999998545,7,9,2,6,-0.21666666666666673,0.0009049999998751446,16,8,true,true,true,true,true,true
https://dandiarchive.s3.amazonaws.com/blobs/758/757/7587577c-c208-438d-9246-8e12c720a91b,633232,reward_withdrawal,1,-1.0,1.0,true,go_minus_catch,,,,,,,,,,,,,,,,,-0.4166666666666667,-0.44999999999999996,,,11,14,0,0,0.03333333333333327,,25,0,true,true,true,false,false,false
https://dandiarchive.s3.amazonaws.com/blobs/758/757/7587577c-c208-438d-9246-8e12c720a91b,633232,reward_restoration,2,1.0,-1.0,true,catch,0.0,,6,0,0.0,,5,0,0.2,0.47927000000026965,5,1,0.0,,6,0,0.0,-0.2,,,11,11,0,1,0.2,,22,1,true,true,true,false,false,false
https://dandiarchive.s3.amazonaws.com/blobs/758/757/7587577c-c208-438d-9246-8e12c720a91b,633232,reward_restoration,2,1.0,-1.0,true,go,0.6666666666666666,0.5292349999999715,12,8,0.5714285714285714,0.504875000000311,7,4,1.0,0.4958000000001448,6,6,0.7777777777777778,0.5618199999998978,9,7,-0.09523809523809523,-0.2222222222222222,0.02435999999966043,-0.06601999999975305,19,15,12,13,0.12698412698412698,0.09037999999941349,34,25,true,true,true,true,true,true
https://dandiarchive.s3.amazonaws.com/blobs/758/757/7587577c-c208-438d-9246-8e12c720a91b,633232,reward_restoration,2,1.0,-1.0,true,go_minus_catch,,,,,,,,,,,,,,,,,-0.09523809523809523,-0.0222222222222222,,,30,26,0,0,-0.07301587301587303,,56,0,true,true,true,false,false,false
https://dandiarchive.s3.amazonaws.com/blobs/e64/266/e642660d-05ba-4a34-a104-de354fd9c83a,633232,reward_withdrawal,1,-1.0,1.0,true,catch,0.0,,2,0,0.2,0.445770000000266,5,1,0.3333333333333333,0.4126299999998082,3,1,0.2857142857142857,0.6962049999997362,7,2,-0.2,0.047619047619047616,,0.28357499999992797,7,10,1,3,-0.24761904761904763,,17,4,true,true,true,false,true,false
https://dandiarchive.s3.amazonaws.com/blobs/e64/266/e642660d-05ba-4a34-a104-de354fd9c83a,633232,reward_withdrawal,1,-1.0,1.0,true,go,0.2,0.6455499999997301,5,1,0.0,,6,0,0.2,0.679819999999836,5,1,0.0,,8,0,0.2,0.2,,,11,13,1,1,0.0,,24,2,true,true,true,false,false,false
https://dandiarchive.s3.amazonaws.com/blobs/e64/266/e642660d-05ba-4a34-a104-de354fd9c83a,633232,reward_withdrawal,1,-1.0,1.0,true,go_minus_catch,,,,,,,,,,,,,,,,,0.4,0.1523809523809524,,,18,23,0,0,0.24761904761904763,,41,0,true,true,true,false,false,false
https://dandiarchive.s3.amazonaws.com/blobs/e64/266/e642660d-05ba-4a34-a104-de354fd9c83a,633232,reward_restoration,2,1.0,-1.0,true,catch,0.14285714285714285,0.57912000000033,7,1,0.0,,4,0,0.2,0.7467099999998936,5,1,0.2857142857142857,0.29591000000004897,7,2,-0.14285714285714285,0.08571428571428569,,0.45079999999984466,11,12,1,3,-0.22857142857142854,,23,4,true,true,true,false,true,false
https://dandiarchive.s3.amazonaws.com/blobs/e64/266/e642660d-05ba-4a34-a104-de354fd9c83a,633232,reward_restoration,2,1.0,-1.0,true,go,0.5,0.5453400000001238,10,5,0.2,0.5796900000000278,5,1,0.45454545454545453,0.6474800000000869,11,5,0.2,0.6959050000000389,10,2,-0.3,-0.2545454545454545,-0.03434999999990396,-0.04842499999995198,15,21,6,7,-0.04545454545454547,0.014075000000048021,36,13,true,true,true,true,true,true
https://dandiarchive.s3.amazonaws.com/blobs/e64/266/e642660d-05ba-4a34-a104-de354fd9c83a,633232,reward_restoration,2,1.0,-1.0,true,go_minus_catch,,,,,,,,,,,,,,,,,-0.15714285714285714,-0.3402597402597402,,,26,33,0,0,0.18311688311688307,,59,0,true,true,true,false,false,false
https://dandiarchive.s3.amazonaws.com/blobs/2d2/988/2d298808-6dde-4ebb-bedd-fa2de1e683d2,636740,reward_withdrawal,1,-1.0,1.0,true,catch,0.0,,5,0,0.0,,7,0,0.3333333333333333,0.41258000000004813,6,2,0.14285714285714285,0.1624099999999089,7,1,-0.0,0.19047619047619047,,-0.2501700000001392,12,13,0,3,-0.19047619047619047,,25,3,true,true,true,false,true,false
https://dandiarchive.s3.amazonaws.com/blobs/2d2/988/2d298808-6dde-4ebb-bedd-fa2de1e683d2,636740,reward_withdrawal,1,-1.0,1.0,true,go,0.75,0.5132800000001225,12,9,0.7,0.5791199999998753,10,7,0.5454545454545454,0.5715600000000904,11,6,0.5555555555555556,0.629910000000109,9,5,0.050000000000000044,-0.010101010101010166,0.06583999999975276,0.058350000000018554,22,20,16,11,0.06010101010101021,0.007489999999734209,42,27,true,true,true,true,true,true
https://dandiarchive.s3.amazonaws.com/blobs/2d2/988/2d298808-6dde-4ebb-bedd-fa2de1e683d2,636740,reward_withdrawal,1,-1.0,1.0,true,go_minus_catch,,,,,,,,,,,,,,,,,0.050000000000000044,-0.20057720057720063,,,34,33,0,0,0.2505772005772007,,67,0,true,true,true,false,false,false
https://dandiarchive.s3.amazonaws.com/blobs/2d2/988/2d298808-6dde-4ebb-bedd-fa2de1e683d2,636740,reward_restoration,2,1.0,-1.0,true,catch,0.0,,4,0,0.0,,5,0,0.0,,7,0,0.0,,6,0,0.0,0.0,,,9,13,0,0,0.0,,22,0,true,true,true,false,false,false
https://dandiarchive.s3.amazonaws.com/blobs/2d2/988/2d298808-6dde-4ebb-bedd-fa2de1e683d2,636740,reward_restoration,2,1.0,-1.0,true,go,0.26666666666666666,0.5204899999998815,15,4,0.8,0.45430000000033033,5,4,0.3076923076923077,0.4956849999998667,13,4,0.16666666666666666,0.5707900000002155,12,2,0.5333333333333334,-0.14102564102564105,0.06618999999955122,-0.07510500000034881,20,25,8,6,0.6743589743589745,0.14129499999990003,45,14,true,true,true,true,true,true
https://dandiarchive.s3.amazonaws.com/blobs/2d2/988/2d298808-6dde-4ebb-bedd-fa2de1e683d2,636740,reward_restoration,2,1.0,-1.0,true,go_minus_catch,,,,,,,,,,,,,,,,,0.5333333333333334,-0.14102564102564105,,,29,38,0,0,0.6743589743589745,,67,0,true,true,true,false,false,false
https://dandiarchive.s3.amazonaws.com/blobs/548/e95/548e9593-494c-49ca-9ff0-8285e38c3acd,636740,reward_withdrawal,1,-1.0,1.0,true,catch,0.16666666666666666,0.5128100000001723,6,1,0.16666666666666666,0.4126200000000608,6,1,0.2,0.21248000000014144,5,1,0.0,,6,0,-0.0,0.2,-0.10019000000011147,,12,11,2,1,-0.2,,23,3,true,true,true,true,false,false
https://dandiarchive.s3.amazonaws.com/blobs/548/e95/548e9593-494c-49ca-9ff0-8285e38c3acd,636740,reward_withdrawal,1,-1.0,1.0,true,go,0.8888888888888888,0.4048199999999724,9,8,0.6666666666666666,0.41265000000021246,9,6,0.9,0.39643999999998414,10,9,0.5454545454545454,0.4048000000000229,11,6,0.2222222222222222,0.3545454545454546,0.007830000000240034,0.00836000000003878,18,21,14,15,-0.1323232323232324,-0.000529999999798747,39,29,true,true,true,true,true,true
https://dandiarchive.s3.amazonaws.com/blobs/548/e95/548e9593-494c-49ca-9ff0-8285e38c3acd,636740,reward_withdrawal,1,-1.0,1.0,true,go_minus_catch,,,,,,,,,,,,,,,,,0.2222222222222222,0.1545454545454546,,,30,32,0,0,0.06767676767676761,,62,0,true,true,true,false,false,false
https://dandiarchive.s3.amazonaws.com/blobs/548/e95/548e9593-494c-49ca-9ff0-8285e38c3acd,636740,reward_restoration,2,1.0,-1.0,true,catch,0.0,,9,0,0.16666666666666666,0.7296599999999671,6,1,0.0,,9,0,0.2,0.7458000000001448,5,1,0.16666666666666666,0.2,,,15,14,1,1,-0.033333333333333354,,29,2,true,true,true,false,false,false
https://dandiarchive.s3.amazonaws.com/blobs/548/e95/548e9593-494c-49ca-9ff0-8285e38c3acd,636740,reward_restoration,2,1.0,-1.0,true,go,0.1,0.4961600000001454,10,1,1.0,0.47951000000011845,7,7,0.3,0.4970899999998437,10,3,0.0,,12,0,0.9,-0.3,0.01665000000002692,,17,22,8,3,1.2,,39,11,true,true,true,true,false,false
https://dandiarchive.s3.amazonaws.com/blobs/548/e95/548e9593-494c-49ca-9ff0-8285e38c3acd,636740,reward_restoration,2,1.0,-1.0,true,go_minus_catch,,,,,,,,,,,,,,,,,0.7333333333333334,-0.5,,,32,36,0,0,1.2333333333333334,,68,0,true,true,true,false,false,false
https://dandiarchive.s3.amazonaws.com/blobs/f0c/39c/f0c39cce-3f08-4bbe-8fac-b1942b204ff6,636740,reward_withdrawal,1,-1.0,1.0,true,catch,0.0,,7,0,0.0,,8,0,0.0,,7,0,0.0,,8,0,-0.0,-0.0,,,15,15,0,0,0.0,,30,0,true,true,true,false,false,false
https://dandiarchive.s3.amazonaws.com/blobs/f0c/39c/f0c39cce-3f08-4bbe-8fac-b1942b204ff6,636740,reward_withdrawal,1,-1.0,1.0,true,go,0.0,,14,0,0.0,,11,0,0.0,,12,0,0.0,,12,0,-0.0,-0.0,,,25,24,0,0,0.0,,49,0,true,true,true,false,false,false
https://dandiarchive.s3.amazonaws.com/blobs/f0c/39c/f0c39cce-3f08-4bbe-8fac-b1942b204ff6,636740,reward_withdrawal,1,-1.0,1.0,true,go_minus_catch,,,,,,,,,,,,,,,,,0.0,0.0,,,40,39,0,0,0.0,,79,0,true,true,true,false,false,false
https://dandiarchive.s3.amazonaws.com/blobs/f0c/39c/f0c39cce-3f08-4bbe-8fac-b1942b204ff6,636740,reward_restoration,2,1.0,-1.0,true,catch,0.0,,6,0,0.0,,5,0,0.14285714285714285,0.6130100000000311,7,1,0.0,,7,0,0.0,-0.14285714285714285,,,11,14,0,1,0.14285714285714285,,25,1,true,true,true,false,false,false
https://dandiarchive.s3.amazonaws.com/blobs/f0c/39c/f0c39cce-3f08-4bbe-8fac-b1942b204ff6,636740,reward_restoration,2,1.0,-1.0,true,go,0.0,,14,0,0.3,0.4796699999997145,10,3,0.0,,12,0,0.0,,13,0,0.3,0.0,,,24,25,3,0,0.3,,49,3,true,true,true,false,false,false
https://dandiarchive.s3.amazonaws.com/blobs/f0c/39c/f0c39cce-3f08-4bbe-8fac-b1942b204ff6,636740,reward_restoration,2,1.0,-1.0,true,go_minus_catch,,,,,,,,,,,,,,,,,0.3,0.14285714285714285,,,35,39,0,0,0.15714285714285714,,74,0,true,true,true,false,false,false
https://dandiarchive.s3.amazonaws.com/blobs/f5f/cc2/f5fcc2ca-f86f-4533-8e69-479f32781517,636740,reward_withdrawal,1,-1.0,1.0,true,catch,0.0,,7,0,0.0,,4,0,0.0,,6,0,0.0,,6,0,-0.0,-0.0,,,11,12,0,0,0.0,,23,0,true,true,true,false,false,false
https://dandiarchive.s3.amazonaws.com/blobs/f5f/cc2/f5fcc2ca-f86f-4533-8e69-479f32781517,636740,reward_withdrawal,1,-1.0,1.0,true,go,0.2857142857142857,0.5134149999998954,7,2,0.5714285714285714,0.5043249999996533,14,8,1.0,0.4462699999999131,7,7,0.625,0.6139600000001337,8,5,-0.2857142857142857,0.375,-0.009090000000242071,0.1676900000002206,21,15,10,12,-0.6607142857142857,-0.17678000000046268,36,22,true,true,true,true,true,true
https://dandiarchive.s3.amazonaws.com/blobs/f5f/cc2/f5fcc2ca-f86f-4533-8e69-479f32781517,636740,reward_withdrawal,1,-1.0,1.0,true,go_minus_catch,,,,,,,,,,,,,,,,,-0.2857142857142857,0.375,,,32,27,0,0,-0.6607142857142857,,59,0,true,true,true,false,false,false
https://dandiarchive.s3.amazonaws.com/blobs/f5f/cc2/f5fcc2ca-f86f-4533-8e69-479f32781517,636740,reward_restoration,2,1.0,-1.0,true,catch,0.125,0.3291599999997743,8,1,0.0,,7,0,0.0,,8,0,0.0,,6,0,-0.125,0.0,,,15,14,1,0,-0.125,,29,1,true,true,true,false,false,false
https://dandiarchive.s3.amazonaws.com/blobs/f5f/cc2/f5fcc2ca-f86f-4533-8e69-479f32781517,636740,reward_restoration,2,1.0,-1.0,true,go,0.15384615384615385,0.47901999999999134,13,2,0.2222222222222222,0.49761999999986983,9,2,0.36363636363636365,0.5538349999999355,11,4,0.14285714285714285,0.6877649999998994,14,2,0.06837606837606836,-0.2207792207792208,-0.01859999999987849,-0.1339299999999639,22,25,4,6,0.28915528915528915,0.11533000000008542,47,10,true,true,true,true,true,true
https://dandiarchive.s3.amazonaws.com/blobs/f5f/cc2/f5fcc2ca-f86f-4533-8e69-479f32781517,636740,reward_restoration,2,1.0,-1.0,true,go_minus_catch,,,,,,,,,,,,,,,,,0.19337606837606836,-0.2207792207792208,,,37,39,0,0,0.41415528915528915,,76,0,true,true,true,false,false,false
https://dandiarchive.s3.amazonaws.com/blobs/994/5a0/9945a088-2bea-49d3-8375-64eea7550062,637483,reward_withdrawal,1,-1.0,1.0,true,catch,0.0,,7,0,0.0,,8,0,0.0,,6,0,0.0,,5,0,-0.0,-0.0,,,15,11,0,0,0.0,,26,0,true,true,true,false,false,false
https://dandiarchive.s3.amazonaws.com/blobs/994/5a0/9945a088-2bea-49d3-8375-64eea7550062,637483,reward_withdrawal,1,-1.0,1.0,true,go,0.9230769230769231,0.4964750000001459,13,12,0.5454545454545454,0.3958850000001348,11,6,0.7272727272727273,0.48002999999994245,11,8,0.8181818181818182,0.4966699999999946,11,9,0.3776223776223777,-0.09090909090909094,-0.10059000000001106,0.01664000000005217,24,22,18,17,0.46853146853146865,-0.11723000000006323,46,35,true,true,true,true,true,true
https://dandiarchive.s3.amazonaws.com/blobs/994/5a0/9945a088-2bea-49d3-8375-64eea7550062,637483,reward_withdrawal,1,-1.0,1.0,true,go_minus_catch,,,,,,,,,,,,,,,,,0.3776223776223777,-0.09090909090909094,,,39,33,0,0,0.46853146853146865,,72,0,true,true,true,false,false,false
https://dandiarchive.s3.amazonaws.com/blobs/994/5a0/9945a088-2bea-49d3-8375-64eea7550062,637483,reward_restoration,2,1.0,-1.0,true,catch,0.0,,4,0,0.16666666666666666,0.34742000000005646,6,1,0.2,0.16211000000021158,5,1,0.0,,8,0,0.16666666666666666,-0.2,,,10,13,1,1,0.3666666666666667,,23,2,true,true,true,false,false,false
https://dandiarchive.s3.amazonaws.com/blobs/994/5a0/9945a088-2bea-49d3-8375-64eea7550062,637483,reward_restoration,2,1.0,-1.0,true,go,0.38461538461538464,0.5126999999997679,13,5,1.0,0.41313999999965745,5,5,0.25,0.4539749999999003,8,2,0.2,0.4136799999998857,10,2,0.6153846153846154,-0.04999999999999999,0.09956000000011045,0.040295000000014625,18,18,10,4,0.6653846153846155,0.059265000000095824,36,14,true,true,true,true,true,true
https://dandiarchive.s3.amazonaws.com/blobs/994/5a0/9945a088-2bea-49d3-8375-64eea7550062,637483,reward_restoration,2,1.0,-1.0,true,go_minus_catch,,,,,,,,,,,,,,,,,0.4487179487179488,0.15000000000000002,,,28,31,0,0,0.29871794871794877,,59,0,true,true,true,false,false,false
https://dandiarchive.s3.amazonaws.com/blobs/9d2/6e8/9d26e823-d653-42f0-a3ff-fcb202d7a66a,637483,reward_withdrawal,1,-1.0,1.0,true,catch,0.0,,6,0,0.5,0.36265000000003056,2,1,0.0,,6,0,0.0,,7,0,-0.5,-0.0,,,8,13,1,0,-0.5,,21,1,true,true,true,false,false,false
https://dandiarchive.s3.amazonaws.com/blobs/9d2/6e8/9d26e823-d653-42f0-a3ff-fcb202d7a66a,637483,reward_withdrawal,1,-1.0,1.0,true,go,1.0,0.3463899999999285,8,8,1.0,0.3618099999998776,5,5,1.0,0.3546999999999798,10,10,1.0,0.33106999999995423,9,9,-0.0,-0.0,0.015419999999949141,-0.023630000000025575,13,19,13,19,0.0,0.039049999999974716,32,32,true,true,true,true,true,true
https://dandiarchive.s3.amazonaws.com/blobs/9d2/6e8/9d26e823-d653-42f0-a3ff-fcb202d7a66a,637483,reward_withdrawal,1,-1.0,1.0,true,go_minus_catch,,,,,,,,,,,,,,,,,0.5,0.0,,,21,32,0,0,0.5,,53,0,true,true,true,false,false,false
https://dandiarchive.s3.amazonaws.com/blobs/9d2/6e8/9d26e823-d653-42f0-a3ff-fcb202d7a66a,637483,reward_restoration,2,1.0,-1.0,true,catch,0.0,,9,0,0.0,,5,0,0.16666666666666666,0.5793499999999767,6,1,0.0,,6,0,0.0,-0.16666666666666666,,,14,12,0,1,0.16666666666666666,,26,1,true,true,true,false,false,false
https://dandiarchive.s3.amazonaws.com/blobs/9d2/6e8/9d26e823-d653-42f0-a3ff-fcb202d7a66a,637483,reward_restoration,2,1.0,-1.0,true,go,0.125,0.5289600000000974,8,1,0.8571428571428571,0.3719750000000204,7,6,0.8333333333333334,0.4457600000000639,12,10,0.7,0.4793099999997139,10,7,0.7321428571428571,-0.13333333333333341,0.15698500000007698,-0.033549999999650026,15,22,7,17,0.8654761904761905,0.190534999999727,37,24,true,true,true,true,true,true
https://dandiarchive.s3.amazonaws.com/blobs/9d2/6e8/9d26e823-d653-42f0-a3ff-fcb202d7a66a,637483,reward_restoration,2,1.0,-1.0,true,go_minus_catch,,,,,,,,,,,,,,,,,0.7321428571428571,0.03333333333333324,,,29,34,0,0,0.6988095238095239,,63,0,true,true,true,false,false,false
https://dandiarchive.s3.amazonaws.com/blobs/abe/045/abe045a7-cd57-4618-a695-02068dbb75c1,637483,reward_withdrawal,1,-1.0,1.0,true,catch,0.0,,7,0,0.2,0.22902000000021872,5,1,0.0,,5,0,0.0,,6,0,-0.2,-0.0,,,12,11,1,0,-0.2,,23,1,true,true,true,false,false,false
https://dandiarchive.s3.amazonaws.com/blobs/abe/045/abe045a7-cd57-4618-a695-02068dbb75c1,637483,reward_withdrawal,1,-1.0,1.0,true,go,0.8888888888888888,0.3799650000000838,9,8,0.9090909090909091,0.41267999999990934,11,10,1.0,0.3632950000001074,10,10,1.0,0.36386999999967884,11,11,-0.02020202020202022,-0.0,0.03271499999982552,0.0005749999995714461,20,21,18,21,-0.02020202020202022,0.032140000000254076,41,39,true,true,true,true,true,true
https://dandiarchive.s3.amazonaws.com/blobs/abe/045/abe045a7-cd57-4618-a695-02068dbb75c1,637483,reward_withdrawal,1,-1.0,1.0,true,go_minus_catch,,,,,,,,,,,,,,,,,0.1797979797979798,0.0,,,32,32,0,0,0.1797979797979798,,64,0,true,true,true,false,false,false
https://dandiarchive.s3.amazonaws.com/blobs/abe/045/abe045a7-cd57-4618-a695-02068dbb75c1,637483,reward_restoration,2,1.0,-1.0,true,catch,0.16666666666666666,0.5294599999997445,6,1,0.0,,6,0,0.14285714285714285,0.17941000000018903,7,1,0.0,,3,0,-0.16666666666666666,-0.14285714285714285,,,12,10,1,1,-0.023809523809523808,,22,2,true,true,true,false,false,false
https://dandiarchive.s3.amazonaws.com/blobs/abe/045/abe045a7-cd57-4618-a695-02068dbb75c1,637483,reward_restoration,2,1.0,-1.0,true,go,0.3333333333333333,0.5376099999998587,6,2,0.5714285714285714,0.4129800000000614,7,4,0.3333333333333333,0.5453099999999722,9,3,0.125,0.27904999999964275,8,1,0.23809523809523808,-0.20833333333333331,0.12462999999979729,0.26626000000032946,13,17,6,4,0.4464285714285714,-0.14163000000053216,30,10,true,true,true,true,true,true
https://dandiarchive.s3.amazonaws.com/blobs/abe/045/abe045a7-cd57-4618-a695-02068dbb75c1,637483,reward_restoration,2,1.0,-1.0,true,go_minus_catch,,,,,,,,,,,,,,,,,0.40476190476190477,-0.06547619047619047,,,25,27,0,0,0.47023809523809523,,52,0,true,true,true,false,false,false
https://dandiarchive.s3.amazonaws.com/blobs/207/67e/20767ee0-0250-4a1d-9283-45f07c724d92,637488,reward_withdrawal,1,-1.0,1.0,true,catch,0.0,,6,0,0.0,,5,0,0.0,,6,0,0.0,,11,0,-0.0,-0.0,,,11,17,0,0,0.0,,28,0,true,true,true,false,false,false
https://dandiarchive.s3.amazonaws.com/blobs/207/67e/20767ee0-0250-4a1d-9283-45f07c724d92,637488,reward_withdrawal,1,-1.0,1.0,true,go,0.0,,13,0,0.0,,14,0,0.0,,15,0,0.0,,10,0,-0.0,-0.0,,,27,25,0,0,0.0,,52,0,true,true,true,false,false,false
https://dandiarchive.s3.amazonaws.com/blobs/207/67e/20767ee0-0250-4a1d-9283-45f07c724d92,637488,reward_withdrawal,1,-1.0,1.0,true,go_minus_catch,,,,,,,,,,,,,,,,,0.0,0.0,,,38,42,0,0,0.0,,80,0,true,true,true,false,false,false
https://dandiarchive.s3.amazonaws.com/blobs/207/67e/20767ee0-0250-4a1d-9283-45f07c724d92,637488,reward_restoration,2,1.0,-1.0,true,catch,0.0,,8,0,0.0,,6,0,0.0,,7,0,0.0,,7,0,0.0,0.0,,,14,14,0,0,0.0,,28,0,true,true,true,false,false,false
https://dandiarchive.s3.amazonaws.com/blobs/207/67e/20767ee0-0250-4a1d-9283-45f07c724d92,637488,reward_restoration,2,1.0,-1.0,true,go,0.0,,12,0,0.0,,11,0,0.0,,13,0,0.0,,12,0,0.0,0.0,,,23,25,0,0,0.0,,48,0,true,true,true,false,false,false
https://dandiarchive.s3.amazonaws.com/blobs/207/67e/20767ee0-0250-4a1d-9283-45f07c724d92,637488,reward_restoration,2,1.0,-1.0,true,go_minus_catch,,,,,,,,,,,,,,,,,0.0,0.0,,,37,39,0,0,0.0,,76,0,true,true,true,false,false,false
https://dandiarchive.s3.amazonaws.com/blobs/548/45e/54845e01-187e-4d6b-858a-071e0675a0de,637488,reward_withdrawal,1,-1.0,1.0,true,catch,0.16666666666666666,0.3621800000000803,6,1,0.16666666666666666,0.42968999999993684,6,1,0.0,,9,0,0.0,,7,0,-0.0,-0.0,0.06750999999985652,,12,16,2,0,0.0,,28,2,true,true,true,true,false,false
https://dandiarchive.s3.amazonaws.com/blobs/548/45e/54845e01-187e-4d6b-858a-071e0675a0de,637488,reward_withdrawal,1,-1.0,1.0,true,go,0.8,0.47107499999992797,10,8,0.5714285714285714,0.4876549999996769,14,8,0.0,,11,0,0.25,0.49594999999999345,12,3,0.22857142857142865,-0.25,0.016579999999748907,,24,23,16,3,0.47857142857142865,,47,19,true,true,true,true,false,false
https://dandiarchive.s3.amazonaws.com/blobs/548/45e/54845e01-187e-4d6b-858a-071e0675a0de,637488,reward_withdrawal,1,-1.0,1.0,true,go_minus_catch,,,,,,,,,,,,,,,,,0.22857142857142865,-0.25,,,36,39,0,0,0.47857142857142865,,75,0,true,true,true,false,false,false
https://dandiarchive.s3.amazonaws.com/blobs/548/45e/54845e01-187e-4d6b-858a-071e0675a0de,637488,reward_restoration,2,1.0,-1.0,true,catch,0.0,,8,0,0.0,,5,0,0.0,,7,0,0.0,,6,0,0.0,0.0,,,13,13,0,0,0.0,,26,0,true,true,true,false,false,false
https://dandiarchive.s3.amazonaws.com/blobs/548/45e/54845e01-187e-4d6b-858a-071e0675a0de,637488,reward_restoration,2,1.0,-1.0,true,go,0.0,,12,0,0.6666666666666666,0.4625900000000911,9,6,0.0,,13,0,0.35714285714285715,0.579269999999724,14,5,0.6666666666666666,0.35714285714285715,,,21,27,6,5,0.3095238095238095,,48,11,true,true,true,false,false,false
https://dandiarchive.s3.amazonaws.com/blobs/548/45e/54845e01-187e-4d6b-858a-071e0675a0de,637488,reward_restoration,2,1.0,-1.0,true,go_minus_catch,,,,,,,,,,,,,,,,,0.6666666666666666,0.35714285714285715,,,34,40,0,0,0.3095238095238095,,74,0,true,true,true,false,false,false
https://dandiarchive.s3.amazonaws.com/blobs/b2e/656/b2e6563b-6164-4f85-ab61-a16d682acc5a,637488,reward_withdrawal,1,-1.0,1.0,true,catch,0.0,,8,0,0.0,,8,0,0.0,,8,0,0.0,,6,0,-0.0,-0.0,,,16,14,0,0,0.0,,30,0,true,true,true,false,false,false
https://dandiarchive.s3.amazonaws.com/blobs/b2e/656/b2e6563b-6164-4f85-ab61-a16d682acc5a,637488,reward_withdrawal,1,-1.0,1.0,true,go,0.0,,12,0,0.0,,12,0,0.0,,12,0,0.0,,15,0,-0.0,-0.0,,,24,27,0,0,0.0,,51,0,true,true,true,false,false,false
https://dandiarchive.s3.amazonaws.com/blobs/b2e/656/b2e6563b-6164-4f85-ab61-a16d682acc5a,637488,reward_withdrawal,1,-1.0,1.0,true,go_minus_catch,,,,,,,,,,,,,,,,,0.0,0.0,,,40,41,0,0,0.0,,81,0,true,true,true,false,false,false
https://dandiarchive.s3.amazonaws.com/blobs/b2e/656/b2e6563b-6164-4f85-ab61-a16d682acc5a,637488,reward_restoration,2,1.0,-1.0,true,catch,0.0,,7,0,0.0,,7,0,0.0,,6,0,0.0,,8,0,0.0,0.0,,,14,14,0,0,0.0,,28,0,true,true,true,false,false,false
https://dandiarchive.s3.amazonaws.com/blobs/b2e/656/b2e6563b-6164-4f85-ab61-a16d682acc5a,637488,reward_restoration,2,1.0,-1.0,true,go,0.0,,13,0,0.1,0.6305099999999584,10,1,0.0,,14,0,0.0,,12,0,0.1,0.0,,,23,26,1,0,0.1,,49,1,true,true,true,false,false,false
https://dandiarchive.s3.amazonaws.com/blobs/b2e/656/b2e6563b-6164-4f85-ab61-a16d682acc5a,637488,reward_restoration,2,1.0,-1.0,true,go_minus_catch,,,,,,,,,,,,,,,,,0.1,0.0,,,37,40,0,0,0.1,,77,0,true,true,true,false,false,false
https://dandiarchive.s3.amazonaws.com/blobs/d66/dd6/d66dd6e8-811f-4763-9d8f-69071ba64b62,637488,reward_withdrawal,1,-1.0,1.0,true,catch,0.16666666666666666,0.4791900000000169,6,1,0.0,,7,0,0.0,,5,0,0.0,,6,0,0.16666666666666666,-0.0,,,13,11,1,0,0.16666666666666666,,24,1,true,true,true,false,false,false
https://dandiarchive.s3.amazonaws.com/blobs/d66/dd6/d66dd6e8-811f-4763-9d8f-69071ba64b62,637488,reward_withdrawal,1,-1.0,1.0,true,go,0.5,0.5217399999999088,8,4,0.4166666666666667,0.5793899999998757,12,5,0.2857142857142857,0.5133950000000596,14,4,0.3333333333333333,0.48794500000008156,12,4,0.08333333333333331,-0.047619047619047616,0.057649999999966894,-0.02544999999997799,20,26,9,8,0.13095238095238093,0.08309999999994488,46,17,true,true,true,true,true,true
https://dandiarchive.s3.amazonaws.com/blobs/d66/dd6/d66dd6e8-811f-4763-9d8f-69071ba64b62,637488,reward_withdrawal,1,-1.0,1.0,true,go_minus_catch,,,,,,,,,,,,,,,,,-0.08333333333333334,-0.047619047619047616,,,33,37,0,0,-0.035714285714285726,,70,0,true,true,true,false,false,false
https://dandiarchive.s3.amazonaws.com/blobs/d66/dd6/d66dd6e8-811f-4763-9d8f-69071ba64b62,637488,reward_restoration,2,1.0,-1.0,true,catch,0.0,,6,0,0.0,,7,0,0.125,0.679489999999987,8,1,0.0,,7,0,0.0,-0.125,,,13,15,0,1,0.125,,28,1,true,true,true,false,false,false
https://dandiarchive.s3.amazonaws.com/blobs/d66/dd6/d66dd6e8-811f-4763-9d8f-69071ba64b62,637488,reward_restoration,2,1.0,-1.0,true,go,0.0,,14,0,0.2222222222222222,0.6213100000004488,9,2,0.1,0.5959700000003068,10,1,0.08333333333333333,0.5958799999998519,12,1,0.2222222222222222,-0.016666666666666677,,0.00009000000045489287,23,22,2,2,0.23888888888888887,,45,4,true,true,true,false,true,false
https://dandiarchive.s3.amazonaws.com/blobs/d66/dd6/d66dd6e8-811f-4763-9d8f-69071ba64b62,637488,reward_restoration,2,1.0,-1.0,true,go_minus_catch,,,,,,,,,,,,,,,,,0.2222222222222222,0.10833333333333332,,,36,37,0,0,0.11388888888888887,,73,0,true,true,true,false,false,false
https://dandiarchive.s3.amazonaws.com/blobs/670/d01/670d01b8-e344-45cf-b21d-c26022721b85,638387,reward_withdrawal,1,-1.0,1.0,true,catch,0.0,,8,0,0.0,,2,0,0.25,0.2791199999996934,4,1,0.0,,4,0,-0.0,0.25,,,10,8,0,1,-0.25,,18,1,true,true,true,false,false,false
https://dandiarchive.s3.amazonaws.com/blobs/670/d01/670d01b8-e344-45cf-b21d-c26022721b85,638387,reward_withdrawal,1,-1.0,1.0,true,go,0.5714285714285714,0.5888699999998153,7,4,0.125,0.5783399999995709,8,1,0.4,0.47137500000008004,10,4,0.375,0.5641099999998005,8,3,0.4464285714285714,0.025000000000000022,-0.0105300000002444,0.09273499999972046,15,18,5,7,0.4214285714285714,-0.10326499999996486,33,12,true,true,true,true,true,true
https://dandiarchive.s3.amazonaws.com/blobs/670/d01/670d01b8-e344-45cf-b21d-c26022721b85,638387,reward_withdrawal,1,-1.0,1.0,true,go_minus_catch,,,,,,,,,,,,,,,,,0.4464285714285714,-0.22499999999999998,,,25,26,0,0,0.6714285714285714,,51,0,true,true,true,false,false,false
https://dandiarchive.s3.amazonaws.com/blobs/670/d01/670d01b8-e344-45cf-b21d-c26022721b85,638387,reward_restoration,2,1.0,-1.0,true,catch,0.0,,4,0,0.0,,3,0,0.0,,7,0,0.0,,5,0,0.0,0.0,,,7,12,0,0,0.0,,19,0,true,true,true,false,false,false
https://dandiarchive.s3.amazonaws.com/blobs/670/d01/670d01b8-e344-45cf-b21d-c26022721b85,638387,reward_restoration,2,1.0,-1.0,true,go,0.125,0.5623100000011618,8,1,0.2727272727272727,0.5952799999995477,11,3,0.4,0.5622099999998227,10,4,0.7272727272727273,0.6126450000001569,11,8,0.1477272727272727,0.32727272727272727,-0.0329699999983859,-0.050435000000334185,19,21,4,12,-0.17954545454545456,0.017465000001948283,40,16,true,true,true,true,true,true
https://dandiarchive.s3.amazonaws.com/blobs/670/d01/670d01b8-e344-45cf-b21d-c26022721b85,638387,reward_restoration,2,1.0,-1.0,true,go_minus_catch,,,,,,,,,,,,,,,,,0.1477272727272727,0.32727272727272727,,,26,33,0,0,-0.17954545454545456,,59,0,true,true,true,false,false,false
https://dandiarchive.s3.amazonaws.com/blobs/902/f95/902f95dc-adc9-4fdb-97ba-0de52800a5e4,638387,reward_withdrawal,1,-1.0,1.0,true,catch,0.0,,7,0,0.3333333333333333,0.6130299999999806,3,1,0.0,,4,0,0.0,,7,0,-0.3333333333333333,-0.0,,,10,11,1,0,-0.3333333333333333,,21,1,true,true,true,false,false,false
https://dandiarchive.s3.amazonaws.com/blobs/902/f95/902f95dc-adc9-4fdb-97ba-0de52800a5e4,638387,reward_withdrawal,1,-1.0,1.0,true,go,1.0,0.6130200000002333,5,5,0.7,0.5793300000000272,10,7,0.6,0.538310000000024,10,6,0.625,0.4802199999999175,8,5,0.30000000000000004,-0.025000000000000022,-0.033690000000206055,-0.058090000000106556,15,18,12,11,0.32500000000000007,0.0243999999999005,33,23,true,true,true,true,true,true
https://dandiarchive.s3.amazonaws.com/blobs/902/f95/902f95dc-adc9-4fdb-97ba-0de52800a5e4,638387,reward_withdrawal,1,-1.0,1.0,true,go_minus_catch,,,,,,,,,,,,,,,,,0.6333333333333333,-0.025000000000000022,,,25,29,0,0,0.6583333333333334,,54,0,true,true,true,false,false,false
https://dandiarchive.s3.amazonaws.com/blobs/902/f95/902f95dc-adc9-4fdb-97ba-0de52800a5e4,638387,reward_restoration,2,1.0,-1.0,true,catch,0.16666666666666666,0.6122299999997267,6,1,0.3333333333333333,0.18035000000054424,3,1,0.0,,7,0,0.0,,2,0,0.16666666666666666,0.0,0.4318799999991825,,9,9,2,0,0.16666666666666666,,18,2,true,true,true,true,false,false
https://dandiarchive.s3.amazonaws.com/blobs/902/f95/902f95dc-adc9-4fdb-97ba-0de52800a5e4,638387,reward_restoration,2,1.0,-1.0,true,go,0.4,0.4791099999999915,5,2,0.2,0.5468200000000252,5,1,0.8888888888888888,0.5543199999997341,9,8,0.5,0.5625499999996464,6,3,-0.2,-0.38888888888888884,-0.06771000000003369,-0.008229999999912252,10,15,3,11,0.18888888888888883,-0.059480000000121436,25,14,true,true,true,true,true,true
https://dandiarchive.s3.amazonaws.com/blobs/902/f95/902f95dc-adc9-4fdb-97ba-0de52800a5e4,638387,reward_restoration,2,1.0,-1.0,true,go_minus_catch,,,,,,,,,,,,,,,,,-0.3666666666666667,-0.38888888888888884,,,19,24,0,0,0.02222222222222217,,43,0,true,true,true,false,false,false
https://dandiarchive.s3.amazonaws.com/blobs/9c5/a03/9c5a0313-cb5b-45b6-9e66-5bb6aac04f2c,638387,reward_withdrawal,1,-1.0,1.0,true,catch,0.2,0.7463299999999435,5,1,0.0,,7,0,0.0,,7,0,0.0,,5,0,0.2,-0.0,,,12,12,1,0,0.2,,24,1,true,true,true,false,false,false
https://dandiarchive.s3.amazonaws.com/blobs/9c5/a03/9c5a0313-cb5b-45b6-9e66-5bb6aac04f2c,638387,reward_withdrawal,1,-1.0,1.0,true,go,0.4,0.4549299999998766,10,4,0.6666666666666666,0.5790549999996983,9,6,0.4444444444444444,0.4796599999999671,9,4,0.2727272727272727,0.5299399999998968,11,3,-0.2666666666666666,0.1717171717171717,0.12412499999982174,0.050279999999929714,19,20,10,7,-0.4383838383838383,0.07384499999989202,39,17,true,true,true,true,true,true
https://dandiarchive.s3.amazonaws.com/blobs/9c5/a03/9c5a0313-cb5b-45b6-9e66-5bb6aac04f2c,638387,reward_withdrawal,1,-1.0,1.0,true,go_minus_catch,,,,,,,,,,,,,,,,,-0.4666666666666666,0.1717171717171717,,,31,32,0,0,-0.6383838383838383,,63,0,true,true,true,false,false,false
https://dandiarchive.s3.amazonaws.com/blobs/9c5/a03/9c5a0313-cb5b-45b6-9e66-5bb6aac04f2c,638387,reward_restoration,2,1.0,-1.0,true,catch,0.0,,7,0,0.0,,6,0,0.0,,7,0,0.0,,7,0,0.0,0.0,,,13,14,0,0,0.0,,27,0,true,true,true,false,false,false
https://dandiarchive.s3.amazonaws.com/blobs/9c5/a03/9c5a0313-cb5b-45b6-9e66-5bb6aac04f2c,638387,reward_restoration,2,1.0,-1.0,true,go,0.07142857142857142,0.5632700000001023,14,1,0.4444444444444444,0.5555750000003172,9,4,0.875,0.4820199999999204,8,7,0.09090909090909091,0.579269999999724,11,1,0.373015873015873,-0.7840909090909091,0.007694999999785068,-0.09724999999980355,23,19,5,8,1.1571067821067822,0.10494499999958862,42,13,true,true,true,true,true,true
https://dandiarchive.s3.amazonaws.com/blobs/9c5/a03/9c5a0313-cb5b-45b6-9e66-5bb6aac04f2c,638387,reward_restoration,2,1.0,-1.0,true,go_minus_catch,,,,,,,,,,,,,,,,,0.373015873015873,-0.7840909090909091,,,36,33,0,0,1.1571067821067822,,69,0,true,true,true,false,false,false
https://dandiarchive.s3.amazonaws.com/blobs/d8b/8a9/d8b8a9fb-eda0-459f-a722-60a69961c992,638387,reward_withdrawal,1,-1.0,1.0,true,catch,0.0,,5,0,0.3333333333333333,0.4459399999998368,6,2,0.16666666666666666,0.7129300000001422,6,1,0.0,,7,0,-0.3333333333333333,0.16666666666666666,,,11,13,2,1,-0.5,,24,3,true,true,true,false,false,false
https://dandiarchive.s3.amazonaws.com/blobs/d8b/8a9/d8b8a9fb-eda0-459f-a722-60a69961c992,638387,reward_withdrawal,1,-1.0,1.0,true,go,0.875,0.49553999999989173,8,7,0.5555555555555556,0.6624500000002627,9,5,0.8,0.6048999999999296,10,8,0.6363636363636364,0.5298999999999978,11,7,0.3194444444444444,0.1636363636363637,0.16691000000037093,-0.07499999999993179,17,21,12,15,0.15580808080808073,0.24191000000030272,38,27,true,true,true,true,true,true
https://dandiarchive.s3.amazonaws.com/blobs/d8b/8a9/d8b8a9fb-eda0-459f-a722-60a69961c992,638387,reward_withdrawal,1,-1.0,1.0,true,go_minus_catch,,,,,,,,,,,,,,,,,0.6527777777777777,-0.0030303030303029665,,,28,34,0,0,0.6558080808080807,,62,0,true,true,true,false,false,false
https://dandiarchive.s3.amazonaws.com/blobs/d8b/8a9/d8b8a9fb-eda0-459f-a722-60a69961c992,638387,reward_restoration,2,1.0,-1.0,true,catch,0.0,,3,0,,,0,0,0.0,,3,0,0.0,,4,0,,0.0,,,3,7,0,0,,,10,0,false,true,false,false,false,false
https://dandiarchive.s3.amazonaws.com/blobs/d8b/8a9/d8b8a9fb-eda0-459f-a722-60a69961c992,638387,reward_restoration,2,1.0,-1.0,true,go,0.16666666666666666,0.4958500000002459,6,1,,,0,0,0.1111111111111111,0.6292600000001585,9,1,0.14285714285714285,0.39497999999957756,7,1,,0.031746031746031744,,0.2342800000005809,6,16,1,2,,,22,3,false,true,false,false,true,false
https://dandiarchive.s3.amazonaws.com/blobs/d8b/8a9/d8b8a9fb-eda0-459f-a722-60a69961c992,638387,reward_restoration,2,1.0,-1.0,true,go_minus_catch,,,,,,,,,,,,,,,,,,0.031746031746031744,,,9,23,0,0,,,32,0,false,true,false,false,false,false
https://dandiarchive.s3.amazonaws.com/blobs/362/b4b/362b4b76-85f6-4074-b456-db33393f45c0,640887,reward_withdrawal,1,-1.0,1.0,true,catch,0.0,,4,0,0.0,,6,0,0.0,,4,0,0.0,,7,0,-0.0,-0.0,,,10,11,0,0,0.0,,21,0,true,true,true,false,false,false
https://dandiarchive.s3.amazonaws.com/blobs/362/b4b/362b4b76-85f6-4074-b456-db33393f45c0,640887,reward_withdrawal,1,-1.0,1.0,true,go,0.6666666666666666,0.42224499999974796,9,6,0.9,0.44604000000026645,10,9,0.6666666666666666,0.40536999999994805,9,6,0.6666666666666666,0.4130899999998974,12,8,-0.2333333333333334,-0.0,0.023795000000518485,0.007719999999949323,19,21,15,14,-0.2333333333333334,0.016075000000569162,40,29,true,true,true,true,true,true
https://dandiarchive.s3.amazonaws.com/blobs/362/b4b/362b4b76-85f6-4074-b456-db33393f45c0,640887,reward_withdrawal,1,-1.0,1.0,true,go_minus_catch,,,,,,,,,,,,,,,,,-0.2333333333333334,0.0,,,29,32,0,0,-0.2333333333333334,,61,0,true,true,true,false,false,false
https://dandiarchive.s3.amazonaws.com/blobs/362/b4b/362b4b76-85f6-4074-b456-db33393f45c0,640887,reward_restoration,2,1.0,-1.0,true,catch,0.0,,7,0,0.0,,6,0,0.0,,7,0,0.0,,7,0,0.0,0.0,,,13,14,0,0,0.0,,27,0,true,true,true,false,false,false
https://dandiarchive.s3.amazonaws.com/blobs/362/b4b/362b4b76-85f6-4074-b456-db33393f45c0,640887,reward_restoration,2,1.0,-1.0,true,go,0.18181818181818182,0.5874949999999899,11,2,0.5,0.463169999999991,10,5,0.3076923076923077,0.6544800000001487,13,4,0.3076923076923077,0.5717650000001413,13,4,0.3181818181818182,0.0,0.12432499999999891,0.08271500000000742,21,26,7,8,0.3181818181818182,0.04160999999999149,47,15,true,true,true,true,true,true
https://dandiarchive.s3.amazonaws.com/blobs/362/b4b/362b4b76-85f6-4074-b456-db33393f45c0,640887,reward_restoration,2,1.0,-1.0,true,go_minus_catch,,,,,,,,,,,,,,,,,0.3181818181818182,0.0,,,34,40,0,0,0.3181818181818182,,74,0,true,true,true,false,false,false
https://dandiarchive.s3.amazonaws.com/blobs/584/1b8/5841b844-3102-4b4f-8f2c-e4cd23ec8f45,640887,reward_withdrawal,1,-1.0,1.0,true,catch,0.0,,6,0,0.0,,8,0,0.14285714285714285,0.6126799999999548,7,1,0.2,0.5794000000000779,5,1,-0.0,-0.05714285714285716,,-0.033279999999876964,14,12,0,2,0.05714285714285716,,26,2,true,true,true,false,true,false
https://dandiarchive.s3.amazonaws.com/blobs/584/1b8/5841b844-3102-4b4f-8f2c-e4cd23ec8f45,640887,reward_withdrawal,1,-1.0,1.0,true,go,0.8333333333333334,0.4467649999999139,12,10,0.6363636363636364,0.5790699999997742,11,7,0.9090909090909091,0.46374500000001717,11,10,0.875,0.4798200000000179,8,7,0.19696969696969702,0.03409090909090906,0.13230499999986023,0.016075000000000728,23,19,17,17,0.16287878787878796,0.1162299999998595,42,34,true,true,true,true,true,true
https://dandiarchive.s3.amazonaws.com/blobs/584/1b8/5841b844-3102-4b4f-8f2c-e4cd23ec8f45,640887,reward_withdrawal,1,-1.0,1.0,true,go_minus_catch,,,,,,,,,,,,,,,,,0.19696969696969702,0.09123376623376622,,,37,31,0,0,0.1057359307359308,,68,0,true,true,true,false,false,false
https://dandiarchive.s3.amazonaws.com/blobs/584/1b8/5841b844-3102-4b4f-8f2c-e4cd23ec8f45,640887,reward_restoration,2,1.0,-1.0,true,catch,0.0,,7,0,0.14285714285714285,0.5127199999997174,7,1,0.0,,8,0,0.0,,6,0,0.14285714285714285,0.0,,,14,14,1,0,0.14285714285714285,,28,1,true,true,true,false,false,false
https://dandiarchive.s3.amazonaws.com/blobs/584/1b8/5841b844-3102-4b4f-8f2c-e4cd23ec8f45,640887,reward_restoration,2,1.0,-1.0,true,go,0.0,,12,0,0.7142857142857143,0.396429999999782,7,5,0.0,,11,0,0.07142857142857142,0.5457999999998719,14,1,0.7142857142857143,0.07142857142857142,,,19,25,5,1,0.6428571428571429,,44,6,true,true,true,false,false,false
https://dandiarchive.s3.amazonaws.com/blobs/584/1b8/5841b844-3102-4b4f-8f2c-e4cd23ec8f45,640887,reward_restoration,2,1.0,-1.0,true,go_minus_catch,,,,,,,,,,,,,,,,,0.5714285714285714,0.07142857142857142,,,33,39,0,0,0.5,,72,0,true,true,true,false,false,false
https://dandiarchive.s3.amazonaws.com/blobs/cfc/bf1/cfcbf155-cb15-455d-8450-0ef256540990,640887,reward_withdrawal,1,-1.0,1.0,true,catch,0.0,,8,0,0.0,,7,0,0.0,,6,0,0.16666666666666666,0.1956399999999121,6,1,-0.0,-0.16666666666666666,,,15,12,0,1,0.16666666666666666,,27,1,true,true,true,false,false,false
https://dandiarchive.s3.amazonaws.com/blobs/cfc/bf1/cfcbf155-cb15-455d-8450-0ef256540990,640887,reward_withdrawal,1,-1.0,1.0,true,go,0.7272727272727273,0.42135999999959495,11,8,0.75,0.49838999999974476,12,9,0.8,0.42994999999984884,10,8,0.7692307692307693,0.43010499999991225,13,10,-0.022727272727272707,0.03076923076923077,0.07703000000014981,0.00015500000006340997,23,23,17,18,-0.05349650349650348,0.0768750000000864,46,35,true,true,true,true,true,true
https://dandiarchive.s3.amazonaws.com/blobs/cfc/bf1/cfcbf155-cb15-455d-8450-0ef256540990,640887,reward_withdrawal,1,-1.0,1.0,true,go_minus_catch,,,,,,,,,,,,,,,,,-0.022727272727272707,0.19743589743589743,,,38,35,0,0,-0.22016317016317014,,73,0,true,true,true,false,false,false
https://dandiarchive.s3.amazonaws.com/blobs/cfc/bf1/cfcbf155-cb15-455d-8450-0ef256540990,640887,reward_restoration,2,1.0,-1.0,true,catch,0.375,0.4960699999996905,8,3,0.0,,6,0,0.0,,8,0,0.0,,7,0,-0.375,0.0,,,14,15,3,0,-0.375,,29,3,true,true,true,false,false,false
https://dandiarchive.s3.amazonaws.com/blobs/cfc/bf1/cfcbf155-cb15-455d-8450-0ef256540990,640887,reward_restoration,2,1.0,-1.0,true,go,0.125,0.2614800000001196,8,1,0.8,0.3968400000001111,10,8,0.1,0.7125699999996868,10,1,0.0,,13,0,0.675,-0.1,-0.1353599999999915,,18,23,9,1,0.775,,41,10,true,true,true,true,false,false
https://dandiarchive.s3.amazonaws.com/blobs/cfc/bf1/cfcbf155-cb15-455d-8450-0ef256540990,640887,reward_restoration,2,1.0,-1.0,true,go_minus_catch,,,,,,,,,,,,,,,,,1.05,-0.1,,,32,38,0,0,1.15,,70,0,true,true,true,false,false,false
https://dandiarchive.s3.amazonaws.com/blobs/13d/b29/13db29ff-1454-412d-8680-ecd7a38c6f95,640890,reward_withdrawal,1,-1.0,1.0,true,catch,0.0,,7,0,0.0,,7,0,0.0,,7,0,0.2857142857142857,0.2708199999997305,7,2,-0.0,-0.2857142857142857,,,14,14,0,2,0.2857142857142857,,28,2,true,true,true,false,false,false
https://dandiarchive.s3.amazonaws.com/blobs/13d/b29/13db29ff-1454-412d-8680-ecd7a38c6f95,640890,reward_withdrawal,1,-1.0,1.0,true,go,0.9090909090909091,0.3799900000001344,11,10,0.6,0.4127000000000862,10,6,0.8181818181818182,0.3634199999999055,11,9,1.0,0.3799399999998059,12,12,0.3090909090909091,-0.18181818181818177,0.03270999999995183,0.016519999999900392,21,23,16,21,0.49090909090909085,0.01619000000005144,44,37,true,true,true,true,true,true
https://dandiarchive.s3.amazonaws.com/blobs/13d/b29/13db29ff-1454-412d-8680-ecd7a38c6f95,640890,reward_withdrawal,1,-1.0,1.0,true,go_minus_catch,,,,,,,,,,,,,,,,,0.3090909090909091,0.10389610389610393,,,35,37,0,0,0.20519480519480515,,72,0,true,true,true,false,false,false
https://dandiarchive.s3.amazonaws.com/blobs/13d/b29/13db29ff-1454-412d-8680-ecd7a38c6f95,640890,reward_restoration,2,1.0,-1.0,true,catch,0.0,,7,0,0.0,,6,0,0.14285714285714285,0.42933999999968364,7,1,0.0,,7,0,0.0,-0.14285714285714285,,,13,14,0,1,0.14285714285714285,,27,1,true,true,true,false,false,false
https://dandiarchive.s3.amazonaws.com/blobs/13d/b29/13db29ff-1454-412d-8680-ecd7a38c6f95,640890,reward_restoration,2,1.0,-1.0,true,go,0.0,,13,0,0.75,0.34633499999995365,8,6,0.18181818181818182,0.42113500000004933,11,2,0.15384615384615385,0.4632400000000416,13,2,0.75,-0.02797202797202797,,-0.04210499999999229,21,24,6,4,0.7779720279720279,,45,10,true,true,true,false,true,false
https://dandiarchive.s3.amazonaws.com/blobs/13d/b29/13db29ff-1454-412d-8680-ecd7a38c6f95,640890,reward_restoration,2,1.0,-1.0,true,go_minus_catch,,,,,,,,,,,,,,,,,0.75,0.11488511488511488,,,34,38,0,0,0.6351148851148851,,72,0,true,true,true,false,false,false
https://dandiarchive.s3.amazonaws.com/blobs/19d/56b/19d56bf0-7ecb-4c4f-b08d-3f05701ae315,640890,reward_withdrawal,1,-1.0,1.0,true,catch,0.42857142857142855,0.3635799999997289,7,3,0.0,,3,0,0.5,0.328899999999976,6,3,0.0,,7,0,0.42857142857142855,0.5,,,10,13,3,3,-0.07142857142857145,,23,6,true,true,true,false,false,false
https://dandiarchive.s3.amazonaws.com/blobs/19d/56b/19d56bf0-7ecb-4c4f-b08d-3f05701ae315,640890,reward_withdrawal,1,-1.0,1.0,true,go,1.0,0.3465099999998529,7,7,0.6428571428571429,0.3951899999997295,14,9,1.0,0.3298300000001291,11,11,1.0,0.36285499999985404,10,10,0.3571428571428571,-0.0,0.0486799999998766,0.03302499999972497,21,21,16,21,0.3571428571428571,0.01565500000015163,42,37,true,true,true,true,true,true
https://dandiarchive.s3.amazonaws.com/blobs/19d/56b/19d56bf0-7ecb-4c4f-b08d-3f05701ae315,640890,reward_withdrawal,1,-1.0,1.0,true,go_minus_catch,,,,,,,,,,,,,,,,,-0.07142857142857145,-0.5,,,31,34,0,0,0.42857142857142855,,65,0,true,true,true,false,false,false
https://dandiarchive.s3.amazonaws.com/blobs/19d/56b/19d56bf0-7ecb-4c4f-b08d-3f05701ae315,640890,reward_restoration,2,1.0,-1.0,true,catch,0.2857142857142857,0.6552949999997963,7,2,0.6666666666666666,0.34623500000020613,6,4,0.0,,5,0,0.0,,8,0,0.38095238095238093,0.0,0.3090599999995902,,13,13,6,0,0.38095238095238093,,26,6,true,true,true,true,false,false
https://dandiarchive.s3.amazonaws.com/blobs/19d/56b/19d56bf0-7ecb-4c4f-b08d-3f05701ae315,640890,reward_restoration,2,1.0,-1.0,true,go,0.1,0.4125699999999597,10,1,1.0,0.3627599999999802,7,7,0.4444444444444444,0.4041650000001482,9,4,0.08333333333333333,0.528889999999592,12,1,0.9,-0.3611111111111111,0.04980999999997948,-0.12472499999944375,17,21,8,5,1.261111111111111,0.17453499999942323,38,13,true,true,true,true,true,true
https://dandiarchive.s3.amazonaws.com/blobs/19d/56b/19d56bf0-7ecb-4c4f-b08d-3f05701ae315,640890,reward_restoration,2,1.0,-1.0,true,go_minus_catch,,,,,,,,,,,,,,,,,0.5190476190476191,-0.3611111111111111,,,30,34,0,0,0.8801587301587301,,64,0,true,true,true,false,false,false
https://dandiarchive.s3.amazonaws.com/blobs/2b3/c82/2b3c82b7-a1e0-42ac-a96d-cfc0fac219b7,640890,reward_withdrawal,1,-1.0,1.0,true,catch,0.25,0.3121399999999994,4,1,0.14285714285714285,0.3125599999998485,7,1,0.16666666666666666,0.37913000000003194,6,1,0.0,,4,0,0.10714285714285715,0.16666666666666666,0.00041999999984909664,,11,10,2,1,-0.05952380952380951,,21,3,true,true,true,true,false,false
https://dandiarchive.s3.amazonaws.com/blobs/2b3/c82/2b3c82b7-a1e0-42ac-a96d-cfc0fac219b7,640890,reward_withdrawal,1,-1.0,1.0,true,go,0.875,0.36295999999993,8,7,0.6666666666666666,0.38735499999984313,9,6,0.9,0.36276999999995496,10,9,0.8571428571428571,0.3295949999999266,7,6,0.20833333333333337,0.04285714285714293,0.024394999999913125,-0.033175000000028376,17,17,13,15,0.16547619047619044,0.0575699999999415,34,28,true,true,true,true,true,true
https://dandiarchive.s3.amazonaws.com/blobs/2b3/c82/2b3c82b7-a1e0-42ac-a96d-cfc0fac219b7,640890,reward_withdrawal,1,-1.0,1.0,true,go_minus_catch,,,,,,,,,,,,,,,,,0.10119047619047622,-0.12380952380952373,,,28,27,0,0,0.22499999999999995,,55,0,true,true,true,false,false,false
https://dandiarchive.s3.amazonaws.com/blobs/2b3/c82/2b3c82b7-a1e0-42ac-a96d-cfc0fac219b7,640890,reward_restoration,2,1.0,-1.0,true,catch,0.0,,5,0,0.125,0.2792600000002494,8,1,0.0,,7,0,0.0,,8,0,0.125,0.0,,,13,15,1,0,0.125,,28,1,true,true,true,false,false,false
https://dandiarchive.s3.amazonaws.com/blobs/2b3/c82/2b3c82b7-a1e0-42ac-a96d-cfc0fac219b7,640890,reward_restoration,2,1.0,-1.0,true,go,0.36363636363636365,0.4381599999999253,11,4,0.42857142857142855,0.3799599999997554,7,3,0.5833333333333334,0.4126200000000608,12,7,0.3,0.41247999999995955,10,3,0.0649350649350649,-0.2833333333333334,0.058200000000169894,0.00014000000010128133,18,22,7,10,0.3482683982683983,0.05806000000006861,40,17,true,true,true,true,true,true
https://dandiarchive.s3.amazonaws.com/blobs/2b3/c82/2b3c82b7-a1e0-42ac-a96d-cfc0fac219b7,640890,reward_restoration,2,1.0,-1.0,true,go_minus_catch,,,,,,,,,,,,,,,,,-0.0600649350649351,-0.2833333333333334,,,31,37,0,0,0.22326839826839828,,68,0,true,true,true,false,false,false
https://dandiarchive.s3.amazonaws.com/blobs/e3b/977/e3b97777-89fa-4730-8d0e-fae22e471f07,640890,reward_withdrawal,1,-1.0,1.0,true,catch,0.0,,6,0,0.16666666666666666,0.345890000000054,6,1,0.0,,5,0,0.0,,6,0,-0.16666666666666666,-0.0,,,12,11,1,0,-0.16666666666666666,,23,1,true,true,true,false,false,false
https://dandiarchive.s3.amazonaws.com/blobs/e3b/977/e3b97777-89fa-4730-8d0e-fae22e471f07,640890,reward_withdrawal,1,-1.0,1.0,true,go,1.0,0.3461400000001049,9,9,0.4,0.45351000000005115,10,4,0.9,0.3793399999999565,10,9,1.0,0.33003000000007887,9,9,0.6,-0.09999999999999998,0.10736999999994623,-0.04930999999987762,19,19,13,18,0.7,0.15667999999982385,38,31,true,true,true,true,true,true
https://dandiarchive.s3.amazonaws.com/blobs/e3b/977/e3b97777-89fa-4730-8d0e-fae22e471f07,640890,reward_withdrawal,1,-1.0,1.0,true,go_minus_catch,,,,,,,,,,,,,,,,,0.7666666666666666,-0.09999999999999998,,,31,30,0,0,0.8666666666666666,,61,0,true,true,true,false,false,false
https://dandiarchive.s3.amazonaws.com/blobs/e3b/977/e3b97777-89fa-4730-8d0e-fae22e471f07,640890,reward_restoration,2,1.0,-1.0,true,catch,0.0,,7,0,0.0,,3,0,0.0,,7,0,0.0,,8,0,0.0,0.0,,,10,15,0,0,0.0,,25,0,true,true,true,false,false,false
https://dandiarchive.s3.amazonaws.com/blobs/e3b/977/e3b97777-89fa-4730-8d0e-fae22e471f07,640890,reward_restoration,2,1.0,-1.0,true,go,0.23076923076923078,0.5274199999998928,13,3,1.0,0.3545800000001691,10,10,0.0,,13,0,0.0,,11,0,0.7692307692307692,0.0,0.17283999999972366,,23,24,13,0,0.7692307692307692,,47,13,true,true,true,true,false,false
https://dandiarchive.s3.amazonaws.com/blobs/e3b/977/e3b97777-89fa-4730-8d0e-fae22e471f07,640890,reward_restoration,2,1.0,-1.0,true,go_minus_catch,,,,,,,,,,,,,,,,,0.7692307692307692,0.0,,,33,39,0,0,0.7692307692307692,,72,0,true,true,true,false,false,false
https://dandiarchive.s3.amazonaws.com/blobs/4c0/643/4c064370-d6ec-45fb-8be0-edf4ac91097f,642504,reward_withdrawal,1,-1.0,1.0,true,catch,0.0,,6,0,0.0,,8,0,0.125,0.3125099999997474,8,1,0.3333333333333333,0.36245000000008076,3,1,-0.0,-0.20833333333333331,,0.049940000000333384,14,11,0,2,0.20833333333333331,,25,2,true,true,true,false,true,false
https://dandiarchive.s3.amazonaws.com/blobs/4c0/643/4c064370-d6ec-45fb-8be0-edf4ac91097f,642504,reward_withdrawal,1,-1.0,1.0,true,go,1.0,0.29633000000012544,10,10,0.7,0.3291500000000269,10,7,0.9,0.3125199999999495,10,9,1.0,0.2962899999997717,9,9,0.30000000000000004,-0.09999999999999998,0.032819999999901484,-0.016230000000177824,20,19,17,18,0.4,0.04905000000007931,39,35,true,true,true,true,true,true
https://dandiarchive.s3.amazonaws.com/blobs/4c0/643/4c064370-d6ec-45fb-8be0-edf4ac91097f,642504,reward_withdrawal,1,-1.0,1.0,true,go_minus_catch,,,,,,,,,,,,,,,,,0.30000000000000004,0.10833333333333334,,,34,30,0,0,0.1916666666666667,,64,0,true,true,true,false,false,false
https://dandiarchive.s3.amazonaws.com/blobs/4c0/643/4c064370-d6ec-45fb-8be0-edf4ac91097f,642504,reward_restoration,2,1.0,-1.0,true,catch,0.0,,7,0,0.0,,3,0,0.0,,5,0,0.0,,8,0,0.0,0.0,,,10,13,0,0,0.0,,23,0,true,true,true,false,false,false
https://dandiarchive.s3.amazonaws.com/blobs/4c0/643/4c064370-d6ec-45fb-8be0-edf4ac91097f,642504,reward_restoration,2,1.0,-1.0,true,go,0.0,,14,0,0.9090909090909091,0.29628000000047905,11,10,0.2857142857142857,0.3541349999998147,7,2,0.07692307692307693,0.41255999999975757,13,1,0.9090909090909091,-0.20879120879120877,,-0.058424999999942884,25,20,10,3,1.1178821178821179,,45,13,true,true,true,false,true,false
https://dandiarchive.s3.amazonaws.com/blobs/4c0/643/4c064370-d6ec-45fb-8be0-edf4ac91097f,642504,reward_restoration,2,1.0,-1.0,true,go_minus_catch,,,,,,,,,,,,,,,,,0.9090909090909091,-0.20879120879120877,,,35,33,0,0,1.1178821178821179,,68,0,true,true,true,false,false,false
https://dandiarchive.s3.amazonaws.com/blobs/559/41e/55941ebd-ef47-4d38-80af-0fabd499db6d,642504,reward_withdrawal,1,-1.0,1.0,true,catch,0.16666666666666666,0.32918000000017855,6,1,0.2,0.3291100000001279,5,1,0.0,,4,0,0.0,,7,0,-0.033333333333333354,-0.0,-0.00007000000005064066,,11,11,2,0,-0.033333333333333354,,22,2,true,true,true,true,false,false
https://dandiarchive.s3.amazonaws.com/blobs/559/41e/55941ebd-ef47-4d38-80af-0fabd499db6d,642504,reward_withdrawal,1,-1.0,1.0,true,go,1.0,0.31278999999994994,9,9,0.2,0.32106499999986227,10,2,0.9166666666666666,0.29632999999989806,12,11,0.8181818181818182,0.3132999999997992,11,9,0.8,0.0984848484848484,0.008274999999912325,0.01696999999990112,19,23,11,20,0.7015151515151516,-0.008694999999988795,42,31,true,true,true,true,true,true
https://dandiarchive.s3.amazonaws.com/blobs/559/41e/55941ebd-ef47-4d38-80af-0fabd499db6d,642504,reward_withdrawal,1,-1.0,1.0,true,go_minus_catch,,,,,,,,,,,,,,,,,0.8333333333333334,0.0984848484848484,,,30,34,0,0,0.734848484848485,,64,0,true,true,true,false,false,false
https://dandiarchive.s3.amazonaws.com/blobs/559/41e/55941ebd-ef47-4d38-80af-0fabd499db6d,642504,reward_restoration,2,1.0,-1.0,true,catch,0.0,,4,0,0.0,,6,0,0.0,,6,0,0.0,,5,0,0.0,0.0,,,10,11,0,0,0.0,,21,0,true,true,true,false,false,false
https://dandiarchive.s3.amazonaws.com/blobs/559/41e/55941ebd-ef47-4d38-80af-0fabd499db6d,642504,reward_restoration,2,1.0,-1.0,true,go,0.2727272727272727,0.5637099999999009,11,3,0.9,0.3129400000007081,10,9,0.3076923076923077,0.5209900000002108,13,4,0.16666666666666666,0.42913500000008753,12,2,0.6272727272727273,-0.14102564102564105,0.2507699999991928,0.09185500000012325,21,25,12,6,0.7682983682983684,0.15891499999906955,46,18,true,true,true,true,true,true
https://dandiarchive.s3.amazonaws.com/blobs/559/41e/55941ebd-ef47-4d38-80af-0fabd499db6d,642504,reward_restoration,2,1.0,-1.0,true,go_minus_catch,,,,,,,,,,,,,,,,,0.6272727272727273,-0.14102564102564105,,,31,36,0,0,0.7682983682983684,,67,0,true,true,true,false,false,false
https://dandiarchive.s3.amazonaws.com/blobs/88d/b29/88db2938-a9e0-491c-8056-f83cc894edf3,642504,reward_withdrawal,1,-1.0,1.0,true,catch,0.0,,7,0,0.0,,8,0,0.0,,4,0,0.0,,7,0,-0.0,-0.0,,,15,11,0,0,0.0,,26,0,true,true,true,false,false,false
https://dandiarchive.s3.amazonaws.com/blobs/88d/b29/88db2938-a9e0-491c-8056-f83cc894edf3,642504,reward_withdrawal,1,-1.0,1.0,true,go,0.9090909090909091,0.3294249999996737,11,10,0.9,0.41251999999985856,10,9,0.875,0.32981999999992695,8,7,1.0,0.3297050000001036,10,10,0.009090909090909038,-0.125,0.08309500000018488,-0.00011499999982333975,21,18,19,17,0.13409090909090904,0.08321000000000822,39,36,true,true,true,true,true,true
https://dandiarchive.s3.amazonaws.com/blobs/88d/b29/88db2938-a9e0-491c-8056-f83cc894edf3,642504,reward_withdrawal,1,-1.0,1.0,true,go_minus_catch,,,,,,,,,,,,,,,,,0.009090909090909038,-0.125,,,36,29,0,0,0.13409090909090904,,65,0,true,true,true,false,false,false
https://dandiarchive.s3.amazonaws.com/blobs/88d/b29/88db2938-a9e0-491c-8056-f83cc894edf3,642504,reward_restoration,2,1.0,-1.0,true,catch,0.0,,7,0,0.0,,7,0,0.0,,8,0,0.0,,6,0,0.0,0.0,,,14,14,0,0,0.0,,28,0,true,true,true,false,false,false
https://dandiarchive.s3.amazonaws.com/blobs/88d/b29/88db2938-a9e0-491c-8056-f83cc894edf3,642504,reward_restoration,2,1.0,-1.0,true,go,0.18181818181818182,0.40455999999994674,11,2,0.875,0.31300999999984924,8,7,0.3333333333333333,0.3958150000000842,12,4,0.07692307692307693,0.36245999999982814,13,1,0.6931818181818181,-0.2564102564102564,0.0915500000000975,0.03335500000025604,19,25,9,5,0.9495920745920745,0.05819499999984146,44,14,true,true,true,true,true,true
https://dandiarchive.s3.amazonaws.com/blobs/88d/b29/88db2938-a9e0-491c-8056-f83cc894edf3,642504,reward_restoration,2,1.0,-1.0,true,go_minus_catch,,,,,,,,,,,,,,,,,0.6931818181818181,-0.2564102564102564,,,33,39,0,0,0.9495920745920745,,72,0,true,true,true,false,false,false
