subject_id,response_group,reward_block,bin_center_seconds,mean_sign_aligned_rate_hz,n_sessions,n_unit_session_contributions,group_order,response_group_label,block_order,reward_block_label
614547,early_sensory,engaged_1,-0.2375,-0.041286863270777525,1,373,1,Early sensory,1,E1
614547,early_sensory,engaged_1,-0.21250000000000002,-0.1592493297587132,1,373,1,Early sensory,1,E1
614547,early_sensory,engaged_1,-0.1875,-0.12171581769437007,1,373,1,Early sensory,1,E1
614547,early_sensory,engaged_1,-0.16249999999999998,-0.052010723860589886,1,373,1,Early sensory,1,E1
614547,early_sensory,engaged_1,-0.1375,-0.02520107238605903,1,373,1,Early sensory,1,E1
614547,early_sensory,engaged_1,-0.11249999999999999,0.38766756032171573,1,373,1,Early sensory,1,E1
614547,early_sensory,engaged_1,-0.08749999999999998,0.13029490616621978,1,373,1,Early sensory,1,E1
614547,early_sensory,engaged_1,-0.062499999999999986,-0.08418230563002688,1,373,1,Early sensory,1,E1
614547,early_sensory,engaged_1,-0.03749999999999999,0.012332439678284086,1,373,1,Early sensory,1,E1
614547,early_sensory,engaged_1,-0.012499999999999997,-0.04664879356568373,1,373,1,Early sensory,1,E1
614547,early_sensory,engaged_1,0.012500000000000011,0.05522788203753341,1,373,1,Early sensory,1,E1
614547,early_sensory,engaged_1,0.03750000000000003,0.19463806970509373,1,373,1,Early sensory,1,E1
614547,early_sensory,engaged_1,0.06250000000000003,0.6986595174262734,1,373,1,Early sensory,1,E1
614547,early_sensory,engaged_1,0.08750000000000002,2.01769436997319,1,373,1,Early sensory,1,E1
614547,early_sensory,engaged_1,0.11250000000000002,2.360857908847185,1,373,1,Early sensory,1,E1
614547,early_sensory,engaged_1,0.1375,1.8997319034852544,1,373,1,Early sensory,1,E1
614547,early_sensory,engaged_1,0.16250000000000003,1.2187667560321715,1,373,1,Early sensory,1,E1
614547,early_sensory,engaged_1,0.18750000000000003,1.2831099195710456,1,373,1,Early sensory,1,E1
614547,early_sensory,engaged_1,0.21250000000000002,0.5806970509383377,1,373,1,Early sensory,1,E1
614547,early_sensory,engaged_1,0.23750000000000002,0.7308310991957103,1,373,1,Early sensory,1,E1
614547,early_sensory,engaged_1,0.2625,0.6664879356568364,1,373,1,Early sensory,1,E1
614547,early_sensory,engaged_1,0.28750000000000003,0.3715817694369972,1,373,1,Early sensory,1,E1
614547,early_sensory,engaged_1,0.31250000000000006,0.5485254691689007,1,373,1,Early sensory,1,E1
614547,early_sensory,engaged_1,0.3375000000000001,0.2160857908847184,1,373,1,Early sensory,1,E1
614547,early_sensory,engaged_1,0.36250000000000004,-0.14852546916890083,1,373,1,Early sensory,1,E1
614547,early_sensory,engaged_1,0.3875,-0.21823056300268107,1,373,1,Early sensory,1,E1
614547,early_sensory,engaged_1,0.41250000000000003,-0.1914209115281502,1,373,1,Early sensory,1,E1
614547,early_sensory,engaged_1,0.43750000000000006,-0.12707774798927624,1,373,1,Early sensory,1,E1
614547,early_sensory,engaged_1,0.4625000000000001,0.01233243967828415,1,373,1,Early sensory,1,E1
614547,early_sensory,engaged_1,0.48750000000000004,0.5109919571045576,1,373,1,Early sensory,1,E1
614547,early_sensory,engaged_1,0.5125,0.3608579088471849,1,373,1,Early sensory,1,E1
614547,early_sensory,engaged_1,0.5375000000000001,0.1999999999999999,1,373,1,Early sensory,1,E1
614547,early_sensory,engaged_1,0.5625,0.08203753351206428,1,373,1,Early sensory,1,E1
614547,early_sensory,engaged_1,0.5875000000000001,0.19999999999999996,1,373,1,Early sensory,1,E1
614547,early_sensory,engaged_1,0.6125,0.1571045576407506,1,373,1,Early sensory,1,E1
614547,early_sensory,engaged_1,0.6375,-0.11635388739946388,1,373,1,Early sensory,1,E1
614547,early_sensory,engaged_1,0.6625000000000001,0.1195710455764074,1,373,1,Early sensory,1,E1
614547,early_sensory,engaged_1,0.6875,0.22680965147453075,1,373,1,Early sensory,1,E1
614547,early_sensory,engaged_1,0.7125000000000001,0.07131367292225192,1,373,1,Early sensory,1,E1
614547,early_sensory,engaged_1,0.7375,0.03914209115281491,1,373,1,Early sensory,1,E1
614608,early_sensory,engaged_1,-0.2375,-0.022286557861067875,2,1260,1,Early sensory,1,E1
614608,early_sensory,engaged_1,-0.21250000000000002,-0.0659919626014927,2,1260,1,Early sensory,1,E1
614608,early_sensory,engaged_1,-0.1875,-0.04823177232838517,2,1260,1,Early sensory,1,E1
614608,early_sensory,engaged_1,-0.16249999999999998,-0.012600672517018026,2,1260,1,Early sensory,1,E1
614608,early_sensory,engaged_1,-0.1375,-0.07676453702944316,2,1260,1,Early sensory,1,E1
614608,early_sensory,engaged_1,-0.11249999999999999,0.0351111293365045,2,1260,1,Early sensory,1,E1
614608,early_sensory,engaged_1,-0.08749999999999998,0.046623882555564614,2,1260,1,Early sensory,1,E1
614608,early_sensory,engaged_1,-0.062499999999999986,-0.025524071188386836,2,1260,1,Early sensory,1,E1
614608,early_sensory,engaged_1,-0.03749999999999999,0.14565816452062655,2,1260,1,Early sensory,1,E1
614608,early_sensory,engaged_1,-0.012499999999999997,0.024006397113097624,2,1260,1,Early sensory,1,E1
614608,early_sensory,engaged_1,0.012500000000000011,0.09849995899286473,2,1260,1,Early sensory,1,E1
614608,early_sensory,engaged_1,0.03750000000000003,-0.008372836873616049,2,1260,1,Early sensory,1,E1
614608,early_sensory,engaged_1,0.06250000000000003,1.4700512589190518,2,1260,1,Early sensory,1,E1
614608,early_sensory,engaged_1,0.08750000000000002,2.7645563027966866,2,1260,1,Early sensory,1,E1
614608,early_sensory,engaged_1,0.11250000000000002,2.675941933896498,2,1260,1,Early sensory,1,E1
614608,early_sensory,engaged_1,0.1375,2.4101603378987946,2,1260,1,Early sensory,1,E1
614608,early_sensory,engaged_1,0.16250000000000003,1.6514955302222587,2,1260,1,Early sensory,1,E1
614608,early_sensory,engaged_1,0.18750000000000003,1.4807479701468054,2,1260,1,Early sensory,1,E1
614608,early_sensory,engaged_1,0.21250000000000002,1.3293045189863035,2,1260,1,Early sensory,1,E1
614608,early_sensory,engaged_1,0.23750000000000002,1.2983297793816122,2,1260,1,Early sensory,1,E1
614608,early_sensory,engaged_1,0.2625,0.8864725662265234,2,1260,1,Early sensory,1,E1
614608,early_sensory,engaged_1,0.28750000000000003,0.8744062166817026,2,1260,1,Early sensory,1,E1
614608,early_sensory,engaged_1,0.31250000000000006,1.0509788403182152,2,1260,1,Early sensory,1,E1
614608,early_sensory,engaged_1,0.3375000000000001,0.4279143771016156,2,1260,1,Early sensory,1,E1
614608,early_sensory,engaged_1,0.36250000000000004,-0.03873862051997051,2,1260,1,Early sensory,1,E1
614608,early_sensory,engaged_1,0.3875,0.008093578282621122,2,1260,1,Early sensory,1,E1
614608,early_sensory,engaged_1,0.41250000000000003,0.2083068153858771,2,1260,1,Early sensory,1,E1
614608,early_sensory,engaged_1,0.43750000000000006,0.19137701960141057,2,1260,1,Early sensory,1,E1
614608,early_sensory,engaged_1,0.4625000000000001,0.17330517510046745,2,1260,1,Early sensory,1,E1
614608,early_sensory,engaged_1,0.48750000000000004,0.3816767817600262,2,1260,1,Early sensory,1,E1
614608,early_sensory,engaged_1,0.5125,0.07582096284753542,2,1260,1,Early sensory,1,E1
614608,early_sensory,engaged_1,0.5375000000000001,0.01061141638645123,2,1260,1,Early sensory,1,E1
614608,early_sensory,engaged_1,0.5625,-0.02742065119330768,2,1260,1,Early sensory,1,E1
614608,early_sensory,engaged_1,0.5875000000000001,0.12037726564422205,2,1260,1,Early sensory,1,E1
614608,early_sensory,engaged_1,0.6125,0.21364799475108662,2,1260,1,Early sensory,1,E1
614608,early_sensory,engaged_1,0.6375,0.14942877060608542,2,1260,1,Early sensory,1,E1
614608,early_sensory,engaged_1,0.6625000000000001,0.1629754777331255,2,1260,1,Early sensory,1,E1
614608,early_sensory,engaged_1,0.6875,0.0371102271795292,2,1260,1,Early sensory,1,E1
614608,early_sensory,engaged_1,0.7125000000000001,0.028461822357090084,2,1260,1,Early sensory,1,E1
614608,early_sensory,engaged_1,0.7375,0.0613392930369884,2,1260,1,Early sensory,1,E1
615048,early_sensory,engaged_1,-0.2375,0.0547362678765172,2,1070,1,Early sensory,1,E1
615048,early_sensory,engaged_1,-0.21250000000000002,-0.04587282567039341,2,1070,1,Early sensory,1,E1
615048,early_sensory,engaged_1,-0.1875,-0.005112808366001634,2,1070,1,Early sensory,1,E1
615048,early_sensory,engaged_1,-0.16249999999999998,-0.07758810124768875,2,1070,1,Early sensory,1,E1
615048,early_sensory,engaged_1,-0.1375,-0.015561812007774817,2,1070,1,Early sensory,1,E1
615048,early_sensory,engaged_1,-0.11249999999999999,-0.06825603215476503,2,1070,1,Early sensory,1,E1
615048,early_sensory,engaged_1,-0.08749999999999998,0.06585705099332305,2,1070,1,Early sensory,1,E1
615048,early_sensory,engaged_1,-0.062499999999999986,-0.01389450391311544,2,1070,1,Early sensory,1,E1
615048,early_sensory,engaged_1,-0.03749999999999999,0.05624170139887959,2,1070,1,Early sensory,1,E1
615048,early_sensory,engaged_1,-0.012499999999999997,0.04945106309101922,2,1070,1,Early sensory,1,E1
615048,early_sensory,engaged_1,0.012500000000000011,-0.08844179132020451,2,1070,1,Early sensory,1,E1
615048,early_sensory,engaged_1,0.03750000000000003,0.10578341425038515,2,1070,1,Early sensory,1,E1
615048,early_sensory,engaged_1,0.06250000000000003,1.7333472545465507,2,1070,1,Early sensory,1,E1
615048,early_sensory,engaged_1,0.08750000000000002,4.033200474778121,2,1070,1,Early sensory,1,E1
615048,early_sensory,engaged_1,0.11250000000000002,3.5920356091684136,2,1070,1,Early sensory,1,E1
615048,early_sensory,engaged_1,0.1375,2.1058449265878583,2,1070,1,Early sensory,1,E1
615048,early_sensory,engaged_1,0.16250000000000003,1.1870408073656167,2,1070,1,Early sensory,1,E1
615048,early_sensory,engaged_1,0.18750000000000003,0.7941145643004246,2,1070,1,Early sensory,1,E1
615048,early_sensory,engaged_1,0.21250000000000002,0.5839689945444222,2,1070,1,Early sensory,1,E1
615048,early_sensory,engaged_1,0.23750000000000002,0.6152553025051304,2,1070,1,Early sensory,1,E1
615048,early_sensory,engaged_1,0.2625,0.5520716100732928,2,1070,1,Early sensory,1,E1
615048,early_sensory,engaged_1,0.28750000000000003,0.7146462898955059,2,1070,1,Early sensory,1,E1
615048,early_sensory,engaged_1,0.31250000000000006,0.613855087454761,2,1070,1,Early sensory,1,E1
615048,early_sensory,engaged_1,0.3375000000000001,0.2246519595524006,2,1070,1,Early sensory,1,E1
615048,early_sensory,engaged_1,0.36250000000000004,-0.2774222607483704,2,1070,1,Early sensory,1,E1
615048,early_sensory,engaged_1,0.3875,-0.25022328573816216,2,1070,1,Early sensory,1,E1
615048,early_sensory,engaged_1,0.41250000000000003,-0.3184696054185894,2,1070,1,Early sensory,1,E1
615048,early_sensory,engaged_1,0.43750000000000006,-0.2621574885807606,2,1070,1,Early sensory,1,E1
615048,early_sensory,engaged_1,0.4625000000000001,-0.2526635449155399,2,1070,1,Early sensory,1,E1
615048,early_sensory,engaged_1,0.48750000000000004,0.02180288614268676,2,1070,1,Early sensory,1,E1
615048,early_sensory,engaged_1,0.5125,0.16339457453089762,2,1070,1,Early sensory,1,E1
615048,early_sensory,engaged_1,0.5375000000000001,0.3114126834393004,2,1070,1,Early sensory,1,E1
615048,early_sensory,engaged_1,0.5625,0.018144520808773913,2,1070,1,Early sensory,1,E1
615048,early_sensory,engaged_1,0.5875000000000001,-0.17839953800997066,2,1070,1,Early sensory,1,E1
615048,early_sensory,engaged_1,0.6125,-0.09866821742506926,2,1070,1,Early sensory,1,E1
615048,early_sensory,engaged_1,0.6375,0.06919166718264187,2,1070,1,Early sensory,1,E1
615048,early_sensory,engaged_1,0.6625000000000001,0.08512821882528429,2,1070,1,Early sensory,1,E1
615048,early_sensory,engaged_1,0.6875,0.12737343533050133,2,1070,1,Early sensory,1,E1
615048,early_sensory,engaged_1,0.7125000000000001,0.018508738596442247,2,1070,1,Early sensory,1,E1
615048,early_sensory,engaged_1,0.7375,-0.10061880602124848,2,1070,1,Early sensory,1,E1
615564,early_sensory,engaged_1,-0.2375,0.1218003011481272,2,1011,1,Early sensory,1,E1
615564,early_sensory,engaged_1,-0.21250000000000002,0.028818340317196142,2,1011,1,Early sensory,1,E1
615564,early_sensory,engaged_1,-0.1875,-0.0889414742389571,2,1011,1,Early sensory,1,E1
615564,early_sensory,engaged_1,-0.16249999999999998,0.09852075841778356,2,1011,1,Early sensory,1,E1
615564,early_sensory,engaged_1,-0.1375,-0.007203037237362217,2,1011,1,Early sensory,1,E1
615564,early_sensory,engaged_1,-0.11249999999999999,-0.12543339574232024,2,1011,1,Early sensory,1,E1
615564,early_sensory,engaged_1,-0.08749999999999998,-0.04957675810078557,2,1011,1,Early sensory,1,E1
615564,early_sensory,engaged_1,-0.062499999999999986,0.10935565197578924,2,1011,1,Early sensory,1,E1
615564,early_sensory,engaged_1,-0.03749999999999999,-0.01907808057693644,2,1011,1,Early sensory,1,E1
615564,early_sensory,engaged_1,-0.012499999999999997,-0.06826230596253482,2,1011,1,Early sensory,1,E1
615564,early_sensory,engaged_1,0.012500000000000011,0.011061497617561651,2,1011,1,Early sensory,1,E1
615564,early_sensory,engaged_1,0.03750000000000003,0.21303629627428253,2,1011,1,Early sensory,1,E1
615564,early_sensory,engaged_1,0.06250000000000003,2.7225586198698326,2,1011,1,Early sensory,1,E1
615564,early_sensory,engaged_1,0.08750000000000002,5.070610072612361,2,1011,1,Early sensory,1,E1
615564,early_sensory,engaged_1,0.11250000000000002,5.094867851446798,2,1011,1,Early sensory,1,E1
615564,early_sensory,engaged_1,0.1375,3.6874213696296074,2,1011,1,Early sensory,1,E1
615564,early_sensory,engaged_1,0.16250000000000003,2.6968025300405163,2,1011,1,Early sensory,1,E1
615564,early_sensory,engaged_1,0.18750000000000003,1.8834673145313876,2,1011,1,Early sensory,1,E1
615564,early_sensory,engaged_1,0.21250000000000002,1.792961900799429,2,1011,1,Early sensory,1,E1
615564,early_sensory,engaged_1,0.23750000000000002,1.665209218698921,2,1011,1,Early sensory,1,E1
615564,early_sensory,engaged_1,0.2625,1.5288505354294828,2,1011,1,Early sensory,1,E1
615564,early_sensory,engaged_1,0.28750000000000003,1.4219751453733145,2,1011,1,Early sensory,1,E1
615564,early_sensory,engaged_1,0.31250000000000006,0.9187160093910667,2,1011,1,Early sensory,1,E1
615564,early_sensory,engaged_1,0.3375000000000001,0.2923477171188841,2,1011,1,Early sensory,1,E1
615564,early_sensory,engaged_1,0.36250000000000004,-0.30453728194002794,2,1011,1,Early sensory,1,E1
615564,early_sensory,engaged_1,0.3875,-0.6817897015265436,2,1011,1,Early sensory,1,E1
615564,early_sensory,engaged_1,0.41250000000000003,-0.6485420567228348,2,1011,1,Early sensory,1,E1
615564,early_sensory,engaged_1,0.43750000000000006,-0.4368839589091305,2,1011,1,Early sensory,1,E1
615564,early_sensory,engaged_1,0.4625000000000001,-0.017963634382398737,2,1011,1,Early sensory,1,E1
615564,early_sensory,engaged_1,0.48750000000000004,0.40434955966992575,2,1011,1,Early sensory,1,E1
615564,early_sensory,engaged_1,0.5125,0.4574095812654164,2,1011,1,Early sensory,1,E1
615564,early_sensory,engaged_1,0.5375000000000001,-0.03844467889090319,2,1011,1,Early sensory,1,E1
615564,early_sensory,engaged_1,0.5625,-0.18446189584633524,2,1011,1,Early sensory,1,E1
615564,early_sensory,engaged_1,0.5875000000000001,-0.25631890992302897,2,1011,1,Early sensory,1,E1
615564,early_sensory,engaged_1,0.6125,-0.24334180312441187,2,1011,1,Early sensory,1,E1
615564,early_sensory,engaged_1,0.6375,-0.1232045033532448,2,1011,1,Early sensory,1,E1
615564,early_sensory,engaged_1,0.6625000000000001,0.05900744945367366,2,1011,1,Early sensory,1,E1
615564,early_sensory,engaged_1,0.6875,0.14854700981703264,2,1011,1,Early sensory,1,E1
615564,early_sensory,engaged_1,0.7125000000000001,0.07829975135467124,2,1011,1,Early sensory,1,E1
615564,early_sensory,engaged_1,0.7375,-0.2579905792148355,2,1011,1,Early sensory,1,E1
623319,early_sensory,engaged_1,-0.2375,-0.021328699671805455,2,651,1,Early sensory,1,E1
623319,early_sensory,engaged_1,-0.21250000000000002,0.356568984259546,2,651,1,Early sensory,1,E1
623319,early_sensory,engaged_1,-0.1875,0.3482737047329444,2,651,1,Early sensory,1,E1
623319,early_sensory,engaged_1,-0.16249999999999998,0.10111760756739004,2,651,1,Early sensory,1,E1
623319,early_sensory,engaged_1,-0.1375,-0.021534470825183918,2,651,1,Early sensory,1,E1
623319,early_sensory,engaged_1,-0.11249999999999999,-0.16660521245351964,2,651,1,Early sensory,1,E1
623319,early_sensory,engaged_1,-0.08749999999999998,-0.0530029078166018,2,651,1,Early sensory,1,E1
623319,early_sensory,engaged_1,-0.062499999999999986,-0.27198082794829537,2,651,1,Early sensory,1,E1
623319,early_sensory,engaged_1,-0.03749999999999999,0.005340488903946394,2,651,1,Early sensory,1,E1
623319,early_sensory,engaged_1,-0.012499999999999997,-0.2768486667484209,2,651,1,Early sensory,1,E1
623319,early_sensory,engaged_1,0.012500000000000011,-0.152276057590981,2,651,1,Early sensory,1,E1
623319,early_sensory,engaged_1,0.03750000000000003,-0.07240567263264447,2,651,1,Early sensory,1,E1
623319,early_sensory,engaged_1,0.06250000000000003,1.150483977909739,2,651,1,Early sensory,1,E1
623319,early_sensory,engaged_1,0.08750000000000002,2.852394324041761,2,651,1,Early sensory,1,E1
623319,early_sensory,engaged_1,0.11250000000000002,2.610517607983089,2,651,1,Early sensory,1,E1
623319,early_sensory,engaged_1,0.1375,1.9917720637599583,2,651,1,Early sensory,1,E1
623319,early_sensory,engaged_1,0.16250000000000003,1.3691875365035946,2,651,1,Early sensory,1,E1
623319,early_sensory,engaged_1,0.18750000000000003,1.1562434917078381,2,651,1,Early sensory,1,E1
623319,early_sensory,engaged_1,0.21250000000000002,0.9371283908072257,2,651,1,Early sensory,1,E1
623319,early_sensory,engaged_1,0.23750000000000002,0.9142295948802474,2,651,1,Early sensory,1,E1
623319,early_sensory,engaged_1,0.2625,0.7043700388886693,2,651,1,Early sensory,1,E1
623319,early_sensory,engaged_1,0.28750000000000003,0.8349058545010881,2,651,1,Early sensory,1,E1
623319,early_sensory,engaged_1,0.31250000000000006,1.125664651217895,2,651,1,Early sensory,1,E1
623319,early_sensory,engaged_1,0.3375000000000001,0.5228923525878321,2,651,1,Early sensory,1,E1
623319,early_sensory,engaged_1,0.36250000000000004,0.003079084713281749,2,651,1,Early sensory,1,E1
623319,early_sensory,engaged_1,0.3875,-0.08844750861017175,2,651,1,Early sensory,1,E1
623319,early_sensory,engaged_1,0.41250000000000003,-0.2691686221854559,2,651,1,Early sensory,1,E1
623319,early_sensory,engaged_1,0.43750000000000006,0.11208791208791208,2,651,1,Early sensory,1,E1
623319,early_sensory,engaged_1,0.4625000000000001,-0.10723295996607896,2,651,1,Early sensory,1,E1
623319,early_sensory,engaged_1,0.48750000000000004,0.21574876797120032,2,651,1,Early sensory,1,E1
623319,early_sensory,engaged_1,0.5125,0.3251005472681281,2,651,1,Early sensory,1,E1
623319,early_sensory,engaged_1,0.5375000000000001,0.3604079672927791,2,651,1,Early sensory,1,E1
623319,early_sensory,engaged_1,0.5625,-0.054649077043629764,2,651,1,Early sensory,1,E1
623319,early_sensory,engaged_1,0.5875000000000001,0.11949151661654021,2,651,1,Early sensory,1,E1
623319,early_sensory,engaged_1,0.6125,0.0237829883375561,2,651,1,Early sensory,1,E1
623319,early_sensory,engaged_1,0.6375,-0.05800792738564635,2,651,1,Early sensory,1,E1
623319,early_sensory,engaged_1,0.6625000000000001,-0.002749019469276748,2,651,1,Early sensory,1,E1
623319,early_sensory,engaged_1,0.6875,0.07403687668488121,2,651,1,Early sensory,1,E1
623319,early_sensory,engaged_1,0.7125000000000001,0.21122388109337226,2,651,1,Early sensory,1,E1
623319,early_sensory,engaged_1,0.7375,0.16117576389942567,2,651,1,Early sensory,1,E1
623322,early_sensory,engaged_1,-0.2375,0.05135067685842074,3,1221,1,Early sensory,1,E1
623322,early_sensory,engaged_1,-0.21250000000000002,-0.16692913450470523,3,1221,1,Early sensory,1,E1
623322,early_sensory,engaged_1,-0.1875,-0.0689481919044143,3,1221,1,Early sensory,1,E1
623322,early_sensory,engaged_1,-0.16249999999999998,-0.008796671865008996,3,1221,1,Early sensory,1,E1
623322,early_sensory,engaged_1,-0.1375,-0.021077828090776827,3,1221,1,Early sensory,1,E1
623322,early_sensory,engaged_1,-0.11249999999999999,0.07238394210202044,3,1221,1,Early sensory,1,E1
623322,early_sensory,engaged_1,-0.08749999999999998,0.029783896030571036,3,1221,1,Early sensory,1,E1
623322,early_sensory,engaged_1,-0.062499999999999986,-0.008029733425005412,3,1221,1,Early sensory,1,E1
623322,early_sensory,engaged_1,-0.03749999999999999,0.017806875720115616,3,1221,1,Early sensory,1,E1
623322,early_sensory,engaged_1,-0.012499999999999997,0.10245616907878359,3,1221,1,Early sensory,1,E1
623322,early_sensory,engaged_1,0.012500000000000011,0.09727519532507384,3,1221,1,Early sensory,1,E1
623322,early_sensory,engaged_1,0.03750000000000003,0.2537756151663659,3,1221,1,Early sensory,1,E1
623322,early_sensory,engaged_1,0.06250000000000003,3.7395942702841722,3,1221,1,Early sensory,1,E1
623322,early_sensory,engaged_1,0.08750000000000002,5.693165108003913,3,1221,1,Early sensory,1,E1
623322,early_sensory,engaged_1,0.11250000000000002,5.099676506615977,3,1221,1,Early sensory,1,E1
623322,early_sensory,engaged_1,0.1375,3.597546435265025,3,1221,1,Early sensory,1,E1
623322,early_sensory,engaged_1,0.16250000000000003,2.1406616269956484,3,1221,1,Early sensory,1,E1
623322,early_sensory,engaged_1,0.18750000000000003,1.5702983742791892,3,1221,1,Early sensory,1,E1
623322,early_sensory,engaged_1,0.21250000000000002,1.533811204321753,3,1221,1,Early sensory,1,E1
623322,early_sensory,engaged_1,0.23750000000000002,1.6772355973404676,3,1221,1,Early sensory,1,E1
623322,early_sensory,engaged_1,0.2625,1.6710481073458128,3,1221,1,Early sensory,1,E1
623322,early_sensory,engaged_1,0.28750000000000003,1.990943548636543,3,1221,1,Early sensory,1,E1
623322,early_sensory,engaged_1,0.31250000000000006,2.2071330324158325,3,1221,1,Early sensory,1,E1
623322,early_sensory,engaged_1,0.3375000000000001,0.5852663372912051,3,1221,1,Early sensory,1,E1
623322,early_sensory,engaged_1,0.36250000000000004,-0.20119066774018016,3,1221,1,Early sensory,1,E1
623322,early_sensory,engaged_1,0.3875,-0.41883985585260725,3,1221,1,Early sensory,1,E1
623322,early_sensory,engaged_1,0.41250000000000003,-0.32844996802608,3,1221,1,Early sensory,1,E1
623322,early_sensory,engaged_1,0.43750000000000006,-0.0878546412268213,3,1221,1,Early sensory,1,E1
623322,early_sensory,engaged_1,0.4625000000000001,0.14719619515619956,3,1221,1,Early sensory,1,E1
623322,early_sensory,engaged_1,0.48750000000000004,1.4886969272055441,3,1221,1,Early sensory,1,E1
623322,early_sensory,engaged_1,0.5125,0.6856960274446205,3,1221,1,Early sensory,1,E1
623322,early_sensory,engaged_1,0.5375000000000001,-0.040282386512467815,3,1221,1,Early sensory,1,E1
623322,early_sensory,engaged_1,0.5625,-0.004209738114153029,3,1221,1,Early sensory,1,E1
623322,early_sensory,engaged_1,0.5875000000000001,-0.06587333883985003,3,1221,1,Early sensory,1,E1
623322,early_sensory,engaged_1,0.6125,-0.04738509834904813,3,1221,1,Early sensory,1,E1
623322,early_sensory,engaged_1,0.6375,0.2146223194181555,3,1221,1,Early sensory,1,E1
623322,early_sensory,engaged_1,0.6625000000000001,0.5466874682933717,3,1221,1,Early sensory,1,E1
623322,early_sensory,engaged_1,0.6875,0.3753071813556166,3,1221,1,Early sensory,1,E1
623322,early_sensory,engaged_1,0.7125000000000001,0.10440918016766003,3,1221,1,Early sensory,1,E1
623322,early_sensory,engaged_1,0.7375,0.08053724186494447,3,1221,1,Early sensory,1,E1
626279,early_sensory,engaged_1,-0.2375,-0.06600660066006604,1,404,1,Early sensory,1,E1
626279,early_sensory,engaged_1,-0.21250000000000002,0.05186232909005186,1,404,1,Early sensory,1,E1
626279,early_sensory,engaged_1,-0.1875,-0.21687883074021685,1,404,1,Early sensory,1,E1
626279,early_sensory,engaged_1,-0.16249999999999998,-0.009429514380009397,1,404,1,Early sensory,1,E1
626279,early_sensory,engaged_1,-0.1375,-0.22159358793022157,1,404,1,Early sensory,1,E1
626279,early_sensory,engaged_1,-0.11249999999999999,0.07543611504007543,1,404,1,Early sensory,1,E1
626279,early_sensory,engaged_1,-0.08749999999999998,0.1037246581801037,1,404,1,Early sensory,1,E1
626279,early_sensory,engaged_1,-0.062499999999999986,-0.009429514380009415,1,404,1,Early sensory,1,E1
626279,early_sensory,engaged_1,-0.03749999999999999,0.21687883074021688,1,404,1,Early sensory,1,E1
626279,early_sensory,engaged_1,-0.012499999999999997,0.0754361150400754,1,404,1,Early sensory,1,E1
626279,early_sensory,engaged_1,0.012500000000000011,0.06600660066006597,1,404,1,Early sensory,1,E1
626279,early_sensory,engaged_1,0.03750000000000003,0.22159358793022166,1,404,1,Early sensory,1,E1
626279,early_sensory,engaged_1,0.06250000000000003,2.4233851956624233,1,404,1,Early sensory,1,E1
626279,early_sensory,engaged_1,0.08750000000000002,5.209806694955209,1,404,1,Early sensory,1,E1
626279,early_sensory,engaged_1,0.11250000000000002,4.3894389438943895,1,404,1,Early sensory,1,E1
626279,early_sensory,engaged_1,0.1375,3.253182461103253,1,404,1,Early sensory,1,E1
626279,early_sensory,engaged_1,0.16250000000000003,2.0556341348420553,1,404,1,Early sensory,1,E1
626279,early_sensory,engaged_1,0.18750000000000003,1.3908533710513906,1,404,1,Early sensory,1,E1
626279,early_sensory,engaged_1,0.21250000000000002,1.6265912305516266,1,404,1,Early sensory,1,E1
626279,early_sensory,engaged_1,0.23750000000000002,1.48986327204149,1,404,1,Early sensory,1,E1
626279,early_sensory,engaged_1,0.2625,1.404997642621405,1,404,1,Early sensory,1,E1
626279,early_sensory,engaged_1,0.28750000000000003,1.2164073550212164,1,404,1,Early sensory,1,E1
626279,early_sensory,engaged_1,0.31250000000000006,1.4144271570014144,1,404,1,Early sensory,1,E1
626279,early_sensory,engaged_1,0.3375000000000001,1.0278170674210276,1,404,1,Early sensory,1,E1
626279,early_sensory,engaged_1,0.36250000000000004,0.41018387553041014,1,404,1,Early sensory,1,E1
626279,early_sensory,engaged_1,0.3875,0.1791607732201792,1,404,1,Early sensory,1,E1
626279,early_sensory,engaged_1,0.41250000000000003,0.2121640735502122,1,404,1,Early sensory,1,E1
626279,early_sensory,engaged_1,0.43750000000000006,0.2923149457802923,1,404,1,Early sensory,1,E1
626279,early_sensory,engaged_1,0.4625000000000001,0.06129184347006127,1,404,1,Early sensory,1,E1
626279,early_sensory,engaged_1,0.48750000000000004,0.39603960396039595,1,404,1,Early sensory,1,E1
626279,early_sensory,engaged_1,0.5125,1.1362564827911363,1,404,1,Early sensory,1,E1
626279,early_sensory,engaged_1,0.5375000000000001,0.9853842527109853,1,404,1,Early sensory,1,E1
626279,early_sensory,engaged_1,0.5625,0.4809052333804809,1,404,1,Early sensory,1,E1
626279,early_sensory,engaged_1,0.5875000000000001,0.44790193305044784,1,404,1,Early sensory,1,E1
626279,early_sensory,engaged_1,0.6125,0.34417727487034416,1,404,1,Early sensory,1,E1
626279,early_sensory,engaged_1,0.6375,0.26402640264026406,1,404,1,Early sensory,1,E1
626279,early_sensory,engaged_1,0.6625000000000001,0.44790193305044784,1,404,1,Early sensory,1,E1
626279,early_sensory,engaged_1,0.6875,0.3253182461103253,1,404,1,Early sensory,1,E1
626279,early_sensory,engaged_1,0.7125000000000001,0.8015087223008015,1,404,1,Early sensory,1,E1
626279,early_sensory,engaged_1,0.7375,0.49033474776049035,1,404,1,Early sensory,1,E1
632295,early_sensory,engaged_1,-0.2375,0.15609889531954405,2,844,1,Early sensory,1,E1
632295,early_sensory,engaged_1,-0.21250000000000002,-0.1439449876922105,2,844,1,Early sensory,1,E1
632295,early_sensory,engaged_1,-0.1875,-0.055047389666118066,2,844,1,Early sensory,1,E1
632295,early_sensory,engaged_1,-0.16249999999999998,-0.050250004369901596,2,844,1,Early sensory,1,E1
632295,early_sensory,engaged_1,-0.1375,0.04159214067832525,2,844,1,Early sensory,1,E1
632295,early_sensory,engaged_1,-0.11249999999999999,-0.024179631474699176,2,844,1,Early sensory,1,E1
632295,early_sensory,engaged_1,-0.08749999999999998,0.12916742181632734,2,844,1,Early sensory,1,E1
632295,early_sensory,engaged_1,-0.062499999999999986,0.14745231670716108,2,844,1,Early sensory,1,E1
632295,early_sensory,engaged_1,-0.03749999999999999,-0.07617686049710161,2,844,1,Early sensory,1,E1
632295,early_sensory,engaged_1,-0.012499999999999997,-0.12471190082132683,2,844,1,Early sensory,1,E1
632295,early_sensory,engaged_1,0.012500000000000011,-0.23108971852620547,2,844,1,Early sensory,1,E1
632295,early_sensory,engaged_1,0.03750000000000003,0.37246023619548085,2,844,1,Early sensory,1,E1
632295,early_sensory,engaged_1,0.06250000000000003,3.76894401404747,2,844,1,Early sensory,1,E1
632295,early_sensory,engaged_1,0.08750000000000002,6.515377791025479,2,844,1,Early sensory,1,E1
632295,early_sensory,engaged_1,0.11250000000000002,5.320355982916598,2,844,1,Early sensory,1,E1
632295,early_sensory,engaged_1,0.1375,3.098974008438663,2,844,1,Early sensory,1,E1
632295,early_sensory,engaged_1,0.16250000000000003,2.0646977270071876,2,844,1,Early sensory,1,E1
632295,early_sensory,engaged_1,0.18750000000000003,1.8535643217314743,2,844,1,Early sensory,1,E1
632295,early_sensory,engaged_1,0.21250000000000002,1.9068967473519163,2,844,1,Early sensory,1,E1
632295,early_sensory,engaged_1,0.23750000000000002,1.657240742938469,2,844,1,Early sensory,1,E1
632295,early_sensory,engaged_1,0.2625,1.3619071538508951,2,844,1,Early sensory,1,E1
632295,early_sensory,engaged_1,0.28750000000000003,1.650459882310117,2,844,1,Early sensory,1,E1
632295,early_sensory,engaged_1,0.31250000000000006,2.055776994568749,2,844,1,Early sensory,1,E1
632295,early_sensory,engaged_1,0.3375000000000001,0.6197764266348722,2,844,1,Early sensory,1,E1
632295,early_sensory,engaged_1,0.36250000000000004,-0.49979174735651616,2,844,1,Early sensory,1,E1
632295,early_sensory,engaged_1,0.3875,-0.8031107566124278,2,844,1,Early sensory,1,E1
632295,early_sensory,engaged_1,0.41250000000000003,-0.6526082792615511,2,844,1,Early sensory,1,E1
632295,early_sensory,engaged_1,0.43750000000000006,-0.45879869718667265,2,844,1,Early sensory,1,E1
632295,early_sensory,engaged_1,0.4625000000000001,-0.16056410676298233,2,844,1,Early sensory,1,E1
632295,early_sensory,engaged_1,0.48750000000000004,0.26119794182235007,2,844,1,Early sensory,1,E1
632295,early_sensory,engaged_1,0.5125,0.9773018418291886,2,844,1,Early sensory,1,E1
632295,early_sensory,engaged_1,0.5375000000000001,0.5505988911796373,2,844,1,Early sensory,1,E1
632295,early_sensory,engaged_1,0.5625,-0.18302877419200517,2,844,1,Early sensory,1,E1
632295,early_sensory,engaged_1,0.5875000000000001,-0.321609546686342,2,844,1,Early sensory,1,E1
632295,early_sensory,engaged_1,0.6125,-0.3995900572319111,2,844,1,Early sensory,1,E1
632295,early_sensory,engaged_1,0.6375,-0.423664075085029,2,844,1,Early sensory,1,E1
632295,early_sensory,engaged_1,0.6625000000000001,-0.34558359345747536,2,844,1,Early sensory,1,E1
632295,early_sensory,engaged_1,0.6875,-0.15624081745679091,2,844,1,Early sensory,1,E1
632295,early_sensory,engaged_1,0.7125000000000001,-0.12409428806329947,2,844,1,Early sensory,1,E1
632295,early_sensory,engaged_1,0.7375,-0.16056410676298236,2,844,1,Early sensory,1,E1
638387,early_sensory,engaged_1,-0.2375,-0.18672768878718554,1,285,1,Early sensory,1,E1
638387,early_sensory,engaged_1,-0.21250000000000002,-0.05858123569794067,1,285,1,Early sensory,1,E1
638387,early_sensory,engaged_1,-0.1875,-0.02196796338672783,1,285,1,Early sensory,1,E1
638387,early_sensory,engaged_1,-0.16249999999999998,-0.11350114416475986,1,285,1,Early sensory,1,E1
638387,early_sensory,engaged_1,-0.1375,-0.021967963386727875,1,285,1,Early sensory,1,E1
638387,early_sensory,engaged_1,-0.11249999999999999,0.09397406559877937,1,285,1,Early sensory,1,E1
638387,early_sensory,engaged_1,-0.08749999999999998,0.07566742944317298,1,285,1,Early sensory,1,E1
638387,early_sensory,engaged_1,-0.062499999999999986,0.09397406559877938,1,285,1,Early sensory,1,E1
638387,early_sensory,engaged_1,-0.03749999999999999,-0.04027459954233425,1,285,1,Early sensory,1,E1
638387,early_sensory,engaged_1,-0.012499999999999997,0.17940503432494256,1,285,1,Early sensory,1,E1
638387,early_sensory,engaged_1,0.012500000000000011,-0.08299008390541587,1,285,1,Early sensory,1,E1
638387,early_sensory,engaged_1,0.03750000000000003,0.7163996948893973,1,285,1,Early sensory,1,E1
638387,early_sensory,engaged_1,0.06250000000000003,1.3571319603356213,1,285,1,Early sensory,1,E1
638387,early_sensory,engaged_1,0.08750000000000002,2.8277650648360027,1,285,1,Early sensory,1,E1
638387,early_sensory,engaged_1,0.11250000000000002,3.151182303585049,1,285,1,Early sensory,1,E1
638387,early_sensory,engaged_1,0.1375,2.449427917620137,1,285,1,Early sensory,1,E1
638387,early_sensory,engaged_1,0.16250000000000003,1.6927536231884055,1,285,1,Early sensory,1,E1
638387,early_sensory,engaged_1,0.18750000000000003,1.5340961098398167,1,285,1,Early sensory,1,E1
638387,early_sensory,engaged_1,0.21250000000000002,0.997101449275362,1,285,1,Early sensory,1,E1
638387,early_sensory,engaged_1,0.23750000000000002,1.0154080854309684,1,285,1,Early sensory,1,E1
638387,early_sensory,engaged_1,0.2625,0.8872616323417237,1,285,1,Early sensory,1,E1
638387,early_sensory,engaged_1,0.28750000000000003,0.7102974828375285,1,285,1,Early sensory,1,E1
638387,early_sensory,engaged_1,0.31250000000000006,0.6431731502669715,1,285,1,Early sensory,1,E1
638387,early_sensory,engaged_1,0.3375000000000001,0.3502669717772691,1,285,1,Early sensory,1,E1
638387,early_sensory,engaged_1,0.36250000000000004,0.045156369183828995,1,285,1,Early sensory,1,E1
638387,early_sensory,engaged_1,0.3875,-0.5162471395881009,1,285,1,Early sensory,1,E1
638387,early_sensory,engaged_1,0.41250000000000003,-0.19893211289092308,1,285,1,Early sensory,1,E1
638387,early_sensory,engaged_1,0.43750000000000006,-0.02807017543859669,1,285,1,Early sensory,1,E1
638387,early_sensory,engaged_1,0.4625000000000001,0.24652936689549948,1,285,1,Early sensory,1,E1
638387,early_sensory,engaged_1,0.48750000000000004,0.5272311212814644,1,285,1,Early sensory,1,E1
638387,early_sensory,engaged_1,0.5125,0.06346300533943539,1,285,1,Early sensory,1,E1
638387,early_sensory,engaged_1,0.5375000000000001,0.30755148741418753,1,285,1,Early sensory,1,E1
638387,early_sensory,engaged_1,0.5625,-0.10129672006102228,1,285,1,Early sensory,1,E1
638387,early_sensory,engaged_1,0.5875000000000001,-0.2233409610983983,1,285,1,Early sensory,1,E1
638387,early_sensory,engaged_1,0.6125,0.13058733790999213,1,285,1,Early sensory,1,E1
638387,early_sensory,engaged_1,0.6375,0.5333333333333331,1,285,1,Early sensory,1,E1
638387,early_sensory,engaged_1,0.6625000000000001,0.28314263920671223,1,285,1,Early sensory,1,E1
638387,early_sensory,engaged_1,0.6875,-0.15621662852784146,1,285,1,Early sensory,1,E1
638387,early_sensory,engaged_1,0.7125000000000001,0.11228070175438579,1,285,1,Early sensory,1,E1
638387,early_sensory,engaged_1,0.7375,0.0268497330282226,1,285,1,Early sensory,1,E1
640887,early_sensory,engaged_1,-0.2375,-0.15229978338391115,2,727,1,Early sensory,1,E1
640887,early_sensory,engaged_1,-0.21250000000000002,-0.21259364558746893,2,727,1,Early sensory,1,E1
640887,early_sensory,engaged_1,-0.1875,-0.02979495550174211,2,727,1,Early sensory,1,E1
640887,early_sensory,engaged_1,-0.16249999999999998,-0.18039550317260827,2,727,1,Early sensory,1,E1
640887,early_sensory,engaged_1,-0.1375,-0.022333961724345836,2,727,1,Early sensory,1,E1
640887,early_sensory,engaged_1,-0.11249999999999999,0.12460889045560897,2,727,1,Early sensory,1,E1
640887,early_sensory,engaged_1,-0.08749999999999998,0.07509627665552927,2,727,1,Early sensory,1,E1
640887,early_sensory,engaged_1,-0.062499999999999986,0.03217819227743205,2,727,1,Early sensory,1,E1
640887,early_sensory,engaged_1,-0.03749999999999999,0.13158684057260212,2,727,1,Early sensory,1,E1
640887,early_sensory,engaged_1,-0.012499999999999997,0.23394764940890372,2,727,1,Early sensory,1,E1
640887,early_sensory,engaged_1,0.012500000000000011,0.33839415443092297,2,727,1,Early sensory,1,E1
640887,early_sensory,engaged_1,0.03750000000000003,0.3528790781554936,2,727,1,Early sensory,1,E1
640887,early_sensory,engaged_1,0.06250000000000003,1.9237485567442194,2,727,1,Early sensory,1,E1
640887,early_sensory,engaged_1,0.08750000000000002,4.098523000132831,2,727,1,Early sensory,1,E1
640887,early_sensory,engaged_1,0.11250000000000002,3.6438381663243726,2,727,1,Early sensory,1,E1
640887,early_sensory,engaged_1,0.1375,2.962240316136877,2,727,1,Early sensory,1,E1
640887,early_sensory,engaged_1,0.16250000000000003,2.0790495202771053,2,727,1,Early sensory,1,E1
640887,early_sensory,engaged_1,0.18750000000000003,1.530193396274612,2,727,1,Early sensory,1,E1
640887,early_sensory,engaged_1,0.21250000000000002,1.3724846223012395,2,727,1,Early sensory,1,E1
640887,early_sensory,engaged_1,0.23750000000000002,1.074527148535287,2,727,1,Early sensory,1,E1
640887,early_sensory,engaged_1,0.2625,1.1124840092368369,2,727,1,Early sensory,1,E1
640887,early_sensory,engaged_1,0.28750000000000003,1.1041565511040266,2,727,1,Early sensory,1,E1
640887,early_sensory,engaged_1,0.31250000000000006,1.2647178626531383,2,727,1,Early sensory,1,E1
640887,early_sensory,engaged_1,0.3375000000000001,0.6090993828485015,2,727,1,Early sensory,1,E1
640887,early_sensory,engaged_1,0.36250000000000004,0.26953501619511794,2,727,1,Early sensory,1,E1
640887,early_sensory,engaged_1,0.3875,0.22945414278269927,2,727,1,Early sensory,1,E1
640887,early_sensory,engaged_1,0.41250000000000003,0.3024923366949698,2,727,1,Early sensory,1,E1
640887,early_sensory,engaged_1,0.43750000000000006,0.6487585190407584,2,727,1,Early sensory,1,E1
640887,early_sensory,engaged_1,0.4625000000000001,0.7428148596593405,2,727,1,Early sensory,1,E1
640887,early_sensory,engaged_1,0.48750000000000004,0.695763699434959,2,727,1,Early sensory,1,E1
640887,early_sensory,engaged_1,0.5125,0.5579764532180771,2,727,1,Early sensory,1,E1
640887,early_sensory,engaged_1,0.5375000000000001,0.4898535031521727,2,727,1,Early sensory,1,E1
640887,early_sensory,engaged_1,0.5625,0.8241421951792702,2,727,1,Early sensory,1,E1
640887,early_sensory,engaged_1,0.5875000000000001,0.5947217453943536,2,727,1,Early sensory,1,E1
640887,early_sensory,engaged_1,0.6125,0.3296986022131625,2,727,1,Early sensory,1,E1
640887,early_sensory,engaged_1,0.6375,0.48734606974629346,2,727,1,Early sensory,1,E1
640887,early_sensory,engaged_1,0.6625000000000001,0.42670710337287593,2,727,1,Early sensory,1,E1
640887,early_sensory,engaged_1,0.6875,0.15847099183602567,2,727,1,Early sensory,1,E1
640887,early_sensory,engaged_1,0.7125000000000001,0.11925658277902093,2,727,1,Early sensory,1,E1
640887,early_sensory,engaged_1,0.7375,0.2636996648581266,2,727,1,Early sensory,1,E1
640890,early_sensory,engaged_1,-0.2375,-0.20816276438187467,2,1015,1,Early sensory,1,E1
640890,early_sensory,engaged_1,-0.21250000000000002,-0.054042989901600134,2,1015,1,Early sensory,1,E1
640890,early_sensory,engaged_1,-0.1875,-0.09192789574851783,2,1015,1,Early sensory,1,E1
640890,early_sensory,engaged_1,-0.16249999999999998,-0.003967012894718985,2,1015,1,Early sensory,1,E1
640890,early_sensory,engaged_1,-0.1375,-0.0453428313564954,2,1015,1,Early sensory,1,E1
640890,early_sensory,engaged_1,-0.11249999999999999,0.0671763912993684,2,1015,1,Early sensory,1,E1
640890,early_sensory,engaged_1,-0.08749999999999998,0.14771821813444072,2,1015,1,Early sensory,1,E1
640890,early_sensory,engaged_1,-0.062499999999999986,0.09164377730857047,2,1015,1,Early sensory,1,E1
640890,early_sensory,engaged_1,-0.03749999999999999,0.03476788265769763,2,1015,1,Early sensory,1,E1
640890,early_sensory,engaged_1,-0.012499999999999997,0.062137224883130567,2,1015,1,Early sensory,1,E1
640890,early_sensory,engaged_1,0.012500000000000011,0.12034275794087797,2,1015,1,Early sensory,1,E1
640890,early_sensory,engaged_1,0.03750000000000003,0.14612754642069503,2,1015,1,Early sensory,1,E1
640890,early_sensory,engaged_1,0.06250000000000003,1.4387306292893076,2,1015,1,Early sensory,1,E1
640890,early_sensory,engaged_1,0.08750000000000002,2.8958169167855186,2,1015,1,Early sensory,1,E1
640890,early_sensory,engaged_1,0.11250000000000002,2.737823652750002,2,1015,1,Early sensory,1,E1
640890,early_sensory,engaged_1,0.1375,1.966392736682978,2,1015,1,Early sensory,1,E1
640890,early_sensory,engaged_1,0.16250000000000003,1.3151733685336748,2,1015,1,Early sensory,1,E1
640890,early_sensory,engaged_1,0.18750000000000003,0.9736267853454597,2,1015,1,Early sensory,1,E1
640890,early_sensory,engaged_1,0.21250000000000002,0.8720783031399371,2,1015,1,Early sensory,1,E1
640890,early_sensory,engaged_1,0.23750000000000002,0.8308603282559092,2,1015,1,Early sensory,1,E1
640890,early_sensory,engaged_1,0.2625,0.7687751876747904,2,1015,1,Early sensory,1,E1
640890,early_sensory,engaged_1,0.28750000000000003,0.7400762070424829,2,1015,1,Early sensory,1,E1
640890,early_sensory,engaged_1,0.31250000000000006,1.0235025008622256,2,1015,1,Early sensory,1,E1
640890,early_sensory,engaged_1,0.3375000000000001,0.5261479918544557,2,1015,1,Early sensory,1,E1
640890,early_sensory,engaged_1,0.36250000000000004,0.14499816950393565,2,1015,1,Early sensory,1,E1
640890,early_sensory,engaged_1,0.3875,-0.05491745147961827,2,1015,1,Early sensory,1,E1
640890,early_sensory,engaged_1,0.41250000000000003,-0.08918378311003558,2,1015,1,Early sensory,1,E1
640890,early_sensory,engaged_1,0.43750000000000006,-0.01882959680469122,2,1015,1,Early sensory,1,E1
640890,early_sensory,engaged_1,0.4625000000000001,0.11397395311776559,2,1015,1,Early sensory,1,E1
640890,early_sensory,engaged_1,0.48750000000000004,0.17844510126950291,2,1015,1,Early sensory,1,E1
640890,early_sensory,engaged_1,0.5125,0.3846565193231537,2,1015,1,Early sensory,1,E1
640890,early_sensory,engaged_1,0.5375000000000001,0.2035679255976766,2,1015,1,Early sensory,1,E1
640890,early_sensory,engaged_1,0.5625,0.1159166119312452,2,1015,1,Early sensory,1,E1
640890,early_sensory,engaged_1,0.5875000000000001,0.07957995988570664,2,1015,1,Early sensory,1,E1
640890,early_sensory,engaged_1,0.6125,0.059793635224878655,2,1015,1,Early sensory,1,E1
640890,early_sensory,engaged_1,0.6375,0.2417685186000915,2,1015,1,Early sensory,1,E1
640890,early_sensory,engaged_1,0.6625000000000001,0.18934895193495838,2,1015,1,Early sensory,1,E1
640890,early_sensory,engaged_1,0.6875,0.315249394484301,2,1015,1,Early sensory,1,E1
640890,early_sensory,engaged_1,0.7125000000000001,0.11810235801174854,2,1015,1,Early sensory,1,E1
640890,early_sensory,engaged_1,0.7375,0.25896245623205605,2,1015,1,Early sensory,1,E1
642504,early_sensory,engaged_1,-0.2375,-0.030898444574187178,3,1020,1,Early sensory,1,E1
642504,early_sensory,engaged_1,-0.21250000000000002,-0.04162469346229571,3,1020,1,Early sensory,1,E1
642504,early_sensory,engaged_1,-0.1875,-0.06471264496537132,3,1020,1,Early sensory,1,E1
642504,early_sensory,engaged_1,-0.16249999999999998,0.021980806988519716,3,1020,1,Early sensory,1,E1
642504,early_sensory,engaged_1,-0.1375,-0.03143144930435072,3,1020,1,Early sensory,1,E1
642504,early_sensory,engaged_1,-0.11249999999999999,0.01194273486298883,3,1020,1,Early sensory,1,E1
642504,early_sensory,engaged_1,-0.08749999999999998,-0.03638492072539284,3,1020,1,Early sensory,1,E1
642504,early_sensory,engaged_1,-0.062499999999999986,0.016039775165008343,3,1020,1,Early sensory,1,E1
642504,early_sensory,engaged_1,-0.03749999999999999,0.07796540482811826,3,1020,1,Early sensory,1,E1
642504,early_sensory,engaged_1,-0.012499999999999997,0.07712343118696252,3,1020,1,Early sensory,1,E1
642504,early_sensory,engaged_1,0.012500000000000011,0.1827956872753472,3,1020,1,Early sensory,1,E1
642504,early_sensory,engaged_1,0.03750000000000003,0.2241676025710679,3,1020,1,Early sensory,1,E1
642504,early_sensory,engaged_1,0.06250000000000003,2.764185346348318,3,1020,1,Early sensory,1,E1
642504,early_sensory,engaged_1,0.08750000000000002,6.1869959775550605,3,1020,1,Early sensory,1,E1
642504,early_sensory,engaged_1,0.11250000000000002,6.1733657016471986,3,1020,1,Early sensory,1,E1
642504,early_sensory,engaged_1,0.1375,4.1555742689917246,3,1020,1,Early sensory,1,E1
642504,early_sensory,engaged_1,0.16250000000000003,2.628598360962222,3,1020,1,Early sensory,1,E1
642504,early_sensory,engaged_1,0.18750000000000003,1.9902170246238622,3,1020,1,Early sensory,1,E1
642504,early_sensory,engaged_1,0.21250000000000002,1.6778739227395778,3,1020,1,Early sensory,1,E1
642504,early_sensory,engaged_1,0.23750000000000002,1.4352775175839818,3,1020,1,Early sensory,1,E1
642504,early_sensory,engaged_1,0.2625,1.2897378991554984,3,1020,1,Early sensory,1,E1
642504,early_sensory,engaged_1,0.28750000000000003,1.2065308987975438,3,1020,1,Early sensory,1,E1
642504,early_sensory,engaged_1,0.31250000000000006,1.0938118933482328,3,1020,1,Early sensory,1,E1
642504,early_sensory,engaged_1,0.3375000000000001,0.3517045067706927,3,1020,1,Early sensory,1,E1
642504,early_sensory,engaged_1,0.36250000000000004,-0.7129402663957478,3,1020,1,Early sensory,1,E1
642504,early_sensory,engaged_1,0.3875,-1.1816813931850163,3,1020,1,Early sensory,1,E1
642504,early_sensory,engaged_1,0.41250000000000003,-1.0313966207790644,3,1020,1,Early sensory,1,E1
642504,early_sensory,engaged_1,0.43750000000000006,-0.7537290838203811,3,1020,1,Early sensory,1,E1
642504,early_sensory,engaged_1,0.4625000000000001,-0.038364640338560574,3,1020,1,Early sensory,1,E1
642504,early_sensory,engaged_1,0.48750000000000004,0.504696185851122,3,1020,1,Early sensory,1,E1
642504,early_sensory,engaged_1,0.5125,-0.22762585494415744,3,1020,1,Early sensory,1,E1
642504,early_sensory,engaged_1,0.5375000000000001,-0.7104789654608495,3,1020,1,Early sensory,1,E1
642504,early_sensory,engaged_1,0.5625,-0.5540148882854077,3,1020,1,Early sensory,1,E1
642504,early_sensory,engaged_1,0.5875000000000001,-0.5623465781262812,3,1020,1,Early sensory,1,E1
642504,early_sensory,engaged_1,0.6125,-0.6096070204846572,3,1020,1,Early sensory,1,E1
642504,early_sensory,engaged_1,0.6375,-0.6546891375552231,3,1020,1,Early sensory,1,E1
642504,early_sensory,engaged_1,0.6625000000000001,-0.5550224190228136,3,1020,1,Early sensory,1,E1
642504,early_sensory,engaged_1,0.6875,-0.4730818782198105,3,1020,1,Early sensory,1,E1
642504,early_sensory,engaged_1,0.7125000000000001,-0.4587475765953668,3,1020,1,Early sensory,1,E1
642504,early_sensory,engaged_1,0.7375,-0.4540969328196692,3,1020,1,Early sensory,1,E1
614547,early_sensory,no_reward,-0.2375,-0.15382586911616053,1,373,1,Early sensory,2,NR
614547,early_sensory,no_reward,-0.21250000000000002,0.04834527315079328,1,373,1,Early sensory,2,NR
614547,early_sensory,no_reward,-0.1875,-0.02549114402496374,1,373,1,Early sensory,2,NR
614547,early_sensory,no_reward,-0.16249999999999998,-0.00791104469740255,1,373,1,Early sensory,2,NR
614547,early_sensory,no_reward,-0.1375,0.007911044697402525,1,373,1,Early sensory,2,NR
614547,early_sensory,no_reward,-0.11249999999999999,-0.09581154133520853,1,373,1,Early sensory,2,NR
614547,early_sensory,no_reward,-0.08749999999999998,0.07998945194040342,1,373,1,Early sensory,2,NR
614547,early_sensory,no_reward,-0.062499999999999986,0.09932756120072075,1,373,1,Early sensory,2,NR
614547,early_sensory,no_reward,-0.03749999999999999,-0.06065134268008615,1,373,1,Early sensory,2,NR
614547,early_sensory,no_reward,-0.012499999999999997,0.10811761086450138,1,373,1,Early sensory,2,NR
614547,early_sensory,no_reward,0.012500000000000011,0.10284358106623304,1,373,1,Early sensory,2,NR
614547,early_sensory,no_reward,0.03750000000000003,0.07119940227662286,1,373,1,Early sensory,2,NR
614547,early_sensory,no_reward,0.06250000000000003,0.49136377620533556,1,373,1,Early sensory,2,NR
614547,early_sensory,no_reward,0.08750000000000002,1.8344833648310113,1,373,1,Early sensory,2,NR
614547,early_sensory,no_reward,0.11250000000000002,2.1210389838702586,1,373,1,Early sensory,2,NR
614547,early_sensory,no_reward,0.1375,1.143585461257856,1,373,1,Early sensory,2,NR
614547,early_sensory,no_reward,0.16250000000000003,0.7744033753790709,1,373,1,Early sensory,2,NR
614547,early_sensory,no_reward,0.18750000000000003,0.6988089482705576,1,373,1,Early sensory,2,NR
614547,early_sensory,no_reward,0.21250000000000002,0.5898123324396782,1,373,1,Early sensory,2,NR
614547,early_sensory,no_reward,0.23750000000000002,0.3559970113831143,1,373,1,Early sensory,2,NR
614547,early_sensory,no_reward,0.2625,0.32083681272799186,1,373,1,Early sensory,2,NR
614547,early_sensory,no_reward,0.28750000000000003,0.28040258427460113,1,373,1,Early sensory,2,NR
614547,early_sensory,no_reward,0.31250000000000006,0.20129213730057574,1,373,1,Early sensory,2,NR
614547,early_sensory,no_reward,0.3375000000000001,0.3014987034676746,1,373,1,Early sensory,2,NR
614547,early_sensory,no_reward,0.36250000000000004,0.20305014723333187,1,373,1,Early sensory,2,NR
614547,early_sensory,no_reward,0.3875,-0.09581154133520856,1,373,1,Early sensory,2,NR
614547,early_sensory,no_reward,0.41250000000000003,-0.22063024656089308,1,373,1,Early sensory,2,NR
614547,early_sensory,no_reward,0.43750000000000006,-0.08877950160418406,1,373,1,Early sensory,2,NR
614547,early_sensory,no_reward,0.4625000000000001,-0.1450358194523799,1,373,1,Early sensory,2,NR
614547,early_sensory,no_reward,0.48750000000000004,-0.013185074495670912,1,373,1,Early sensory,2,NR
614547,early_sensory,no_reward,0.5125,-0.007911044697402586,1,373,1,Early sensory,2,NR
614547,early_sensory,no_reward,0.5375000000000001,-0.1186656704610381,1,373,1,Early sensory,2,NR
614547,early_sensory,no_reward,0.5625,-0.08702149167142799,1,373,1,Early sensory,2,NR
614547,early_sensory,no_reward,0.5875000000000001,-0.12042368039379424,1,373,1,Early sensory,2,NR
614547,early_sensory,no_reward,0.6125,-0.006153034764646455,1,373,1,Early sensory,2,NR
614547,early_sensory,no_reward,0.6375,0.03603920362150044,1,373,1,Early sensory,2,NR
614547,early_sensory,no_reward,0.6625000000000001,-0.01845910429393926,1,373,1,Early sensory,2,NR
614547,early_sensory,no_reward,0.6875,-0.08702149167142795,1,373,1,Early sensory,2,NR
614547,early_sensory,no_reward,0.7125000000000001,-0.09405353140245241,1,373,1,Early sensory,2,NR
614547,early_sensory,no_reward,0.7375,0.12569771019206258,1,373,1,Early sensory,2,NR
614608,early_sensory,no_reward,-0.2375,0.11903572068997632,2,1260,1,Early sensory,2,NR
614608,early_sensory,no_reward,-0.21250000000000002,0.08103114179155309,2,1260,1,Early sensory,2,NR
614608,early_sensory,no_reward,-0.1875,0.006012410566218166,2,1260,1,Early sensory,2,NR
614608,early_sensory,no_reward,-0.16249999999999998,-0.056391413800916626,2,1260,1,Early sensory,2,NR
614608,early_sensory,no_reward,-0.1375,-0.05991872246787891,2,1260,1,Early sensory,2,NR
614608,early_sensory,no_reward,-0.11249999999999999,-0.06286220073479223,2,1260,1,Early sensory,2,NR
614608,early_sensory,no_reward,-0.08749999999999998,-0.02027385815979437,2,1260,1,Early sensory,2,NR
614608,early_sensory,no_reward,-0.062499999999999986,-0.006126396501465827,2,1260,1,Early sensory,2,NR
614608,early_sensory,no_reward,-0.03749999999999999,-0.032412665227478404,2,1260,1,Early sensory,2,NR
614608,early_sensory,no_reward,-0.012499999999999997,0.03190598384457878,2,1260,1,Early sensory,2,NR
614608,early_sensory,no_reward,0.012500000000000011,0.11509834067059871,2,1260,1,Early sensory,2,NR
614608,early_sensory,no_reward,0.03750000000000003,0.22147362963189493,2,1260,1,Early sensory,2,NR
614608,early_sensory,no_reward,0.06250000000000003,1.6542664101519766,2,1260,1,Early sensory,2,NR
614608,early_sensory,no_reward,0.08750000000000002,2.698648641134744,2,1260,1,Early sensory,2,NR
614608,early_sensory,no_reward,0.11250000000000002,2.2687374806606178,2,1260,1,Early sensory,2,NR
614608,early_sensory,no_reward,0.1375,1.7697084462187944,2,1260,1,Early sensory,2,NR
614608,early_sensory,no_reward,0.16250000000000003,1.3528500654029054,2,1260,1,Early sensory,2,NR
614608,early_sensory,no_reward,0.18750000000000003,1.273946081872483,2,1260,1,Early sensory,2,NR
614608,early_sensory,no_reward,0.21250000000000002,1.1481028292143172,2,1260,1,Early sensory,2,NR
614608,early_sensory,no_reward,0.23750000000000002,1.0713882096840783,2,1260,1,Early sensory,2,NR
614608,early_sensory,no_reward,0.2625,0.9202873418618907,2,1260,1,Early sensory,2,NR
614608,early_sensory,no_reward,0.28750000000000003,0.861063308066451,2,1260,1,Early sensory,2,NR
614608,early_sensory,no_reward,0.31250000000000006,0.8820812024682124,2,1260,1,Early sensory,2,NR
614608,early_sensory,no_reward,0.3375000000000001,0.39743941717045206,2,1260,1,Early sensory,2,NR
614608,early_sensory,no_reward,0.36250000000000004,0.008545817480716221,2,1260,1,Early sensory,2,NR
614608,early_sensory,no_reward,0.3875,0.019103417214934394,2,1260,1,Early sensory,2,NR
614608,early_sensory,no_reward,0.41250000000000003,0.08724824051588365,2,1260,1,Early sensory,2,NR
614608,early_sensory,no_reward,0.43750000000000006,0.1844038744097405,2,1260,1,Early sensory,2,NR
614608,early_sensory,no_reward,0.4625000000000001,0.2121427687739701,2,1260,1,Early sensory,2,NR
614608,early_sensory,no_reward,0.48750000000000004,0.21289340785974725,2,1260,1,Early sensory,2,NR
614608,early_sensory,no_reward,0.5125,0.029601938872957118,2,1260,1,Early sensory,2,NR
614608,early_sensory,no_reward,0.5375000000000001,-0.011551153968587155,2,1260,1,Early sensory,2,NR
614608,early_sensory,no_reward,0.5625,-0.03795905402794324,2,1260,1,Early sensory,2,NR
614608,early_sensory,no_reward,0.5875000000000001,0.027676688625176703,2,1260,1,Early sensory,2,NR
614608,early_sensory,no_reward,0.6125,0.02083753251031783,2,1260,1,Early sensory,2,NR
614608,early_sensory,no_reward,0.6375,-0.0248715225601797,2,1260,1,Early sensory,2,NR
614608,early_sensory,no_reward,0.6625000000000001,0.04709599978870899,2,1260,1,Early sensory,2,NR
614608,early_sensory,no_reward,0.6875,0.042032661140665596,2,1260,1,Early sensory,2,NR
614608,early_sensory,no_reward,0.7125000000000001,0.013713411557339777,2,1260,1,Early sensory,2,NR
614608,early_sensory,no_reward,0.7375,-0.0016642641582347226,2,1260,1,Early sensory,2,NR
615048,early_sensory,no_reward,-0.2375,0.04180095650727619,2,1070,1,Early sensory,2,NR
615048,early_sensory,no_reward,-0.21250000000000002,0.01703000196358622,2,1070,1,Early sensory,2,NR
615048,early_sensory,no_reward,-0.1875,-0.05308320170056155,2,1070,1,Early sensory,2,NR
615048,early_sensory,no_reward,-0.16249999999999998,0.007998518172451842,2,1070,1,Early sensory,2,NR
615048,early_sensory,no_reward,-0.1375,0.0319316096095473,2,1070,1,Early sensory,2,NR
615048,early_sensory,no_reward,-0.11249999999999999,-0.00847728164336713,2,1070,1,Early sensory,2,NR
615048,early_sensory,no_reward,-0.08749999999999998,0.005120711065000003,2,1070,1,Early sensory,2,NR
615048,early_sensory,no_reward,-0.062499999999999986,0.061831096619516315,2,1070,1,Early sensory,2,NR
615048,early_sensory,no_reward,-0.03749999999999999,-0.02080550409525058,2,1070,1,Early sensory,2,NR
615048,early_sensory,no_reward,-0.012499999999999997,-0.08334690649819877,2,1070,1,Early sensory,2,NR
615048,early_sensory,no_reward,0.012500000000000011,0.13639893072361592,2,1070,1,Early sensory,2,NR
615048,early_sensory,no_reward,0.03750000000000003,0.1222206765443263,2,1070,1,Early sensory,2,NR
615048,early_sensory,no_reward,0.06250000000000003,2.1443362437278104,2,1070,1,Early sensory,2,NR
615048,early_sensory,no_reward,0.08750000000000002,4.0824230368121945,2,1070,1,Early sensory,2,NR
615048,early_sensory,no_reward,0.11250000000000002,3.7168773770493244,2,1070,1,Early sensory,2,NR
615048,early_sensory,no_reward,0.1375,2.145949542904063,2,1070,1,Early sensory,2,NR
615048,early_sensory,no_reward,0.16250000000000003,1.2214547214907947,2,1070,1,Early sensory,2,NR
615048,early_sensory,no_reward,0.18750000000000003,0.7902971285648115,2,1070,1,Early sensory,2,NR
615048,early_sensory,no_reward,0.21250000000000002,0.8203891590108738,2,1070,1,Early sensory,2,NR
615048,early_sensory,no_reward,0.23750000000000002,0.9705057823214167,2,1070,1,Early sensory,2,NR
615048,early_sensory,no_reward,0.2625,0.9768390268446008,2,1070,1,Early sensory,2,NR
615048,early_sensory,no_reward,0.28750000000000003,0.8221090743391228,2,1070,1,Early sensory,2,NR
615048,early_sensory,no_reward,0.31250000000000006,0.7617326502275241,2,1070,1,Early sensory,2,NR
615048,early_sensory,no_reward,0.3375000000000001,0.39457106012575904,2,1070,1,Early sensory,2,NR
615048,early_sensory,no_reward,0.36250000000000004,0.08181704761669635,2,1070,1,Early sensory,2,NR
615048,early_sensory,no_reward,0.3875,-0.09520674595644052,2,1070,1,Early sensory,2,NR
615048,early_sensory,no_reward,0.41250000000000003,-0.12788776835581464,2,1070,1,Early sensory,2,NR
615048,early_sensory,no_reward,0.43750000000000006,0.11722226047720447,2,1070,1,Early sensory,2,NR
615048,early_sensory,no_reward,0.4625000000000001,0.08025056871814588,2,1070,1,Early sensory,2,NR
615048,early_sensory,no_reward,0.48750000000000004,0.18474647218804047,2,1070,1,Early sensory,2,NR
615048,early_sensory,no_reward,0.5125,0.2855475745284071,2,1070,1,Early sensory,2,NR
615048,early_sensory,no_reward,0.5375000000000001,0.08660205116320625,2,1070,1,Early sensory,2,NR
615048,early_sensory,no_reward,0.5625,0.14678084973004651,2,1070,1,Early sensory,2,NR
615048,early_sensory,no_reward,0.5875000000000001,0.05604426888614435,2,1070,1,Early sensory,2,NR
615048,early_sensory,no_reward,0.6125,0.02235370902860086,2,1070,1,Early sensory,2,NR
615048,early_sensory,no_reward,0.6375,0.0958104716311999,2,1070,1,Early sensory,2,NR
615048,early_sensory,no_reward,0.6625000000000001,0.06420930721485826,2,1070,1,Early sensory,2,NR
615048,early_sensory,no_reward,0.6875,0.06446954001317247,2,1070,1,Early sensory,2,NR
615048,early_sensory,no_reward,0.7125000000000001,0.12228836590654713,2,1070,1,Early sensory,2,NR
615048,early_sensory,no_reward,0.7375,0.18135872413452905,2,1070,1,Early sensory,2,NR
615564,early_sensory,no_reward,-0.2375,0.003783489232297174,2,1011,1,Early sensory,2,NR
615564,early_sensory,no_reward,-0.21250000000000002,0.07806728195928767,2,1011,1,Early sensory,2,NR
615564,early_sensory,no_reward,-0.1875,-0.14685313580825493,2,1011,1,Early sensory,2,NR
615564,early_sensory,no_reward,-0.16249999999999998,-0.15309922725771247,2,1011,1,Early sensory,2,NR
615564,early_sensory,no_reward,-0.1375,0.0028698873369281,2,1011,1,Early sensory,2,NR
615564,early_sensory,no_reward,-0.11249999999999999,0.021278534777833615,2,1011,1,Early sensory,2,NR
615564,early_sensory,no_reward,-0.08749999999999998,0.07541919025088742,2,1011,1,Early sensory,2,NR
615564,early_sensory,no_reward,-0.062499999999999986,-0.0054891392549175425,2,1011,1,Early sensory,2,NR
615564,early_sensory,no_reward,-0.03749999999999999,0.06032158048287088,2,1011,1,Early sensory,2,NR
615564,early_sensory,no_reward,-0.012499999999999997,0.06370153828078101,2,1011,1,Early sensory,2,NR
615564,early_sensory,no_reward,0.012500000000000011,0.19170487631216954,2,1011,1,Early sensory,2,NR
615564,early_sensory,no_reward,0.03750000000000003,0.22414840980759645,2,1011,1,Early sensory,2,NR
615564,early_sensory,no_reward,0.06250000000000003,2.6405967063400446,2,1011,1,Early sensory,2,NR
615564,early_sensory,no_reward,0.08750000000000002,5.32445980570104,2,1011,1,Early sensory,2,NR
615564,early_sensory,no_reward,0.11250000000000002,4.892829677366844,2,1011,1,Early sensory,2,NR
615564,early_sensory,no_reward,0.1375,3.4137174391381966,2,1011,1,Early sensory,2,NR
615564,early_sensory,no_reward,0.16250000000000003,2.047548466026727,2,1011,1,Early sensory,2,NR
615564,early_sensory,no_reward,0.18750000000000003,1.542536865292826,2,1011,1,Early sensory,2,NR
615564,early_sensory,no_reward,0.21250000000000002,1.7340211766929858,2,1011,1,Early sensory,2,NR
615564,early_sensory,no_reward,0.23750000000000002,1.6730416346475252,2,1011,1,Early sensory,2,NR
615564,early_sensory,no_reward,0.2625,1.5505098571367855,2,1011,1,Early sensory,2,NR
615564,early_sensory,no_reward,0.28750000000000003,1.4346339996760755,2,1011,1,Early sensory,2,NR
615564,early_sensory,no_reward,0.31250000000000006,1.1401444590434773,2,1011,1,Early sensory,2,NR
615564,early_sensory,no_reward,0.3375000000000001,0.6702470466495712,2,1011,1,Early sensory,2,NR
615564,early_sensory,no_reward,0.36250000000000004,-0.0006704738471918249,2,1011,1,Early sensory,2,NR
615564,early_sensory,no_reward,0.3875,-0.40219809662306144,2,1011,1,Early sensory,2,NR
615564,early_sensory,no_reward,0.41250000000000003,-0.2899653651757438,2,1011,1,Early sensory,2,NR
615564,early_sensory,no_reward,0.43750000000000006,-0.07183870770827282,2,1011,1,Early sensory,2,NR
615564,early_sensory,no_reward,0.4625000000000001,0.1759455512961825,2,1011,1,Early sensory,2,NR
615564,early_sensory,no_reward,0.48750000000000004,0.40452283807823786,2,1011,1,Early sensory,2,NR
615564,early_sensory,no_reward,0.5125,0.3500851696854503,2,1011,1,Early sensory,2,NR
615564,early_sensory,no_reward,0.5375000000000001,0.0896483243958701,2,1011,1,Early sensory,2,NR
615564,early_sensory,no_reward,0.5625,0.027148642330970606,2,1011,1,Early sensory,2,NR
615564,early_sensory,no_reward,0.5875000000000001,0.047920880845144606,2,1011,1,Early sensory,2,NR
615564,early_sensory,no_reward,0.6125,0.06055090399410186,2,1011,1,Early sensory,2,NR
615564,early_sensory,no_reward,0.6375,-0.034837215587566105,2,1011,1,Early sensory,2,NR
615564,early_sensory,no_reward,0.6625000000000001,0.11210992645073997,2,1011,1,Early sensory,2,NR
615564,early_sensory,no_reward,0.6875,0.10335112210988799,2,1011,1,Early sensory,2,NR
615564,early_sensory,no_reward,0.7125000000000001,0.12131363481293363,2,1011,1,Early sensory,2,NR
615564,early_sensory,no_reward,0.7375,0.14478155274087962,2,1011,1,Early sensory,2,NR
623319,early_sensory,no_reward,-0.2375,0.015594125249708298,2,651,1,Early sensory,2,NR
623319,early_sensory,no_reward,-0.21250000000000002,0.19797547986061462,2,651,1,Early sensory,2,NR
623319,early_sensory,no_reward,-0.1875,0.150123261942831,2,651,1,Early sensory,2,NR
623319,early_sensory,no_reward,-0.16249999999999998,0.023602417340485647,2,651,1,Early sensory,2,NR
623319,early_sensory,no_reward,-0.1375,0.028145713758731386,2,651,1,Early sensory,2,NR
623319,early_sensory,no_reward,-0.11249999999999999,-0.11896555630500498,2,651,1,Early sensory,2,NR
623319,early_sensory,no_reward,-0.08749999999999998,-0.22336151572330326,2,651,1,Early sensory,2,NR
623319,early_sensory,no_reward,-0.062499999999999986,-0.16043557643943931,2,651,1,Early sensory,2,NR
623319,early_sensory,no_reward,-0.03749999999999999,-0.04275797275431924,2,651,1,Early sensory,2,NR
623319,early_sensory,no_reward,-0.012499999999999997,0.13007962306969473,2,651,1,Early sensory,2,NR
623319,early_sensory,no_reward,0.012500000000000011,-0.052377086721729194,2,651,1,Early sensory,2,NR
623319,early_sensory,no_reward,0.03750000000000003,0.23927750325630032,2,651,1,Early sensory,2,NR
623319,early_sensory,no_reward,0.06250000000000003,1.7662201690406345,2,651,1,Early sensory,2,NR
623319,early_sensory,no_reward,0.08750000000000002,3.4849973206114537,2,651,1,Early sensory,2,NR
623319,early_sensory,no_reward,0.11250000000000002,2.8524236424613183,2,651,1,Early sensory,2,NR
623319,early_sensory,no_reward,0.1375,2.0277415817438396,2,651,1,Early sensory,2,NR
623319,early_sensory,no_reward,0.16250000000000003,1.1957975640976364,2,651,1,Early sensory,2,NR
623319,early_sensory,no_reward,0.18750000000000003,0.7609518517318851,2,651,1,Early sensory,2,NR
623319,early_sensory,no_reward,0.21250000000000002,0.9329687641867874,2,651,1,Early sensory,2,NR
623319,early_sensory,no_reward,0.23750000000000002,0.7702054343336662,2,651,1,Early sensory,2,NR
623319,early_sensory,no_reward,0.2625,0.671205006537775,2,651,1,Early sensory,2,NR
623319,early_sensory,no_reward,0.28750000000000003,0.7413338269740999,2,651,1,Early sensory,2,NR
623319,early_sensory,no_reward,0.31250000000000006,0.8006145223362655,2,651,1,Early sensory,2,NR
623319,early_sensory,no_reward,0.3375000000000001,0.7120987021958229,2,651,1,Early sensory,2,NR
623319,early_sensory,no_reward,0.36250000000000004,0.06871969534353642,2,651,1,Early sensory,2,NR
623319,early_sensory,no_reward,0.3875,-0.12492213997300315,2,651,1,Early sensory,2,NR
623319,early_sensory,no_reward,0.41250000000000003,-0.1783664171666151,2,651,1,Early sensory,2,NR
623319,early_sensory,no_reward,0.43750000000000006,-0.2604705016355767,2,651,1,Early sensory,2,NR
623319,early_sensory,no_reward,0.4625000000000001,-0.20275581783111687,2,651,1,Early sensory,2,NR
623319,early_sensory,no_reward,0.48750000000000004,-0.09127915670672027,2,651,1,Early sensory,2,NR
623319,early_sensory,no_reward,0.5125,-0.023748831281429225,2,651,1,Early sensory,2,NR
623319,early_sensory,no_reward,0.5375000000000001,0.5047811603321603,2,651,1,Early sensory,2,NR
623319,early_sensory,no_reward,0.5625,0.45931563734119385,2,651,1,Early sensory,2,NR
623319,early_sensory,no_reward,0.5875000000000001,-0.05395736373677121,2,651,1,Early sensory,2,NR
623319,early_sensory,no_reward,0.6125,-0.05869819478189721,2,651,1,Early sensory,2,NR
623319,early_sensory,no_reward,0.6375,-0.06781633945343843,2,651,1,Early sensory,2,NR
623319,early_sensory,no_reward,0.6625000000000001,-0.08726737444593394,2,651,1,Early sensory,2,NR
623319,early_sensory,no_reward,0.6875,-0.13578755142487592,2,651,1,Early sensory,2,NR
623319,early_sensory,no_reward,0.7125000000000001,0.07909739598341775,2,651,1,Early sensory,2,NR
623319,early_sensory,no_reward,0.7375,0.16340389923619372,2,651,1,Early sensory,2,NR
623322,early_sensory,no_reward,-0.2375,0.08693017619587697,3,1221,1,Early sensory,2,NR
623322,early_sensory,no_reward,-0.21250000000000002,-0.13905182173576788,3,1221,1,Early sensory,2,NR
623322,early_sensory,no_reward,-0.1875,-0.11443013306181883,3,1221,1,Early sensory,2,NR
623322,early_sensory,no_reward,-0.16249999999999998,-0.03753337705841884,3,1221,1,Early sensory,2,NR
623322,early_sensory,no_reward,-0.1375,0.050822049374021426,3,1221,1,Early sensory,2,NR
623322,early_sensory,no_reward,-0.11249999999999999,0.055914563903656817,3,1221,1,Early sensory,2,NR
623322,early_sensory,no_reward,-0.08749999999999998,0.04741006292341954,3,1221,1,Early sensory,2,NR
623322,early_sensory,no_reward,-0.062499999999999986,-0.032125977779910865,3,1221,1,Early sensory,2,NR
623322,early_sensory,no_reward,-0.03749999999999999,-0.04702902959582339,3,1221,1,Early sensory,2,NR
623322,early_sensory,no_reward,-0.012499999999999997,0.1290934868347653,3,1221,1,Early sensory,2,NR
623322,early_sensory,no_reward,0.012500000000000011,0.17199650451262583,3,1221,1,Early sensory,2,NR
623322,early_sensory,no_reward,0.03750000000000003,0.33081939982927694,3,1221,1,Early sensory,2,NR
623322,early_sensory,no_reward,0.06250000000000003,3.601769854917407,3,1221,1,Early sensory,2,NR
623322,early_sensory,no_reward,0.08750000000000002,5.0276799901291795,3,1221,1,Early sensory,2,NR
623322,early_sensory,no_reward,0.11250000000000002,4.206811355706852,3,1221,1,Early sensory,2,NR
623322,early_sensory,no_reward,0.1375,2.508256271580595,3,1221,1,Early sensory,2,NR
623322,early_sensory,no_reward,0.16250000000000003,1.5337051922010831,3,1221,1,Early sensory,2,NR
623322,early_sensory,no_reward,0.18750000000000003,1.217738147978293,3,1221,1,Early sensory,2,NR
623322,early_sensory,no_reward,0.21250000000000002,1.4738115495877169,3,1221,1,Early sensory,2,NR
623322,early_sensory,no_reward,0.23750000000000002,1.5487277096883936,3,1221,1,Early sensory,2,NR
623322,early_sensory,no_reward,0.2625,1.3614401988357019,3,1221,1,Early sensory,2,NR
623322,early_sensory,no_reward,0.28750000000000003,1.4595663484137507,3,1221,1,Early sensory,2,NR
623322,early_sensory,no_reward,0.31250000000000006,1.9241870552364873,3,1221,1,Early sensory,2,NR
623322,early_sensory,no_reward,0.3375000000000001,0.8044612188123735,3,1221,1,Early sensory,2,NR
623322,early_sensory,no_reward,0.36250000000000004,-0.3300270335671074,3,1221,1,Early sensory,2,NR
623322,early_sensory,no_reward,0.3875,-0.5124286445794484,3,1221,1,Early sensory,2,NR
623322,early_sensory,no_reward,0.41250000000000003,-0.22866522180280235,3,1221,1,Early sensory,2,NR
623322,early_sensory,no_reward,0.43750000000000006,0.08054149281376298,3,1221,1,Early sensory,2,NR
623322,early_sensory,no_reward,0.4625000000000001,0.38854306112085735,3,1221,1,Early sensory,2,NR
623322,early_sensory,no_reward,0.48750000000000004,0.8309814671771097,3,1221,1,Early sensory,2,NR
623322,early_sensory,no_reward,0.5125,0.2883924387419106,3,1221,1,Early sensory,2,NR
623322,early_sensory,no_reward,0.5375000000000001,0.06993345903703709,3,1221,1,Early sensory,2,NR
623322,early_sensory,no_reward,0.5625,0.12983441108236074,3,1221,1,Early sensory,2,NR
623322,early_sensory,no_reward,0.5875000000000001,0.10136318801053464,3,1221,1,Early sensory,2,NR
623322,early_sensory,no_reward,0.6125,0.019400944158813913,3,1221,1,Early sensory,2,NR
623322,early_sensory,no_reward,0.6375,0.1670938427442418,3,1221,1,Early sensory,2,NR
623322,early_sensory,no_reward,0.6625000000000001,0.18539234804507987,3,1221,1,Early sensory,2,NR
623322,early_sensory,no_reward,0.6875,0.20726009956023295,3,1221,1,Early sensory,2,NR
623322,early_sensory,no_reward,0.7125000000000001,0.3611035144719219,3,1221,1,Early sensory,2,NR
623322,early_sensory,no_reward,0.7375,0.18482786283730449,3,1221,1,Early sensory,2,NR
626279,early_sensory,no_reward,-0.2375,0.06672406371071873,1,404,1,Early sensory,2,NR
626279,early_sensory,no_reward,-0.21250000000000002,-0.15927679724494204,1,404,1,Early sensory,2,NR
626279,early_sensory,no_reward,-0.1875,-0.09040034438226445,1,404,1,Early sensory,2,NR
626279,early_sensory,no_reward,-0.16249999999999998,-0.06887645286267773,1,404,1,Early sensory,2,NR
626279,early_sensory,no_reward,-0.1375,-0.01291433491175219,1,404,1,Early sensory,2,NR
626279,early_sensory,no_reward,-0.11249999999999999,-0.01506672406371088,1,404,1,Early sensory,2,NR
626279,early_sensory,no_reward,-0.08749999999999998,0.023676280671545275,1,404,1,Early sensory,2,NR
626279,early_sensory,no_reward,-0.062499999999999986,0.08824795523030547,1,404,1,Early sensory,2,NR
626279,early_sensory,no_reward,-0.03749999999999999,0.012914334911751887,1,404,1,Early sensory,2,NR
626279,early_sensory,no_reward,-0.012499999999999997,0.15497201894102436,1,404,1,Early sensory,2,NR
626279,early_sensory,no_reward,0.012500000000000011,0.34438226431338764,1,404,1,Early sensory,2,NR
626279,early_sensory,no_reward,0.03750000000000003,0.49289711579853623,1,404,1,Early sensory,2,NR
626279,early_sensory,no_reward,0.06250000000000003,2.4989238054240204,1,404,1,Early sensory,2,NR
626279,early_sensory,no_reward,0.08750000000000002,4.5049504950495045,1,404,1,Early sensory,2,NR
626279,early_sensory,no_reward,0.11250000000000002,4.063710718897976,1,404,1,Early sensory,2,NR
626279,early_sensory,no_reward,0.1375,3.1381833835557464,1,404,1,Early sensory,2,NR
626279,early_sensory,no_reward,0.16250000000000003,1.6315109771846747,1,404,1,Early sensory,2,NR
626279,early_sensory,no_reward,0.18750000000000003,1.4334911752044768,1,404,1,Early sensory,2,NR
626279,early_sensory,no_reward,0.21250000000000002,1.082651743435213,1,404,1,Early sensory,2,NR
626279,early_sensory,no_reward,0.23750000000000002,1.3021954369349975,1,404,1,Early sensory,2,NR
626279,early_sensory,no_reward,0.2625,1.1945759793370638,1,404,1,Early sensory,2,NR
626279,early_sensory,no_reward,0.28750000000000003,1.2785191562634524,1,404,1,Early sensory,2,NR
626279,early_sensory,no_reward,0.31250000000000006,1.3646147223417993,1,404,1,Early sensory,2,NR
626279,early_sensory,no_reward,0.3375000000000001,1.1213947481704691,1,404,1,Early sensory,2,NR
626279,early_sensory,no_reward,0.36250000000000004,0.12268618166164426,1,404,1,Early sensory,2,NR
626279,early_sensory,no_reward,0.3875,0.06241928540680142,1,404,1,Early sensory,2,NR
626279,early_sensory,no_reward,0.41250000000000003,0.045200172191132,1,404,1,Early sensory,2,NR
626279,early_sensory,no_reward,0.43750000000000006,0.24321997417133,1,404,1,Early sensory,2,NR
626279,early_sensory,no_reward,0.4625000000000001,0.2260008609556606,1,404,1,Early sensory,2,NR
626279,early_sensory,no_reward,0.48750000000000004,0.43908738699956934,1,404,1,Early sensory,2,NR
626279,early_sensory,no_reward,0.5125,0.4326302195436933,1,404,1,Early sensory,2,NR
626279,early_sensory,no_reward,0.5375000000000001,0.3099440378820489,1,404,1,Early sensory,2,NR
626279,early_sensory,no_reward,0.5625,0.3379250968575117,1,404,1,Early sensory,2,NR
626279,early_sensory,no_reward,0.5875000000000001,0.11838140335772689,1,404,1,Early sensory,2,NR
626279,early_sensory,no_reward,0.6125,0.25613430908308205,1,404,1,Early sensory,2,NR
626279,early_sensory,no_reward,0.6375,0.055962117950925344,1,404,1,Early sensory,2,NR
626279,early_sensory,no_reward,0.6625000000000001,0.144210073181231,1,404,1,Early sensory,2,NR
626279,early_sensory,no_reward,0.6875,0.24537236332328866,1,404,1,Early sensory,2,NR
626279,early_sensory,no_reward,0.7125000000000001,0.19586741282823922,1,404,1,Early sensory,2,NR
626279,early_sensory,no_reward,0.7375,0.30563925957813154,1,404,1,Early sensory,2,NR
632295,early_sensory,no_reward,-0.2375,0.027037147030425618,2,844,1,Early sensory,2,NR
632295,early_sensory,no_reward,-0.21250000000000002,-0.08295996901281567,2,844,1,Early sensory,2,NR
632295,early_sensory,no_reward,-0.1875,-0.08054137913837438,2,844,1,Early sensory,2,NR
632295,early_sensory,no_reward,-0.16249999999999998,0.03941145316725296,2,844,1,Early sensory,2,NR
632295,early_sensory,no_reward,-0.1375,0.005584342705718518,2,844,1,Early sensory,2,NR
632295,early_sensory,no_reward,-0.11249999999999999,0.026854834236884877,2,844,1,Early sensory,2,NR
632295,early_sensory,no_reward,-0.08749999999999998,-0.015536983812550934,2,844,1,Early sensory,2,NR
632295,early_sensory,no_reward,-0.062499999999999986,0.05669003335595264,2,844,1,Early sensory,2,NR
632295,early_sensory,no_reward,-0.03749999999999999,0.018091639335972045,2,844,1,Early sensory,2,NR
632295,early_sensory,no_reward,-0.012499999999999997,0.005368882131534062,2,844,1,Early sensory,2,NR
632295,early_sensory,no_reward,0.012500000000000011,0.09358171604363064,2,844,1,Early sensory,2,NR
632295,early_sensory,no_reward,0.03750000000000003,0.18348428802685682,2,844,1,Early sensory,2,NR
632295,early_sensory,no_reward,0.06250000000000003,3.716947646525047,2,844,1,Early sensory,2,NR
632295,early_sensory,no_reward,0.08750000000000002,5.774203748125391,2,844,1,Early sensory,2,NR
632295,early_sensory,no_reward,0.11250000000000002,4.262245212005267,2,844,1,Early sensory,2,NR
632295,early_sensory,no_reward,0.1375,2.4074735265799023,2,844,1,Early sensory,2,NR
632295,early_sensory,no_reward,0.16250000000000003,1.4814293702415897,2,844,1,Early sensory,2,NR
632295,early_sensory,no_reward,0.18750000000000003,1.5420768292670142,2,844,1,Early sensory,2,NR
632295,early_sensory,no_reward,0.21250000000000002,1.6536476661491317,2,844,1,Early sensory,2,NR
632295,early_sensory,no_reward,0.23750000000000002,1.5683009171501674,2,844,1,Early sensory,2,NR
632295,early_sensory,no_reward,0.2625,1.5085314749409515,2,844,1,Early sensory,2,NR
632295,early_sensory,no_reward,0.28750000000000003,1.4893149476971452,2,844,1,Early sensory,2,NR
632295,early_sensory,no_reward,0.31250000000000006,1.9160992131046353,2,844,1,Early sensory,2,NR
632295,early_sensory,no_reward,0.3375000000000001,1.055688860553527,2,844,1,Early sensory,2,NR
632295,early_sensory,no_reward,0.36250000000000004,-0.2963108666761817,2,844,1,Early sensory,2,NR
632295,early_sensory,no_reward,0.3875,-0.40890848601655383,2,844,1,Early sensory,2,NR
632295,early_sensory,no_reward,0.41250000000000003,-0.521373514234351,2,844,1,Early sensory,2,NR
632295,early_sensory,no_reward,0.43750000000000006,-0.3234784681951288,2,844,1,Early sensory,2,NR
632295,early_sensory,no_reward,0.4625000000000001,-0.032020017265800345,2,844,1,Early sensory,2,NR
632295,early_sensory,no_reward,0.48750000000000004,0.555635020370659,2,844,1,Early sensory,2,NR
632295,early_sensory,no_reward,0.5125,0.4073046925525872,2,844,1,Early sensory,2,NR
632295,early_sensory,no_reward,0.5375000000000001,0.1158955639233733,2,844,1,Early sensory,2,NR
632295,early_sensory,no_reward,0.5625,0.03548543801522268,2,844,1,Early sensory,2,NR
632295,early_sensory,no_reward,0.5875000000000001,-0.026404264042640464,2,844,1,Early sensory,2,NR
632295,early_sensory,no_reward,0.6125,0.01853873500381171,2,844,1,Early sensory,2,NR
632295,early_sensory,no_reward,0.6375,0.1236315769951806,2,844,1,Early sensory,2,NR
632295,early_sensory,no_reward,0.6625000000000001,0.20265069422884652,2,844,1,Early sensory,2,NR
632295,early_sensory,no_reward,0.6875,0.2327506762222133,2,844,1,Early sensory,2,NR
632295,early_sensory,no_reward,0.7125000000000001,0.19557683802821219,2,844,1,Early sensory,2,NR
632295,early_sensory,no_reward,0.7375,0.21313677498153277,2,844,1,Early sensory,2,NR
638387,early_sensory,no_reward,-0.2375,-0.032909860859044154,1,285,1,Early sensory,2,NR
638387,early_sensory,no_reward,-0.21250000000000002,0.049364791288566225,1,285,1,Early sensory,2,NR
638387,early_sensory,no_reward,-0.1875,0.2477918935269207,1,285,1,Early sensory,2,NR
638387,early_sensory,no_reward,-0.16249999999999998,0.09776164549304289,1,285,1,Early sensory,2,NR
638387,early_sensory,no_reward,-0.1375,-0.15390199637023594,1,285,1,Early sensory,2,NR
638387,early_sensory,no_reward,-0.11249999999999999,0.07840290381125224,1,285,1,Early sensory,2,NR
638387,early_sensory,no_reward,-0.08749999999999998,0.010647307924984896,1,285,1,Early sensory,2,NR
638387,early_sensory,no_reward,-0.062499999999999986,-0.11034482758620688,1,285,1,Early sensory,2,NR
638387,early_sensory,no_reward,-0.03749999999999999,-0.12486388384754993,1,285,1,Early sensory,2,NR
638387,early_sensory,no_reward,-0.012499999999999997,-0.0619479733817302,1,285,1,Early sensory,2,NR
638387,early_sensory,no_reward,0.012500000000000011,-0.08130671506352093,1,285,1,Early sensory,2,NR
638387,early_sensory,no_reward,0.03750000000000003,0.23327283726557768,1,285,1,Early sensory,2,NR
638387,early_sensory,no_reward,0.06250000000000003,0.8817906836055656,1,285,1,Early sensory,2,NR
638387,early_sensory,no_reward,0.08750000000000002,2.3336963097398664,1,285,1,Early sensory,2,NR
638387,early_sensory,no_reward,0.11250000000000002,2.183666061705989,1,285,1,Early sensory,2,NR
638387,early_sensory,no_reward,0.1375,1.8206896551724137,1,285,1,Early sensory,2,NR
638387,early_sensory,no_reward,0.16250000000000003,1.1479733817301874,1,285,1,Early sensory,2,NR
638387,early_sensory,no_reward,0.18750000000000003,0.7946763460375075,1,285,1,Early sensory,2,NR
638387,early_sensory,no_reward,0.21250000000000002,0.8140350877192981,1,285,1,Early sensory,2,NR
638387,early_sensory,no_reward,0.23750000000000002,0.6640048396854203,1,285,1,Early sensory,2,NR
638387,early_sensory,no_reward,0.2625,0.5430127041742285,1,285,1,Early sensory,2,NR
638387,early_sensory,no_reward,0.28750000000000003,0.7559588626739261,1,285,1,Early sensory,2,NR
638387,early_sensory,no_reward,0.31250000000000006,0.16551724137931037,1,285,1,Early sensory,2,NR
638387,early_sensory,no_reward,0.3375000000000001,0.35910465819721715,1,285,1,Early sensory,2,NR
638387,early_sensory,no_reward,0.36250000000000004,-0.15874168179068357,1,285,1,Early sensory,2,NR
638387,early_sensory,no_reward,0.3875,-0.1539019963702359,1,285,1,Early sensory,2,NR
638387,early_sensory,no_reward,0.41250000000000003,0.12196007259528129,1,285,1,Early sensory,2,NR
638387,early_sensory,no_reward,0.43750000000000006,0.141318814277072,1,285,1,Early sensory,2,NR
638387,early_sensory,no_reward,0.4625000000000001,0.18003629764065335,1,285,1,Early sensory,2,NR
638387,early_sensory,no_reward,0.48750000000000004,0.25747126436781603,1,285,1,Early sensory,2,NR
638387,early_sensory,no_reward,0.5125,0.03968542044767088,1,285,1,Early sensory,2,NR
638387,early_sensory,no_reward,0.5375000000000001,-0.05226860254083488,1,285,1,Early sensory,2,NR
638387,early_sensory,no_reward,0.5625,-0.05710828796128248,1,285,1,Early sensory,2,NR
638387,early_sensory,no_reward,0.5875000000000001,0.030006049606775546,1,285,1,Early sensory,2,NR
638387,early_sensory,no_reward,0.6125,-0.08130671506352087,1,285,1,Early sensory,2,NR
638387,early_sensory,no_reward,0.6375,-0.028070175438596485,1,285,1,Early sensory,2,NR
638387,early_sensory,no_reward,0.6625000000000001,-0.15390199637023594,1,285,1,Early sensory,2,NR
638387,early_sensory,no_reward,0.6875,-0.284573502722323,1,285,1,Early sensory,2,NR
638387,early_sensory,no_reward,0.7125000000000001,0.08324258923169989,1,285,1,Early sensory,2,NR
638387,early_sensory,no_reward,0.7375,-0.037749546279491855,1,285,1,Early sensory,2,NR
640887,early_sensory,no_reward,-0.2375,0.023639456824939436,2,727,1,Early sensory,2,NR
640887,early_sensory,no_reward,-0.21250000000000002,0.02288232228795634,2,727,1,Early sensory,2,NR
640887,early_sensory,no_reward,-0.1875,-0.06972412101891307,2,727,1,Early sensory,2,NR
640887,early_sensory,no_reward,-0.16249999999999998,-0.05190233884069525,2,727,1,Early sensory,2,NR
640887,early_sensory,no_reward,-0.1375,-0.12044600435275729,2,727,1,Early sensory,2,NR
640887,early_sensory,no_reward,-0.11249999999999999,-0.02019464794776693,2,727,1,Early sensory,2,NR
640887,early_sensory,no_reward,-0.08749999999999998,0.05260061919504642,2,727,1,Early sensory,2,NR
640887,early_sensory,no_reward,-0.062499999999999986,0.015519418814946506,2,727,1,Early sensory,2,NR
640887,early_sensory,no_reward,-0.03749999999999999,0.020460717898415165,2,727,1,Early sensory,2,NR
640887,early_sensory,no_reward,-0.012499999999999997,0.1271645771388284,2,727,1,Early sensory,2,NR
640887,early_sensory,no_reward,0.012500000000000011,0.15121202832357533,2,727,1,Early sensory,2,NR
640887,early_sensory,no_reward,0.03750000000000003,0.1469941452349569,2,727,1,Early sensory,2,NR
640887,early_sensory,no_reward,0.06250000000000003,1.688636544769028,2,727,1,Early sensory,2,NR
640887,early_sensory,no_reward,0.08750000000000002,3.7835879594151365,2,727,1,Early sensory,2,NR
640887,early_sensory,no_reward,0.11250000000000002,3.529929497593722,2,727,1,Early sensory,2,NR
640887,early_sensory,no_reward,0.1375,2.7484961530208745,2,727,1,Early sensory,2,NR
640887,early_sensory,no_reward,0.16250000000000003,1.8227290561873521,2,727,1,Early sensory,2,NR
640887,early_sensory,no_reward,0.18750000000000003,1.2901109646568372,2,727,1,Early sensory,2,NR
640887,early_sensory,no_reward,0.21250000000000002,0.9795509303252306,2,727,1,Early sensory,2,NR
640887,early_sensory,no_reward,0.23750000000000002,0.7375928026239156,2,727,1,Early sensory,2,NR
640887,early_sensory,no_reward,0.2625,0.7349198418293841,2,727,1,Early sensory,2,NR
640887,early_sensory,no_reward,0.28750000000000003,0.7586822180670079,2,727,1,Early sensory,2,NR
640887,early_sensory,no_reward,0.31250000000000006,0.7140909787573183,2,727,1,Early sensory,2,NR
640887,early_sensory,no_reward,0.3375000000000001,0.33217024798455075,2,727,1,Early sensory,2,NR
640887,early_sensory,no_reward,0.36250000000000004,0.002455016399472737,2,727,1,Early sensory,2,NR
640887,early_sensory,no_reward,0.3875,-0.1837694264782516,2,727,1,Early sensory,2,NR
640887,early_sensory,no_reward,0.41250000000000003,-0.059035343162799264,2,727,1,Early sensory,2,NR
640887,early_sensory,no_reward,0.43750000000000006,0.17048064249149364,2,727,1,Early sensory,2,NR
640887,early_sensory,no_reward,0.4625000000000001,0.47643656316095995,2,727,1,Early sensory,2,NR
640887,early_sensory,no_reward,0.48750000000000004,0.4670597431260153,2,727,1,Early sensory,2,NR
640887,early_sensory,no_reward,0.5125,-0.0006225669006529573,2,727,1,Early sensory,2,NR
640887,early_sensory,no_reward,0.5375000000000001,0.10585752383287861,2,727,1,Early sensory,2,NR
640887,early_sensory,no_reward,0.5625,0.11206786622934736,2,727,1,Early sensory,2,NR
640887,early_sensory,no_reward,0.5875000000000001,0.16259356895441862,2,727,1,Early sensory,2,NR
640887,early_sensory,no_reward,0.6125,0.3421018913036814,2,727,1,Early sensory,2,NR
640887,early_sensory,no_reward,0.6375,0.3532627287496551,2,727,1,Early sensory,2,NR
640887,early_sensory,no_reward,0.6625000000000001,0.23242160438954107,2,727,1,Early sensory,2,NR
640887,early_sensory,no_reward,0.6875,0.3683103945069429,2,727,1,Early sensory,2,NR
640887,early_sensory,no_reward,0.7125000000000001,0.22715538117279216,2,727,1,Early sensory,2,NR
640887,early_sensory,no_reward,0.7375,0.36012291941268426,2,727,1,Early sensory,2,NR
640890,early_sensory,no_reward,-0.2375,0.08584703817381695,2,1015,1,Early sensory,2,NR
640890,early_sensory,no_reward,-0.21250000000000002,-0.018476159085036793,2,1015,1,Early sensory,2,NR
640890,early_sensory,no_reward,-0.1875,-0.044330273733805645,2,1015,1,Early sensory,2,NR
640890,early_sensory,no_reward,-0.16249999999999998,-0.006247144656874301,2,1015,1,Early sensory,2,NR
640890,early_sensory,no_reward,-0.1375,0.03007699977884524,2,1015,1,Early sensory,2,NR
640890,early_sensory,no_reward,-0.11249999999999999,0.0621202773233097,2,1015,1,Early sensory,2,NR
640890,early_sensory,no_reward,-0.08749999999999998,-0.11165581238278902,2,1015,1,Early sensory,2,NR
640890,early_sensory,no_reward,-0.062499999999999986,-0.037015314380510526,2,1015,1,Early sensory,2,NR
640890,early_sensory,no_reward,-0.03749999999999999,-0.009733519402362934,2,1015,1,Early sensory,2,NR
640890,early_sensory,no_reward,-0.012499999999999997,0.049413908365407225,2,1015,1,Early sensory,2,NR
640890,early_sensory,no_reward,0.012500000000000011,0.1079423146453716,2,1015,1,Early sensory,2,NR
640890,early_sensory,no_reward,0.03750000000000003,0.2283492702349263,2,1015,1,Early sensory,2,NR
640890,early_sensory,no_reward,0.06250000000000003,1.243102817908684,2,1015,1,Early sensory,2,NR
640890,early_sensory,no_reward,0.08750000000000002,2.2971372116444457,2,1015,1,Early sensory,2,NR
640890,early_sensory,no_reward,0.11250000000000002,1.6565386889446794,2,1015,1,Early sensory,2,NR
640890,early_sensory,no_reward,0.1375,1.2861261613552146,2,1015,1,Early sensory,2,NR
640890,early_sensory,no_reward,0.16250000000000003,0.7046903201674654,2,1015,1,Early sensory,2,NR
640890,early_sensory,no_reward,0.18750000000000003,0.53950429763549,2,1015,1,Early sensory,2,NR
640890,early_sensory,no_reward,0.21250000000000002,0.5815108299971116,2,1015,1,Early sensory,2,NR
640890,early_sensory,no_reward,0.23750000000000002,0.575788116080671,2,1015,1,Early sensory,2,NR
640890,early_sensory,no_reward,0.2625,0.5308728174223877,2,1015,1,Early sensory,2,NR
640890,early_sensory,no_reward,0.28750000000000003,0.5143912694945831,2,1015,1,Early sensory,2,NR
640890,early_sensory,no_reward,0.31250000000000006,0.7349626204717927,2,1015,1,Early sensory,2,NR
640890,early_sensory,no_reward,0.3375000000000001,0.38956612824947,2,1015,1,Early sensory,2,NR
640890,early_sensory,no_reward,0.36250000000000004,0.07576063128816317,2,1015,1,Early sensory,2,NR
640890,early_sensory,no_reward,0.3875,0.12225618278437594,2,1015,1,Early sensory,2,NR
640890,early_sensory,no_reward,0.41250000000000003,0.08344613389538924,2,1015,1,Early sensory,2,NR
640890,early_sensory,no_reward,0.43750000000000006,0.06640114421456478,2,1015,1,Early sensory,2,NR
640890,early_sensory,no_reward,0.4625000000000001,0.12888128717083241,2,1015,1,Early sensory,2,NR
640890,early_sensory,no_reward,0.48750000000000004,0.20600660257793746,2,1015,1,Early sensory,2,NR
640890,early_sensory,no_reward,0.5125,0.06286136383117163,2,1015,1,Early sensory,2,NR
640890,early_sensory,no_reward,0.5375000000000001,0.01747961619363296,2,1015,1,Early sensory,2,NR
640890,early_sensory,no_reward,0.5625,0.053295898611118164,2,1015,1,Early sensory,2,NR
640890,early_sensory,no_reward,0.5875000000000001,0.0068842602413042575,2,1015,1,Early sensory,2,NR
640890,early_sensory,no_reward,0.6125,0.12373726875165922,2,1015,1,Early sensory,2,NR
640890,early_sensory,no_reward,0.6375,0.13085932960586524,2,1015,1,Early sensory,2,NR
640890,early_sensory,no_reward,0.6625000000000001,0.048052713321298915,2,1015,1,Early sensory,2,NR
640890,early_sensory,no_reward,0.6875,0.05007108174687027,2,1015,1,Early sensory,2,NR
640890,early_sensory,no_reward,0.7125000000000001,0.05912759790024878,2,1015,1,Early sensory,2,NR
640890,early_sensory,no_reward,0.7375,0.04619999705164411,2,1015,1,Early sensory,2,NR
642504,early_sensory,no_reward,-0.2375,-0.12278195558832068,3,1020,1,Early sensory,2,NR
642504,early_sensory,no_reward,-0.21250000000000002,0.0037781200019909524,3,1020,1,Early sensory,2,NR
642504,early_sensory,no_reward,-0.1875,-0.02284383909382663,3,1020,1,Early sensory,2,NR
642504,early_sensory,no_reward,-0.16249999999999998,-0.04963697988050022,3,1020,1,Early sensory,2,NR
642504,early_sensory,no_reward,-0.1375,0.0264139825461517,3,1020,1,Early sensory,2,NR
642504,early_sensory,no_reward,-0.11249999999999999,-0.03554729259237517,3,1020,1,Early sensory,2,NR
642504,early_sensory,no_reward,-0.08749999999999998,0.06466198067943499,3,1020,1,Early sensory,2,NR
642504,early_sensory,no_reward,-0.062499999999999986,-0.0022581678651291404,3,1020,1,Early sensory,2,NR
642504,early_sensory,no_reward,-0.03749999999999999,0.024417934224807328,3,1020,1,Early sensory,2,NR
642504,early_sensory,no_reward,-0.012499999999999997,0.11379621756776642,3,1020,1,Early sensory,2,NR
642504,early_sensory,no_reward,0.012500000000000011,0.08005945225326232,3,1020,1,Early sensory,2,NR
642504,early_sensory,no_reward,0.03750000000000003,0.16850431254718756,3,1020,1,Early sensory,2,NR
642504,early_sensory,no_reward,0.06250000000000003,2.450524127314352,3,1020,1,Early sensory,2,NR
642504,early_sensory,no_reward,0.08750000000000002,5.735372515293778,3,1020,1,Early sensory,2,NR
642504,early_sensory,no_reward,0.11250000000000002,5.62271713630408,3,1020,1,Early sensory,2,NR
642504,early_sensory,no_reward,0.1375,4.028821983442662,3,1020,1,Early sensory,2,NR
642504,early_sensory,no_reward,0.16250000000000003,2.2254364899342574,3,1020,1,Early sensory,2,NR
642504,early_sensory,no_reward,0.18750000000000003,1.5678131920500824,3,1020,1,Early sensory,2,NR
642504,early_sensory,no_reward,0.21250000000000002,1.4211686948113005,3,1020,1,Early sensory,2,NR
642504,early_sensory,no_reward,0.23750000000000002,1.380643156283354,3,1020,1,Early sensory,2,NR
642504,early_sensory,no_reward,0.2625,1.3073645225178927,3,1020,1,Early sensory,2,NR
642504,early_sensory,no_reward,0.28750000000000003,1.0981296692281381,3,1020,1,Early sensory,2,NR
642504,early_sensory,no_reward,0.31250000000000006,1.0596138593092588,3,1020,1,Early sensory,2,NR
642504,early_sensory,no_reward,0.3375000000000001,0.5721772809334877,3,1020,1,Early sensory,2,NR
642504,early_sensory,no_reward,0.36250000000000004,-0.32527329980923475,3,1020,1,Early sensory,2,NR
642504,early_sensory,no_reward,0.3875,-0.8930275973572909,3,1020,1,Early sensory,2,NR
642504,early_sensory,no_reward,0.41250000000000003,-0.9242973260880136,3,1020,1,Early sensory,2,NR
642504,early_sensory,no_reward,0.43750000000000006,-0.5371087038118819,3,1020,1,Early sensory,2,NR
642504,early_sensory,no_reward,0.4625000000000001,0.1445580639805479,3,1020,1,Early sensory,2,NR
642504,early_sensory,no_reward,0.48750000000000004,0.513930975632702,3,1020,1,Early sensory,2,NR
642504,early_sensory,no_reward,0.5125,0.13506387183617652,3,1020,1,Early sensory,2,NR
642504,early_sensory,no_reward,0.5375000000000001,0.0018854734310640266,3,1020,1,Early sensory,2,NR
642504,early_sensory,no_reward,0.5625,0.0499488871962192,3,1020,1,Early sensory,2,NR
642504,early_sensory,no_reward,0.5875000000000001,0.012783288348966207,3,1020,1,Early sensory,2,NR
642504,early_sensory,no_reward,0.6125,0.1385739469484801,3,1020,1,Early sensory,2,NR
642504,early_sensory,no_reward,0.6375,0.30960977688738,3,1020,1,Early sensory,2,NR
642504,early_sensory,no_reward,0.6625000000000001,0.3130483544692566,3,1020,1,Early sensory,2,NR
642504,early_sensory,no_reward,0.6875,0.301517247320201,3,1020,1,Early sensory,2,NR
642504,early_sensory,no_reward,0.7125000000000001,0.4339579929091661,3,1020,1,Early sensory,2,NR
642504,early_sensory,no_reward,0.7375,0.45390088790599603,3,1020,1,Early sensory,2,NR
614547,early_sensory,engaged_2,-0.2375,-0.21018766756032164,1,373,1,Early sensory,3,E2
614547,early_sensory,engaged_2,-0.21250000000000002,-0.08150134048257374,1,373,1,Early sensory,3,E2
614547,early_sensory,engaged_2,-0.1875,-0.027882037533512052,1,373,1,Early sensory,3,E2
614547,early_sensory,engaged_2,-0.16249999999999998,-0.09222520107238609,1,373,1,Early sensory,3,E2
614547,early_sensory,engaged_2,-0.1375,0.015013404825737243,1,373,1,Early sensory,3,E2
614547,early_sensory,engaged_2,-0.11249999999999999,0.08293118856121533,1,373,1,Early sensory,3,E2
614547,early_sensory,engaged_2,-0.08749999999999998,0.07220732797140304,1,373,1,Early sensory,3,E2
614547,early_sensory,engaged_2,-0.062499999999999986,0.07578194816800714,1,373,1,Early sensory,3,E2
614547,early_sensory,engaged_2,-0.03749999999999999,0.09365504915102768,1,373,1,Early sensory,3,E2
614547,early_sensory,engaged_2,-0.012499999999999997,0.07220732797140303,1,373,1,Early sensory,3,E2
614547,early_sensory,engaged_2,0.012500000000000011,0.011438784629133164,1,373,1,Early sensory,3,E2
614547,early_sensory,engaged_2,0.03750000000000003,0.2116175156389633,1,373,1,Early sensory,3,E2
614547,early_sensory,engaged_2,0.06250000000000003,0.6048257372654156,1,373,1,Early sensory,3,E2
614547,early_sensory,engaged_2,0.08750000000000002,2.406434316353887,1,373,1,Early sensory,3,E2
614547,early_sensory,engaged_2,0.11250000000000002,2.674530831099196,1,373,1,Early sensory,3,E2
614547,early_sensory,engaged_2,0.1375,2.209830205540661,1,373,1,Early sensory,3,E2
614547,early_sensory,engaged_2,0.16250000000000003,1.9417336907953529,1,373,1,Early sensory,3,E2
614547,early_sensory,engaged_2,0.18750000000000003,1.3197497765862376,1,373,1,Early sensory,3,E2
614547,early_sensory,engaged_2,0.21250000000000002,1.0016085790884717,1,373,1,Early sensory,3,E2
614547,early_sensory,engaged_2,0.23750000000000002,0.7871313672922251,1,373,1,Early sensory,3,E2
614547,early_sensory,engaged_2,0.2625,0.49758713136729216,1,373,1,Early sensory,3,E2
614547,early_sensory,engaged_2,0.28750000000000003,0.3903485254691688,1,373,1,Early sensory,3,E2
614547,early_sensory,engaged_2,0.31250000000000006,0.6798927613941018,1,373,1,Early sensory,3,E2
614547,early_sensory,engaged_2,0.3375000000000001,0.6084003574620197,1,373,1,Early sensory,3,E2
614547,early_sensory,engaged_2,0.36250000000000004,0.3367292225201072,1,373,1,Early sensory,3,E2
614547,early_sensory,engaged_2,0.3875,0.1973190348525469,1,373,1,Early sensory,3,E2
614547,early_sensory,engaged_2,0.41250000000000003,0.015013404825737264,1,373,1,Early sensory,3,E2
614547,early_sensory,engaged_2,0.43750000000000006,0.011438784629133173,1,373,1,Early sensory,3,E2
614547,early_sensory,engaged_2,0.4625000000000001,-0.03145665773011617,1,373,1,Early sensory,3,E2
614547,early_sensory,engaged_2,0.48750000000000004,0.19374441465594272,1,373,1,Early sensory,3,E2
614547,early_sensory,engaged_2,0.5125,0.13297587131367286,1,373,1,Early sensory,3,E2
614547,early_sensory,engaged_2,0.5375000000000001,0.27953529937444144,1,373,1,Early sensory,3,E2
614547,early_sensory,engaged_2,0.5625,0.12225201072386054,1,373,1,Early sensory,3,E2
614547,early_sensory,engaged_2,0.5875000000000001,0.11152815013404822,1,373,1,Early sensory,3,E2
614547,early_sensory,engaged_2,0.6125,0.1544235924932976,1,373,1,Early sensory,3,E2
614547,early_sensory,engaged_2,0.6375,0.30098302055406617,1,373,1,Early sensory,3,E2
614547,early_sensory,engaged_2,0.6625000000000001,0.16872207327971397,1,373,1,Early sensory,3,E2
614547,early_sensory,engaged_2,0.6875,0.46541554959785514,1,373,1,Early sensory,3,E2
614547,early_sensory,engaged_2,0.7125000000000001,0.26881143878462915,1,373,1,Early sensory,3,E2
614547,early_sensory,engaged_2,0.7375,0.41894548704200174,1,373,1,Early sensory,3,E2
614608,early_sensory,engaged_2,-0.2375,-0.0290519709520366,2,1260,1,Early sensory,3,E2
614608,early_sensory,engaged_2,-0.21250000000000002,-0.014922216920289607,2,1260,1,Early sensory,3,E2
614608,early_sensory,engaged_2,-0.1875,-0.037896464439357916,2,1260,1,Early sensory,3,E2
614608,early_sensory,engaged_2,-0.16249999999999998,-0.0477465647204432,2,1260,1,Early sensory,3,E2
614608,early_sensory,engaged_2,-0.1375,0.026508969378853702,2,1260,1,Early sensory,3,E2
614608,early_sensory,engaged_2,-0.11249999999999999,0.03818109123714794,2,1260,1,Early sensory,3,E2
614608,early_sensory,engaged_2,-0.08749999999999998,0.03852871990635461,2,1260,1,Early sensory,3,E2
614608,early_sensory,engaged_2,-0.062499999999999986,0.047754393355352885,2,1260,1,Early sensory,3,E2
614608,early_sensory,engaged_2,-0.03749999999999999,-0.003789711682560061,2,1260,1,Early sensory,3,E2
614608,early_sensory,engaged_2,-0.012499999999999997,-0.01756624516302202,2,1260,1,Early sensory,3,E2
614608,early_sensory,engaged_2,0.012500000000000011,-0.03416201919133932,2,1260,1,Early sensory,3,E2
614608,early_sensory,engaged_2,0.03750000000000003,0.11862031493479862,2,1260,1,Early sensory,3,E2
614608,early_sensory,engaged_2,0.06250000000000003,1.9617642947145528,2,1260,1,Early sensory,3,E2
614608,early_sensory,engaged_2,0.08750000000000002,3.30054194657143,2,1260,1,Early sensory,3,E2
614608,early_sensory,engaged_2,0.11250000000000002,3.175979045353891,2,1260,1,Early sensory,3,E2
614608,early_sensory,engaged_2,0.1375,2.587829548250486,2,1260,1,Early sensory,3,E2
614608,early_sensory,engaged_2,0.16250000000000003,2.0687752100683703,2,1260,1,Early sensory,3,E2
614608,early_sensory,engaged_2,0.18750000000000003,1.8783865369847081,2,1260,1,Early sensory,3,E2
614608,early_sensory,engaged_2,0.21250000000000002,1.6962095427331627,2,1260,1,Early sensory,3,E2
614608,early_sensory,engaged_2,0.23750000000000002,1.4625136069130573,2,1260,1,Early sensory,3,E2
614608,early_sensory,engaged_2,0.2625,1.2384478240122871,2,1260,1,Early sensory,3,E2
614608,early_sensory,engaged_2,0.28750000000000003,1.170293965240861,2,1260,1,Early sensory,3,E2
614608,early_sensory,engaged_2,0.31250000000000006,1.2524564205990023,2,1260,1,Early sensory,3,E2
614608,early_sensory,engaged_2,0.3375000000000001,0.44951993692357006,2,1260,1,Early sensory,3,E2
614608,early_sensory,engaged_2,0.36250000000000004,-0.039328918231772335,2,1260,1,Early sensory,3,E2
614608,early_sensory,engaged_2,0.3875,-0.052588202619983176,2,1260,1,Early sensory,3,E2
614608,early_sensory,engaged_2,0.41250000000000003,0.152924647525033,2,1260,1,Early sensory,3,E2
614608,early_sensory,engaged_2,0.43750000000000006,0.37366326058916066,2,1260,1,Early sensory,3,E2
614608,early_sensory,engaged_2,0.4625000000000001,0.3161134741990561,2,1260,1,Early sensory,3,E2
614608,early_sensory,engaged_2,0.48750000000000004,0.620539262468033,2,1260,1,Early sensory,3,E2
614608,early_sensory,engaged_2,0.5125,0.062076135338457974,2,1260,1,Early sensory,3,E2
614608,early_sensory,engaged_2,0.5375000000000001,0.06305098678079077,2,1260,1,Early sensory,3,E2
614608,early_sensory,engaged_2,0.5625,0.21795171223429238,2,1260,1,Early sensory,3,E2
614608,early_sensory,engaged_2,0.5875000000000001,0.24412917620393218,2,1260,1,Early sensory,3,E2
614608,early_sensory,engaged_2,0.6125,0.30340219425452747,2,1260,1,Early sensory,3,E2
614608,early_sensory,engaged_2,0.6375,0.3157378861194575,2,1260,1,Early sensory,3,E2
614608,early_sensory,engaged_2,0.6625000000000001,0.23883273189534976,2,1260,1,Early sensory,3,E2
614608,early_sensory,engaged_2,0.6875,0.2403723634276,2,1260,1,Early sensory,3,E2
614608,early_sensory,engaged_2,0.7125000000000001,0.25897935104344516,2,1260,1,Early sensory,3,E2
614608,early_sensory,engaged_2,0.7375,0.2795071501532176,2,1260,1,Early sensory,3,E2
615048,early_sensory,engaged_2,-0.2375,-0.077892651216037,2,1070,1,Early sensory,3,E2
615048,early_sensory,engaged_2,-0.21250000000000002,0.01514735772455119,2,1070,1,Early sensory,3,E2
615048,early_sensory,engaged_2,-0.1875,0.0267775026123041,2,1070,1,Early sensory,3,E2
615048,early_sensory,engaged_2,-0.16249999999999998,-0.021220459301633555,2,1070,1,Early sensory,3,E2
615048,early_sensory,engaged_2,-0.1375,-0.05621277909865306,2,1070,1,Early sensory,3,E2
615048,early_sensory,engaged_2,-0.11249999999999999,-0.10999749073113663,2,1070,1,Early sensory,3,E2
615048,early_sensory,engaged_2,-0.08749999999999998,0.02159334163877679,2,1070,1,Early sensory,3,E2
615048,early_sensory,engaged_2,-0.062499999999999986,0.048650506003938436,2,1070,1,Early sensory,3,E2
615048,early_sensory,engaged_2,-0.03749999999999999,0.04655874574128757,2,1070,1,Early sensory,3,E2
615048,early_sensory,engaged_2,-0.012499999999999997,0.10659592662660138,2,1070,1,Early sensory,3,E2
615048,early_sensory,engaged_2,0.012500000000000011,0.04817261392780315,2,1070,1,Early sensory,3,E2
615048,early_sensory,engaged_2,0.03750000000000003,0.22184996182422492,2,1070,1,Early sensory,3,E2
615048,early_sensory,engaged_2,0.06250000000000003,2.6435050863014045,2,1070,1,Early sensory,3,E2
615048,early_sensory,engaged_2,0.08750000000000002,4.929296528678604,2,1070,1,Early sensory,3,E2
615048,early_sensory,engaged_2,0.11250000000000002,4.159635046109013,2,1070,1,Early sensory,3,E2
615048,early_sensory,engaged_2,0.1375,2.3089180450552735,2,1070,1,Early sensory,3,E2
615048,early_sensory,engaged_2,0.16250000000000003,1.455619219120897,2,1070,1,Early sensory,3,E2
615048,early_sensory,engaged_2,0.18750000000000003,1.0636555120815832,2,1070,1,Early sensory,3,E2
615048,early_sensory,engaged_2,0.21250000000000002,1.04719401824041,2,1070,1,Early sensory,3,E2
615048,early_sensory,engaged_2,0.23750000000000002,1.20389776291684,2,1070,1,Early sensory,3,E2
615048,early_sensory,engaged_2,0.2625,1.2009194198815754,2,1070,1,Early sensory,3,E2
615048,early_sensory,engaged_2,0.28750000000000003,1.1334584261689329,2,1070,1,Early sensory,3,E2
615048,early_sensory,engaged_2,0.31250000000000006,0.9342921590236202,2,1070,1,Early sensory,3,E2
615048,early_sensory,engaged_2,0.3375000000000001,0.25153265720454404,2,1070,1,Early sensory,3,E2
615048,early_sensory,engaged_2,0.36250000000000004,-0.0731974046990613,2,1070,1,Early sensory,3,E2
615048,early_sensory,engaged_2,0.3875,-0.3796019444629216,2,1070,1,Early sensory,3,E2
615048,early_sensory,engaged_2,0.41250000000000003,-0.4221883968263979,2,1070,1,Early sensory,3,E2
615048,early_sensory,engaged_2,0.43750000000000006,-0.245782866006768,2,1070,1,Early sensory,3,E2
615048,early_sensory,engaged_2,0.4625000000000001,-0.03804540415618511,2,1070,1,Early sensory,3,E2
615048,early_sensory,engaged_2,0.48750000000000004,0.3503833775602353,2,1070,1,Early sensory,3,E2
615048,early_sensory,engaged_2,0.5125,0.47394742497065645,2,1070,1,Early sensory,3,E2
615048,early_sensory,engaged_2,0.5375000000000001,0.05847288465663551,2,1070,1,Early sensory,3,E2
615048,early_sensory,engaged_2,0.5625,0.09559118201898945,2,1070,1,Early sensory,3,E2
615048,early_sensory,engaged_2,0.5875000000000001,-0.01426274939573402,2,1070,1,Early sensory,3,E2
615048,early_sensory,engaged_2,0.6125,0.08565474569068048,2,1070,1,Early sensory,3,E2
615048,early_sensory,engaged_2,0.6375,0.0847001116998446,2,1070,1,Early sensory,3,E2
615048,early_sensory,engaged_2,0.6625000000000001,0.18967707109090312,2,1070,1,Early sensory,3,E2
615048,early_sensory,engaged_2,0.6875,0.1578566089905435,2,1070,1,Early sensory,3,E2
615048,early_sensory,engaged_2,0.7125000000000001,0.20193223287165202,2,1070,1,Early sensory,3,E2
615048,early_sensory,engaged_2,0.7375,0.0865645233855614,2,1070,1,Early sensory,3,E2
615564,early_sensory,engaged_2,-0.2375,-0.047492648465188476,2,1011,1,Early sensory,3,E2
615564,early_sensory,engaged_2,-0.21250000000000002,-0.1286867213640669,2,1011,1,Early sensory,3,E2
615564,early_sensory,engaged_2,-0.1875,0.021133424165460792,2,1011,1,Early sensory,3,E2
615564,early_sensory,engaged_2,-0.16249999999999998,-0.10309208335524124,2,1011,1,Early sensory,3,E2
615564,early_sensory,engaged_2,-0.1375,-0.004143549052015829,2,1011,1,Early sensory,3,E2
615564,early_sensory,engaged_2,-0.11249999999999999,0.06961135736879448,2,1011,1,Early sensory,3,E2
615564,early_sensory,engaged_2,-0.08749999999999998,0.09810974685116564,2,1011,1,Early sensory,3,E2
615564,early_sensory,engaged_2,-0.062499999999999986,0.01062572057995402,2,1011,1,Early sensory,3,E2
615564,early_sensory,engaged_2,-0.03749999999999999,0.05987566971548671,2,1011,1,Early sensory,3,E2
615564,early_sensory,engaged_2,-0.012499999999999997,0.02405908355565109,2,1011,1,Early sensory,3,E2
615564,early_sensory,engaged_2,0.012500000000000011,-0.03602814043317473,2,1011,1,Early sensory,3,E2
615564,early_sensory,engaged_2,0.03750000000000003,0.2502521315450378,2,1011,1,Early sensory,3,E2
615564,early_sensory,engaged_2,0.06250000000000003,3.4647897868721667,2,1011,1,Early sensory,3,E2
615564,early_sensory,engaged_2,0.08750000000000002,6.379202795678768,2,1011,1,Early sensory,3,E2
615564,early_sensory,engaged_2,0.11250000000000002,5.964996959562177,2,1011,1,Early sensory,3,E2
615564,early_sensory,engaged_2,0.1375,4.016664018666307,2,1011,1,Early sensory,3,E2
615564,early_sensory,engaged_2,0.16250000000000003,2.666399104328166,2,1011,1,Early sensory,3,E2
615564,early_sensory,engaged_2,0.18750000000000003,2.025861628836457,2,1011,1,Early sensory,3,E2
615564,early_sensory,engaged_2,0.21250000000000002,2.078356807189759,2,1011,1,Early sensory,3,E2
615564,early_sensory,engaged_2,0.23750000000000002,2.1889584481117663,2,1011,1,Early sensory,3,E2
615564,early_sensory,engaged_2,0.2625,1.8200510397306737,2,1011,1,Early sensory,3,E2
615564,early_sensory,engaged_2,0.28750000000000003,1.759265143704503,2,1011,1,Early sensory,3,E2
615564,early_sensory,engaged_2,0.31250000000000006,1.2046852842047349,2,1011,1,Early sensory,3,E2
615564,early_sensory,engaged_2,0.3375000000000001,0.19288625181073688,2,1011,1,Early sensory,3,E2
615564,early_sensory,engaged_2,0.36250000000000004,-0.6987721469986916,2,1011,1,Early sensory,3,E2
615564,early_sensory,engaged_2,0.3875,-1.0434803564094182,2,1011,1,Early sensory,3,E2
615564,early_sensory,engaged_2,0.41250000000000003,-1.037771915346286,2,1011,1,Early sensory,3,E2
615564,early_sensory,engaged_2,0.43750000000000006,-0.8064024076609888,2,1011,1,Early sensory,3,E2
615564,early_sensory,engaged_2,0.4625000000000001,-0.061908533876497265,2,1011,1,Early sensory,3,E2
615564,early_sensory,engaged_2,0.48750000000000004,0.38017226861620446,2,1011,1,Early sensory,3,E2
615564,early_sensory,engaged_2,0.5125,0.10996526356938255,2,1011,1,Early sensory,3,E2
615564,early_sensory,engaged_2,0.5375000000000001,-0.3821832248605704,2,1011,1,Early sensory,3,E2
615564,early_sensory,engaged_2,0.5625,-0.4347122176069544,2,1011,1,Early sensory,3,E2
615564,early_sensory,engaged_2,0.5875000000000001,-0.3497885600288346,2,1011,1,Early sensory,3,E2
615564,early_sensory,engaged_2,0.6125,-0.3422779546921423,2,1011,1,Early sensory,3,E2
615564,early_sensory,engaged_2,0.6375,-0.245639753076824,2,1011,1,Early sensory,3,E2
615564,early_sensory,engaged_2,0.6625000000000001,-0.270478091702348,2,1011,1,Early sensory,3,E2
615564,early_sensory,engaged_2,0.6875,-0.032191397465996974,2,1011,1,Early sensory,3,E2
615564,early_sensory,engaged_2,0.7125000000000001,-0.3133904615597979,2,1011,1,Early sensory,3,E2
615564,early_sensory,engaged_2,0.7375,-0.19360702226834947,2,1011,1,Early sensory,3,E2
623319,early_sensory,engaged_2,-0.2375,-0.025092233282133048,2,651,1,Early sensory,3,E2
623319,early_sensory,engaged_2,-0.21250000000000002,0.16868235792956807,2,651,1,Early sensory,3,E2
623319,early_sensory,engaged_2,-0.1875,0.08631465942795619,2,651,1,Early sensory,3,E2
623319,early_sensory,engaged_2,-0.16249999999999998,-0.008461143547203669,2,651,1,Early sensory,3,E2
623319,early_sensory,engaged_2,-0.1375,-0.10194360207600231,2,651,1,Early sensory,3,E2
623319,early_sensory,engaged_2,-0.11249999999999999,-0.060765468690567995,2,651,1,Early sensory,3,E2
623319,early_sensory,engaged_2,-0.08749999999999998,-0.11936088311159242,2,651,1,Early sensory,3,E2
623319,early_sensory,engaged_2,-0.062499999999999986,0.014378934853684244,2,651,1,Early sensory,3,E2
623319,early_sensory,engaged_2,-0.03749999999999999,0.02559710008168492,2,651,1,Early sensory,3,E2
623319,early_sensory,engaged_2,-0.012499999999999997,0.020650278414606003,2,651,1,Early sensory,3,E2
623319,early_sensory,engaged_2,0.012500000000000011,0.16181032888050098,2,651,1,Early sensory,3,E2
623319,early_sensory,engaged_2,0.03750000000000003,0.32001508988458105,2,651,1,Early sensory,3,E2
623319,early_sensory,engaged_2,0.06250000000000003,1.5820012595688782,2,651,1,Early sensory,3,E2
623319,early_sensory,engaged_2,0.08750000000000002,3.6255426434734166,2,651,1,Early sensory,3,E2
623319,early_sensory,engaged_2,0.11250000000000002,2.9788958818748865,2,651,1,Early sensory,3,E2
623319,early_sensory,engaged_2,0.1375,2.223958933066177,2,651,1,Early sensory,3,E2
623319,early_sensory,engaged_2,0.16250000000000003,1.7731268069928934,2,651,1,Early sensory,3,E2
623319,early_sensory,engaged_2,0.18750000000000003,1.471495395091007,2,651,1,Early sensory,3,E2
623319,early_sensory,engaged_2,0.21250000000000002,1.242379088662425,2,651,1,Early sensory,3,E2
623319,early_sensory,engaged_2,0.23750000000000002,1.1825511258176284,2,651,1,Early sensory,3,E2
623319,early_sensory,engaged_2,0.2625,1.0002228148246686,2,651,1,Early sensory,3,E2
623319,early_sensory,engaged_2,0.28750000000000003,1.3157115628838723,2,651,1,Early sensory,3,E2
623319,early_sensory,engaged_2,0.31250000000000006,1.5057801948382616,2,651,1,Early sensory,3,E2
623319,early_sensory,engaged_2,0.3375000000000001,0.7015917126187601,2,651,1,Early sensory,3,E2
623319,early_sensory,engaged_2,0.36250000000000004,0.09510046412826817,2,651,1,Early sensory,3,E2
623319,early_sensory,engaged_2,0.3875,-0.20737949396924243,2,651,1,Early sensory,3,E2
623319,early_sensory,engaged_2,0.41250000000000003,-0.051958359401143586,2,651,1,Early sensory,3,E2
623319,early_sensory,engaged_2,0.43750000000000006,0.09906415695142756,2,651,1,Early sensory,3,E2
623319,early_sensory,engaged_2,0.4625000000000001,0.27641446882982723,2,651,1,Early sensory,3,E2
623319,early_sensory,engaged_2,0.48750000000000004,0.328055753590083,2,651,1,Early sensory,3,E2
623319,early_sensory,engaged_2,0.5125,0.36027244932105906,2,651,1,Early sensory,3,E2
623319,early_sensory,engaged_2,0.5375000000000001,0.5395890188872976,2,651,1,Early sensory,3,E2
623319,early_sensory,engaged_2,0.5625,0.483373482957368,2,651,1,Early sensory,3,E2
623319,early_sensory,engaged_2,0.5875000000000001,0.09947777775468333,2,651,1,Early sensory,3,E2
623319,early_sensory,engaged_2,0.6125,0.21664886087999377,2,651,1,Early sensory,3,E2
623319,early_sensory,engaged_2,0.6375,0.38894894589050066,2,651,1,Early sensory,3,E2
623319,early_sensory,engaged_2,0.6625000000000001,0.3760648657187336,2,651,1,Early sensory,3,E2
623319,early_sensory,engaged_2,0.6875,0.40707031761504997,2,651,1,Early sensory,3,E2
623319,early_sensory,engaged_2,0.7125000000000001,0.2551992550668548,2,651,1,Early sensory,3,E2
623319,early_sensory,engaged_2,0.7375,0.42462218129893553,2,651,1,Early sensory,3,E2
623322,early_sensory,engaged_2,-0.2375,0.15775381928594395,3,1221,1,Early sensory,3,E2
623322,early_sensory,engaged_2,-0.21250000000000002,-0.18372928610497596,3,1221,1,Early sensory,3,E2
623322,early_sensory,engaged_2,-0.1875,-0.16850368456501494,3,1221,1,Early sensory,3,E2
623322,early_sensory,engaged_2,-0.16249999999999998,-0.11875165025311625,3,1221,1,Early sensory,3,E2
623322,early_sensory,engaged_2,-0.1375,-0.033922699032016126,3,1221,1,Early sensory,3,E2
623322,early_sensory,engaged_2,-0.11249999999999999,0.015090605082927045,3,1221,1,Early sensory,3,E2
623322,early_sensory,engaged_2,-0.08749999999999998,0.02280037353083736,3,1221,1,Early sensory,3,E2
623322,early_sensory,engaged_2,-0.062499999999999986,0.08837284527143162,3,1221,1,Early sensory,3,E2
623322,early_sensory,engaged_2,-0.03749999999999999,0.12426453920183012,3,1221,1,Early sensory,3,E2
623322,early_sensory,engaged_2,-0.012499999999999997,0.09662513758215308,3,1221,1,Early sensory,3,E2
623322,early_sensory,engaged_2,0.012500000000000011,0.11770647102622413,3,1221,1,Early sensory,3,E2
623322,early_sensory,engaged_2,0.03750000000000003,0.1519060512799797,3,1221,1,Early sensory,3,E2
623322,early_sensory,engaged_2,0.06250000000000003,3.127460011807257,3,1221,1,Early sensory,3,E2
623322,early_sensory,engaged_2,0.08750000000000002,4.295663466363678,3,1221,1,Early sensory,3,E2
623322,early_sensory,engaged_2,0.11250000000000002,3.739093700994759,3,1221,1,Early sensory,3,E2
623322,early_sensory,engaged_2,0.1375,2.4267599377584204,3,1221,1,Early sensory,3,E2
623322,early_sensory,engaged_2,0.16250000000000003,1.4675431723994816,3,1221,1,Early sensory,3,E2
623322,early_sensory,engaged_2,0.18750000000000003,1.23533635782472,3,1221,1,Early sensory,3,E2
623322,early_sensory,engaged_2,0.21250000000000002,1.378308821428145,3,1221,1,Early sensory,3,E2
623322,early_sensory,engaged_2,0.23750000000000002,1.3710489474113683,3,1221,1,Early sensory,3,E2
623322,early_sensory,engaged_2,0.2625,1.3757770179379032,3,1221,1,Early sensory,3,E2
623322,early_sensory,engaged_2,0.28750000000000003,1.3408458439101125,3,1221,1,Early sensory,3,E2
623322,early_sensory,engaged_2,0.31250000000000006,1.5945199851758671,3,1221,1,Early sensory,3,E2
623322,early_sensory,engaged_2,0.3375000000000001,0.39329757515251584,3,1221,1,Early sensory,3,E2
623322,early_sensory,engaged_2,0.36250000000000004,-0.3760357910165701,3,1221,1,Early sensory,3,E2
623322,early_sensory,engaged_2,0.3875,-0.6241478521301572,3,1221,1,Early sensory,3,E2
623322,early_sensory,engaged_2,0.41250000000000003,-0.5373450059156977,3,1221,1,Early sensory,3,E2
623322,early_sensory,engaged_2,0.43750000000000006,-0.325599989118265,3,1221,1,Early sensory,3,E2
623322,early_sensory,engaged_2,0.4625000000000001,-0.07740143691330478,3,1221,1,Early sensory,3,E2
623322,early_sensory,engaged_2,0.48750000000000004,0.9699302371630631,3,1221,1,Early sensory,3,E2
623322,early_sensory,engaged_2,0.5125,0.4895862392916119,3,1221,1,Early sensory,3,E2
623322,early_sensory,engaged_2,0.5375000000000001,-0.21528643455298488,3,1221,1,Early sensory,3,E2
623322,early_sensory,engaged_2,0.5625,-0.2517025452412609,3,1221,1,Early sensory,3,E2
623322,early_sensory,engaged_2,0.5875000000000001,0.009684613749898869,3,1221,1,Early sensory,3,E2
623322,early_sensory,engaged_2,0.6125,-0.08391341944924123,3,1221,1,Early sensory,3,E2
623322,early_sensory,engaged_2,0.6375,0.06604703795915463,3,1221,1,Early sensory,3,E2
623322,early_sensory,engaged_2,0.6625000000000001,0.1150725268891884,3,1221,1,Early sensory,3,E2
623322,early_sensory,engaged_2,0.6875,0.07712737694234403,3,1221,1,Early sensory,3,E2
623322,early_sensory,engaged_2,0.7125000000000001,-0.006446325995592329,3,1221,1,Early sensory,3,E2
623322,early_sensory,engaged_2,0.7375,0.020313909787104317,3,1221,1,Early sensory,3,E2
626279,early_sensory,engaged_2,-0.2375,-0.14443797320908558,1,404,1,Early sensory,3,E2
626279,early_sensory,engaged_2,-0.21250000000000002,-0.10658124635993003,1,404,1,Early sensory,3,E2
626279,early_sensory,engaged_2,-0.1875,-0.08619685497961557,1,404,1,Early sensory,3,E2
626279,early_sensory,engaged_2,-0.16249999999999998,0.12638322655794995,1,404,1,Early sensory,3,E2
626279,early_sensory,engaged_2,-0.1375,0.015725101921956874,1,404,1,Early sensory,3,E2
626279,early_sensory,engaged_2,-0.11249999999999999,0.13511939429237044,1,404,1,Early sensory,3,E2
626279,early_sensory,engaged_2,-0.08749999999999998,-0.0658124635993011,1,404,1,Early sensory,3,E2
626279,early_sensory,engaged_2,-0.062499999999999986,0.009900990099009941,1,404,1,Early sensory,3,E2
626279,early_sensory,engaged_2,-0.03749999999999999,0.08561444379732094,1,404,1,Early sensory,3,E2
626279,early_sensory,engaged_2,-0.012499999999999997,0.030285381479324407,1,404,1,Early sensory,3,E2
626279,early_sensory,engaged_2,0.012500000000000011,0.24286546301688994,1,404,1,Early sensory,3,E2
626279,early_sensory,engaged_2,0.03750000000000003,0.18753640069889346,1,404,1,Early sensory,3,E2
626279,early_sensory,engaged_2,0.06250000000000003,2.7239370995923124,1,404,1,Early sensory,3,E2
626279,early_sensory,engaged_2,0.08750000000000002,5.129295282469423,1,404,1,Early sensory,3,E2
626279,early_sensory,engaged_2,0.11250000000000002,4.733255678509027,1,404,1,Early sensory,3,E2
626279,early_sensory,engaged_2,0.1375,3.4606872451951074,1,404,1,Early sensory,3,E2
626279,early_sensory,engaged_2,0.16250000000000003,1.9842748980780431,1,404,1,Early sensory,3,E2
626279,early_sensory,engaged_2,0.18750000000000003,1.3785672684915549,1,404,1,Early sensory,3,E2
626279,early_sensory,engaged_2,0.21250000000000002,1.4630168899242864,1,404,1,Early sensory,3,E2
626279,early_sensory,engaged_2,0.23750000000000002,1.5940594059405941,1,404,1,Early sensory,3,E2
626279,early_sensory,engaged_2,0.2625,1.4222481071636572,1,404,1,Early sensory,3,E2
626279,early_sensory,engaged_2,0.28750000000000003,1.6493884682585906,1,404,1,Early sensory,3,E2
626279,early_sensory,engaged_2,0.31250000000000006,1.3873034362259755,1,404,1,Early sensory,3,E2
626279,early_sensory,engaged_2,0.3375000000000001,0.9796156086196854,1,404,1,Early sensory,3,E2
626279,early_sensory,engaged_2,0.36250000000000004,0.3680838672102504,1,404,1,Early sensory,3,E2
626279,early_sensory,engaged_2,0.3875,0.14676761793826446,1,404,1,Early sensory,3,E2
626279,early_sensory,engaged_2,0.41250000000000003,0.1700640652300524,1,404,1,Early sensory,3,E2
626279,early_sensory,engaged_2,0.43750000000000006,0.06523005241700641,1,404,1,Early sensory,3,E2
626279,early_sensory,engaged_2,0.4625000000000001,0.13511939429237046,1,404,1,Early sensory,3,E2
626279,early_sensory,engaged_2,0.48750000000000004,0.2719860221316249,1,404,1,Early sensory,3,E2
626279,early_sensory,engaged_2,0.5125,0.9271986022131624,1,404,1,Early sensory,3,E2
626279,early_sensory,engaged_2,0.5375000000000001,0.4350611531741409,1,404,1,Early sensory,3,E2
626279,early_sensory,engaged_2,0.5625,0.21956901572510193,1,404,1,Early sensory,3,E2
626279,early_sensory,engaged_2,0.5875000000000001,0.2516016307513104,1,404,1,Early sensory,3,E2
626279,early_sensory,engaged_2,0.6125,0.26324985439720444,1,404,1,Early sensory,3,E2
626279,early_sensory,engaged_2,0.6375,0.312754804892254,1,404,1,Early sensory,3,E2
626279,early_sensory,engaged_2,0.6625000000000001,0.4467093768200349,1,404,1,Early sensory,3,E2
626279,early_sensory,engaged_2,0.6875,0.5078625509609784,1,404,1,Early sensory,3,E2
626279,early_sensory,engaged_2,0.7125000000000001,0.48165404775771686,1,404,1,Early sensory,3,E2
626279,early_sensory,engaged_2,0.7375,0.5136866627839254,1,404,1,Early sensory,3,E2
632295,early_sensory,engaged_2,-0.2375,-0.05302605335327846,2,844,1,Early sensory,3,E2
632295,early_sensory,engaged_2,-0.21250000000000002,-0.16952291484395768,2,844,1,Early sensory,3,E2
632295,early_sensory,engaged_2,-0.1875,-0.08768213289836709,2,844,1,Early sensory,3,E2
632295,early_sensory,engaged_2,-0.16249999999999998,-0.052460841081858806,2,844,1,Early sensory,3,E2
632295,early_sensory,engaged_2,-0.1375,0.0788034128471427,2,844,1,Early sensory,3,E2
632295,early_sensory,engaged_2,-0.11249999999999999,-0.030149273538359903,2,844,1,Early sensory,3,E2
632295,early_sensory,engaged_2,-0.08749999999999998,-0.09895820396124676,2,844,1,Early sensory,3,E2
632295,early_sensory,engaged_2,-0.062499999999999986,0.045522012344282034,2,844,1,Early sensory,3,E2
632295,early_sensory,engaged_2,-0.03749999999999999,0.22634106529920947,2,844,1,Early sensory,3,E2
632295,early_sensory,engaged_2,-0.012499999999999997,0.14113292918643477,2,844,1,Early sensory,3,E2
632295,early_sensory,engaged_2,0.012500000000000011,0.1664399492723424,2,844,1,Early sensory,3,E2
632295,early_sensory,engaged_2,0.03750000000000003,0.2902913551386823,2,844,1,Early sensory,3,E2
632295,early_sensory,engaged_2,0.06250000000000003,4.1700159087417354,2,844,1,Early sensory,3,E2
632295,early_sensory,engaged_2,0.08750000000000002,6.460545826007998,2,844,1,Early sensory,3,E2
632295,early_sensory,engaged_2,0.11250000000000002,4.680387755167754,2,844,1,Early sensory,3,E2
632295,early_sensory,engaged_2,0.1375,3.34297212876766,2,844,1,Early sensory,3,E2
632295,early_sensory,engaged_2,0.16250000000000003,2.0771055910820886,2,844,1,Early sensory,3,E2
632295,early_sensory,engaged_2,0.18750000000000003,2.06389330862269,2,844,1,Early sensory,3,E2
632295,early_sensory,engaged_2,0.21250000000000002,2.0374067600997625,2,844,1,Early sensory,3,E2
632295,early_sensory,engaged_2,0.23750000000000002,1.8035415867434665,2,844,1,Early sensory,3,E2
632295,early_sensory,engaged_2,0.2625,1.7845335498044583,2,844,1,Early sensory,3,E2
632295,early_sensory,engaged_2,0.28750000000000003,1.5097169936733024,2,844,1,Early sensory,3,E2
632295,early_sensory,engaged_2,0.31250000000000006,2.144926463756036,2,844,1,Early sensory,3,E2
632295,early_sensory,engaged_2,0.3375000000000001,0.9852141504773313,2,844,1,Early sensory,3,E2
632295,early_sensory,engaged_2,0.36250000000000004,-0.28296234018809896,2,844,1,Early sensory,3,E2
632295,early_sensory,engaged_2,0.3875,-0.51501342939757,2,844,1,Early sensory,3,E2
632295,early_sensory,engaged_2,0.41250000000000003,-0.518818348710787,2,844,1,Early sensory,3,E2
632295,early_sensory,engaged_2,0.43750000000000006,-0.4173423339506394,2,844,1,Early sensory,3,E2
632295,early_sensory,engaged_2,0.4625000000000001,-0.03631508968418028,2,844,1,Early sensory,3,E2
632295,early_sensory,engaged_2,0.48750000000000004,0.7073456780753298,2,844,1,Early sensory,3,E2
632295,early_sensory,engaged_2,0.5125,1.2944370117784947,2,844,1,Early sensory,3,E2
632295,early_sensory,engaged_2,0.5375000000000001,0.675497260301698,2,844,1,Early sensory,3,E2
632295,early_sensory,engaged_2,0.5625,0.08478879805626782,2,844,1,Early sensory,3,E2
632295,early_sensory,engaged_2,0.5875000000000001,-0.18391656569894038,2,844,1,Early sensory,3,E2
632295,early_sensory,engaged_2,0.6125,-0.32478333337933224,2,844,1,Early sensory,3,E2
632295,early_sensory,engaged_2,0.6375,-0.276730860521021,2,844,1,Early sensory,3,E2
632295,early_sensory,engaged_2,0.6625000000000001,-0.11460624656732726,2,844,1,Early sensory,3,E2
632295,early_sensory,engaged_2,0.6875,-0.05626392043651174,2,844,1,Early sensory,3,E2
632295,early_sensory,engaged_2,0.7125000000000001,0.4539164553014266,2,844,1,Early sensory,3,E2
632295,early_sensory,engaged_2,0.7375,0.45896472661435667,2,844,1,Early sensory,3,E2
638387,early_sensory,engaged_2,-0.2375,-0.035627530364372564,1,285,1,Early sensory,3,E2
638387,early_sensory,engaged_2,-0.21250000000000002,-0.3919028340080972,1,285,1,Early sensory,3,E2
638387,early_sensory,engaged_2,-0.1875,-0.00863697705802979,1,285,1,Early sensory,3,E2
638387,early_sensory,engaged_2,-0.16249999999999998,-0.31632928475033745,1,285,1,Early sensory,3,E2
638387,early_sensory,engaged_2,-0.1375,-0.1975708502024292,1,285,1,Early sensory,3,E2
638387,early_sensory,engaged_2,-0.11249999999999999,0.09392712550607281,1,285,1,Early sensory,3,E2
638387,early_sensory,engaged_2,-0.08749999999999998,0.11012145748987852,1,285,1,Early sensory,3,E2
638387,early_sensory,engaged_2,-0.062499999999999986,0.2828609986504722,1,285,1,Early sensory,3,E2
638387,early_sensory,engaged_2,-0.03749999999999999,0.11551956815114704,1,285,1,Early sensory,3,E2
638387,early_sensory,engaged_2,-0.012499999999999997,0.347638326585695,1,285,1,Early sensory,3,E2
638387,early_sensory,engaged_2,0.012500000000000011,-0.07881241565452103,1,285,1,Early sensory,3,E2
638387,early_sensory,engaged_2,0.03750000000000003,0.2882591093117408,1,285,1,Early sensory,3,E2
638387,early_sensory,engaged_2,0.06250000000000003,1.2275303643724693,1,285,1,Early sensory,3,E2
638387,early_sensory,engaged_2,0.08750000000000002,3.214035087719298,1,285,1,Early sensory,3,E2
638387,early_sensory,engaged_2,0.11250000000000002,3.3165991902834007,1,285,1,Early sensory,3,E2
638387,early_sensory,engaged_2,0.1375,2.668825910931174,1,285,1,Early sensory,3,E2
638387,early_sensory,engaged_2,0.16250000000000003,2.231578947368421,1,285,1,Early sensory,3,E2
638387,early_sensory,engaged_2,0.18750000000000003,1.4974358974358972,1,285,1,Early sensory,3,E2
638387,early_sensory,engaged_2,0.21250000000000002,1.3948717948717948,1,285,1,Early sensory,3,E2
638387,early_sensory,engaged_2,0.23750000000000002,1.2869095816464236,1,285,1,Early sensory,3,E2
638387,early_sensory,engaged_2,0.2625,1.0979757085020243,1,285,1,Early sensory,3,E2
638387,early_sensory,engaged_2,0.28750000000000003,1.173549257759784,1,285,1,Early sensory,3,E2
638387,early_sensory,engaged_2,0.31250000000000006,1.07638326585695,1,285,1,Early sensory,3,E2
638387,early_sensory,engaged_2,0.3375000000000001,0.6121457489878541,1,285,1,Early sensory,3,E2
638387,early_sensory,engaged_2,0.36250000000000004,0.3368421052631578,1,285,1,Early sensory,3,E2
638387,early_sensory,engaged_2,0.3875,-0.07881241565452099,1,285,1,Early sensory,3,E2
638387,early_sensory,engaged_2,0.41250000000000003,0.19109311740890686,1,285,1,Early sensory,3,E2
638387,early_sensory,engaged_2,0.43750000000000006,0.22887989203778675,1,285,1,Early sensory,3,E2
638387,early_sensory,engaged_2,0.4625000000000001,0.4987854251012145,1,285,1,Early sensory,3,E2
638387,early_sensory,engaged_2,0.48750000000000004,0.6391363022941969,1,285,1,Early sensory,3,E2
638387,early_sensory,engaged_2,0.5125,0.10472334682860993,1,285,1,Early sensory,3,E2
638387,early_sensory,engaged_2,0.5375000000000001,0.2720647773279352,1,285,1,Early sensory,3,E2
638387,early_sensory,engaged_2,0.5625,0.1802968960863697,1,285,1,Early sensory,3,E2
638387,early_sensory,engaged_2,0.5875000000000001,0.5311740890688258,1,285,1,Early sensory,3,E2
638387,early_sensory,engaged_2,0.6125,0.2072874493927125,1,285,1,Early sensory,3,E2
638387,early_sensory,engaged_2,0.6375,0.056140350877192886,1,285,1,Early sensory,3,E2
638387,early_sensory,engaged_2,0.6625000000000001,0.4232118758434547,1,285,1,Early sensory,3,E2
638387,early_sensory,engaged_2,0.6875,0.11012145748987844,1,285,1,Early sensory,3,E2
638387,early_sensory,engaged_2,0.7125000000000001,0.3638326585695006,1,285,1,Early sensory,3,E2
638387,early_sensory,engaged_2,0.7375,0.3368421052631579,1,285,1,Early sensory,3,E2
640887,early_sensory,engaged_2,-0.2375,-0.15442235952918604,2,727,1,Early sensory,3,E2
640887,early_sensory,engaged_2,-0.21250000000000002,-0.21063039077016948,2,727,1,Early sensory,3,E2
640887,early_sensory,engaged_2,-0.1875,-0.11843401943024907,2,727,1,Early sensory,3,E2
640887,early_sensory,engaged_2,-0.16249999999999998,-0.04612915515346315,2,727,1,Early sensory,3,E2
640887,early_sensory,engaged_2,-0.1375,0.08773126759823256,2,727,1,Early sensory,3,E2
640887,early_sensory,engaged_2,-0.11249999999999999,0.025650225349823773,2,727,1,Early sensory,3,E2
640887,early_sensory,engaged_2,-0.08749999999999998,0.011116463260655969,2,727,1,Early sensory,3,E2
640887,early_sensory,engaged_2,-0.062499999999999986,0.06022170549651157,2,727,1,Early sensory,3,E2
640887,early_sensory,engaged_2,-0.03749999999999999,0.15848838753844416,2,727,1,Early sensory,3,E2
640887,early_sensory,engaged_2,-0.012499999999999997,0.18640787563939937,2,727,1,Early sensory,3,E2
640887,early_sensory,engaged_2,0.012500000000000011,0.15411714103741198,2,727,1,Early sensory,3,E2
640887,early_sensory,engaged_2,0.03750000000000003,0.13273919607794482,2,727,1,Early sensory,3,E2
640887,early_sensory,engaged_2,0.06250000000000003,2.1594885096647656,2,727,1,Early sensory,3,E2
640887,early_sensory,engaged_2,0.08750000000000002,4.27190797806008,2,727,1,Early sensory,3,E2
640887,early_sensory,engaged_2,0.11250000000000002,3.730362160497341,2,727,1,Early sensory,3,E2
640887,early_sensory,engaged_2,0.1375,2.9667770669150064,2,727,1,Early sensory,3,E2
640887,early_sensory,engaged_2,0.16250000000000003,2.0728778362135194,2,727,1,Early sensory,3,E2
640887,early_sensory,engaged_2,0.18750000000000003,1.5607481623881094,2,727,1,Early sensory,3,E2
640887,early_sensory,engaged_2,0.21250000000000002,1.3738365035088205,2,727,1,Early sensory,3,E2
640887,early_sensory,engaged_2,0.23750000000000002,1.2195590899204913,2,727,1,Early sensory,3,E2
640887,early_sensory,engaged_2,0.2625,1.0361834989337058,2,727,1,Early sensory,3,E2
640887,early_sensory,engaged_2,0.28750000000000003,0.9398795960976019,2,727,1,Early sensory,3,E2
640887,early_sensory,engaged_2,0.31250000000000006,1.1957675687958005,2,727,1,Early sensory,3,E2
640887,early_sensory,engaged_2,0.3375000000000001,0.5847403891207342,2,727,1,Early sensory,3,E2
640887,early_sensory,engaged_2,0.36250000000000004,0.1515184291538397,2,727,1,Early sensory,3,E2
640887,early_sensory,engaged_2,0.3875,-0.060317460317460325,2,727,1,Early sensory,3,E2
640887,early_sensory,engaged_2,0.41250000000000003,0.045982311632313116,2,727,1,Early sensory,3,E2
640887,early_sensory,engaged_2,0.43750000000000006,0.3278914622997018,2,727,1,Early sensory,3,E2
640887,early_sensory,engaged_2,0.4625000000000001,0.6918089243687746,2,727,1,Early sensory,3,E2
640887,early_sensory,engaged_2,0.48750000000000004,0.6688372552425521,2,727,1,Early sensory,3,E2
640887,early_sensory,engaged_2,0.5125,0.39117673819571247,2,727,1,Early sensory,3,E2
640887,early_sensory,engaged_2,0.5375000000000001,0.44543220797090766,2,727,1,Early sensory,3,E2
640887,early_sensory,engaged_2,0.5625,0.45331908688436284,2,727,1,Early sensory,3,E2
640887,early_sensory,engaged_2,0.5875000000000001,0.36895339688767637,2,727,1,Early sensory,3,E2
640887,early_sensory,engaged_2,0.6125,0.5401526043802964,2,727,1,Early sensory,3,E2
640887,early_sensory,engaged_2,0.6375,0.3636620672239714,2,727,1,Early sensory,3,E2
640887,early_sensory,engaged_2,0.6625000000000001,0.2696695631526885,2,727,1,Early sensory,3,E2
640887,early_sensory,engaged_2,0.6875,0.18477328051248287,2,727,1,Early sensory,3,E2
640887,early_sensory,engaged_2,0.7125000000000001,0.06883136787805272,2,727,1,Early sensory,3,E2
640887,early_sensory,engaged_2,0.7375,0.08890484802571363,2,727,1,Early sensory,3,E2
640890,early_sensory,engaged_2,-0.2375,-0.01771029271933565,2,1015,1,Early sensory,3,E2
640890,early_sensory,engaged_2,-0.21250000000000002,-0.06154347133352332,2,1015,1,Early sensory,3,E2
640890,early_sensory,engaged_2,-0.1875,-0.009741240850962785,2,1015,1,Early sensory,3,E2
640890,early_sensory,engaged_2,-0.16249999999999998,-0.07930334947315926,2,1015,1,Early sensory,3,E2
640890,early_sensory,engaged_2,-0.1375,-0.10654067163748446,2,1015,1,Early sensory,3,E2
640890,early_sensory,engaged_2,-0.11249999999999999,0.005230849945921729,2,1015,1,Early sensory,3,E2
640890,early_sensory,engaged_2,-0.08749999999999998,0.0030939432730157646,2,1015,1,Early sensory,3,E2
640890,early_sensory,engaged_2,-0.062499999999999986,0.15734177773425195,2,1015,1,Early sensory,3,E2
640890,early_sensory,engaged_2,-0.03749999999999999,0.06778129757289335,2,1015,1,Early sensory,3,E2
640890,early_sensory,engaged_2,-0.012499999999999997,0.04139115748838275,2,1015,1,Early sensory,3,E2
640890,early_sensory,engaged_2,0.012500000000000011,0.2417606036566714,2,1015,1,Early sensory,3,E2
640890,early_sensory,engaged_2,0.03750000000000003,0.3205177622769523,2,1015,1,Early sensory,3,E2
640890,early_sensory,engaged_2,0.06250000000000003,1.3325260133728425,2,1015,1,Early sensory,3,E2
640890,early_sensory,engaged_2,0.08750000000000002,2.4427766962917463,2,1015,1,Early sensory,3,E2
640890,early_sensory,engaged_2,0.11250000000000002,2.2348204716683666,2,1015,1,Early sensory,3,E2
640890,early_sensory,engaged_2,0.1375,1.6127804869278881,2,1015,1,Early sensory,3,E2
640890,early_sensory,engaged_2,0.16250000000000003,1.051551810664742,2,1015,1,Early sensory,3,E2
640890,early_sensory,engaged_2,0.18750000000000003,0.8682517516795615,2,1015,1,Early sensory,3,E2
640890,early_sensory,engaged_2,0.21250000000000002,0.7385188858432221,2,1015,1,Early sensory,3,E2
640890,early_sensory,engaged_2,0.23750000000000002,0.7119169502387578,2,1015,1,Early sensory,3,E2
640890,early_sensory,engaged_2,0.2625,0.6791643224889248,2,1015,1,Early sensory,3,E2
640890,early_sensory,engaged_2,0.28750000000000003,0.6111398869030703,2,1015,1,Early sensory,3,E2
640890,early_sensory,engaged_2,0.31250000000000006,0.9230036253314886,2,1015,1,Early sensory,3,E2
640890,early_sensory,engaged_2,0.3375000000000001,0.4418269969850425,2,1015,1,Early sensory,3,E2
640890,early_sensory,engaged_2,0.36250000000000004,-0.01848341892911405,2,1015,1,Early sensory,3,E2
640890,early_sensory,engaged_2,0.3875,-0.06521975838271471,2,1015,1,Early sensory,3,E2
640890,early_sensory,engaged_2,0.41250000000000003,-0.10282648164155408,2,1015,1,Early sensory,3,E2
640890,early_sensory,engaged_2,0.43750000000000006,-0.09696851292944635,2,1015,1,Early sensory,3,E2
640890,early_sensory,engaged_2,0.4625000000000001,0.11374105345333066,2,1015,1,Early sensory,3,E2
640890,early_sensory,engaged_2,0.48750000000000004,0.2354893733113127,2,1015,1,Early sensory,3,E2
640890,early_sensory,engaged_2,0.5125,0.20489431104769823,2,1015,1,Early sensory,3,E2
640890,early_sensory,engaged_2,0.5375000000000001,0.09091357694479164,2,1015,1,Early sensory,3,E2
640890,early_sensory,engaged_2,0.5625,0.02873161596106065,2,1015,1,Early sensory,3,E2
640890,early_sensory,engaged_2,0.5875000000000001,0.05004553560995505,2,1015,1,Early sensory,3,E2
640890,early_sensory,engaged_2,0.6125,0.0649521926035165,2,1015,1,Early sensory,3,E2
640890,early_sensory,engaged_2,0.6375,0.14706192661975853,2,1015,1,Early sensory,3,E2
640890,early_sensory,engaged_2,0.6625000000000001,0.19825459405909895,2,1015,1,Early sensory,3,E2
640890,early_sensory,engaged_2,0.6875,0.17631561725699993,2,1015,1,Early sensory,3,E2
640890,early_sensory,engaged_2,0.7125000000000001,0.08848911154195262,2,1015,1,Early sensory,3,E2
640890,early_sensory,engaged_2,0.7375,0.07638573600112712,2,1015,1,Early sensory,3,E2
642504,early_sensory,engaged_2,-0.2375,-0.13979471862707005,3,1020,1,Early sensory,3,E2
642504,early_sensory,engaged_2,-0.21250000000000002,-0.021143990801148593,3,1020,1,Early sensory,3,E2
642504,early_sensory,engaged_2,-0.1875,0.04123493495583711,3,1020,1,Early sensory,3,E2
642504,early_sensory,engaged_2,-0.16249999999999998,0.02593642271382739,3,1020,1,Early sensory,3,E2
642504,early_sensory,engaged_2,-0.1375,-0.05492918174455039,3,1020,1,Early sensory,3,E2
642504,early_sensory,engaged_2,-0.11249999999999999,0.11568886875835821,3,1020,1,Early sensory,3,E2
642504,early_sensory,engaged_2,-0.08749999999999998,-0.025058019412545558,3,1020,1,Early sensory,3,E2
642504,early_sensory,engaged_2,-0.062499999999999986,-0.00042325384163663843,3,1020,1,Early sensory,3,E2
642504,early_sensory,engaged_2,-0.03749999999999999,-0.04033096258530512,3,1020,1,Early sensory,3,E2
642504,early_sensory,engaged_2,-0.012499999999999997,0.09881990058423401,3,1020,1,Early sensory,3,E2
642504,early_sensory,engaged_2,0.012500000000000011,0.04517973725852398,3,1020,1,Early sensory,3,E2
642504,early_sensory,engaged_2,0.03750000000000003,0.3694723046844908,3,1020,1,Early sensory,3,E2
642504,early_sensory,engaged_2,0.06250000000000003,2.597915417158115,3,1020,1,Early sensory,3,E2
642504,early_sensory,engaged_2,0.08750000000000002,6.0702755485290325,3,1020,1,Early sensory,3,E2
642504,early_sensory,engaged_2,0.11250000000000002,5.87035496664392,3,1020,1,Early sensory,3,E2
642504,early_sensory,engaged_2,0.1375,4.282292442738114,3,1020,1,Early sensory,3,E2
642504,early_sensory,engaged_2,0.16250000000000003,2.619136146149759,3,1020,1,Early sensory,3,E2
642504,early_sensory,engaged_2,0.18750000000000003,1.8446269358850158,3,1020,1,Early sensory,3,E2
642504,early_sensory,engaged_2,0.21250000000000002,1.7352224668946838,3,1020,1,Early sensory,3,E2
642504,early_sensory,engaged_2,0.23750000000000002,1.5966271403128722,3,1020,1,Early sensory,3,E2
642504,early_sensory,engaged_2,0.2625,1.2253191840086648,3,1020,1,Early sensory,3,E2
642504,early_sensory,engaged_2,0.28750000000000003,1.0658010984370194,3,1020,1,Early sensory,3,E2
642504,early_sensory,engaged_2,0.31250000000000006,0.9689563837779639,3,1020,1,Early sensory,3,E2
642504,early_sensory,engaged_2,0.3375000000000001,0.20533255099462008,3,1020,1,Early sensory,3,E2
642504,early_sensory,engaged_2,0.36250000000000004,-0.9273244158053185,3,1020,1,Early sensory,3,E2
642504,early_sensory,engaged_2,0.3875,-1.3948929708344915,3,1020,1,Early sensory,3,E2
642504,early_sensory,engaged_2,0.41250000000000003,-1.1472278679618917,3,1020,1,Early sensory,3,E2
642504,early_sensory,engaged_2,0.43750000000000006,-0.8076466478338288,3,1020,1,Early sensory,3,E2
642504,early_sensory,engaged_2,0.4625000000000001,-0.12922774889922747,3,1020,1,Early sensory,3,E2
642504,early_sensory,engaged_2,0.48750000000000004,0.20934618513846096,3,1020,1,Early sensory,3,E2
642504,early_sensory,engaged_2,0.5125,-0.2737537687264047,3,1020,1,Early sensory,3,E2
642504,early_sensory,engaged_2,0.5375000000000001,-0.44891874977996177,3,1020,1,Early sensory,3,E2
642504,early_sensory,engaged_2,0.5625,-0.41930078898034057,3,1020,1,Early sensory,3,E2
642504,early_sensory,engaged_2,0.5875000000000001,-0.44946919321964945,3,1020,1,Early sensory,3,E2
642504,early_sensory,engaged_2,0.6125,-0.3147470229398395,3,1020,1,Early sensory,3,E2
642504,early_sensory,engaged_2,0.6375,-0.3640219132980122,3,1020,1,Early sensory,3,E2
642504,early_sensory,engaged_2,0.6625000000000001,-0.23401413546509664,3,1020,1,Early sensory,3,E2
642504,early_sensory,engaged_2,0.6875,-0.3315192142741942,3,1020,1,Early sensory,3,E2
642504,early_sensory,engaged_2,0.7125000000000001,-0.1309468067002619,3,1020,1,Early sensory,3,E2
642504,early_sensory,engaged_2,0.7375,-0.22849768199904105,3,1020,1,Early sensory,3,E2
614547,late_action,engaged_1,-0.2375,-0.2923976608187133,1,171,2,Late / action,1,E1
614547,late_action,engaged_1,-0.21250000000000002,0.15204678362573107,1,171,2,Late / action,1,E1
614547,late_action,engaged_1,-0.1875,-0.17543859649122792,1,171,2,Late / action,1,E1
614547,late_action,engaged_1,-0.16249999999999998,-0.011695906432748406,1,171,2,Late / action,1,E1
614547,late_action,engaged_1,-0.1375,-0.29239766081871327,1,171,2,Late / action,1,E1
614547,late_action,engaged_1,-0.11249999999999999,-0.011695906432748452,1,171,2,Late / action,1,E1
614547,late_action,engaged_1,-0.08749999999999998,0.5146198830409358,1,171,2,Late / action,1,E1
614547,late_action,engaged_1,-0.062499999999999986,0.4093567251461991,1,171,2,Late / action,1,E1
614547,late_action,engaged_1,-0.03749999999999999,-0.07017543859649102,1,171,2,Late / action,1,E1
614547,late_action,engaged_1,-0.012499999999999997,-0.22222222222222213,1,171,2,Late / action,1,E1
614547,late_action,engaged_1,0.012500000000000011,-0.023391812865496908,1,171,2,Late / action,1,E1
614547,late_action,engaged_1,0.03750000000000003,0.5847953216374271,1,171,2,Late / action,1,E1
614547,late_action,engaged_1,0.06250000000000003,0.6900584795321638,1,171,2,Late / action,1,E1
614547,late_action,engaged_1,0.08750000000000002,-0.28070175438596473,1,171,2,Late / action,1,E1
614547,late_action,engaged_1,0.11250000000000002,0.5730994152046786,1,171,2,Late / action,1,E1
614547,late_action,engaged_1,0.1375,1.0643274853801172,1,171,2,Late / action,1,E1
614547,late_action,engaged_1,0.16250000000000003,3.181286549707602,1,171,2,Late / action,1,E1
614547,late_action,engaged_1,0.18750000000000003,4.912280701754386,1,171,2,Late / action,1,E1
614547,late_action,engaged_1,0.21250000000000002,7.029239766081871,1,171,2,Late / action,1,E1
614547,late_action,engaged_1,0.23750000000000002,6.514619883040936,1,171,2,Late / action,1,E1
614547,late_action,engaged_1,0.2625,7.941520467836257,1,171,2,Late / action,1,E1
614547,late_action,engaged_1,0.28750000000000003,8.456140350877194,1,171,2,Late / action,1,E1
614547,late_action,engaged_1,0.31250000000000006,7.450292397660819,1,171,2,Late / action,1,E1
614547,late_action,engaged_1,0.3375000000000001,7.029239766081871,1,171,2,Late / action,1,E1
614547,late_action,engaged_1,0.36250000000000004,6.631578947368421,1,171,2,Late / action,1,E1
614547,late_action,engaged_1,0.3875,5.60233918128655,1,171,2,Late / action,1,E1
614547,late_action,engaged_1,0.41250000000000003,5.7894736842105265,1,171,2,Late / action,1,E1
614547,late_action,engaged_1,0.43750000000000006,5.146198830409356,1,171,2,Late / action,1,E1
614547,late_action,engaged_1,0.4625000000000001,4.830409356725146,1,171,2,Late / action,1,E1
614547,late_action,engaged_1,0.48750000000000004,5.005847953216374,1,171,2,Late / action,1,E1
614547,late_action,engaged_1,0.5125,4.888888888888889,1,171,2,Late / action,1,E1
614547,late_action,engaged_1,0.5375000000000001,3.754385964912281,1,171,2,Late / action,1,E1
614547,late_action,engaged_1,0.5625,3.4853801169590644,1,171,2,Late / action,1,E1
614547,late_action,engaged_1,0.5875000000000001,3.5555555555555554,1,171,2,Late / action,1,E1
614547,late_action,engaged_1,0.6125,3.695906432748538,1,171,2,Late / action,1,E1
614547,late_action,engaged_1,0.6375,3.1695906432748537,1,171,2,Late / action,1,E1
614547,late_action,engaged_1,0.6625000000000001,2.982456140350877,1,171,2,Late / action,1,E1
614547,late_action,engaged_1,0.6875,3.064327485380117,1,171,2,Late / action,1,E1
614547,late_action,engaged_1,0.7125000000000001,2.1286549707602345,1,171,2,Late / action,1,E1
614547,late_action,engaged_1,0.7375,2.2690058479532165,1,171,2,Late / action,1,E1
614608,late_action,engaged_1,-0.2375,0.31902872390519554,2,507,2,Late / action,1,E1
614608,late_action,engaged_1,-0.21250000000000002,-0.031993093705854465,2,507,2,Late / action,1,E1
614608,late_action,engaged_1,-0.1875,0.03844482812745254,2,507,2,Late / action,1,E1
614608,late_action,engaged_1,-0.16249999999999998,-0.026486893737246817,2,507,2,Late / action,1,E1
614608,late_action,engaged_1,-0.1375,-0.16988667399152396,2,507,2,Late / action,1,E1
614608,late_action,engaged_1,-0.11249999999999999,-0.5232503531627688,2,507,2,Late / action,1,E1
614608,late_action,engaged_1,-0.08749999999999998,0.011114738659551232,2,507,2,Late / action,1,E1
614608,late_action,engaged_1,-0.062499999999999986,0.35438894992936754,2,507,2,Late / action,1,E1
614608,late_action,engaged_1,-0.03749999999999999,-0.025432114267775693,2,507,2,Late / action,1,E1
614608,late_action,engaged_1,-0.012499999999999997,0.054071888243603955,2,507,2,Late / action,1,E1
614608,late_action,engaged_1,0.012500000000000011,0.2669050384555016,2,507,2,Late / action,1,E1
614608,late_action,engaged_1,0.03750000000000003,0.03367948516716382,2,507,2,Late / action,1,E1
614608,late_action,engaged_1,0.06250000000000003,0.2661453460995136,2,507,2,Late / action,1,E1
614608,late_action,engaged_1,0.08750000000000002,0.167040025113797,2,507,2,Late / action,1,E1
614608,late_action,engaged_1,0.11250000000000002,1.456922304190865,2,507,2,Late / action,1,E1
614608,late_action,engaged_1,0.1375,3.394784492230419,2,507,2,Late / action,1,E1
614608,late_action,engaged_1,0.16250000000000003,4.842180505415163,2,507,2,Late / action,1,E1
614608,late_action,engaged_1,0.18750000000000003,6.066817140166378,2,507,2,Late / action,1,E1
614608,late_action,engaged_1,0.21250000000000002,6.850480615288024,2,507,2,Late / action,1,E1
614608,late_action,engaged_1,0.23750000000000002,7.1578672107989325,2,507,2,Late / action,1,E1
614608,late_action,engaged_1,0.2625,7.407247213938158,2,507,2,Late / action,1,E1
614608,late_action,engaged_1,0.28750000000000003,7.566883063883221,2,507,2,Late / action,1,E1
614608,late_action,engaged_1,0.31250000000000006,7.695547323811018,2,507,2,Late / action,1,E1
614608,late_action,engaged_1,0.3375000000000001,7.687222100141265,2,507,2,Late / action,1,E1
614608,late_action,engaged_1,0.36250000000000004,7.474834719824203,2,507,2,Late / action,1,E1
614608,late_action,engaged_1,0.3875,6.8899281117563955,2,507,2,Late / action,1,E1
614608,late_action,engaged_1,0.41250000000000003,6.936909747292419,2,507,2,Late / action,1,E1
614608,late_action,engaged_1,0.43750000000000006,6.589020875843667,2,507,2,Late / action,1,E1
614608,late_action,engaged_1,0.4625000000000001,6.414662062470569,2,507,2,Late / action,1,E1
614608,late_action,engaged_1,0.48750000000000004,6.097368074085701,2,507,2,Late / action,1,E1
614608,late_action,engaged_1,0.5125,5.99992654214409,2,507,2,Late / action,1,E1
614608,late_action,engaged_1,0.5375000000000001,5.82479547951656,2,507,2,Late / action,1,E1
614608,late_action,engaged_1,0.5625,5.8731269816355365,2,507,2,Late / action,1,E1
614608,late_action,engaged_1,0.5875000000000001,5.844905352377963,2,507,2,Late / action,1,E1
614608,late_action,engaged_1,0.6125,5.7885625490503845,2,507,2,Late / action,1,E1
614608,late_action,engaged_1,0.6375,5.223125412023229,2,507,2,Late / action,1,E1
614608,late_action,engaged_1,0.6625000000000001,5.151532255532883,2,507,2,Late / action,1,E1
614608,late_action,engaged_1,0.6875,5.203687333228693,2,507,2,Late / action,1,E1
614608,late_action,engaged_1,0.7125000000000001,5.200309527546696,2,507,2,Late / action,1,E1
614608,late_action,engaged_1,0.7375,5.002199340762831,2,507,2,Late / action,1,E1
615048,late_action,engaged_1,-0.2375,0.24490513426683644,2,336,2,Late / action,1,E1
615048,late_action,engaged_1,-0.21250000000000002,0.5315026974601444,2,336,2,Late / action,1,E1
615048,late_action,engaged_1,-0.1875,-0.2322725344001939,2,336,2,Late / action,1,E1
615048,late_action,engaged_1,-0.16249999999999998,-0.00895920470388542,2,336,2,Late / action,1,E1
615048,late_action,engaged_1,-0.1375,-0.0974601442686549,2,336,2,Late / action,1,E1
615048,late_action,engaged_1,-0.11249999999999999,-0.22584712371946403,2,336,2,Late / action,1,E1
615048,late_action,engaged_1,-0.08749999999999998,0.03832211917318319,2,336,2,Late / action,1,E1
615048,late_action,engaged_1,-0.062499999999999986,-0.1323755834394132,2,336,2,Late / action,1,E1
615048,late_action,engaged_1,-0.03749999999999999,-0.2743407892344061,2,336,2,Late / action,1,E1
615048,late_action,engaged_1,-0.012499999999999997,0.15652542886585447,2,336,2,Late / action,1,E1
615048,late_action,engaged_1,0.012500000000000011,-0.42503485482208875,2,336,2,Late / action,1,E1
615048,late_action,engaged_1,0.03750000000000003,0.07008547008547024,2,336,2,Late / action,1,E1
615048,late_action,engaged_1,0.06250000000000003,-0.09709644177729283,2,336,2,Late / action,1,E1
615048,late_action,engaged_1,0.08750000000000002,-0.6939322301024426,2,336,2,Late / action,1,E1
615048,late_action,engaged_1,0.11250000000000002,-0.047390434624476896,2,336,2,Late / action,1,E1
615048,late_action,engaged_1,0.1375,1.0662665939261686,2,336,2,Late / action,1,E1
615048,late_action,engaged_1,0.16250000000000003,2.180893495787113,2,336,2,Late / action,1,E1
615048,late_action,engaged_1,0.18750000000000003,2.778456689094987,2,336,2,Late / action,1,E1
615048,late_action,engaged_1,0.21250000000000002,2.9173910407952963,2,336,2,Late / action,1,E1
615048,late_action,engaged_1,0.23750000000000002,4.097363156937625,2,336,2,Late / action,1,E1
615048,late_action,engaged_1,0.2625,3.6702551979147717,2,336,2,Late / action,1,E1
615048,late_action,engaged_1,0.28750000000000003,4.575874401406317,2,336,2,Late / action,1,E1
615048,late_action,engaged_1,0.31250000000000006,5.013408498514882,2,336,2,Late / action,1,E1
615048,late_action,engaged_1,0.3375000000000001,6.369048917985088,2,336,2,Late / action,1,E1
615048,late_action,engaged_1,0.36250000000000004,5.484039522337395,2,336,2,Late / action,1,E1
615048,late_action,engaged_1,0.3875,5.501012305267625,2,336,2,Late / action,1,E1
615048,late_action,engaged_1,0.41250000000000003,5.862047645026369,2,336,2,Late / action,1,E1
615048,late_action,engaged_1,0.43750000000000006,5.304006789113172,2,336,2,Late / action,1,E1
615048,late_action,engaged_1,0.4625000000000001,4.823555798023882,2,336,2,Late / action,1,E1
615048,late_action,engaged_1,0.48750000000000004,4.338255440383099,2,336,2,Late / action,1,E1
615048,late_action,engaged_1,0.5125,5.444880887434079,2,336,2,Late / action,1,E1
615048,late_action,engaged_1,0.5375000000000001,5.142765351275989,2,336,2,Late / action,1,E1
615048,late_action,engaged_1,0.5625,4.736873370915924,2,336,2,Late / action,1,E1
615048,late_action,engaged_1,0.5875000000000001,5.153555191853064,2,336,2,Late / action,1,E1
615048,late_action,engaged_1,0.6125,4.81179608413651,2,336,2,Late / action,1,E1
615048,late_action,engaged_1,0.6375,4.416451476025944,2,336,2,Late / action,1,E1
615048,late_action,engaged_1,0.6625000000000001,4.241268109353216,2,336,2,Late / action,1,E1
615048,late_action,engaged_1,0.6875,3.8525913802509546,2,336,2,Late / action,1,E1
615048,late_action,engaged_1,0.7125000000000001,3.9083590955931387,2,336,2,Late / action,1,E1
615048,late_action,engaged_1,0.7375,3.478583984966964,2,336,2,Late / action,1,E1
615564,late_action,engaged_1,-0.2375,0.22219857700399936,2,458,2,Late / action,1,E1
615564,late_action,engaged_1,-0.21250000000000002,0.2959582737741516,2,458,2,Late / action,1,E1
615564,late_action,engaged_1,-0.1875,0.04882112972391328,2,458,2,Late / action,1,E1
615564,late_action,engaged_1,-0.16249999999999998,-0.33860800154184667,2,458,2,Late / action,1,E1
615564,late_action,engaged_1,-0.1375,-0.07890320093795666,2,458,2,Late / action,1,E1
615564,late_action,engaged_1,-0.11249999999999999,0.011278769092398517,2,458,2,Late / action,1,E1
615564,late_action,engaged_1,-0.08749999999999998,0.14297817323289924,2,458,2,Late / action,1,E1
615564,late_action,engaged_1,-0.062499999999999986,0.06050543661564663,2,458,2,Late / action,1,E1
615564,late_action,engaged_1,-0.03749999999999999,-0.25645648298347323,2,458,2,Late / action,1,E1
615564,late_action,engaged_1,-0.012499999999999997,-0.10777267397973109,2,458,2,Late / action,1,E1
615564,late_action,engaged_1,0.012500000000000011,0.028905610073398424,2,458,2,Late / action,1,E1
615564,late_action,engaged_1,0.03750000000000003,0.2430777508311518,2,458,2,Late / action,1,E1
615564,late_action,engaged_1,0.06250000000000003,-0.01714902911841698,2,458,2,Late / action,1,E1
615564,late_action,engaged_1,0.08750000000000002,0.5685117967332125,2,458,2,Late / action,1,E1
615564,late_action,engaged_1,0.11250000000000002,0.7675866887236402,2,458,2,Late / action,1,E1
615564,late_action,engaged_1,0.1375,2.129832324173265,2,458,2,Late / action,1,E1
615564,late_action,engaged_1,0.16250000000000003,2.115297207008978,2,458,2,Late / action,1,E1
615564,late_action,engaged_1,0.18750000000000003,3.3915768594510385,2,458,2,Late / action,1,E1
615564,late_action,engaged_1,0.21250000000000002,3.960253280439426,2,458,2,Late / action,1,E1
615564,late_action,engaged_1,0.23750000000000002,4.938603183270963,2,458,2,Late / action,1,E1
615564,late_action,engaged_1,0.2625,5.708884088463453,2,458,2,Late / action,1,E1
615564,late_action,engaged_1,0.28750000000000003,6.275833962385365,2,458,2,Late / action,1,E1
615564,late_action,engaged_1,0.31250000000000006,7.579577758861603,2,458,2,Late / action,1,E1
615564,late_action,engaged_1,0.3375000000000001,8.401213401217417,2,458,2,Late / action,1,E1
615564,late_action,engaged_1,0.36250000000000004,9.330938920386103,2,458,2,Late / action,1,E1
615564,late_action,engaged_1,0.3875,9.45569198400334,2,458,2,Late / action,1,E1
615564,late_action,engaged_1,0.41250000000000003,9.175951206976857,2,458,2,Late / action,1,E1
615564,late_action,engaged_1,0.43750000000000006,8.702315179159372,2,458,2,Late / action,1,E1
615564,late_action,engaged_1,0.4625000000000001,8.302800218428281,2,458,2,Late / action,1,E1
615564,late_action,engaged_1,0.48750000000000004,8.050483433178613,2,458,2,Late / action,1,E1
615564,late_action,engaged_1,0.5125,7.333725487046882,2,458,2,Late / action,1,E1
615564,late_action,engaged_1,0.5375000000000001,7.287590543340346,2,458,2,Late / action,1,E1
615564,late_action,engaged_1,0.5625,6.744370653518141,2,458,2,Late / action,1,E1
615564,late_action,engaged_1,0.5875000000000001,6.473784591169715,2,458,2,Late / action,1,E1
615564,late_action,engaged_1,0.6125,6.869404782936897,2,458,2,Late / action,1,E1
615564,late_action,engaged_1,0.6375,6.487516663186804,2,458,2,Late / action,1,E1
615564,late_action,engaged_1,0.6625000000000001,6.011632108957166,2,458,2,Late / action,1,E1
615564,late_action,engaged_1,0.6875,5.567347381269775,2,458,2,Late / action,1,E1
615564,late_action,engaged_1,0.7125000000000001,5.471303181664873,2,458,2,Late / action,1,E1
615564,late_action,engaged_1,0.7375,5.662146860896519,2,458,2,Late / action,1,E1
623319,late_action,engaged_1,-0.2375,-0.015178403377161101,2,505,2,Late / action,1,E1
623319,late_action,engaged_1,-0.21250000000000002,-0.29891985171488267,2,505,2,Late / action,1,E1
623319,late_action,engaged_1,-0.1875,-0.3197323725274035,2,505,2,Late / action,1,E1
623319,late_action,engaged_1,-0.16249999999999998,0.2286840143983002,2,505,2,Late / action,1,E1
623319,late_action,engaged_1,-0.1375,0.41864243417038455,2,505,2,Late / action,1,E1
623319,late_action,engaged_1,-0.11249999999999999,0.48388430065448707,2,505,2,Late / action,1,E1
623319,late_action,engaged_1,-0.08749999999999998,-0.19966437978860335,2,505,2,Late / action,1,E1
623319,late_action,engaged_1,-0.062499999999999986,0.2743491842870725,2,505,2,Late / action,1,E1
623319,late_action,engaged_1,-0.03749999999999999,-0.24778223846546818,2,505,2,Late / action,1,E1
623319,late_action,engaged_1,-0.012499999999999997,-0.3242826876367249,2,505,2,Late / action,1,E1
623319,late_action,engaged_1,0.012500000000000011,-0.1261647255436074,2,505,2,Late / action,1,E1
623319,late_action,engaged_1,0.03750000000000003,-0.2870528367422776,2,505,2,Late / action,1,E1
623319,late_action,engaged_1,0.06250000000000003,-0.3680846413765668,2,505,2,Late / action,1,E1
623319,late_action,engaged_1,0.08750000000000002,-0.8538480153386985,2,505,2,Late / action,1,E1
623319,late_action,engaged_1,0.11250000000000002,0.2108722885120401,2,505,2,Late / action,1,E1
623319,late_action,engaged_1,0.1375,1.443914608510882,2,505,2,Late / action,1,E1
623319,late_action,engaged_1,0.16250000000000003,4.247723980643235,2,505,2,Late / action,1,E1
623319,late_action,engaged_1,0.18750000000000003,7.438865137622901,2,505,2,Late / action,1,E1
623319,late_action,engaged_1,0.21250000000000002,9.037780370078506,2,505,2,Late / action,1,E1
623319,late_action,engaged_1,0.23750000000000002,9.203082631654059,2,505,2,Late / action,1,E1
623319,late_action,engaged_1,0.2625,8.636385698497499,2,505,2,Late / action,1,E1
623319,late_action,engaged_1,0.28750000000000003,8.682031908739983,2,505,2,Late / action,1,E1
623319,late_action,engaged_1,0.31250000000000006,9.047708330317025,2,505,2,Late / action,1,E1
623319,late_action,engaged_1,0.3375000000000001,8.041559544665134,2,505,2,Late / action,1,E1
623319,late_action,engaged_1,0.36250000000000004,7.020954890520107,2,505,2,Late / action,1,E1
623319,late_action,engaged_1,0.3875,6.107568759742673,2,505,2,Late / action,1,E1
623319,late_action,engaged_1,0.41250000000000003,5.422156863150652,2,505,2,Late / action,1,E1
623319,late_action,engaged_1,0.43750000000000006,6.128381280555194,2,505,2,Late / action,1,E1
623319,late_action,engaged_1,0.4625000000000001,5.990482602283844,2,505,2,Late / action,1,E1
623319,late_action,engaged_1,0.48750000000000004,5.946249747491983,2,505,2,Late / action,1,E1
623319,late_action,engaged_1,0.5125,6.197311660044579,2,505,2,Late / action,1,E1
623319,late_action,engaged_1,0.5375000000000001,5.404620913937683,2,505,2,Late / action,1,E1
623319,late_action,engaged_1,0.5625,5.084080515757534,2,505,2,Late / action,1,E1
623319,late_action,engaged_1,0.5875000000000001,5.085826526820316,2,505,2,Late / action,1,E1
623319,late_action,engaged_1,0.6125,4.73405786759824,2,505,2,Late / action,1,E1
623319,late_action,engaged_1,0.6375,4.301060912862154,2,505,2,Late / action,1,E1
623319,late_action,engaged_1,0.6625000000000001,4.317772979263663,2,505,2,Late / action,1,E1
623319,late_action,engaged_1,0.6875,4.19337012194155,2,505,2,Late / action,1,E1
623319,late_action,engaged_1,0.7125000000000001,3.6322628372317816,2,505,2,Late / action,1,E1
623319,late_action,engaged_1,0.7375,3.998252954774694,2,505,2,Late / action,1,E1
623322,late_action,engaged_1,-0.2375,0.06601210450848126,3,516,2,Late / action,1,E1
623322,late_action,engaged_1,-0.21250000000000002,-0.1239284568088916,3,516,2,Late / action,1,E1
623322,late_action,engaged_1,-0.1875,0.17253299907285405,3,516,2,Late / action,1,E1
623322,late_action,engaged_1,-0.16249999999999998,-0.2616924306235901,3,516,2,Late / action,1,E1
623322,late_action,engaged_1,-0.1375,0.17575642620932466,3,516,2,Late / action,1,E1
623322,late_action,engaged_1,-0.11249999999999999,-0.1736112284119531,3,516,2,Late / action,1,E1
623322,late_action,engaged_1,-0.08749999999999998,0.119386333607348,3,516,2,Late / action,1,E1
623322,late_action,engaged_1,-0.062499999999999986,-0.0031566829574076563,3,516,2,Late / action,1,E1
623322,late_action,engaged_1,-0.03749999999999999,-0.14753877027427761,3,516,2,Late / action,1,E1
623322,late_action,engaged_1,-0.012499999999999997,0.17623970567811145,3,516,2,Late / action,1,E1
623322,late_action,engaged_1,0.012500000000000011,-0.1823700822795026,3,516,2,Late / action,1,E1
623322,late_action,engaged_1,0.03750000000000003,0.09000833774384491,3,516,2,Late / action,1,E1
623322,late_action,engaged_1,0.06250000000000003,0.6492154685089467,3,516,2,Late / action,1,E1
623322,late_action,engaged_1,0.08750000000000002,0.6705477996238863,3,516,2,Late / action,1,E1
623322,late_action,engaged_1,0.11250000000000002,0.4736958726994957,3,516,2,Late / action,1,E1
623322,late_action,engaged_1,0.1375,1.3643447434208305,3,516,2,Late / action,1,E1
623322,late_action,engaged_1,0.16250000000000003,2.323505516893198,3,516,2,Late / action,1,E1
623322,late_action,engaged_1,0.18750000000000003,3.5120715469447354,3,516,2,Late / action,1,E1
623322,late_action,engaged_1,0.21250000000000002,4.677239578054795,3,516,2,Late / action,1,E1
623322,late_action,engaged_1,0.23750000000000002,5.777027638893581,3,516,2,Late / action,1,E1
623322,late_action,engaged_1,0.2625,6.429188648844445,3,516,2,Late / action,1,E1
623322,late_action,engaged_1,0.28750000000000003,7.23166716871427,3,516,2,Late / action,1,E1
623322,late_action,engaged_1,0.31250000000000006,8.391574257063388,3,516,2,Late / action,1,E1
623322,late_action,engaged_1,0.3375000000000001,9.012052309606657,3,516,2,Late / action,1,E1
623322,late_action,engaged_1,0.36250000000000004,9.224897033320946,3,516,2,Late / action,1,E1
623322,late_action,engaged_1,0.3875,9.620761568678235,3,516,2,Late / action,1,E1
623322,late_action,engaged_1,0.41250000000000003,9.341465918005772,3,516,2,Late / action,1,E1
623322,late_action,engaged_1,0.43750000000000006,9.392711136823456,3,516,2,Late / action,1,E1
623322,late_action,engaged_1,0.4625000000000001,9.116237744408034,3,516,2,Late / action,1,E1
623322,late_action,engaged_1,0.48750000000000004,8.910142511138888,3,516,2,Late / action,1,E1
623322,late_action,engaged_1,0.5125,9.072919716488556,3,516,2,Late / action,1,E1
623322,late_action,engaged_1,0.5375000000000001,8.770207298739907,3,516,2,Late / action,1,E1
623322,late_action,engaged_1,0.5625,8.590796834003354,3,516,2,Late / action,1,E1
623322,late_action,engaged_1,0.5875000000000001,8.037486416562503,3,516,2,Late / action,1,E1
623322,late_action,engaged_1,0.6125,7.889398795648796,3,516,2,Late / action,1,E1
623322,late_action,engaged_1,0.6375,7.454544633439561,3,516,2,Late / action,1,E1
623322,late_action,engaged_1,0.6625000000000001,7.005387979572762,3,516,2,Late / action,1,E1
623322,late_action,engaged_1,0.6875,7.7605403017540695,3,516,2,Late / action,1,E1
623322,late_action,engaged_1,0.7125000000000001,7.269808710479,3,516,2,Late / action,1,E1
623322,late_action,engaged_1,0.7375,6.9925271152626225,3,516,2,Late / action,1,E1
626279,late_action,engaged_1,-0.2375,0.5244996549344372,1,207,2,Late / action,1,E1
626279,late_action,engaged_1,-0.21250000000000002,-0.046008741660915786,1,207,2,Late / action,1,E1
626279,late_action,engaged_1,-0.1875,0.018403496664366227,1,207,2,Late / action,1,E1
626279,late_action,engaged_1,-0.16249999999999998,0.1380262249827465,1,207,2,Late / action,1,E1
626279,late_action,engaged_1,-0.1375,0.48769266160570485,1,207,2,Late / action,1,E1
626279,late_action,engaged_1,-0.11249999999999999,-0.09201748332183125,1,207,2,Late / action,1,E1
626279,late_action,engaged_1,-0.08749999999999998,-0.4876926616057053,1,207,2,Late / action,1,E1
626279,late_action,engaged_1,-0.062499999999999986,0.04600874166091534,1,207,2,Late / action,1,E1
626279,late_action,engaged_1,-0.03749999999999999,-0.4140786749482402,1,207,2,Late / action,1,E1
626279,late_action,engaged_1,-0.012499999999999997,-0.17483321831147947,1,207,2,Late / action,1,E1
626279,late_action,engaged_1,0.012500000000000011,0.2300437083045779,1,207,2,Late / action,1,E1
626279,late_action,engaged_1,0.03750000000000003,0.26685070163331026,1,207,2,Late / action,1,E1
626279,late_action,engaged_1,0.06250000000000003,-0.22084195997239503,1,207,2,Late / action,1,E1
626279,late_action,engaged_1,0.08750000000000002,-1.3158500115021856,1,207,2,Late / action,1,E1
626279,late_action,engaged_1,0.11250000000000002,-0.9109730848861284,1,207,2,Late / action,1,E1
626279,late_action,engaged_1,0.1375,-0.4048769266160573,1,207,2,Late / action,1,E1
626279,late_action,engaged_1,0.16250000000000003,1.058201058201058,1,207,2,Late / action,1,E1
626279,late_action,engaged_1,0.18750000000000003,1.9323671497584538,1,207,2,Late / action,1,E1
626279,late_action,engaged_1,0.21250000000000002,3.699102829537612,1,207,2,Late / action,1,E1
626279,late_action,engaged_1,0.23750000000000002,3.3494363929146536,1,207,2,Late / action,1,E1
626279,late_action,engaged_1,0.2625,4.922935357717966,1,207,2,Late / action,1,E1
626279,late_action,engaged_1,0.28750000000000003,5.686680469289165,1,207,2,Late / action,1,E1
626279,late_action,engaged_1,0.31250000000000006,5.944329422590291,1,207,2,Late / action,1,E1
626279,late_action,engaged_1,0.3375000000000001,7.278582930756843,1,207,2,Late / action,1,E1
626279,late_action,engaged_1,0.36250000000000004,7.71106510236945,1,207,2,Late / action,1,E1
626279,late_action,engaged_1,0.3875,8.750862663906142,1,207,2,Late / action,1,E1
626279,late_action,engaged_1,0.41250000000000003,8.723257418909592,1,207,2,Late / action,1,E1
626279,late_action,engaged_1,0.43750000000000006,8.27237175063262,1,207,2,Late / action,1,E1
626279,late_action,engaged_1,0.4625000000000001,8.382792730618817,1,207,2,Late / action,1,E1
626279,late_action,engaged_1,0.48750000000000004,7.499424890729238,1,207,2,Late / action,1,E1
626279,late_action,engaged_1,0.5125,6.800092017483321,1,207,2,Late / action,1,E1
626279,late_action,engaged_1,0.5375000000000001,7.2693811824246595,1,207,2,Late / action,1,E1
626279,late_action,engaged_1,0.5625,6.800092017483321,1,207,2,Late / action,1,E1
626279,late_action,engaged_1,0.5875000000000001,6.910512997469518,1,207,2,Late / action,1,E1
626279,late_action,engaged_1,0.6125,6.8921095008051525,1,207,2,Late / action,1,E1
626279,late_action,engaged_1,0.6375,6.027145157579939,1,207,2,Late / action,1,E1
626279,late_action,engaged_1,0.6625000000000001,6.551644812514377,1,207,2,Late / action,1,E1
626279,late_action,engaged_1,0.6875,6.49643432252128,1,207,2,Late / action,1,E1
626279,late_action,engaged_1,0.7125000000000001,6.220381872555785,1,207,2,Late / action,1,E1
626279,late_action,engaged_1,0.7375,5.493443754313319,1,207,2,Late / action,1,E1
632295,late_action,engaged_1,-0.2375,-0.06683673469387763,2,482,2,Late / action,1,E1
632295,late_action,engaged_1,-0.21250000000000002,0.07532012805122042,2,482,2,Late / action,1,E1
632295,late_action,engaged_1,-0.1875,0.14874949979991986,2,482,2,Late / action,1,E1
632295,late_action,engaged_1,-0.16249999999999998,-0.1348639455782314,2,482,2,Late / action,1,E1
632295,late_action,engaged_1,-0.1375,-0.3847639055622249,2,482,2,Late / action,1,E1
632295,late_action,engaged_1,-0.11249999999999999,-0.16267507002801124,2,482,2,Late / action,1,E1
632295,late_action,engaged_1,-0.08749999999999998,0.31531612645058005,2,482,2,Late / action,1,E1
632295,late_action,engaged_1,-0.062499999999999986,0.13204281712685068,2,482,2,Late / action,1,E1
632295,late_action,engaged_1,-0.03749999999999999,0.0002901160464184871,2,482,2,Late / action,1,E1
632295,late_action,engaged_1,-0.012499999999999997,0.07742096838735482,2,482,2,Late / action,1,E1
632295,late_action,engaged_1,0.012500000000000011,-0.4166766706682674,2,482,2,Late / action,1,E1
632295,late_action,engaged_1,0.03750000000000003,-0.0021108443377351738,2,482,2,Late / action,1,E1
632295,late_action,engaged_1,0.06250000000000003,-1.229401760704282,2,482,2,Late / action,1,E1
632295,late_action,engaged_1,0.08750000000000002,-0.30443177270908356,2,482,2,Late / action,1,E1
632295,late_action,engaged_1,0.11250000000000002,0.3949479791916767,2,482,2,Late / action,1,E1
632295,late_action,engaged_1,0.1375,3.3798419367747092,2,482,2,Late / action,1,E1
632295,late_action,engaged_1,0.16250000000000003,5.095728291316527,2,482,2,Late / action,1,E1
632295,late_action,engaged_1,0.18750000000000003,7.0493097238895555,2,482,2,Late / action,1,E1
632295,late_action,engaged_1,0.21250000000000002,7.711774709883953,2,482,2,Late / action,1,E1
632295,late_action,engaged_1,0.23750000000000002,8.375840336134454,2,482,2,Late / action,1,E1
632295,late_action,engaged_1,0.2625,9.078321328531413,2,482,2,Late / action,1,E1
632295,late_action,engaged_1,0.28750000000000003,9.926460584233693,2,482,2,Late / action,1,E1
632295,late_action,engaged_1,0.31250000000000006,9.976980792316926,2,482,2,Late / action,1,E1
632295,late_action,engaged_1,0.3375000000000001,9.68656462585034,2,482,2,Late / action,1,E1
632295,late_action,engaged_1,0.36250000000000004,9.06751700680272,2,482,2,Late / action,1,E1
632295,late_action,engaged_1,0.3875,8.671958783513404,2,482,2,Late / action,1,E1
632295,late_action,engaged_1,0.41250000000000003,8.427160864345737,2,482,2,Late / action,1,E1
632295,late_action,engaged_1,0.43750000000000006,7.890046018407363,2,482,2,Late / action,1,E1
632295,late_action,engaged_1,0.4625000000000001,6.897849139655861,2,482,2,Late / action,1,E1
632295,late_action,engaged_1,0.48750000000000004,6.504391756702681,2,482,2,Late / action,1,E1
632295,late_action,engaged_1,0.5125,6.663155262104841,2,482,2,Late / action,1,E1
632295,late_action,engaged_1,0.5375000000000001,5.795908363345338,2,482,2,Late / action,1,E1
632295,late_action,engaged_1,0.5625,6.416456582633053,2,482,2,Late / action,1,E1
632295,late_action,engaged_1,0.5875000000000001,6.140446178471388,2,482,2,Late / action,1,E1
632295,late_action,engaged_1,0.6125,6.365636254501801,2,482,2,Late / action,1,E1
632295,late_action,engaged_1,0.6375,6.011994797919167,2,482,2,Late / action,1,E1
632295,late_action,engaged_1,0.6625000000000001,5.4721788715486195,2,482,2,Late / action,1,E1
632295,late_action,engaged_1,0.6875,6.047008803521408,2,482,2,Late / action,1,E1
632295,late_action,engaged_1,0.7125000000000001,5.995388155262104,2,482,2,Late / action,1,E1
632295,late_action,engaged_1,0.7375,5.459173669467787,2,482,2,Late / action,1,E1
638387,late_action,engaged_1,-0.2375,-0.01699901928734853,1,133,2,Late / action,1,E1
638387,late_action,engaged_1,-0.21250000000000002,-0.10853220006538074,1,133,2,Late / action,1,E1
638387,late_action,engaged_1,-0.1875,-0.2785223929388689,1,133,2,Late / action,1,E1
638387,late_action,engaged_1,-0.16249999999999998,0.3622098725073556,1,133,2,Late / action,1,E1
638387,late_action,engaged_1,-0.1375,0.6498855835240273,1,133,2,Late / action,1,E1
638387,late_action,engaged_1,-0.11249999999999999,0.035305655442955344,1,133,2,Late / action,1,E1
638387,late_action,engaged_1,-0.08749999999999998,-0.4877410918600851,1,133,2,Late / action,1,E1
638387,late_action,engaged_1,-0.062499999999999986,-0.2915985616214448,1,133,2,Late / action,1,E1
638387,late_action,engaged_1,-0.03749999999999999,0.06145799280810726,1,133,2,Late / action,1,E1
638387,late_action,engaged_1,-0.012499999999999997,0.07453416149068323,1,133,2,Late / action,1,E1
638387,late_action,engaged_1,0.012500000000000011,0.7937234390323638,1,133,2,Late / action,1,E1
638387,late_action,engaged_1,0.03750000000000003,0.2445243543641714,1,133,2,Late / action,1,E1
638387,late_action,engaged_1,0.06250000000000003,-0.0823798627002288,1,133,2,Late / action,1,E1
638387,late_action,engaged_1,0.08750000000000002,1.0552468126838837,1,133,2,Late / action,1,E1
638387,late_action,engaged_1,0.11250000000000002,1.7875122589081396,1,133,2,Late / action,1,E1
638387,late_action,engaged_1,0.1375,3.003595946387708,1,133,2,Late / action,1,E1
638387,late_action,engaged_1,0.16250000000000003,3.6835567178816606,1,133,2,Late / action,1,E1
638387,late_action,engaged_1,0.18750000000000003,4.2981366459627335,1,133,2,Late / action,1,E1
638387,late_action,engaged_1,0.21250000000000002,3.892775416802877,1,133,2,Late / action,1,E1
638387,late_action,engaged_1,0.23750000000000002,5.030402092186989,1,133,2,Late / action,1,E1
638387,late_action,engaged_1,0.2625,5.553448839490029,1,133,2,Late / action,1,E1
638387,late_action,engaged_1,0.28750000000000003,6.364171297809742,1,133,2,Late / action,1,E1
638387,late_action,engaged_1,0.31250000000000006,6.40339980385747,1,133,2,Late / action,1,E1
638387,late_action,engaged_1,0.3375000000000001,6.638770840143837,1,133,2,Late / action,1,E1
638387,late_action,engaged_1,0.36250000000000004,7.946387708401438,1,133,2,Late / action,1,E1
638387,late_action,engaged_1,0.3875,8.652500817260544,1,133,2,Late / action,1,E1
638387,late_action,engaged_1,0.41250000000000003,7.815626021575679,1,133,2,Late / action,1,E1
638387,late_action,engaged_1,0.43750000000000006,8.077149395227199,1,133,2,Late / action,1,E1
638387,late_action,engaged_1,0.4625000000000001,8.744033998038574,1,133,2,Late / action,1,E1
638387,late_action,engaged_1,0.48750000000000004,8.469434455704478,1,133,2,Late / action,1,E1
638387,late_action,engaged_1,0.5125,8.417129780974175,1,133,2,Late / action,1,E1
638387,late_action,engaged_1,0.5375000000000001,8.26021575678326,1,133,2,Late / action,1,E1
638387,late_action,engaged_1,0.5625,8.050997057862046,1,133,2,Late / action,1,E1
638387,late_action,engaged_1,0.5875000000000001,8.286368094148413,1,133,2,Late / action,1,E1
638387,late_action,engaged_1,0.6125,8.220987250735535,1,133,2,Late / action,1,E1
638387,late_action,engaged_1,0.6375,8.142530238640079,1,133,2,Late / action,1,E1
638387,late_action,engaged_1,0.6625000000000001,7.161817587446878,1,133,2,Late / action,1,E1
638387,late_action,engaged_1,0.6875,7.38411245505067,1,133,2,Late / action,1,E1
638387,late_action,engaged_1,0.7125000000000001,7.501797973193854,1,133,2,Late / action,1,E1
638387,late_action,engaged_1,0.7375,7.05720823798627,1,133,2,Late / action,1,E1
640887,late_action,engaged_1,-0.2375,0.20713341641176702,2,655,2,Late / action,1,E1
640887,late_action,engaged_1,-0.21250000000000002,-0.1350616165049153,2,655,2,Late / action,1,E1
640887,late_action,engaged_1,-0.1875,-0.3198695920345403,2,655,2,Late / action,1,E1
640887,late_action,engaged_1,-0.16249999999999998,0.14205782762483804,2,655,2,Late / action,1,E1
640887,late_action,engaged_1,-0.1375,-0.03249247888423133,2,655,2,Late / action,1,E1
640887,late_action,engaged_1,-0.11249999999999999,-0.07218005362335252,2,655,2,Late / action,1,E1
640887,late_action,engaged_1,-0.08749999999999998,0.032248278640031325,2,655,2,Late / action,1,E1
640887,late_action,engaged_1,-0.062499999999999986,0.20712964011933102,2,655,2,Late / action,1,E1
640887,late_action,engaged_1,-0.03749999999999999,-0.07458555190513941,2,655,2,Late / action,1,E1
640887,late_action,engaged_1,-0.012499999999999997,0.045620130156212746,2,655,2,Late / action,1,E1
640887,late_action,engaged_1,0.012500000000000011,0.2739221832005339,2,655,2,Late / action,1,E1
640887,late_action,engaged_1,0.03750000000000003,-0.25193031481691264,2,655,2,Late / action,1,E1
640887,late_action,engaged_1,0.06250000000000003,0.048156539909117335,2,655,2,Late / action,1,E1
640887,late_action,engaged_1,0.08750000000000002,-0.28935840791510886,2,655,2,Late / action,1,E1
640887,late_action,engaged_1,0.11250000000000002,1.417579900054127,2,655,2,Late / action,1,E1
640887,late_action,engaged_1,0.1375,3.2880681746661127,2,655,2,Late / action,1,E1
640887,late_action,engaged_1,0.16250000000000003,4.6142706091159695,2,655,2,Late / action,1,E1
640887,late_action,engaged_1,0.18750000000000003,5.9766046095943,2,655,2,Late / action,1,E1
640887,late_action,engaged_1,0.21250000000000002,6.714916355122541,2,655,2,Late / action,1,E1
640887,late_action,engaged_1,0.23750000000000002,8.09982880807623,2,655,2,Late / action,1,E1
640887,late_action,engaged_1,0.2625,8.899151592966026,2,655,2,Late / action,1,E1
640887,late_action,engaged_1,0.28750000000000003,10.118978387019624,2,655,2,Late / action,1,E1
640887,late_action,engaged_1,0.31250000000000006,11.288440768853139,2,655,2,Late / action,1,E1
640887,late_action,engaged_1,0.3375000000000001,11.869642385106303,2,655,2,Late / action,1,E1
640887,late_action,engaged_1,0.36250000000000004,13.170110645368377,2,655,2,Late / action,1,E1
640887,late_action,engaged_1,0.3875,13.743256171091222,2,655,2,Late / action,1,E1
640887,late_action,engaged_1,0.41250000000000003,13.59720428483315,2,655,2,Late / action,1,E1
640887,late_action,engaged_1,0.43750000000000006,13.34678196946238,2,655,2,Late / action,1,E1
640887,late_action,engaged_1,0.4625000000000001,12.62422869226993,2,655,2,Late / action,1,E1
640887,late_action,engaged_1,0.48750000000000004,12.541174175194794,2,655,2,Late / action,1,E1
640887,late_action,engaged_1,0.5125,12.353579295847336,2,655,2,Late / action,1,E1
640887,late_action,engaged_1,0.5375000000000001,11.218077111891544,2,655,2,Late / action,1,E1
640887,late_action,engaged_1,0.5625,10.471701723248115,2,655,2,Late / action,1,E1
640887,late_action,engaged_1,0.5875000000000001,10.811680072504814,2,655,2,Late / action,1,E1
640887,late_action,engaged_1,0.6125,9.40584821821935,2,655,2,Late / action,1,E1
640887,late_action,engaged_1,0.6375,9.667244439409387,2,655,2,Late / action,1,E1
640887,late_action,engaged_1,0.6625000000000001,9.327462457359363,2,655,2,Late / action,1,E1
640887,late_action,engaged_1,0.6875,9.518532784512166,2,655,2,Late / action,1,E1
640887,late_action,engaged_1,0.7125000000000001,9.364217111639793,2,655,2,Late / action,1,E1
640887,late_action,engaged_1,0.7375,9.025839910375993,2,655,2,Late / action,1,E1
640890,late_action,engaged_1,-0.2375,0.26419521916332306,2,500,2,Late / action,1,E1
640890,late_action,engaged_1,-0.21250000000000002,0.2777313689102994,2,500,2,Late / action,1,E1
640890,late_action,engaged_1,-0.1875,-0.1425225983024569,2,500,2,Late / action,1,E1
640890,late_action,engaged_1,-0.16249999999999998,-0.3452898698967017,2,500,2,Late / action,1,E1
640890,late_action,engaged_1,-0.1375,0.09916683245206181,2,500,2,Late / action,1,E1
640890,late_action,engaged_1,-0.11249999999999999,0.01861141907715322,2,500,2,Late / action,1,E1
640890,late_action,engaged_1,-0.08749999999999998,0.016342050304562122,2,500,2,Late / action,1,E1
640890,late_action,engaged_1,-0.062499999999999986,-0.05303327087875862,2,500,2,Late / action,1,E1
640890,late_action,engaged_1,-0.03749999999999999,-0.18038406222863163,2,500,2,Late / action,1,E1
640890,late_action,engaged_1,-0.012499999999999997,0.045182911399149775,2,500,2,Late / action,1,E1
640890,late_action,engaged_1,0.012500000000000011,0.002269203125235486,2,500,2,Late / action,1,E1
640890,late_action,engaged_1,0.03750000000000003,-0.08647636767153308,2,500,2,Late / action,1,E1
640890,late_action,engaged_1,0.06250000000000003,-0.9473307667932046,2,500,2,Late / action,1,E1
640890,late_action,engaged_1,0.08750000000000002,-0.5399895631122775,2,500,2,Late / action,1,E1
640890,late_action,engaged_1,0.11250000000000002,0.5975483749635508,2,500,2,Late / action,1,E1
640890,late_action,engaged_1,0.1375,2.17487949016836,2,500,2,Late / action,1,E1
640890,late_action,engaged_1,0.16250000000000003,4.073065116030726,2,500,2,Late / action,1,E1
640890,late_action,engaged_1,0.18750000000000003,5.9205736942170795,2,500,2,Late / action,1,E1
640890,late_action,engaged_1,0.21250000000000002,7.684866562496566,2,500,2,Late / action,1,E1
640890,late_action,engaged_1,0.23750000000000002,8.765770773986716,2,500,2,Late / action,1,E1
640890,late_action,engaged_1,0.2625,9.588898987856005,2,500,2,Late / action,1,E1
640890,late_action,engaged_1,0.28750000000000003,9.833274114403682,2,500,2,Late / action,1,E1
640890,late_action,engaged_1,0.31250000000000006,10.095823516656917,2,500,2,Late / action,1,E1
640890,late_action,engaged_1,0.3375000000000001,10.313358802166423,2,500,2,Late / action,1,E1
640890,late_action,engaged_1,0.36250000000000004,9.472265580417567,2,500,2,Late / action,1,E1
640890,late_action,engaged_1,0.3875,8.582716089874292,2,500,2,Late / action,1,E1
640890,late_action,engaged_1,0.41250000000000003,8.476212570392534,2,500,2,Late / action,1,E1
640890,late_action,engaged_1,0.43750000000000006,7.645847223554302,2,500,2,Late / action,1,E1
640890,late_action,engaged_1,0.4625000000000001,7.199351402257321,2,500,2,Late / action,1,E1
640890,late_action,engaged_1,0.48750000000000004,6.124012941917466,2,500,2,Late / action,1,E1
640890,late_action,engaged_1,0.5125,5.382807284265163,2,500,2,Late / action,1,E1
640890,late_action,engaged_1,0.5375000000000001,5.662358178945857,2,500,2,Late / action,1,E1
640890,late_action,engaged_1,0.5625,5.492313438147249,2,500,2,Late / action,1,E1
640890,late_action,engaged_1,0.5875000000000001,5.036835112910483,2,500,2,Late / action,1,E1
640890,late_action,engaged_1,0.6125,5.291902224108393,2,500,2,Late / action,1,E1
640890,late_action,engaged_1,0.6375,4.561388551106322,2,500,2,Late / action,1,E1
640890,late_action,engaged_1,0.6625000000000001,4.935555006710651,2,500,2,Late / action,1,E1
640890,late_action,engaged_1,0.6875,4.582271713234832,2,500,2,Late / action,1,E1
640890,late_action,engaged_1,0.7125000000000001,4.494136829022609,2,500,2,Late / action,1,E1
640890,late_action,engaged_1,0.7375,5.0083724799446605,2,500,2,Late / action,1,E1
642504,late_action,engaged_1,-0.2375,0.05812564853657337,3,440,2,Late / action,1,E1
642504,late_action,engaged_1,-0.21250000000000002,0.28348588723536006,3,440,2,Late / action,1,E1
642504,late_action,engaged_1,-0.1875,0.33535410151324624,3,440,2,Late / action,1,E1
642504,late_action,engaged_1,-0.16249999999999998,0.10125009438076876,3,440,2,Late / action,1,E1
642504,late_action,engaged_1,-0.1375,-0.3608512994741062,3,440,2,Late / action,1,E1
642504,late_action,engaged_1,-0.11249999999999999,0.3050589275014451,3,440,2,Late / action,1,E1
642504,late_action,engaged_1,-0.08749999999999998,-0.23624244660332386,3,440,2,Late / action,1,E1
642504,late_action,engaged_1,-0.062499999999999986,-0.06994348755423933,3,440,2,Late / action,1,E1
642504,late_action,engaged_1,-0.03749999999999999,-0.3331796146375491,3,440,2,Late / action,1,E1
642504,late_action,engaged_1,-0.012499999999999997,-0.08305781089817428,3,440,2,Late / action,1,E1
642504,late_action,engaged_1,0.012500000000000011,0.11821912137993872,3,440,2,Late / action,1,E1
642504,late_action,engaged_1,0.03750000000000003,-0.49161582327640624,3,440,2,Late / action,1,E1
642504,late_action,engaged_1,0.06250000000000003,-0.20971822993087294,3,440,2,Late / action,1,E1
642504,late_action,engaged_1,0.08750000000000002,-0.4291888731349105,3,440,2,Late / action,1,E1
642504,late_action,engaged_1,0.11250000000000002,3.455457770156086,3,440,2,Late / action,1,E1
642504,late_action,engaged_1,0.1375,7.075336077614547,3,440,2,Late / action,1,E1
642504,late_action,engaged_1,0.16250000000000003,8.197940355757847,3,440,2,Late / action,1,E1
642504,late_action,engaged_1,0.18750000000000003,9.396751113821539,3,440,2,Late / action,1,E1
642504,late_action,engaged_1,0.21250000000000002,8.985514869816347,3,440,2,Late / action,1,E1
642504,late_action,engaged_1,0.23750000000000002,9.146789906378345,3,440,2,Late / action,1,E1
642504,late_action,engaged_1,0.2625,9.519861338547441,3,440,2,Late / action,1,E1
642504,late_action,engaged_1,0.28750000000000003,9.57267969479206,3,440,2,Late / action,1,E1
642504,late_action,engaged_1,0.31250000000000006,9.04353851414469,3,440,2,Late / action,1,E1
642504,late_action,engaged_1,0.3375000000000001,8.436005999894041,3,440,2,Late / action,1,E1
642504,late_action,engaged_1,0.36250000000000004,7.657118450946206,3,440,2,Late / action,1,E1
642504,late_action,engaged_1,0.3875,7.341751049622277,3,440,2,Late / action,1,E1
642504,late_action,engaged_1,0.41250000000000003,6.612751565564531,3,440,2,Late / action,1,E1
642504,late_action,engaged_1,0.43750000000000006,6.206396285596895,3,440,2,Late / action,1,E1
642504,late_action,engaged_1,0.4625000000000001,5.381963694855981,3,440,2,Late / action,1,E1
642504,late_action,engaged_1,0.48750000000000004,4.906042410262044,3,440,2,Late / action,1,E1
642504,late_action,engaged_1,0.5125,5.016438165285391,3,440,2,Late / action,1,E1
642504,late_action,engaged_1,0.5375000000000001,4.345089423828987,3,440,2,Late / action,1,E1
642504,late_action,engaged_1,0.5625,4.206337569499808,3,440,2,Late / action,1,E1
642504,late_action,engaged_1,0.5875000000000001,4.299507277430841,3,440,2,Late / action,1,E1
642504,late_action,engaged_1,0.6125,3.9866187295867124,3,440,2,Late / action,1,E1
642504,late_action,engaged_1,0.6375,3.767729796304336,3,440,2,Late / action,1,E1
642504,late_action,engaged_1,0.6625000000000001,3.745910736180273,3,440,2,Late / action,1,E1
642504,late_action,engaged_1,0.6875,3.1737738026264544,3,440,2,Late / action,1,E1
642504,late_action,engaged_1,0.7125000000000001,3.4020052454474174,3,440,2,Late / action,1,E1
642504,late_action,engaged_1,0.7375,3.2663564834094223,3,440,2,Late / action,1,E1
614547,late_action,no_reward,-0.2375,0.08896558335730029,1,171,2,Late / action,2,NR
614547,late_action,no_reward,-0.21250000000000002,0.17332949860991267,1,171,2,Late / action,2,NR
614547,late_action,no_reward,-0.1875,0.004601668104688032,1,171,2,Late / action,2,NR
614547,late_action,no_reward,-0.16249999999999998,0.0276100086281277,1,171,2,Late / action,2,NR
614547,late_action,no_reward,-0.1375,-0.3060109289617486,1,171,2,Late / action,2,NR
614547,late_action,no_reward,-0.11249999999999999,-0.1717956092416834,1,171,2,Late / action,2,NR
614547,late_action,no_reward,-0.08749999999999998,0.22318090307736546,1,171,2,Late / action,2,NR
614547,late_action,no_reward,-0.062499999999999986,0.04294890231042078,1,171,2,Late / action,2,NR
614547,late_action,no_reward,-0.03749999999999999,0.20017256255392593,1,171,2,Late / action,2,NR
614547,late_action,no_reward,-0.012499999999999997,-0.2830025884383089,1,171,2,Late / action,2,NR
614547,late_action,no_reward,0.012500000000000011,0.11964337072188665,1,171,2,Late / action,2,NR
614547,late_action,no_reward,0.03750000000000003,0.3650656696385773,1,171,2,Late / action,2,NR
614547,late_action,no_reward,0.06250000000000003,-0.1027705876713642,1,171,2,Late / action,2,NR
614547,late_action,no_reward,0.08750000000000002,-0.5667721215607323,1,171,2,Late / action,2,NR
614547,late_action,no_reward,0.11250000000000002,-0.20247339660626978,1,171,2,Late / action,2,NR
614547,late_action,no_reward,0.1375,0.2423545201802319,1,171,2,Late / action,2,NR
614547,late_action,no_reward,0.16250000000000003,0.45709903173233646,1,171,2,Late / action,2,NR
614547,late_action,no_reward,0.18750000000000003,2.5700316364682196,1,171,2,Late / action,2,NR
614547,late_action,no_reward,0.21250000000000002,2.5086760617390467,1,171,2,Late / action,2,NR
614547,late_action,no_reward,0.23750000000000002,2.9765123190489886,1,171,2,Late / action,2,NR
614547,late_action,no_reward,0.2625,3.2487776819096923,1,171,2,Late / action,2,NR
614547,late_action,no_reward,0.28750000000000003,3.0953887450867605,1,171,2,Late / action,2,NR
614547,late_action,no_reward,0.31250000000000006,3.206595724283386,1,171,2,Late / action,2,NR
614547,late_action,no_reward,0.3375000000000001,2.82695810564663,1,171,2,Late / action,2,NR
614547,late_action,no_reward,0.36250000000000004,2.6198830409356724,1,171,2,Late / action,2,NR
614547,late_action,no_reward,0.3875,2.7310900201322976,1,171,2,Late / action,2,NR
614547,late_action,no_reward,0.41250000000000003,2.8307928290672035,1,171,2,Late / action,2,NR
614547,late_action,no_reward,0.43750000000000006,2.5048413383184736,1,171,2,Late / action,2,NR
614547,late_action,no_reward,0.4625000000000001,2.3169398907103824,1,171,2,Late / action,2,NR
614547,late_action,no_reward,0.48750000000000004,2.1635509538874507,1,171,2,Late / action,2,NR
614547,late_action,no_reward,0.5125,2.4013038059629945,1,171,2,Late / action,2,NR
614547,late_action,no_reward,0.5375000000000001,2.454989933851021,1,171,2,Late / action,2,NR
614547,late_action,no_reward,0.5625,2.297766273607516,1,171,2,Late / action,2,NR
614547,late_action,no_reward,0.5875000000000001,1.7915827820918415,1,171,2,Late / action,2,NR
614547,late_action,no_reward,0.6125,1.2815645671555937,1,171,2,Late / action,2,NR
614547,late_action,no_reward,0.6375,1.3160770779407533,1,171,2,Late / action,2,NR
614547,late_action,no_reward,0.6625000000000001,0.8942575016776915,1,171,2,Late / action,2,NR
614547,late_action,no_reward,0.6875,0.4494295848911897,1,171,2,Late / action,2,NR
614547,late_action,no_reward,0.7125000000000001,0.30754481832997776,1,171,2,Late / action,2,NR
614547,late_action,no_reward,0.7375,0.518454606461509,1,171,2,Late / action,2,NR
614608,late_action,no_reward,-0.2375,0.21489907924945933,2,507,2,Late / action,2,NR
614608,late_action,no_reward,-0.21250000000000002,-0.1286278662051829,2,507,2,Late / action,2,NR
614608,late_action,no_reward,-0.1875,-0.08120429169249435,2,507,2,Late / action,2,NR
614608,late_action,no_reward,-0.16249999999999998,0.1255535543737646,2,507,2,Late / action,2,NR
614608,late_action,no_reward,-0.1375,-0.028199282234915204,2,507,2,Late / action,2,NR
614608,late_action,no_reward,-0.11249999999999999,-0.17624830734605162,2,507,2,Late / action,2,NR
614608,late_action,no_reward,-0.08749999999999998,0.050675066309468886,2,507,2,Late / action,2,NR
614608,late_action,no_reward,-0.062499999999999986,-0.06861014820864678,2,507,2,Late / action,2,NR
614608,late_action,no_reward,-0.03749999999999999,0.20417250837348258,2,507,2,Late / action,2,NR
614608,late_action,no_reward,-0.012499999999999997,-0.11241031261888497,2,507,2,Late / action,2,NR
614608,late_action,no_reward,0.012500000000000011,-0.12881409139400196,2,507,2,Late / action,2,NR
614608,late_action,no_reward,0.03750000000000003,-0.19099202158083906,2,507,2,Late / action,2,NR
614608,late_action,no_reward,0.06250000000000003,-0.15411943419466917,2,507,2,Late / action,2,NR
614608,late_action,no_reward,0.08750000000000002,-0.2951344678881265,2,507,2,Late / action,2,NR
614608,late_action,no_reward,0.11250000000000002,0.7024313028580244,2,507,2,Late / action,2,NR
614608,late_action,no_reward,0.1375,1.4198877860219372,2,507,2,Late / action,2,NR
614608,late_action,no_reward,0.16250000000000003,2.505703013389591,2,507,2,Late / action,2,NR
614608,late_action,no_reward,0.18750000000000003,2.851001758497854,2,507,2,Late / action,2,NR
614608,late_action,no_reward,0.21250000000000002,3.1179263027117043,2,507,2,Late / action,2,NR
614608,late_action,no_reward,0.23750000000000002,3.116670612867096,2,507,2,Late / action,2,NR
614608,late_action,no_reward,0.2625,2.9638329400434698,2,507,2,Late / action,2,NR
614608,late_action,no_reward,0.28750000000000003,3.0486239288726193,2,507,2,Late / action,2,NR
614608,late_action,no_reward,0.31250000000000006,3.1547297207420275,2,507,2,Late / action,2,NR
614608,late_action,no_reward,0.3375000000000001,3.1907190686612266,2,507,2,Late / action,2,NR
614608,late_action,no_reward,0.36250000000000004,3.0325979211948204,2,507,2,Late / action,2,NR
614608,late_action,no_reward,0.3875,2.9480889305087405,2,507,2,Late / action,2,NR
614608,late_action,no_reward,0.41250000000000003,3.1518352492358117,2,507,2,Late / action,2,NR
614608,late_action,no_reward,0.43750000000000006,2.5910420363458364,2,507,2,Late / action,2,NR
614608,late_action,no_reward,0.4625000000000001,2.5366536397713153,2,507,2,Late / action,2,NR
614608,late_action,no_reward,0.48750000000000004,2.313422845574092,2,507,2,Late / action,2,NR
614608,late_action,no_reward,0.5125,2.235633923844539,2,507,2,Late / action,2,NR
614608,late_action,no_reward,0.5375000000000001,1.9707206116699345,2,507,2,Late / action,2,NR
614608,late_action,no_reward,0.5625,2.0561607283001098,2,507,2,Late / action,2,NR
614608,late_action,no_reward,0.5875000000000001,1.690015403483475,2,507,2,Late / action,2,NR
614608,late_action,no_reward,0.6125,1.8241826709480722,2,507,2,Late / action,2,NR
614608,late_action,no_reward,0.6375,1.7460425817196032,2,507,2,Late / action,2,NR
614608,late_action,no_reward,0.6625000000000001,1.5143145981925514,2,507,2,Late / action,2,NR
614608,late_action,no_reward,0.6875,1.2094852469745057,2,507,2,Late / action,2,NR
614608,late_action,no_reward,0.7125000000000001,1.4075809614008388,2,507,2,Late / action,2,NR
614608,late_action,no_reward,0.7375,1.3658026704692077,2,507,2,Late / action,2,NR
615048,late_action,no_reward,-0.2375,0.11171871562451319,2,336,2,Late / action,2,NR
615048,late_action,no_reward,-0.21250000000000002,0.06756908435243364,2,336,2,Late / action,2,NR
615048,late_action,no_reward,-0.1875,0.13284441352703322,2,336,2,Late / action,2,NR
615048,late_action,no_reward,-0.16249999999999998,0.3369986662142429,2,336,2,Late / action,2,NR
615048,late_action,no_reward,-0.1375,-0.26986224565682815,2,336,2,Late / action,2,NR
615048,late_action,no_reward,-0.11249999999999999,-0.15902602596360704,2,336,2,Late / action,2,NR
615048,late_action,no_reward,-0.08749999999999998,-0.312647047787646,2,336,2,Late / action,2,NR
615048,late_action,no_reward,-0.062499999999999986,-0.07364538143276284,2,336,2,Late / action,2,NR
615048,late_action,no_reward,-0.03749999999999999,-0.18915268567115662,2,336,2,Late / action,2,NR
615048,late_action,no_reward,-0.012499999999999997,0.3552025067937772,2,336,2,Late / action,2,NR
615048,late_action,no_reward,0.012500000000000011,-0.12636190701399624,2,336,2,Late / action,2,NR
615048,late_action,no_reward,0.03750000000000003,0.0923919143591309,2,336,2,Late / action,2,NR
615048,late_action,no_reward,0.06250000000000003,-0.17819734036479495,2,336,2,Late / action,2,NR
615048,late_action,no_reward,0.08750000000000002,0.2725849934120539,2,336,2,Late / action,2,NR
615048,late_action,no_reward,0.11250000000000002,0.61795371188446,2,336,2,Late / action,2,NR
615048,late_action,no_reward,0.1375,1.1755501225133909,2,336,2,Late / action,2,NR
615048,late_action,no_reward,0.16250000000000003,1.765568783636519,2,336,2,Late / action,2,NR
615048,late_action,no_reward,0.18750000000000003,1.9336036537253545,2,336,2,Late / action,2,NR
615048,late_action,no_reward,0.21250000000000002,2.0824607307936605,2,336,2,Late / action,2,NR
615048,late_action,no_reward,0.23750000000000002,2.511162850085018,2,336,2,Late / action,2,NR
615048,late_action,no_reward,0.2625,2.7449103561539996,2,336,2,Late / action,2,NR
615048,late_action,no_reward,0.28750000000000003,2.692200309192108,2,336,2,Late / action,2,NR
615048,late_action,no_reward,0.31250000000000006,3.5382021777339023,2,336,2,Late / action,2,NR
615048,late_action,no_reward,0.3375000000000001,4.646865630465491,2,336,2,Late / action,2,NR
615048,late_action,no_reward,0.36250000000000004,3.8463317922317577,2,336,2,Late / action,2,NR
615048,late_action,no_reward,0.3875,2.9794892850384653,2,336,2,Late / action,2,NR
615048,late_action,no_reward,0.41250000000000003,2.9096854009442046,2,336,2,Late / action,2,NR
615048,late_action,no_reward,0.43750000000000006,2.576739435058994,2,336,2,Late / action,2,NR
615048,late_action,no_reward,0.4625000000000001,2.410165493631652,2,336,2,Late / action,2,NR
615048,late_action,no_reward,0.48750000000000004,2.562915141154268,2,336,2,Late / action,2,NR
615048,late_action,no_reward,0.5125,2.203970475851891,2,336,2,Late / action,2,NR
615048,late_action,no_reward,0.5375000000000001,2.490583515746959,2,336,2,Late / action,2,NR
615048,late_action,no_reward,0.5625,2.326010387926229,2,336,2,Late / action,2,NR
615048,late_action,no_reward,0.5875000000000001,2.064558146013503,2,336,2,Late / action,2,NR
615048,late_action,no_reward,0.6125,1.8635740977240336,2,336,2,Late / action,2,NR
615048,late_action,no_reward,0.6375,1.970610607173505,2,336,2,Late / action,2,NR
615048,late_action,no_reward,0.6625000000000001,2.0865152667315066,2,336,2,Late / action,2,NR
615048,late_action,no_reward,0.6875,2.0553120764433888,2,336,2,Late / action,2,NR
615048,late_action,no_reward,0.7125000000000001,1.4570677282964226,2,336,2,Late / action,2,NR
615048,late_action,no_reward,0.7375,1.1026980480189865,2,336,2,Late / action,2,NR
615564,late_action,no_reward,-0.2375,0.11348779996589266,2,458,2,Late / action,2,NR
615564,late_action,no_reward,-0.21250000000000002,0.03439702462461276,2,458,2,Late / action,2,NR
615564,late_action,no_reward,-0.1875,-0.06413255420264195,2,458,2,Late / action,2,NR
615564,late_action,no_reward,-0.16249999999999998,0.05274237047249339,2,458,2,Late / action,2,NR
615564,late_action,no_reward,-0.1375,-0.039992681017123076,2,458,2,Late / action,2,NR
615564,late_action,no_reward,-0.11249999999999999,0.2749663515681805,2,458,2,Late / action,2,NR
615564,late_action,no_reward,-0.08749999999999998,-0.14250899042998427,2,458,2,Late / action,2,NR
615564,late_action,no_reward,-0.062499999999999986,0.1817916556145857,2,458,2,Late / action,2,NR
615564,late_action,no_reward,-0.03749999999999999,0.000330232188147192,2,458,2,Late / action,2,NR
615564,late_action,no_reward,-0.012499999999999997,-0.411081208784163,2,458,2,Late / action,2,NR
615564,late_action,no_reward,0.012500000000000011,0.20154373072315326,2,458,2,Late / action,2,NR
615564,late_action,no_reward,0.03750000000000003,0.16608949751231736,2,458,2,Late / action,2,NR
615564,late_action,no_reward,0.06250000000000003,-0.1293263077128139,2,458,2,Late / action,2,NR
615564,late_action,no_reward,0.08750000000000002,0.004841742625612447,2,458,2,Late / action,2,NR
615564,late_action,no_reward,0.11250000000000002,0.5106862870036307,2,458,2,Late / action,2,NR
615564,late_action,no_reward,0.1375,0.8212189445393498,2,458,2,Late / action,2,NR
615564,late_action,no_reward,0.16250000000000003,1.3979061084374755,2,458,2,Late / action,2,NR
615564,late_action,no_reward,0.18750000000000003,1.3130647036929337,2,458,2,Late / action,2,NR
615564,late_action,no_reward,0.21250000000000002,1.3603554163000746,2,458,2,Late / action,2,NR
615564,late_action,no_reward,0.23750000000000002,1.5086100477316873,2,458,2,Late / action,2,NR
615564,late_action,no_reward,0.2625,1.77999572460724,2,458,2,Late / action,2,NR
615564,late_action,no_reward,0.28750000000000003,1.6386869436103098,2,458,2,Late / action,2,NR
615564,late_action,no_reward,0.31250000000000006,1.6575158318565446,2,458,2,Late / action,2,NR
615564,late_action,no_reward,0.3375000000000001,1.83322396539885,2,458,2,Late / action,2,NR
615564,late_action,no_reward,0.36250000000000004,2.2250702300437997,2,458,2,Late / action,2,NR
615564,late_action,no_reward,0.3875,2.4450494304043477,2,458,2,Late / action,2,NR
615564,late_action,no_reward,0.41250000000000003,2.417571318845596,2,458,2,Late / action,2,NR
615564,late_action,no_reward,0.43750000000000006,2.106917609430234,2,458,2,Late / action,2,NR
615564,late_action,no_reward,0.4625000000000001,2.029126478994572,2,458,2,Late / action,2,NR
615564,late_action,no_reward,0.48750000000000004,1.0394561950494303,2,458,2,Late / action,2,NR
615564,late_action,no_reward,0.5125,1.4227796092232485,2,458,2,Late / action,2,NR
615564,late_action,no_reward,0.5375000000000001,1.526892207158875,2,458,2,Late / action,2,NR
615564,late_action,no_reward,0.5625,0.8706939119418078,2,458,2,Late / action,2,NR
615564,late_action,no_reward,0.5875000000000001,0.8701278946364439,2,458,2,Late / action,2,NR
615564,late_action,no_reward,0.6125,0.7002116279509056,2,458,2,Late / action,2,NR
615564,late_action,no_reward,0.6375,0.9799498845218276,2,458,2,Late / action,2,NR
615564,late_action,no_reward,0.6625000000000001,1.0671212053893893,2,458,2,Late / action,2,NR
615564,late_action,no_reward,0.6875,0.8006920043770229,2,458,2,Late / action,2,NR
615564,late_action,no_reward,0.7125000000000001,0.6956342706118759,2,458,2,Late / action,2,NR
615564,late_action,no_reward,0.7375,0.2945095789283529,2,458,2,Late / action,2,NR
623319,late_action,no_reward,-0.2375,-0.32934267251037425,2,505,2,Late / action,2,NR
623319,late_action,no_reward,-0.21250000000000002,0.011129484731969348,2,505,2,Late / action,2,NR
623319,late_action,no_reward,-0.1875,-0.08248635422548453,2,505,2,Late / action,2,NR
623319,late_action,no_reward,-0.16249999999999998,-0.025931452950086364,2,505,2,Late / action,2,NR
623319,late_action,no_reward,-0.1375,-0.30361960330904414,2,505,2,Late / action,2,NR
623319,late_action,no_reward,-0.11249999999999999,0.11554542765722896,2,505,2,Late / action,2,NR
623319,late_action,no_reward,-0.08749999999999998,-0.023735581188997195,2,505,2,Late / action,2,NR
623319,late_action,no_reward,-0.062499999999999986,0.13326924972887705,2,505,2,Late / action,2,NR
623319,late_action,no_reward,-0.03749999999999999,0.12551647800095017,2,505,2,Late / action,2,NR
623319,late_action,no_reward,-0.012499999999999997,0.37965502406496204,2,505,2,Late / action,2,NR
623319,late_action,no_reward,0.012500000000000011,0.2605849981626381,2,505,2,Late / action,2,NR
623319,late_action,no_reward,0.03750000000000003,0.16441477776881513,2,505,2,Late / action,2,NR
623319,late_action,no_reward,0.06250000000000003,-0.15898335618832507,2,505,2,Late / action,2,NR
623319,late_action,no_reward,0.08750000000000002,0.20541932187894935,2,505,2,Late / action,2,NR
623319,late_action,no_reward,0.11250000000000002,0.47905183153630376,2,505,2,Late / action,2,NR
623319,late_action,no_reward,0.1375,1.2024795425416543,2,505,2,Late / action,2,NR
623319,late_action,no_reward,0.16250000000000003,1.6689678506448695,2,505,2,Late / action,2,NR
623319,late_action,no_reward,0.18750000000000003,1.9112307637152357,2,505,2,Late / action,2,NR
623319,late_action,no_reward,0.21250000000000002,2.511353553279019,2,505,2,Late / action,2,NR
623319,late_action,no_reward,0.23750000000000002,2.3465959506332177,2,505,2,Late / action,2,NR
623319,late_action,no_reward,0.2625,2.437545373880778,2,505,2,Late / action,2,NR
623319,late_action,no_reward,0.28750000000000003,2.1813902108933165,2,505,2,Late / action,2,NR
623319,late_action,no_reward,0.31250000000000006,2.011882355050057,2,505,2,Late / action,2,NR
623319,late_action,no_reward,0.3375000000000001,2.0445515492099346,2,505,2,Late / action,2,NR
623319,late_action,no_reward,0.36250000000000004,1.4816017316017318,2,505,2,Late / action,2,NR
623319,late_action,no_reward,0.3875,1.2400782447366299,2,505,2,Late / action,2,NR
623319,late_action,no_reward,0.41250000000000003,1.3580951484678194,2,505,2,Late / action,2,NR
623319,late_action,no_reward,0.43750000000000006,1.0334198237924945,2,505,2,Late / action,2,NR
623319,late_action,no_reward,0.4625000000000001,0.6691964005628603,2,505,2,Late / action,2,NR
623319,late_action,no_reward,0.48750000000000004,0.7572105258440662,2,505,2,Late / action,2,NR
623319,late_action,no_reward,0.5125,0.4072826759162164,2,505,2,Late / action,2,NR
623319,late_action,no_reward,0.5375000000000001,0.8929512516469039,2,505,2,Late / action,2,NR
623319,late_action,no_reward,0.5625,0.6897210794726324,2,505,2,Late / action,2,NR
623319,late_action,no_reward,0.5875000000000001,0.5683207406809891,2,505,2,Late / action,2,NR
623319,late_action,no_reward,0.6125,0.7702289084276662,2,505,2,Late / action,2,NR
623319,late_action,no_reward,0.6375,0.5389901678721556,2,505,2,Late / action,2,NR
623319,late_action,no_reward,0.6625000000000001,0.584789778889158,2,505,2,Late / action,2,NR
623319,late_action,no_reward,0.6875,0.649030231328368,2,505,2,Late / action,2,NR
623319,late_action,no_reward,0.7125000000000001,0.6157560520914559,2,505,2,Late / action,2,NR
623319,late_action,no_reward,0.7375,0.5507313597375709,2,505,2,Late / action,2,NR
623322,late_action,no_reward,-0.2375,0.0527419706500708,3,516,2,Late / action,2,NR
623322,late_action,no_reward,-0.21250000000000002,0.22759896764783857,3,516,2,Late / action,2,NR
623322,late_action,no_reward,-0.1875,0.11590250896789482,3,516,2,Late / action,2,NR
623322,late_action,no_reward,-0.16249999999999998,-0.04385283573857902,3,516,2,Late / action,2,NR
623322,late_action,no_reward,-0.1375,0.06937118543117865,3,516,2,Late / action,2,NR
623322,late_action,no_reward,-0.11249999999999999,-0.005875089596019807,3,516,2,Late / action,2,NR
623322,late_action,no_reward,-0.08749999999999998,-0.2996007915904557,3,516,2,Late / action,2,NR
623322,late_action,no_reward,-0.062499999999999986,-0.12845605161917936,3,516,2,Late / action,2,NR
623322,late_action,no_reward,-0.03749999999999999,-0.026315959772874837,3,516,2,Late / action,2,NR
623322,late_action,no_reward,-0.012499999999999997,0.0384860956201254,3,516,2,Late / action,2,NR
623322,late_action,no_reward,0.012500000000000011,0.08473505329757441,3,516,2,Late / action,2,NR
623322,late_action,no_reward,0.03750000000000003,-0.1453928346637031,3,516,2,Late / action,2,NR
623322,late_action,no_reward,0.06250000000000003,-0.039533065830672946,3,516,2,Late / action,2,NR
623322,late_action,no_reward,0.08750000000000002,0.5049092260978565,3,516,2,Late / action,2,NR
623322,late_action,no_reward,0.11250000000000002,0.48199736731081516,3,516,2,Late / action,2,NR
623322,late_action,no_reward,0.1375,0.5117980481198097,3,516,2,Late / action,2,NR
623322,late_action,no_reward,0.16250000000000003,0.856728611986448,3,516,2,Late / action,2,NR
623322,late_action,no_reward,0.18750000000000003,1.3869070524277805,3,516,2,Late / action,2,NR
623322,late_action,no_reward,0.21250000000000002,1.8595770583384335,3,516,2,Late / action,2,NR
623322,late_action,no_reward,0.23750000000000002,2.2416622619745863,3,516,2,Late / action,2,NR
623322,late_action,no_reward,0.2625,2.1875779063089476,3,516,2,Late / action,2,NR
623322,late_action,no_reward,0.28750000000000003,2.1127418896124657,3,516,2,Late / action,2,NR
623322,late_action,no_reward,0.31250000000000006,2.851897079419268,3,516,2,Late / action,2,NR
623322,late_action,no_reward,0.3375000000000001,2.936835306504445,3,516,2,Late / action,2,NR
623322,late_action,no_reward,0.36250000000000004,2.994989543093688,3,516,2,Late / action,2,NR
623322,late_action,no_reward,0.3875,2.8223238931361614,3,516,2,Late / action,2,NR
623322,late_action,no_reward,0.41250000000000003,2.9018917566889706,3,516,2,Late / action,2,NR
623322,late_action,no_reward,0.43750000000000006,2.7589026123235763,3,516,2,Late / action,2,NR
623322,late_action,no_reward,0.4625000000000001,2.521821854262029,3,516,2,Late / action,2,NR
623322,late_action,no_reward,0.48750000000000004,2.706520952032692,3,516,2,Late / action,2,NR
623322,late_action,no_reward,0.5125,2.3745249828751684,3,516,2,Late / action,2,NR
623322,late_action,no_reward,0.5375000000000001,2.6659663810040173,3,516,2,Late / action,2,NR
623322,late_action,no_reward,0.5625,2.4594980001170312,3,516,2,Late / action,2,NR
623322,late_action,no_reward,0.5875000000000001,2.263973685940319,3,516,2,Late / action,2,NR
623322,late_action,no_reward,0.6125,2.0355401640847095,3,516,2,Late / action,2,NR
623322,late_action,no_reward,0.6375,2.031036793807831,3,516,2,Late / action,2,NR
623322,late_action,no_reward,0.6625000000000001,2.2667994941391187,3,516,2,Late / action,2,NR
623322,late_action,no_reward,0.6875,2.1620741753929034,3,516,2,Late / action,2,NR
623322,late_action,no_reward,0.7125000000000001,1.7435149169280162,3,516,2,Late / action,2,NR
623322,late_action,no_reward,0.7375,2.555738052387305,3,516,2,Late / action,2,NR
626279,late_action,no_reward,-0.2375,0.24826717076244495,1,207,2,Late / action,2,NR
626279,late_action,no_reward,-0.21250000000000002,0.11804242806133165,1,207,2,Late / action,2,NR
626279,late_action,no_reward,-0.1875,-0.3272421760134424,1,207,2,Late / action,2,NR
626279,late_action,no_reward,-0.16249999999999998,0.30707834488552815,1,207,2,Late / action,2,NR
626279,late_action,no_reward,-0.1375,-0.10459987397605544,1,207,2,Late / action,2,NR
626279,late_action,no_reward,-0.11249999999999999,0.10123923545473627,1,207,2,Late / action,2,NR
626279,late_action,no_reward,-0.08749999999999998,0.042428061331653076,1,207,2,Late / action,2,NR
626279,late_action,no_reward,-0.062499999999999986,-0.012182314639781613,1,207,2,Late / action,2,NR
626279,late_action,no_reward,-0.03749999999999999,-0.28523419449695436,1,207,2,Late / action,2,NR
626279,late_action,no_reward,-0.012499999999999997,-0.08779668136946021,1,207,2,Late / action,2,NR
626279,late_action,no_reward,0.012500000000000011,0.4204998949800463,1,207,2,Late / action,2,NR
626279,late_action,no_reward,0.03750000000000003,0.3868935097668558,1,207,2,Late / action,2,NR
626279,late_action,no_reward,0.06250000000000003,-0.14660785549254368,1,207,2,Late / action,2,NR
626279,late_action,no_reward,0.08750000000000002,-0.768325981936568,1,207,2,Late / action,2,NR
626279,late_action,no_reward,0.11250000000000002,-0.360848561226633,1,207,2,Late / action,2,NR
626279,late_action,no_reward,0.1375,-0.1550094517958412,1,207,2,Late / action,2,NR
626279,late_action,no_reward,0.16250000000000003,0.34908632640201653,1,207,2,Late / action,2,NR
626279,late_action,no_reward,0.18750000000000003,0.8195757193866836,1,207,2,Late / action,2,NR
626279,late_action,no_reward,0.21250000000000002,1.0632220121823146,1,207,2,Late / action,2,NR
626279,late_action,no_reward,0.23750000000000002,0.8783868935097671,1,207,2,Late / action,2,NR
626279,late_action,no_reward,0.2625,1.1556395715185883,1,207,2,Late / action,2,NR
626279,late_action,no_reward,0.28750000000000003,1.1304347826086958,1,207,2,Late / action,2,NR
626279,late_action,no_reward,0.31250000000000006,1.411888258769166,1,207,2,Late / action,2,NR
626279,late_action,no_reward,0.3375000000000001,2.4116782188615837,1,207,2,Late / action,2,NR
626279,late_action,no_reward,0.36250000000000004,2.722537282083596,1,207,2,Late / action,2,NR
626279,late_action,no_reward,0.3875,2.9241755933627385,1,207,2,Late / action,2,NR
626279,late_action,no_reward,0.41250000000000003,2.7939508506616257,1,207,2,Late / action,2,NR
626279,late_action,no_reward,0.43750000000000006,2.226843100189036,1,207,2,Late / action,2,NR
626279,late_action,no_reward,0.4625000000000001,1.9243856332703213,1,207,2,Late / action,2,NR
626279,late_action,no_reward,0.48750000000000004,1.8151648813274524,1,207,2,Late / action,2,NR
626279,late_action,no_reward,0.5125,1.437093047679059,1,207,2,Late / action,2,NR
626279,late_action,no_reward,0.5375000000000001,1.3740810754043267,1,207,2,Late / action,2,NR
626279,late_action,no_reward,0.5625,1.5589161940768743,1,207,2,Late / action,2,NR
626279,late_action,no_reward,0.5875000000000001,1.705944129384583,1,207,2,Late / action,2,NR
626279,late_action,no_reward,0.6125,1.306868304977946,1,207,2,Late / action,2,NR
626279,late_action,no_reward,0.6375,1.101029195547154,1,207,2,Late / action,2,NR
626279,late_action,no_reward,0.6625000000000001,1.1892459567317788,1,207,2,Late / action,2,NR
626279,late_action,no_reward,0.6875,1.0128124343625289,1,207,2,Late / action,2,NR
626279,late_action,no_reward,0.7125000000000001,0.38689350976685566,1,207,2,Late / action,2,NR
626279,late_action,no_reward,0.7375,0.5255198487712667,1,207,2,Late / action,2,NR
632295,late_action,no_reward,-0.2375,0.171871611693773,2,482,2,Late / action,2,NR
632295,late_action,no_reward,-0.21250000000000002,0.1732055819743918,2,482,2,Late / action,2,NR
632295,late_action,no_reward,-0.1875,-0.011680310367040966,2,482,2,Late / action,2,NR
632295,late_action,no_reward,-0.16249999999999998,0.03820098582068481,2,482,2,Late / action,2,NR
632295,late_action,no_reward,-0.1375,0.16061501603225264,2,482,2,Late / action,2,NR
632295,late_action,no_reward,-0.11249999999999999,-0.08923515659493782,2,482,2,Late / action,2,NR
632295,late_action,no_reward,-0.08749999999999998,0.05838352912224319,2,482,2,Late / action,2,NR
632295,late_action,no_reward,-0.062499999999999986,-0.18935024138854514,2,482,2,Late / action,2,NR
632295,late_action,no_reward,-0.03749999999999999,-0.19414290780911853,2,482,2,Late / action,2,NR
632295,late_action,no_reward,-0.012499999999999997,-0.11786810848370355,2,482,2,Late / action,2,NR
632295,late_action,no_reward,0.012500000000000011,-0.1904851656424844,2,482,2,Late / action,2,NR
632295,late_action,no_reward,0.03750000000000003,0.07873471869367896,2,482,2,Late / action,2,NR
632295,late_action,no_reward,0.06250000000000003,-0.6654632705795496,2,482,2,Late / action,2,NR
632295,late_action,no_reward,0.08750000000000002,-0.5437100731765575,2,482,2,Late / action,2,NR
632295,late_action,no_reward,0.11250000000000002,0.48404707619481907,2,482,2,Late / action,2,NR
632295,late_action,no_reward,0.1375,1.436519227846177,2,482,2,Late / action,2,NR
632295,late_action,no_reward,0.16250000000000003,1.9824735268784515,2,482,2,Late / action,2,NR
632295,late_action,no_reward,0.18750000000000003,2.2659331639632594,2,482,2,Late / action,2,NR
632295,late_action,no_reward,0.21250000000000002,2.9178002156935126,2,482,2,Late / action,2,NR
632295,late_action,no_reward,0.23750000000000002,3.08797081623347,2,482,2,Late / action,2,NR
632295,late_action,no_reward,0.2625,3.5546146830825354,2,482,2,Late / action,2,NR
632295,late_action,no_reward,0.28750000000000003,3.727660593953343,2,482,2,Late / action,2,NR
632295,late_action,no_reward,0.31250000000000006,3.9269852850701,2,482,2,Late / action,2,NR
632295,late_action,no_reward,0.3375000000000001,4.022874441766371,2,482,2,Late / action,2,NR
632295,late_action,no_reward,0.36250000000000004,3.4726417388660886,2,482,2,Late / action,2,NR
632295,late_action,no_reward,0.3875,3.611872263117133,2,482,2,Late / action,2,NR
632295,late_action,no_reward,0.41250000000000003,3.425613676995346,2,482,2,Late / action,2,NR
632295,late_action,no_reward,0.43750000000000006,2.6483356856954665,2,482,2,Late / action,2,NR
632295,late_action,no_reward,0.4625000000000001,2.1510047119623046,2,482,2,Late / action,2,NR
632295,late_action,no_reward,0.48750000000000004,1.6235381697898799,2,482,2,Late / action,2,NR
632295,late_action,no_reward,0.5125,1.6863321245810983,2,482,2,Late / action,2,NR
632295,late_action,no_reward,0.5375000000000001,1.6364052287581698,2,482,2,Late / action,2,NR
632295,late_action,no_reward,0.5625,1.5793618946286525,2,482,2,Late / action,2,NR
632295,late_action,no_reward,0.5875000000000001,1.3487819106970953,2,482,2,Late / action,2,NR
632295,late_action,no_reward,0.6125,1.48719127961262,2,482,2,Late / action,2,NR
632295,late_action,no_reward,0.6375,0.9633824796068298,2,482,2,Late / action,2,NR
632295,late_action,no_reward,0.6625000000000001,1.1419343654774572,2,482,2,Late / action,2,NR
632295,late_action,no_reward,0.6875,1.0087544785356002,2,482,2,Late / action,2,NR
632295,late_action,no_reward,0.7125000000000001,0.9795008649454613,2,482,2,Late / action,2,NR
632295,late_action,no_reward,0.7375,0.9486907114266893,2,482,2,Late / action,2,NR
638387,late_action,no_reward,-0.2375,-0.30282603059372554,1,133,2,Late / action,2,NR
638387,late_action,no_reward,-0.21250000000000002,-0.3754213119004404,1,133,2,Late / action,2,NR
638387,late_action,no_reward,-0.1875,0.039408866995074066,1,133,2,Late / action,2,NR
638387,late_action,no_reward,-0.16249999999999998,0.9727767695099816,1,133,2,Late / action,2,NR
638387,late_action,no_reward,-0.1375,-0.24060150375939832,1,133,2,Late / action,2,NR
638387,late_action,no_reward,-0.11249999999999999,-0.1576354679802954,1,133,2,Late / action,2,NR
638387,late_action,no_reward,-0.08749999999999998,-0.39616282084521637,1,133,2,Late / action,2,NR
638387,late_action,no_reward,-0.062499999999999986,0.2053409385532797,1,133,2,Late / action,2,NR
638387,late_action,no_reward,-0.03749999999999999,0.2053409385532797,1,133,2,Late / action,2,NR
638387,late_action,no_reward,-0.012499999999999997,0.04977962146746194,1,133,2,Late / action,2,NR
638387,late_action,no_reward,0.012500000000000011,0.31941923774954634,1,133,2,Late / action,2,NR
638387,late_action,no_reward,0.03750000000000003,0.02903811252268609,1,133,2,Late / action,2,NR
638387,late_action,no_reward,0.06250000000000003,0.31941923774954634,1,133,2,Late / action,2,NR
638387,late_action,no_reward,0.08750000000000002,-0.002074150894477479,1,133,2,Late / action,2,NR
638387,late_action,no_reward,0.11250000000000002,0.6098003629764066,1,133,2,Late / action,2,NR
638387,late_action,no_reward,0.1375,1.0661135597614728,1,133,2,Late / action,2,NR
638387,late_action,no_reward,0.16250000000000003,1.5120560020741507,1,133,2,Late / action,2,NR
638387,late_action,no_reward,0.18750000000000003,1.8646616541353382,1,133,2,Late / action,2,NR
638387,late_action,no_reward,0.21250000000000002,1.7402126004666842,1,133,2,Late / action,2,NR
638387,late_action,no_reward,0.23750000000000002,1.719471091521908,1,133,2,Late / action,2,NR
638387,late_action,no_reward,0.2625,1.366865439460721,1,133,2,Late / action,2,NR
638387,late_action,no_reward,0.28750000000000003,1.9165154264972777,1,133,2,Late / action,2,NR
638387,late_action,no_reward,0.31250000000000006,2.2380088151413013,1,133,2,Late / action,2,NR
638387,late_action,no_reward,0.3375000000000001,2.4454239045890587,1,133,2,Late / action,2,NR
638387,late_action,no_reward,0.36250000000000004,1.9372569354420532,1,133,2,Late / action,2,NR
638387,late_action,no_reward,0.3875,1.719471091521908,1,133,2,Late / action,2,NR
638387,late_action,no_reward,0.41250000000000003,2.82914182006741,1,133,2,Late / action,2,NR
638387,late_action,no_reward,0.43750000000000006,2.77728804770547,1,133,2,Late / action,2,NR
638387,late_action,no_reward,0.4625000000000001,1.9061446720248896,1,133,2,Late / action,2,NR
638387,late_action,no_reward,0.48750000000000004,2.4869069224786102,1,133,2,Late / action,2,NR
638387,late_action,no_reward,0.5125,1.989110707803993,1,133,2,Late / action,2,NR
638387,late_action,no_reward,0.5375000000000001,1.8024371273010111,1,133,2,Late / action,2,NR
638387,late_action,no_reward,0.5625,2.9224786103189007,1,133,2,Late / action,2,NR
638387,late_action,no_reward,0.5875000000000001,2.2380088151413013,1,133,2,Late / action,2,NR
638387,late_action,no_reward,0.6125,2.9432201192636764,1,133,2,Late / action,2,NR
638387,late_action,no_reward,0.6375,1.9994814622763806,1,133,2,Late / action,2,NR
638387,late_action,no_reward,0.6625000000000001,2.186155042779362,1,133,2,Late / action,2,NR
638387,late_action,no_reward,0.6875,2.8602540834845733,1,133,2,Late / action,2,NR
638387,late_action,no_reward,0.7125000000000001,2.1135597614726467,1,133,2,Late / action,2,NR
638387,late_action,no_reward,0.7375,2.2380088151413013,1,133,2,Late / action,2,NR
640887,late_action,no_reward,-0.2375,0.27271968581246947,2,655,2,Late / action,2,NR
640887,late_action,no_reward,-0.21250000000000002,0.365257731958763,2,655,2,Late / action,2,NR
640887,late_action,no_reward,-0.1875,0.019288924134285117,2,655,2,Late / action,2,NR
640887,late_action,no_reward,-0.16249999999999998,-0.2114123333710961,2,655,2,Late / action,2,NR
640887,late_action,no_reward,-0.1375,-0.10920697858842172,2,655,2,Late / action,2,NR
640887,late_action,no_reward,-0.11249999999999999,-0.06638382236320367,2,655,2,Late / action,2,NR
640887,late_action,no_reward,-0.08749999999999998,0.2079978097503872,2,655,2,Late / action,2,NR
640887,late_action,no_reward,-0.062499999999999986,-0.18169668819153334,2,655,2,Late / action,2,NR
640887,late_action,no_reward,-0.03749999999999999,-0.18609984517200995,2,655,2,Late / action,2,NR
640887,late_action,no_reward,-0.012499999999999997,-0.11046448396963846,2,655,2,Late / action,2,NR
640887,late_action,no_reward,0.012500000000000011,-0.38075261508251196,2,655,2,Late / action,2,NR
640887,late_action,no_reward,0.03750000000000003,0.03580642724972634,2,655,2,Late / action,2,NR
640887,late_action,no_reward,0.06250000000000003,-0.2654661833012348,2,655,2,Late / action,2,NR
640887,late_action,no_reward,0.08750000000000002,-0.46767153808390904,2,655,2,Late / action,2,NR
640887,late_action,no_reward,0.11250000000000002,0.33397114912578846,2,655,2,Late / action,2,NR
640887,late_action,no_reward,0.1375,1.3628824440164649,2,655,2,Late / action,2,NR
640887,late_action,no_reward,0.16250000000000003,1.9033378648842567,2,655,2,Late / action,2,NR
640887,late_action,no_reward,0.18750000000000003,2.5199686567727806,2,655,2,Late / action,2,NR
640887,late_action,no_reward,0.21250000000000002,3.2578675276613422,2,655,2,Late / action,2,NR
640887,late_action,no_reward,0.23750000000000002,3.673210603829161,2,655,2,Late / action,2,NR
640887,late_action,no_reward,0.2625,3.588614100675956,2,655,2,Late / action,2,NR
640887,late_action,no_reward,0.28750000000000003,3.742335636871719,2,655,2,Late / action,2,NR
640887,late_action,no_reward,0.31250000000000006,3.747932102261999,2,655,2,Late / action,2,NR
640887,late_action,no_reward,0.3375000000000001,4.510935765265662,2,655,2,Late / action,2,NR
640887,late_action,no_reward,0.36250000000000004,4.458932442128318,2,655,2,Late / action,2,NR
640887,late_action,no_reward,0.3875,4.819481515048525,2,655,2,Late / action,2,NR
640887,late_action,no_reward,0.41250000000000003,5.0430871190665005,2,655,2,Late / action,2,NR
640887,late_action,no_reward,0.43750000000000006,5.182217061289226,2,655,2,Late / action,2,NR
640887,late_action,no_reward,0.4625000000000001,5.026207091877195,2,655,2,Late / action,2,NR
640887,late_action,no_reward,0.48750000000000004,4.697227823722669,2,655,2,Late / action,2,NR
640887,late_action,no_reward,0.5125,4.394327631131755,2,655,2,Late / action,2,NR
640887,late_action,no_reward,0.5375000000000001,4.593651674785695,2,655,2,Late / action,2,NR
640887,late_action,no_reward,0.5625,4.266919300630641,2,655,2,Late / action,2,NR
640887,late_action,no_reward,0.5875000000000001,4.0003885804916735,2,655,2,Late / action,2,NR
640887,late_action,no_reward,0.6125,3.6920920660095913,2,655,2,Late / action,2,NR
640887,late_action,no_reward,0.6375,3.4207881122314108,2,655,2,Late / action,2,NR
640887,late_action,no_reward,0.6625000000000001,2.992571655148975,2,655,2,Late / action,2,NR
640887,late_action,no_reward,0.6875,2.1658883727955893,2,655,2,Late / action,2,NR
640887,late_action,no_reward,0.7125000000000001,1.9323284619160908,2,655,2,Late / action,2,NR
640887,late_action,no_reward,0.7375,1.4685921981798273,2,655,2,Late / action,2,NR
640890,late_action,no_reward,-0.2375,0.1033336811345196,2,500,2,Late / action,2,NR
640890,late_action,no_reward,-0.21250000000000002,-0.12915896240042254,2,500,2,Late / action,2,NR
640890,late_action,no_reward,-0.1875,0.26536906276191685,2,500,2,Late / action,2,NR
640890,late_action,no_reward,-0.16249999999999998,0.21031882611695008,2,500,2,Late / action,2,NR
640890,late_action,no_reward,-0.1375,0.27180180627376144,2,500,2,Late / action,2,NR
640890,late_action,no_reward,-0.11249999999999999,-0.06103972768484453,2,500,2,Late / action,2,NR
640890,late_action,no_reward,-0.08749999999999998,-0.06078110202969364,2,500,2,Late / action,2,NR
640890,late_action,no_reward,-0.062499999999999986,-0.2661365657248788,2,500,2,Late / action,2,NR
640890,late_action,no_reward,-0.03749999999999999,-0.2752761913002986,2,500,2,Late / action,2,NR
640890,late_action,no_reward,-0.012499999999999997,-0.05843082714700921,2,500,2,Late / action,2,NR
640890,late_action,no_reward,0.012500000000000011,-0.1985482541604034,2,500,2,Late / action,2,NR
640890,late_action,no_reward,0.03750000000000003,-0.21853050398100848,2,500,2,Late / action,2,NR
640890,late_action,no_reward,0.06250000000000003,-0.7923815262184927,2,500,2,Late / action,2,NR
640890,late_action,no_reward,0.08750000000000002,-0.49584129305649843,2,500,2,Late / action,2,NR
640890,late_action,no_reward,0.11250000000000002,0.1593571819465024,2,500,2,Late / action,2,NR
640890,late_action,no_reward,0.1375,0.5214689877398266,2,500,2,Late / action,2,NR
640890,late_action,no_reward,0.16250000000000003,0.9525691870446462,2,500,2,Late / action,2,NR
640890,late_action,no_reward,0.18750000000000003,0.8081106657469411,2,500,2,Late / action,2,NR
640890,late_action,no_reward,0.21250000000000002,1.0481515895540785,2,500,2,Late / action,2,NR
640890,late_action,no_reward,0.23750000000000002,1.0935312774725228,2,500,2,Late / action,2,NR
640890,late_action,no_reward,0.2625,1.4074938506801566,2,500,2,Late / action,2,NR
640890,late_action,no_reward,0.28750000000000003,1.3115411691490328,2,500,2,Late / action,2,NR
640890,late_action,no_reward,0.31250000000000006,1.1519111770125483,2,500,2,Late / action,2,NR
640890,late_action,no_reward,0.3375000000000001,1.716936313937992,2,500,2,Late / action,2,NR
640890,late_action,no_reward,0.36250000000000004,1.3971882734314325,2,500,2,Late / action,2,NR
640890,late_action,no_reward,0.3875,1.5369415452684938,2,500,2,Late / action,2,NR
640890,late_action,no_reward,0.41250000000000003,1.0717786666832056,2,500,2,Late / action,2,NR
640890,late_action,no_reward,0.43750000000000006,1.0047151544244743,2,500,2,Late / action,2,NR
640890,late_action,no_reward,0.4625000000000001,0.4203795392727793,2,500,2,Late / action,2,NR
640890,late_action,no_reward,0.48750000000000004,0.7513649784276512,2,500,2,Late / action,2,NR
640890,late_action,no_reward,0.5125,0.4717849486092238,2,500,2,Late / action,2,NR
640890,late_action,no_reward,0.5375000000000001,0.454922726791397,2,500,2,Late / action,2,NR
640890,late_action,no_reward,0.5625,0.34433562141795554,2,500,2,Late / action,2,NR
640890,late_action,no_reward,0.5875000000000001,0.25015330085554327,2,500,2,Late / action,2,NR
640890,late_action,no_reward,0.6125,-0.08535837209448546,2,500,2,Late / action,2,NR
640890,late_action,no_reward,0.6375,0.17385688119092724,2,500,2,Late / action,2,NR
640890,late_action,no_reward,0.6625000000000001,-0.014526131469973391,2,500,2,Late / action,2,NR
640890,late_action,no_reward,0.6875,0.047968280076089886,2,500,2,Late / action,2,NR
640890,late_action,no_reward,0.7125000000000001,0.2674347924579319,2,500,2,Late / action,2,NR
640890,late_action,no_reward,0.7375,0.01596520664627782,2,500,2,Late / action,2,NR
642504,late_action,no_reward,-0.2375,0.10646051044759695,3,440,2,Late / action,2,NR
642504,late_action,no_reward,-0.21250000000000002,0.3276858676279984,3,440,2,Late / action,2,NR
642504,late_action,no_reward,-0.1875,0.13820116317931905,3,440,2,Late / action,2,NR
642504,late_action,no_reward,-0.16249999999999998,-0.1840772325065589,3,440,2,Late / action,2,NR
642504,late_action,no_reward,-0.1375,0.07485605579379216,3,440,2,Late / action,2,NR
642504,late_action,no_reward,-0.11249999999999999,-0.22558771849455753,3,440,2,Late / action,2,NR
642504,late_action,no_reward,-0.08749999999999998,0.0022084030005972096,3,440,2,Late / action,2,NR
642504,late_action,no_reward,-0.062499999999999986,-0.048651781130599585,3,440,2,Late / action,2,NR
642504,late_action,no_reward,-0.03749999999999999,-0.03232748210751535,3,440,2,Late / action,2,NR
642504,late_action,no_reward,-0.012499999999999997,-0.15876778581007284,3,440,2,Late / action,2,NR
642504,late_action,no_reward,0.012500000000000011,-0.24583057785025766,3,440,2,Late / action,2,NR
642504,late_action,no_reward,0.03750000000000003,-0.28358051149020164,3,440,2,Late / action,2,NR
642504,late_action,no_reward,0.06250000000000003,-0.19900409591302917,3,440,2,Late / action,2,NR
642504,late_action,no_reward,0.08750000000000002,0.12536527157848046,3,440,2,Late / action,2,NR
642504,late_action,no_reward,0.11250000000000002,1.2607857297576703,3,440,2,Late / action,2,NR
642504,late_action,no_reward,0.1375,3.4487765733653304,3,440,2,Late / action,2,NR
642504,late_action,no_reward,0.16250000000000003,4.070399046707665,3,440,2,Late / action,2,NR
642504,late_action,no_reward,0.18750000000000003,3.8309214983892623,3,440,2,Late / action,2,NR
642504,late_action,no_reward,0.21250000000000002,3.8470917620025737,3,440,2,Late / action,2,NR
642504,late_action,no_reward,0.23750000000000002,3.7376062347755585,3,440,2,Late / action,2,NR
642504,late_action,no_reward,0.2625,3.957474227528514,3,440,2,Late / action,2,NR
642504,late_action,no_reward,0.28750000000000003,3.7316861091228613,3,440,2,Late / action,2,NR
642504,late_action,no_reward,0.31250000000000006,3.7193407441480475,3,440,2,Late / action,2,NR
642504,late_action,no_reward,0.3375000000000001,3.0434300529679255,3,440,2,Late / action,2,NR
642504,late_action,no_reward,0.36250000000000004,2.9180124124904974,3,440,2,Late / action,2,NR
642504,late_action,no_reward,0.3875,2.7805737450019943,3,440,2,Late / action,2,NR
642504,late_action,no_reward,0.41250000000000003,2.627851200538009,3,440,2,Late / action,2,NR
642504,late_action,no_reward,0.43750000000000006,2.4559506037803365,3,440,2,Late / action,2,NR
642504,late_action,no_reward,0.4625000000000001,2.164363174671365,3,440,2,Late / action,2,NR
642504,late_action,no_reward,0.48750000000000004,1.5877631946598545,3,440,2,Late / action,2,NR
642504,late_action,no_reward,0.5125,1.367186152263767,3,440,2,Late / action,2,NR
642504,late_action,no_reward,0.5375000000000001,1.1035483304940412,3,440,2,Late / action,2,NR
642504,late_action,no_reward,0.5625,1.322081333993754,3,440,2,Late / action,2,NR
642504,late_action,no_reward,0.5875000000000001,1.1360050359058738,3,440,2,Late / action,2,NR
642504,late_action,no_reward,0.6125,1.335662342448351,3,440,2,Late / action,2,NR
642504,late_action,no_reward,0.6375,1.0751199572343688,3,440,2,Late / action,2,NR
642504,late_action,no_reward,0.6625000000000001,0.8673298322859003,3,440,2,Late / action,2,NR
642504,late_action,no_reward,0.6875,0.9328537791786992,3,440,2,Late / action,2,NR
642504,late_action,no_reward,0.7125000000000001,1.0247624529817116,3,440,2,Late / action,2,NR
642504,late_action,no_reward,0.7375,0.9598006332723864,3,440,2,Late / action,2,NR
614547,late_action,engaged_2,-0.2375,-0.37894736842105253,1,171,2,Late / action,3,E2
614547,late_action,engaged_2,-0.21250000000000002,0.6191033138401559,1,171,2,Late / action,3,E2
614547,late_action,engaged_2,-0.1875,0.7126705653021442,1,171,2,Late / action,3,E2
614547,late_action,engaged_2,-0.16249999999999998,-0.7532163742690059,1,171,2,Late / action,3,E2
614547,late_action,engaged_2,-0.1375,-0.34775828460038993,1,171,2,Late / action,3,E2
614547,late_action,engaged_2,-0.11249999999999999,-0.21520467836257312,1,171,2,Late / action,3,E2
614547,late_action,engaged_2,-0.08749999999999998,-0.06705653021442509,1,171,2,Late / action,3,E2
614547,late_action,engaged_2,-0.062499999999999986,0.6113060428849902,1,171,2,Late / action,3,E2
614547,late_action,engaged_2,-0.03749999999999999,0.23703703703703707,1,171,2,Late / action,3,E2
614547,late_action,engaged_2,-0.012499999999999997,-0.41793372319688105,1,171,2,Late / action,3,E2
614547,late_action,engaged_2,0.012500000000000011,-0.2775828460038987,1,171,2,Late / action,3,E2
614547,late_action,engaged_2,0.03750000000000003,0.892007797270955,1,171,2,Late / action,3,E2
614547,late_action,engaged_2,0.06250000000000003,0.16686159844054577,1,171,2,Late / action,3,E2
614547,late_action,engaged_2,0.08750000000000002,-1.1586744639376219,1,171,2,Late / action,3,E2
614547,late_action,engaged_2,0.11250000000000002,0.049902534113060545,1,171,2,Late / action,3,E2
614547,late_action,engaged_2,0.1375,0.9231968810916177,1,171,2,Late / action,3,E2
614547,late_action,engaged_2,0.16250000000000003,3.582066276803119,1,171,2,Late / action,3,E2
614547,late_action,engaged_2,0.18750000000000003,6.412475633528265,1,171,2,Late / action,3,E2
614547,late_action,engaged_2,0.21250000000000002,7.4573099415204664,1,171,2,Late / action,3,E2
614547,late_action,engaged_2,0.23750000000000002,8.720467836257308,1,171,2,Late / action,3,E2
614547,late_action,engaged_2,0.2625,9.866666666666665,1,171,2,Late / action,3,E2
614547,late_action,engaged_2,0.28750000000000003,9.531384015594542,1,171,2,Late / action,3,E2
614547,late_action,engaged_2,0.31250000000000006,10.069395711500974,1,171,2,Late / action,3,E2
614547,late_action,engaged_2,0.3375000000000001,9.18830409356725,1,171,2,Late / action,3,E2
614547,late_action,engaged_2,0.36250000000000004,9.274074074074074,1,171,2,Late / action,3,E2
614547,late_action,engaged_2,0.3875,8.66588693957115,1,171,2,Late / action,3,E2
614547,late_action,engaged_2,0.41250000000000003,7.956335282651072,1,171,2,Late / action,3,E2
614547,late_action,engaged_2,0.43750000000000006,8.283820662768031,1,171,2,Late / action,3,E2
614547,late_action,engaged_2,0.4625000000000001,7.699025341130604,1,171,2,Late / action,3,E2
614547,late_action,engaged_2,0.48750000000000004,7.956335282651072,1,171,2,Late / action,3,E2
614547,late_action,engaged_2,0.5125,7.137621832358675,1,171,2,Late / action,3,E2
614547,late_action,engaged_2,0.5375000000000001,7.1688109161793365,1,171,2,Late / action,3,E2
614547,late_action,engaged_2,0.5625,6.70877192982456,1,171,2,Late / action,3,E2
614547,late_action,engaged_2,0.5875000000000001,5.469005847953216,1,171,2,Late / action,3,E2
614547,late_action,engaged_2,0.6125,6.116179337231968,1,171,2,Late / action,3,E2
614547,late_action,engaged_2,0.6375,6.194152046783625,1,171,2,Late / action,3,E2
614547,late_action,engaged_2,0.6625000000000001,5.2974658869395705,1,171,2,Late / action,3,E2
614547,late_action,engaged_2,0.6875,5.250682261208577,1,171,2,Late / action,3,E2
614547,late_action,engaged_2,0.7125000000000001,4.814035087719298,1,171,2,Late / action,3,E2
614547,late_action,engaged_2,0.7375,4.408576998050681,1,171,2,Late / action,3,E2
614608,late_action,engaged_2,-0.2375,-0.3902527075812272,2,507,2,Late / action,3,E2
614608,late_action,engaged_2,-0.21250000000000002,-0.15633980679499418,2,507,2,Late / action,3,E2
614608,late_action,engaged_2,-0.1875,-0.30401178636149584,2,507,2,Late / action,3,E2
614608,late_action,engaged_2,-0.16249999999999998,-0.15009774403904028,2,507,2,Late / action,3,E2
614608,late_action,engaged_2,-0.1375,0.1313187597208945,2,507,2,Late / action,3,E2
614608,late_action,engaged_2,-0.11249999999999999,-0.055287453089995726,2,507,2,Late / action,3,E2
614608,late_action,engaged_2,-0.08749999999999998,0.24880780810776115,2,507,2,Late / action,3,E2
614608,late_action,engaged_2,-0.062499999999999986,0.21826101225724537,2,507,2,Late / action,3,E2
614608,late_action,engaged_2,-0.03749999999999999,0.30353448152851703,2,507,2,Late / action,3,E2
614608,late_action,engaged_2,-0.012499999999999997,0.15406743625233676,2,507,2,Late / action,3,E2
614608,late_action,engaged_2,0.012500000000000011,0.3869151410510697,2,507,2,Late / action,3,E2
614608,late_action,engaged_2,0.03750000000000003,0.16739130434782631,2,507,2,Late / action,3,E2
614608,late_action,engaged_2,0.06250000000000003,0.447307401435482,2,507,2,Late / action,3,E2
614608,late_action,engaged_2,0.08750000000000002,0.607785277036572,2,507,2,Late / action,3,E2
614608,late_action,engaged_2,0.11250000000000002,2.1992608552960147,2,507,2,Late / action,3,E2
614608,late_action,engaged_2,0.1375,4.2841583310740425,2,507,2,Late / action,3,E2
614608,late_action,engaged_2,0.16250000000000003,6.249153836275167,2,507,2,Late / action,3,E2
614608,late_action,engaged_2,0.18750000000000003,7.637052125397753,2,507,2,Late / action,3,E2
614608,late_action,engaged_2,0.21250000000000002,8.038370599734591,2,507,2,Late / action,3,E2
614608,late_action,engaged_2,0.23750000000000002,9.059999143847833,2,507,2,Late / action,3,E2
614608,late_action,engaged_2,0.2625,9.68664759349895,2,507,2,Late / action,3,E2
614608,late_action,engaged_2,0.28750000000000003,10.018738317090225,2,507,2,Late / action,3,E2
614608,late_action,engaged_2,0.31250000000000006,9.67398296257188,2,507,2,Late / action,3,E2
614608,late_action,engaged_2,0.3375000000000001,9.678919393273498,2,507,2,Late / action,3,E2
614608,late_action,engaged_2,0.36250000000000004,9.808261154949271,2,507,2,Late / action,3,E2
614608,late_action,engaged_2,0.3875,9.617531142535066,2,507,2,Late / action,3,E2
614608,late_action,engaged_2,0.41250000000000003,8.944038327078665,2,507,2,Late / action,3,E2
614608,late_action,engaged_2,0.43750000000000006,8.526014897047702,2,507,2,Late / action,3,E2
614608,late_action,engaged_2,0.4625000000000001,8.523097558539405,2,507,2,Late / action,3,E2
614608,late_action,engaged_2,0.48750000000000004,8.083125240792796,2,507,2,Late / action,3,E2
614608,late_action,engaged_2,0.5125,7.613012086014754,2,507,2,Late / action,3,E2
614608,late_action,engaged_2,0.5375000000000001,7.995284741941468,2,507,2,Late / action,3,E2
614608,late_action,engaged_2,0.5625,7.747724775616787,2,507,2,Late / action,3,E2
614608,late_action,engaged_2,0.5875000000000001,7.525718811090025,2,507,2,Late / action,3,E2
614608,late_action,engaged_2,0.6125,7.567121616415291,2,507,2,Late / action,3,E2
614608,late_action,engaged_2,0.6375,7.353699290820622,2,507,2,Late / action,3,E2
614608,late_action,engaged_2,0.6625000000000001,7.0840070775245785,2,507,2,Late / action,3,E2
614608,late_action,engaged_2,0.6875,7.241468443658053,2,507,2,Late / action,3,E2
614608,late_action,engaged_2,0.7125000000000001,7.029463049899402,2,507,2,Late / action,3,E2
614608,late_action,engaged_2,0.7375,7.0016373910189635,2,507,2,Late / action,3,E2
615048,late_action,engaged_2,-0.2375,-0.0447267924311596,2,336,2,Late / action,3,E2
615048,late_action,engaged_2,-0.21250000000000002,-0.017836735865850967,2,336,2,Late / action,3,E2
615048,late_action,engaged_2,-0.1875,-0.17400867143308327,2,336,2,Late / action,3,E2
615048,late_action,engaged_2,-0.16249999999999998,0.00809142332098685,2,336,2,Late / action,3,E2
615048,late_action,engaged_2,-0.1375,0.1354207942113879,2,336,2,Late / action,3,E2
615048,late_action,engaged_2,-0.11249999999999999,-0.12945990180032715,2,336,2,Late / action,3,E2
615048,late_action,engaged_2,-0.08749999999999998,0.0120538662531946,2,336,2,Late / action,3,E2
615048,late_action,engaged_2,-0.062499999999999986,0.1390243202113306,2,336,2,Late / action,3,E2
615048,late_action,engaged_2,-0.03749999999999999,0.13289401900824108,2,336,2,Late / action,3,E2
615048,late_action,engaged_2,-0.012499999999999997,-0.06145232147471772,2,336,2,Late / action,3,E2
615048,late_action,engaged_2,0.012500000000000011,-0.24948172394980875,2,336,2,Late / action,3,E2
615048,late_action,engaged_2,0.03750000000000003,-0.4397507680822349,2,336,2,Late / action,3,E2
615048,late_action,engaged_2,0.06250000000000003,-0.6474631751227494,2,336,2,Late / action,3,E2
615048,late_action,engaged_2,0.08750000000000002,0.15674045998794034,2,336,2,Late / action,3,E2
615048,late_action,engaged_2,0.11250000000000002,1.2730295460418641,2,336,2,Late / action,3,E2
615048,late_action,engaged_2,0.1375,2.054162000746547,2,336,2,Late / action,3,E2
615048,late_action,engaged_2,0.16250000000000003,3.674140752864157,2,336,2,Late / action,3,E2
615048,late_action,engaged_2,0.18750000000000003,4.265721997300944,2,336,2,Late / action,3,E2
615048,late_action,engaged_2,0.21250000000000002,4.691167772130818,2,336,2,Late / action,3,E2
615048,late_action,engaged_2,0.23750000000000002,5.454340023544951,2,336,2,Late / action,3,E2
615048,late_action,engaged_2,0.2625,5.941648720820053,2,336,2,Late / action,3,E2
615048,late_action,engaged_2,0.28750000000000003,6.6918138226088955,2,336,2,Late / action,3,E2
615048,late_action,engaged_2,0.31250000000000006,8.164895052689005,2,336,2,Late / action,3,E2
615048,late_action,engaged_2,0.3375000000000001,9.671025353892095,2,336,2,Late / action,3,E2
615048,late_action,engaged_2,0.36250000000000004,8.752686134321072,2,336,2,Late / action,3,E2
615048,late_action,engaged_2,0.3875,8.857288885060441,2,336,2,Late / action,3,E2
615048,late_action,engaged_2,0.41250000000000003,8.800867143308352,2,336,2,Late / action,3,E2
615048,late_action,engaged_2,0.43750000000000006,8.40498176701984,2,336,2,Late / action,3,E2
615048,late_action,engaged_2,0.4625000000000001,8.321669968702444,2,336,2,Late / action,3,E2
615048,late_action,engaged_2,0.48750000000000004,7.468711057512849,2,336,2,Late / action,3,E2
615048,late_action,engaged_2,0.5125,7.522175323743072,2,336,2,Late / action,3,E2
615048,late_action,engaged_2,0.5375000000000001,7.59602607172596,2,336,2,Late / action,3,E2
615048,late_action,engaged_2,0.5625,7.579099549200333,2,336,2,Late / action,3,E2
615048,late_action,engaged_2,0.5875000000000001,7.542217245240762,2,336,2,Late / action,3,E2
615048,late_action,engaged_2,0.6125,7.2958566629339305,2,336,2,Late / action,3,E2
615048,late_action,engaged_2,0.6375,7.014250437878657,2,336,2,Late / action,3,E2
615048,late_action,engaged_2,0.6625000000000001,6.886231946478307,2,336,2,Late / action,3,E2
615048,late_action,engaged_2,0.6875,6.59084331122405,2,336,2,Late / action,3,E2
615048,late_action,engaged_2,0.7125000000000001,6.4326614408361324,2,336,2,Late / action,3,E2
615048,late_action,engaged_2,0.7375,6.101309328968903,2,336,2,Late / action,3,E2
615564,late_action,engaged_2,-0.2375,-0.15703980262385725,2,458,2,Late / action,3,E2
615564,late_action,engaged_2,-0.21250000000000002,0.11748426958102051,2,458,2,Late / action,3,E2
615564,late_action,engaged_2,-0.1875,0.1889877183510642,2,458,2,Late / action,3,E2
615564,late_action,engaged_2,-0.16249999999999998,0.12996698866717976,2,458,2,Late / action,3,E2
615564,late_action,engaged_2,-0.1375,0.14592442233256203,2,458,2,Late / action,3,E2
615564,late_action,engaged_2,-0.11249999999999999,-0.23981368117130927,2,458,2,Late / action,3,E2
615564,late_action,engaged_2,-0.08749999999999998,-0.41560952979853455,2,458,2,Late / action,3,E2
615564,late_action,engaged_2,-0.062499999999999986,-0.023110403882290798,2,458,2,Late / action,3,E2
615564,late_action,engaged_2,-0.03749999999999999,0.2729630759841318,2,458,2,Late / action,3,E2
615564,late_action,engaged_2,-0.012499999999999997,-0.019753057439966082,2,458,2,Late / action,3,E2
615564,late_action,engaged_2,0.012500000000000011,0.08349383940826696,2,458,2,Late / action,3,E2
615564,late_action,engaged_2,0.03750000000000003,0.3399061549086445,2,458,2,Late / action,3,E2
615564,late_action,engaged_2,0.06250000000000003,0.008704082805073898,2,458,2,Late / action,3,E2
615564,late_action,engaged_2,0.08750000000000002,1.0874855915168782,2,458,2,Late / action,3,E2
615564,late_action,engaged_2,0.11250000000000002,1.8793545123106823,2,458,2,Late / action,3,E2
615564,late_action,engaged_2,0.1375,2.3297392944815973,2,458,2,Late / action,3,E2
615564,late_action,engaged_2,0.16250000000000003,3.0161405897316467,2,458,2,Late / action,3,E2
615564,late_action,engaged_2,0.18750000000000003,3.72406812787938,2,458,2,Late / action,3,E2
615564,late_action,engaged_2,0.21250000000000002,4.427412131417721,2,458,2,Late / action,3,E2
615564,late_action,engaged_2,0.23750000000000002,5.054743278820981,2,458,2,Late / action,3,E2
615564,late_action,engaged_2,0.2625,5.640178634304359,2,458,2,Late / action,3,E2
615564,late_action,engaged_2,0.28750000000000003,6.41838652169025,2,458,2,Late / action,3,E2
615564,late_action,engaged_2,0.31250000000000006,7.357702253097592,2,458,2,Late / action,3,E2
615564,late_action,engaged_2,0.3375000000000001,8.022433683914016,2,458,2,Late / action,3,E2
615564,late_action,engaged_2,0.36250000000000004,8.707642765983994,2,458,2,Late / action,3,E2
615564,late_action,engaged_2,0.3875,9.054718878603047,2,458,2,Late / action,3,E2
615564,late_action,engaged_2,0.41250000000000003,8.797245616917813,2,458,2,Late / action,3,E2
615564,late_action,engaged_2,0.43750000000000006,8.632802046900306,2,458,2,Late / action,3,E2
615564,late_action,engaged_2,0.4625000000000001,7.763829981752343,2,458,2,Late / action,3,E2
615564,late_action,engaged_2,0.48750000000000004,8.070128388387225,2,458,2,Late / action,3,E2
615564,late_action,engaged_2,0.5125,7.733206163927459,2,458,2,Late / action,3,E2
615564,late_action,engaged_2,0.5375000000000001,7.614079049293382,2,458,2,Late / action,3,E2
615564,late_action,engaged_2,0.5625,7.730911307987581,2,458,2,Late / action,3,E2
615564,late_action,engaged_2,0.5875000000000001,7.63678360651282,2,458,2,Late / action,3,E2
615564,late_action,engaged_2,0.6125,6.760976391708125,2,458,2,Late / action,3,E2
615564,late_action,engaged_2,0.6375,6.308313741090831,2,458,2,Late / action,3,E2
615564,late_action,engaged_2,0.6625000000000001,6.431954896042717,2,458,2,Late / action,3,E2
615564,late_action,engaged_2,0.6875,6.197147583637152,2,458,2,Late / action,3,E2
615564,late_action,engaged_2,0.7125000000000001,6.1506559025671494,2,458,2,Late / action,3,E2
615564,late_action,engaged_2,0.7375,5.677577373399933,2,458,2,Late / action,3,E2
623319,late_action,engaged_2,-0.2375,-0.3358778902257162,2,505,2,Late / action,3,E2
623319,late_action,engaged_2,-0.21250000000000002,-0.26790238746760475,2,505,2,Late / action,3,E2
623319,late_action,engaged_2,-0.1875,-0.06712490408142573,2,505,2,Late / action,3,E2
623319,late_action,engaged_2,-0.16249999999999998,-0.3112286264460176,2,505,2,Late / action,3,E2
623319,late_action,engaged_2,-0.1375,0.511511435424479,2,505,2,Late / action,3,E2
623319,late_action,engaged_2,-0.11249999999999999,0.3244641831598354,2,505,2,Late / action,3,E2
623319,late_action,engaged_2,-0.08749999999999998,0.3724717311673834,2,505,2,Late / action,3,E2
623319,late_action,engaged_2,-0.062499999999999986,-0.15673336325510226,2,505,2,Late / action,3,E2
623319,late_action,engaged_2,-0.03749999999999999,0.297220895046982,2,505,2,Late / action,3,E2
623319,late_action,engaged_2,-0.012499999999999997,-0.3668010733228123,2,505,2,Late / action,3,E2
623319,late_action,engaged_2,0.012500000000000011,-0.516216874912527,2,505,2,Late / action,3,E2
623319,late_action,engaged_2,0.03750000000000003,-0.11492734318821257,2,505,2,Late / action,3,E2
623319,late_action,engaged_2,0.06250000000000003,-0.0406055297359644,2,505,2,Late / action,3,E2
623319,late_action,engaged_2,0.08750000000000002,-0.4536465949509426,2,505,2,Late / action,3,E2
623319,late_action,engaged_2,0.11250000000000002,0.434281901673206,2,505,2,Late / action,3,E2
623319,late_action,engaged_2,0.1375,2.4469431534648924,2,505,2,Late / action,3,E2
623319,late_action,engaged_2,0.16250000000000003,5.424677979025805,2,505,2,Late / action,3,E2
623319,late_action,engaged_2,0.18750000000000003,9.463067126110603,2,505,2,Late / action,3,E2
623319,late_action,engaged_2,0.21250000000000002,11.556505089113784,2,505,2,Late / action,3,E2
623319,late_action,engaged_2,0.23750000000000002,12.409758116279855,2,505,2,Late / action,3,E2
623319,late_action,engaged_2,0.2625,12.153178946657208,2,505,2,Late / action,3,E2
623319,late_action,engaged_2,0.28750000000000003,12.728424956685826,2,505,2,Late / action,3,E2
623319,late_action,engaged_2,0.31250000000000006,12.15386666473623,2,505,2,Late / action,3,E2
623319,late_action,engaged_2,0.3375000000000001,10.939694363607407,2,505,2,Late / action,3,E2
623319,late_action,engaged_2,0.36250000000000004,9.337576674533196,2,505,2,Late / action,3,E2
623319,late_action,engaged_2,0.3875,8.52649162431771,2,505,2,Late / action,3,E2
623319,late_action,engaged_2,0.41250000000000003,7.359590892199588,2,505,2,Late / action,3,E2
623319,late_action,engaged_2,0.43750000000000006,7.8947562099736,2,505,2,Late / action,3,E2
623319,late_action,engaged_2,0.4625000000000001,7.944742455612021,2,505,2,Late / action,3,E2
623319,late_action,engaged_2,0.48750000000000004,7.8418501788067,2,505,2,Late / action,3,E2
623319,late_action,engaged_2,0.5125,7.627487247052464,2,505,2,Late / action,3,E2
623319,late_action,engaged_2,0.5375000000000001,7.108054988489771,2,505,2,Late / action,3,E2
623319,late_action,engaged_2,0.5625,7.058370373587765,2,505,2,Late / action,3,E2
623319,late_action,engaged_2,0.5875000000000001,6.2819245971419875,2,505,2,Late / action,3,E2
623319,late_action,engaged_2,0.6125,6.056594371811763,2,505,2,Late / action,3,E2
623319,late_action,engaged_2,0.6375,6.113530189617146,2,505,2,Late / action,3,E2
623319,late_action,engaged_2,0.6625000000000001,5.329833210267992,2,505,2,Late / action,3,E2
623319,late_action,engaged_2,0.6875,5.635771233597321,2,505,2,Late / action,3,E2
623319,late_action,engaged_2,0.7125000000000001,5.843341441167528,2,505,2,Late / action,3,E2
623319,late_action,engaged_2,0.7375,5.889153117413986,2,505,2,Late / action,3,E2
623322,late_action,engaged_2,-0.2375,0.12635046539155254,3,516,2,Late / action,3,E2
623322,late_action,engaged_2,-0.21250000000000002,0.1955653836693192,3,516,2,Late / action,3,E2
623322,late_action,engaged_2,-0.1875,-0.2064649334467682,3,516,2,Late / action,3,E2
623322,late_action,engaged_2,-0.16249999999999998,-0.06382368360664059,3,516,2,Late / action,3,E2
623322,late_action,engaged_2,-0.1375,-0.11265141900223767,3,516,2,Late / action,3,E2
623322,late_action,engaged_2,-0.11249999999999999,-0.05784272494975689,3,516,2,Late / action,3,E2
623322,late_action,engaged_2,-0.08749999999999998,0.10463400675566231,3,516,2,Late / action,3,E2
623322,late_action,engaged_2,-0.062499999999999986,-0.006905757559401482,3,516,2,Late / action,3,E2
623322,late_action,engaged_2,-0.03749999999999999,-0.007098157074280002,3,516,2,Late / action,3,E2
623322,late_action,engaged_2,-0.012499999999999997,0.02823681982255118,3,516,2,Late / action,3,E2
623322,late_action,engaged_2,0.012500000000000011,0.1562036553836796,3,516,2,Late / action,3,E2
623322,late_action,engaged_2,0.03750000000000003,0.3958701398286602,3,516,2,Late / action,3,E2
623322,late_action,engaged_2,0.06250000000000003,0.2284443549313578,3,516,2,Late / action,3,E2
623322,late_action,engaged_2,0.08750000000000002,0.3427135046168767,3,516,2,Late / action,3,E2
623322,late_action,engaged_2,0.11250000000000002,0.6173856798824936,3,516,2,Late / action,3,E2
623322,late_action,engaged_2,0.1375,1.0214911435254228,3,516,2,Late / action,3,E2
623322,late_action,engaged_2,0.16250000000000003,1.6904097091157786,3,516,2,Late / action,3,E2
623322,late_action,engaged_2,0.18750000000000003,2.0617889657613024,3,516,2,Late / action,3,E2
623322,late_action,engaged_2,0.21250000000000002,2.8298993386412152,3,516,2,Late / action,3,E2
623322,late_action,engaged_2,0.23750000000000002,3.3212006552088753,3,516,2,Late / action,3,E2
623322,late_action,engaged_2,0.2625,3.6804915478642855,3,516,2,Late / action,3,E2
623322,late_action,engaged_2,0.28750000000000003,4.117813278809366,3,516,2,Late / action,3,E2
623322,late_action,engaged_2,0.31250000000000006,4.685340840541442,3,516,2,Late / action,3,E2
623322,late_action,engaged_2,0.3375000000000001,5.251228375021991,3,516,2,Late / action,3,E2
623322,late_action,engaged_2,0.36250000000000004,5.587373894420417,3,516,2,Late / action,3,E2
623322,late_action,engaged_2,0.3875,5.5195995864609655,3,516,2,Late / action,3,E2
623322,late_action,engaged_2,0.41250000000000003,5.787187152899546,3,516,2,Late / action,3,E2
623322,late_action,engaged_2,0.43750000000000006,5.858279356162502,3,516,2,Late / action,3,E2
623322,late_action,engaged_2,0.4625000000000001,5.38110255941097,3,516,2,Late / action,3,E2
623322,late_action,engaged_2,0.48750000000000004,5.000333942567497,3,516,2,Late / action,3,E2
623322,late_action,engaged_2,0.5125,5.094524896679394,3,516,2,Late / action,3,E2
623322,late_action,engaged_2,0.5375000000000001,5.391943910914879,3,516,2,Late / action,3,E2
623322,late_action,engaged_2,0.5625,5.213238614054468,3,516,2,Late / action,3,E2
623322,late_action,engaged_2,0.5875000000000001,5.214876840804093,3,516,2,Late / action,3,E2
623322,late_action,engaged_2,0.6125,4.777286677721009,3,516,2,Late / action,3,E2
623322,late_action,engaged_2,0.6375,4.63109526783218,3,516,2,Late / action,3,E2
623322,late_action,engaged_2,0.6625000000000001,4.381803454554427,3,516,2,Late / action,3,E2
623322,late_action,engaged_2,0.6875,4.346777147230513,3,516,2,Late / action,3,E2
623322,late_action,engaged_2,0.7125000000000001,4.4189399168194505,3,516,2,Late / action,3,E2
623322,late_action,engaged_2,0.7375,4.2577825808027,3,516,2,Late / action,3,E2
626279,late_action,engaged_2,-0.2375,0.3421426541631143,1,207,2,Late / action,3,E2
626279,late_action,engaged_2,-0.21250000000000002,-0.22051719238420023,1,207,2,Late / action,3,E2
626279,late_action,engaged_2,-0.1875,-0.10684853651605576,1,207,2,Late / action,3,E2
626279,late_action,engaged_2,-0.16249999999999998,-0.02728047740835478,1,207,2,Late / action,3,E2
626279,late_action,engaged_2,-0.1375,-0.14094913327649913,1,207,2,Late / action,3,E2
626279,late_action,engaged_2,-0.11249999999999999,-0.2148337595907929,1,207,2,Late / action,3,E2
626279,late_action,engaged_2,-0.08749999999999998,0.2853083262290423,1,207,2,Late / action,3,E2
626279,late_action,engaged_2,-0.062499999999999986,0.2171071327081556,1,207,2,Late / action,3,E2
626279,late_action,engaged_2,-0.03749999999999999,0.10343847684001113,1,207,2,Late / action,3,E2
626279,late_action,engaged_2,-0.012499999999999997,-0.23756749076442185,1,207,2,Late / action,3,E2
626279,late_action,engaged_2,0.012500000000000011,0.046604148905938815,1,207,2,Late / action,3,E2
626279,late_action,engaged_2,0.03750000000000003,-0.07274793975561247,1,207,2,Late / action,3,E2
626279,late_action,engaged_2,0.06250000000000003,-0.5217391304347826,1,207,2,Late / action,3,E2
626279,late_action,engaged_2,0.08750000000000002,-0.47058823529411775,1,207,2,Late / action,3,E2
626279,late_action,engaged_2,0.11250000000000002,-0.021597044614947623,1,207,2,Late / action,3,E2
626279,late_action,engaged_2,0.1375,0.728616084114805,1,207,2,Late / action,3,E2
626279,late_action,engaged_2,0.16250000000000003,2.791702188121625,1,207,2,Late / action,3,E2
626279,late_action,engaged_2,0.18750000000000003,3.019039499857914,1,207,2,Late / action,3,E2
626279,late_action,engaged_2,0.21250000000000002,3.4452969593634553,1,207,2,Late / action,3,E2
626279,late_action,engaged_2,0.23750000000000002,4.053424268258028,1,207,2,Late / action,3,E2
626279,late_action,engaged_2,0.2625,5.070758738277919,1,207,2,Late / action,3,E2
626279,late_action,engaged_2,0.28750000000000003,5.201477692526285,1,207,2,Late / action,3,E2
626279,late_action,engaged_2,0.31250000000000006,5.951690821256038,1,207,2,Late / action,3,E2
626279,late_action,engaged_2,0.3375000000000001,7.423699914748507,1,207,2,Late / action,3,E2
626279,late_action,engaged_2,0.36250000000000004,7.497584541062801,1,207,2,Late / action,3,E2
626279,late_action,engaged_2,0.3875,7.469167377095765,1,207,2,Late / action,3,E2
626279,late_action,engaged_2,0.41250000000000003,7.963626030122193,1,207,2,Late / action,3,E2
626279,late_action,engaged_2,0.43750000000000006,7.531685137823245,1,207,2,Late / action,3,E2
626279,late_action,engaged_2,0.4625000000000001,7.349815288434214,1,207,2,Late / action,3,E2
626279,late_action,engaged_2,0.48750000000000004,6.366581415174765,1,207,2,Late / action,3,E2
626279,late_action,engaged_2,0.5125,6.747371412333048,1,207,2,Late / action,3,E2
626279,late_action,engaged_2,0.5375000000000001,6.610969025291275,1,207,2,Late / action,3,E2
626279,late_action,engaged_2,0.5625,6.326797385620915,1,207,2,Late / action,3,E2
626279,late_action,engaged_2,0.5875000000000001,6.298380221653879,1,207,2,Late / action,3,E2
626279,late_action,engaged_2,0.6125,6.400682011935208,1,207,2,Late / action,3,E2
626279,late_action,engaged_2,0.6375,5.991474850809889,1,207,2,Late / action,3,E2
626279,late_action,engaged_2,0.6625000000000001,5.747087240693378,1,207,2,Late / action,3,E2
626279,late_action,engaged_2,0.6875,5.479965899403239,1,207,2,Late / action,3,E2
626279,late_action,engaged_2,0.7125000000000001,5.531116794543904,1,207,2,Late / action,3,E2
626279,late_action,engaged_2,0.7375,5.815288434214265,1,207,2,Late / action,3,E2
632295,late_action,engaged_2,-0.2375,0.060609243697478984,2,482,2,Late / action,3,E2
632295,late_action,engaged_2,-0.21250000000000002,-0.03778011204481793,2,482,2,Late / action,3,E2
632295,late_action,engaged_2,-0.1875,0.22762605042016812,2,482,2,Late / action,3,E2
632295,late_action,engaged_2,-0.16249999999999998,0.4182773109243697,2,482,2,Late / action,3,E2
632295,late_action,engaged_2,-0.1375,0.10420168067226887,2,482,2,Late / action,3,E2
632295,late_action,engaged_2,-0.11249999999999999,-0.11428571428571427,2,482,2,Late / action,3,E2
632295,late_action,engaged_2,-0.08749999999999998,-0.16225490196078432,2,482,2,Late / action,3,E2
632295,late_action,engaged_2,-0.062499999999999986,-0.1116596638655462,2,482,2,Late / action,3,E2
632295,late_action,engaged_2,-0.03749999999999999,-0.1942927170868347,2,482,2,Late / action,3,E2
632295,late_action,engaged_2,-0.012499999999999997,-0.19044117647058828,2,482,2,Late / action,3,E2
632295,late_action,engaged_2,0.012500000000000011,-0.10780812324929974,2,482,2,Late / action,3,E2
632295,late_action,engaged_2,0.03750000000000003,-0.2947829131652661,2,482,2,Late / action,3,E2
632295,late_action,engaged_2,0.06250000000000003,-0.9213585434173669,2,482,2,Late / action,3,E2
632295,late_action,engaged_2,0.08750000000000002,-0.7630952380952382,2,482,2,Late / action,3,E2
632295,late_action,engaged_2,0.11250000000000002,1.124859943977591,2,482,2,Late / action,3,E2
632295,late_action,engaged_2,0.1375,3.46922268907563,2,482,2,Late / action,3,E2
632295,late_action,engaged_2,0.16250000000000003,5.262640056022409,2,482,2,Late / action,3,E2
632295,late_action,engaged_2,0.18750000000000003,7.094047619047619,2,482,2,Late / action,3,E2
632295,late_action,engaged_2,0.21250000000000002,7.552380952380952,2,482,2,Late / action,3,E2
632295,late_action,engaged_2,0.23750000000000002,8.990231092436975,2,482,2,Late / action,3,E2
632295,late_action,engaged_2,0.2625,9.830042016806722,2,482,2,Late / action,3,E2
632295,late_action,engaged_2,0.28750000000000003,10.466246498599439,2,482,2,Late / action,3,E2
632295,late_action,engaged_2,0.31250000000000006,11.07549019607843,2,482,2,Late / action,3,E2
632295,late_action,engaged_2,0.3375000000000001,11.007913165266107,2,482,2,Late / action,3,E2
632295,late_action,engaged_2,0.36250000000000004,10.149719887955182,2,482,2,Late / action,3,E2
632295,late_action,engaged_2,0.3875,9.412149859943977,2,482,2,Late / action,3,E2
632295,late_action,engaged_2,0.41250000000000003,8.88466386554622,2,482,2,Late / action,3,E2
632295,late_action,engaged_2,0.43750000000000006,8.84562324929972,2,482,2,Late / action,3,E2
632295,late_action,engaged_2,0.4625000000000001,8.568487394957984,2,482,2,Late / action,3,E2
632295,late_action,engaged_2,0.48750000000000004,7.949789915966386,2,482,2,Late / action,3,E2
632295,late_action,engaged_2,0.5125,7.661974789915966,2,482,2,Late / action,3,E2
632295,late_action,engaged_2,0.5375000000000001,7.1176820728291315,2,482,2,Late / action,3,E2
632295,late_action,engaged_2,0.5625,6.990231092436975,2,482,2,Late / action,3,E2
632295,late_action,engaged_2,0.5875000000000001,7.215021008403361,2,482,2,Late / action,3,E2
632295,late_action,engaged_2,0.6125,7.125560224089636,2,482,2,Late / action,3,E2
632295,late_action,engaged_2,0.6375,7.133613445378151,2,482,2,Late / action,3,E2
632295,late_action,engaged_2,0.6625000000000001,6.791176470588235,2,482,2,Late / action,3,E2
632295,late_action,engaged_2,0.6875,6.549579831932773,2,482,2,Late / action,3,E2
632295,late_action,engaged_2,0.7125000000000001,6.237605042016806,2,482,2,Late / action,3,E2
632295,late_action,engaged_2,0.7375,6.288550420168066,2,482,2,Late / action,3,E2
638387,late_action,engaged_2,-0.2375,0.31810294968189695,1,133,2,Late / action,3,E2
638387,late_action,engaged_2,-0.21250000000000002,0.2718334297281664,1,133,2,Late / action,3,E2
638387,late_action,engaged_2,-0.1875,-0.6535569693464431,1,133,2,Late / action,3,E2
638387,late_action,engaged_2,-0.16249999999999998,-0.3759398496240603,1,133,2,Late / action,3,E2
638387,late_action,engaged_2,-0.1375,-0.36437246963562775,1,133,2,Late / action,3,E2
638387,late_action,engaged_2,-0.11249999999999999,0.2949681897050316,1,133,2,Late / action,3,E2
638387,late_action,engaged_2,-0.08749999999999998,0.26026604973973394,1,133,2,Late / action,3,E2
638387,late_action,engaged_2,-0.062499999999999986,0.07518796992481191,1,133,2,Late / action,3,E2
638387,late_action,engaged_2,-0.03749999999999999,0.2139965297860033,1,133,2,Late / action,3,E2
638387,late_action,engaged_2,-0.012499999999999997,-0.04048582995951437,1,133,2,Late / action,3,E2
638387,late_action,engaged_2,0.012500000000000011,0.6998264893001733,1,133,2,Late / action,3,E2
638387,late_action,engaged_2,0.03750000000000003,0.8849045691150951,1,133,2,Late / action,3,E2
638387,late_action,engaged_2,0.06250000000000003,-0.10989010989011014,1,133,2,Late / action,3,E2
638387,late_action,engaged_2,0.08750000000000002,-0.4106419895893581,1,133,2,Late / action,3,E2
638387,late_action,engaged_2,0.11250000000000002,1.3360323886639673,1,133,2,Late / action,3,E2
638387,late_action,engaged_2,0.1375,2.238288027761712,1,133,2,Late / action,3,E2
638387,late_action,engaged_2,0.16250000000000003,3.1636784268363214,1,133,2,Late / action,3,E2
638387,late_action,engaged_2,0.18750000000000003,3.892423366107576,1,133,2,Late / action,3,E2
638387,late_action,engaged_2,0.21250000000000002,3.973395026026605,1,133,2,Late / action,3,E2
638387,late_action,engaged_2,0.23750000000000002,4.621168305378831,1,133,2,Late / action,3,E2
638387,late_action,engaged_2,0.2625,5.361480624638519,1,133,2,Late / action,3,E2
638387,late_action,engaged_2,0.28750000000000003,6.1133603238866385,1,133,2,Late / action,3,E2
638387,late_action,engaged_2,0.31250000000000006,5.477154424522845,1,133,2,Late / action,3,E2
638387,late_action,engaged_2,0.3375000000000001,5.824175824175824,1,133,2,Late / action,3,E2
638387,late_action,engaged_2,0.36250000000000004,5.801041064198958,1,133,2,Late / action,3,E2
638387,late_action,engaged_2,0.3875,5.835743204164256,1,133,2,Late / action,3,E2
638387,late_action,engaged_2,0.41250000000000003,6.726431463273568,1,133,2,Late / action,3,E2
638387,late_action,engaged_2,0.43750000000000006,6.6917293233082695,1,133,2,Late / action,3,E2
638387,late_action,engaged_2,0.4625000000000001,8.137651821862347,1,133,2,Late / action,3,E2
638387,late_action,engaged_2,0.48750000000000004,7.8368999421630985,1,133,2,Late / action,3,E2
638387,late_action,engaged_2,0.5125,7.235396182764603,1,133,2,Late / action,3,E2
638387,late_action,engaged_2,0.5375000000000001,6.4603817235396175,1,133,2,Late / action,3,E2
638387,late_action,engaged_2,0.5625,6.506651243493348,1,133,2,Late / action,3,E2
638387,late_action,engaged_2,0.5875000000000001,7.524580682475419,1,133,2,Late / action,3,E2
638387,late_action,engaged_2,0.6125,8.820127241179872,1,133,2,Late / action,3,E2
638387,late_action,engaged_2,0.6375,7.906304222093695,1,133,2,Late / action,3,E2
638387,late_action,engaged_2,0.6625000000000001,6.761133603238866,1,133,2,Late / action,3,E2
638387,late_action,engaged_2,0.6875,7.281665702718334,1,133,2,Late / action,3,E2
638387,late_action,engaged_2,0.7125000000000001,7.304800462695199,1,133,2,Late / action,3,E2
638387,late_action,engaged_2,0.7375,6.865240023134759,1,133,2,Late / action,3,E2
640887,late_action,engaged_2,-0.2375,0.04806465012650572,2,655,2,Late / action,3,E2
640887,late_action,engaged_2,-0.21250000000000002,-0.05004342736301502,2,655,2,Late / action,3,E2
640887,late_action,engaged_2,-0.1875,0.2280427476303764,2,655,2,Late / action,3,E2
640887,late_action,engaged_2,-0.16249999999999998,-0.33739410646627155,2,655,2,Late / action,3,E2
640887,late_action,engaged_2,-0.1375,-0.07946074544012693,2,655,2,Late / action,3,E2
640887,late_action,engaged_2,-0.11249999999999999,-0.004765681054340932,2,655,2,Late / action,3,E2
640887,late_action,engaged_2,-0.08749999999999998,-0.042943997583172924,2,655,2,Late / action,3,E2
640887,late_action,engaged_2,-0.062499999999999986,0.11700716236798706,2,655,2,Late / action,3,E2
640887,late_action,engaged_2,-0.03749999999999999,0.31702478506602216,2,655,2,Late / action,3,E2
640887,late_action,engaged_2,-0.012499999999999997,-0.19553138728396469,2,655,2,Late / action,3,E2
640887,late_action,engaged_2,0.012500000000000011,-0.1825661165867352,2,655,2,Late / action,3,E2
640887,late_action,engaged_2,0.03750000000000003,0.21200609241846355,2,655,2,Late / action,3,E2
640887,late_action,engaged_2,0.06250000000000003,0.133874601915839,2,655,2,Late / action,3,E2
640887,late_action,engaged_2,0.08750000000000002,0.4098964037108366,2,655,2,Late / action,3,E2
640887,late_action,engaged_2,0.11250000000000002,2.416718905378699,2,655,2,Late / action,3,E2
640887,late_action,engaged_2,0.1375,3.954689525823546,2,655,2,Late / action,3,E2
640887,late_action,engaged_2,0.16250000000000003,5.465936583462357,2,655,2,Late / action,3,E2
640887,late_action,engaged_2,0.18750000000000003,6.529630049217678,2,655,2,Late / action,3,E2
640887,late_action,engaged_2,0.21250000000000002,7.13523406719283,2,655,2,Late / action,3,E2
640887,late_action,engaged_2,0.23750000000000002,7.794436262477499,2,655,2,Late / action,3,E2
640887,late_action,engaged_2,0.2625,8.695195297257152,2,655,2,Late / action,3,E2
640887,late_action,engaged_2,0.28750000000000003,9.992981131125461,2,655,2,Late / action,3,E2
640887,late_action,engaged_2,0.31250000000000006,11.27446596931133,2,655,2,Late / action,3,E2
640887,late_action,engaged_2,0.3375000000000001,12.1695479777954,2,655,2,Late / action,3,E2
640887,late_action,engaged_2,0.36250000000000004,12.81438767418149,2,655,2,Late / action,3,E2
640887,late_action,engaged_2,0.3875,13.34664350540639,2,655,2,Late / action,3,E2
640887,late_action,engaged_2,0.41250000000000003,12.85416462117493,2,655,2,Late / action,3,E2
640887,late_action,engaged_2,0.43750000000000006,12.572654607706154,2,655,2,Late / action,3,E2
640887,late_action,engaged_2,0.4625000000000001,12.57966592399582,2,655,2,Late / action,3,E2
640887,late_action,engaged_2,0.48750000000000004,12.393028964162983,2,655,2,Late / action,3,E2
640887,late_action,engaged_2,0.5125,12.302964389562327,2,655,2,Late / action,3,E2
640887,late_action,engaged_2,0.5375000000000001,11.48903490552975,2,655,2,Late / action,3,E2
640887,late_action,engaged_2,0.5625,10.985579597950732,2,655,2,Late / action,3,E2
640887,late_action,engaged_2,0.5875000000000001,10.303933637954255,2,655,2,Late / action,3,E2
640887,late_action,engaged_2,0.6125,10.073290283599562,2,655,2,Late / action,3,E2
640887,late_action,engaged_2,0.6375,10.019742456855859,2,655,2,Late / action,3,E2
640887,late_action,engaged_2,0.6625000000000001,9.658766662890374,2,655,2,Late / action,3,E2
640887,late_action,engaged_2,0.6875,9.547391211308737,2,655,2,Late / action,3,E2
640887,late_action,engaged_2,0.7125000000000001,9.395949296980225,2,655,2,Late / action,3,E2
640887,late_action,engaged_2,0.7375,8.963966617574863,2,655,2,Late / action,3,E2
640890,late_action,engaged_2,-0.2375,-0.1436942541512662,2,500,2,Late / action,3,E2
640890,late_action,engaged_2,-0.21250000000000002,-0.18777642474706302,2,500,2,Late / action,3,E2
640890,late_action,engaged_2,-0.1875,0.23122842657474668,2,500,2,Late / action,3,E2
640890,late_action,engaged_2,-0.16249999999999998,-0.047808993405590305,2,500,2,Late / action,3,E2
640890,late_action,engaged_2,-0.1375,-0.10044971985815515,2,500,2,Late / action,3,E2
640890,late_action,engaged_2,-0.11249999999999999,0.10893924699478034,2,500,2,Late / action,3,E2
640890,late_action,engaged_2,-0.08749999999999998,0.23998807061676203,2,500,2,Late / action,3,E2
640890,late_action,engaged_2,-0.062499999999999986,-0.11544587127298218,2,500,2,Late / action,3,E2
640890,late_action,engaged_2,-0.03749999999999999,0.14371762198520702,2,500,2,Late / action,3,E2
640890,late_action,engaged_2,-0.012499999999999997,-0.1286981027364393,2,500,2,Late / action,3,E2
640890,late_action,engaged_2,0.012500000000000011,0.17778265397365692,2,500,2,Late / action,3,E2
640890,late_action,engaged_2,0.03750000000000003,-0.014967479013240859,2,500,2,Late / action,3,E2
640890,late_action,engaged_2,0.06250000000000003,-0.4282385434253577,2,500,2,Late / action,3,E2
640890,late_action,engaged_2,0.08750000000000002,-0.5213907383705069,2,500,2,Late / action,3,E2
640890,late_action,engaged_2,0.11250000000000002,0.9086005659522962,2,500,2,Late / action,3,E2
640890,late_action,engaged_2,0.1375,2.0404685812365235,2,500,2,Late / action,3,E2
640890,late_action,engaged_2,0.16250000000000003,3.783253251119238,2,500,2,Late / action,3,E2
640890,late_action,engaged_2,0.18750000000000003,4.820820268524148,2,500,2,Late / action,3,E2
640890,late_action,engaged_2,0.21250000000000002,5.9308523604649945,2,500,2,Late / action,3,E2
640890,late_action,engaged_2,0.23750000000000002,6.753706948016312,2,500,2,Late / action,3,E2
640890,late_action,engaged_2,0.2625,7.278680765814537,2,500,2,Late / action,3,E2
640890,late_action,engaged_2,0.28750000000000003,7.82824801537229,2,500,2,Late / action,3,E2
640890,late_action,engaged_2,0.31250000000000006,7.957754007228148,2,500,2,Late / action,3,E2
640890,late_action,engaged_2,0.3375000000000001,8.263355003127787,2,500,2,Late / action,3,E2
640890,late_action,engaged_2,0.36250000000000004,7.528363124490193,2,500,2,Late / action,3,E2
640890,late_action,engaged_2,0.3875,6.873824201843721,2,500,2,Late / action,3,E2
640890,late_action,engaged_2,0.41250000000000003,6.218204430201546,2,500,2,Late / action,3,E2
640890,late_action,engaged_2,0.43750000000000006,5.97436385665921,2,500,2,Late / action,3,E2
640890,late_action,engaged_2,0.4625000000000001,5.655619320927279,2,500,2,Late / action,3,E2
640890,late_action,engaged_2,0.48750000000000004,5.076596465972221,2,500,2,Late / action,3,E2
640890,late_action,engaged_2,0.5125,4.632017184580267,2,500,2,Late / action,3,E2
640890,late_action,engaged_2,0.5375000000000001,4.648287125637506,2,500,2,Late / action,3,E2
640890,late_action,engaged_2,0.5625,4.522167736184228,2,500,2,Late / action,3,E2
640890,late_action,engaged_2,0.5875000000000001,4.654917661842273,2,500,2,Late / action,3,E2
640890,late_action,engaged_2,0.6125,4.5308601196953155,2,500,2,Late / action,3,E2
640890,late_action,engaged_2,0.6375,4.502712280909655,2,500,2,Late / action,3,E2
640890,late_action,engaged_2,0.6625000000000001,4.383088906599287,2,500,2,Late / action,3,E2
640890,late_action,engaged_2,0.6875,3.967160184456112,2,500,2,Late / action,3,E2
640890,late_action,engaged_2,0.7125000000000001,3.9179896160141356,2,500,2,Late / action,3,E2
640890,late_action,engaged_2,0.7375,3.832397990130522,2,500,2,Late / action,3,E2
642504,late_action,engaged_2,-0.2375,-0.007369165269268674,3,440,2,Late / action,3,E2
642504,late_action,engaged_2,-0.21250000000000002,-0.06056490249713131,3,440,2,Late / action,3,E2
642504,late_action,engaged_2,-0.1875,0.1307037232462734,3,440,2,Late / action,3,E2
642504,late_action,engaged_2,-0.16249999999999998,0.2587212570430976,3,440,2,Late / action,3,E2
642504,late_action,engaged_2,-0.1375,-0.11245657058284646,3,440,2,Late / action,3,E2
642504,late_action,engaged_2,-0.11249999999999999,-0.12889986519871002,3,440,2,Late / action,3,E2
642504,late_action,engaged_2,-0.08749999999999998,-0.18592083721056726,3,440,2,Late / action,3,E2
642504,late_action,engaged_2,-0.062499999999999986,0.05632362638567532,3,440,2,Late / action,3,E2
642504,late_action,engaged_2,-0.03749999999999999,-0.010288689436166334,3,440,2,Late / action,3,E2
642504,late_action,engaged_2,-0.012499999999999997,0.059751423519645665,3,440,2,Late / action,3,E2
642504,late_action,engaged_2,0.012500000000000011,-0.15762997489370348,3,440,2,Late / action,3,E2
642504,late_action,engaged_2,0.03750000000000003,-0.17172622932381798,3,440,2,Late / action,3,E2
642504,late_action,engaged_2,0.06250000000000003,-0.2231842953956962,3,440,2,Late / action,3,E2
642504,late_action,engaged_2,0.08750000000000002,0.14531270487592604,3,440,2,Late / action,3,E2
642504,late_action,engaged_2,0.11250000000000002,3.157985372596866,3,440,2,Late / action,3,E2
642504,late_action,engaged_2,0.1375,6.819920227038775,3,440,2,Late / action,3,E2
642504,late_action,engaged_2,0.16250000000000003,8.75407645549693,3,440,2,Late / action,3,E2
642504,late_action,engaged_2,0.18750000000000003,9.177884192694508,3,440,2,Late / action,3,E2
642504,late_action,engaged_2,0.21250000000000002,9.275138504909027,3,440,2,Late / action,3,E2
642504,late_action,engaged_2,0.23750000000000002,9.292597804945432,3,440,2,Late / action,3,E2
642504,late_action,engaged_2,0.2625,9.031366119463108,3,440,2,Late / action,3,E2
642504,late_action,engaged_2,0.28750000000000003,9.098976223395185,3,440,2,Late / action,3,E2
642504,late_action,engaged_2,0.31250000000000006,9.32718900391779,3,440,2,Late / action,3,E2
642504,late_action,engaged_2,0.3375000000000001,8.183216147181644,3,440,2,Late / action,3,E2
642504,late_action,engaged_2,0.36250000000000004,7.255356693994915,3,440,2,Late / action,3,E2
642504,late_action,engaged_2,0.3875,6.762915650606193,3,440,2,Late / action,3,E2
642504,late_action,engaged_2,0.41250000000000003,6.690615019679079,3,440,2,Late / action,3,E2
642504,late_action,engaged_2,0.43750000000000006,5.990865879649232,3,440,2,Late / action,3,E2
642504,late_action,engaged_2,0.4625000000000001,5.661406513405917,3,440,2,Late / action,3,E2
642504,late_action,engaged_2,0.48750000000000004,5.059971142299067,3,440,2,Late / action,3,E2
642504,late_action,engaged_2,0.5125,4.609159225405891,3,440,2,Late / action,3,E2
642504,late_action,engaged_2,0.5375000000000001,4.442877432450844,3,440,2,Late / action,3,E2
642504,late_action,engaged_2,0.5625,4.05971214419596,3,440,2,Late / action,3,E2
642504,late_action,engaged_2,0.5875000000000001,4.014304497304994,3,440,2,Late / action,3,E2
642504,late_action,engaged_2,0.6125,3.9311855066426378,3,440,2,Late / action,3,E2
642504,late_action,engaged_2,0.6375,4.06322691397238,3,440,2,Late / action,3,E2
642504,late_action,engaged_2,0.6625000000000001,3.9047987035857314,3,440,2,Late / action,3,E2
642504,late_action,engaged_2,0.6875,3.901520808890858,3,440,2,Late / action,3,E2
642504,late_action,engaged_2,0.7125000000000001,3.5324096950811827,3,440,2,Late / action,3,E2
642504,late_action,engaged_2,0.7375,3.3412114662297494,3,440,2,Late / action,3,E2
