score_type,parent_region_id,permutation_index,null_estimate,permutation_seed
absolute_loading,477,0,-0.026308030520741224,1051
absolute_loading,477,1,0.01336393515429466,1051
absolute_loading,477,2,0.03711331252627788,1051
absolute_loading,477,3,-0.03368992329237967,1051
absolute_loading,477,4,-0.027334678656252318,1051
absolute_loading,477,5,-0.09166465323317151,1051
absolute_loading,477,6,0.005549682020862692,1051
absolute_loading,477,7,-0.029269412032393614,1051
absolute_loading,477,8,0.006487252576693663,1051
absolute_loading,477,9,-0.002854282676375666,1051
absolute_loading,477,10,0.012905948952727926,1051
absolute_loading,477,11,-0.002926082916730473,1051
absolute_loading,477,12,-0.005332794009672333,1051
absolute_loading,477,13,-0.023089438765637127,1051
absolute_loading,477,14,-0.016985740042373063,1051
absolute_loading,477,15,-0.05891094595959645,1051
absolute_loading,477,16,-0.0504348311661043,1051
absolute_loading,477,17,0.006293757505053773,1051
absolute_loading,477,18,0.00312199844687194,1051
absolute_loading,477,19,0.014341236071052942,1051
absolute_loading,477,20,-0.012532103039645278,1051
absolute_loading,477,21,-0.0010900658297699863,1051
absolute_loading,477,22,0.08126471214845149,1051
absolute_loading,477,23,0.012180790097121837,1051
absolute_loading,477,24,-0.021182899883624325,1051
absolute_loading,477,25,-0.016468881148308478,1051
absolute_loading,477,26,0.020046549730322164,1051
absolute_loading,477,27,-0.03186243383224711,1051
absolute_loading,477,28,-0.03171528573175204,1051
absolute_loading,477,29,-0.011628299371656008,1051
absolute_loading,477,30,0.040744196887364,1051
absolute_loading,477,31,0.07073632539918435,1051
absolute_loading,477,32,-0.051680698841114266,1051
absolute_loading,477,33,-0.05180507603020565,1051
absolute_loading,477,34,0.005673906922747241,1051
absolute_loading,477,35,0.03782598814898972,1051
absolute_loading,477,36,-0.0006973348459430265,1051
absolute_loading,477,37,-0.0008763468060271176,1051
absolute_loading,477,38,-0.012412545008319164,1051
absolute_loading,477,39,0.015840589716236666,1051
absolute_loading,477,40,-0.07989465288779832,1051
absolute_loading,477,41,0.014448037304378292,1051
absolute_loading,477,42,-0.0345724014677061,1051
absolute_loading,477,43,-0.026184304181402687,1051
absolute_loading,477,44,0.008826299287899082,1051
absolute_loading,477,45,-0.01842371741792652,1051
absolute_loading,477,46,0.02370829310866288,1051
absolute_loading,477,47,-0.01099480688350204,1051
absolute_loading,477,48,0.020381370509080676,1051
absolute_loading,477,49,0.03401455452988027,1051
absolute_loading,477,50,-0.005208868048031097,1051
absolute_loading,477,51,-0.021042319914400736,1051
absolute_loading,477,52,-0.046739852589222156,1051
absolute_loading,477,53,-0.07452123710424938,1051
absolute_loading,477,54,-0.033765042491075675,1051
absolute_loading,477,55,-0.016659712174264305,1051
absolute_loading,477,56,-0.03351422799169974,1051
absolute_loading,477,57,-0.022484000931445494,1051
absolute_loading,477,58,0.017940345759565754,1051
absolute_loading,477,59,-0.012495277751495537,1051
absolute_loading,477,60,0.05143354738609635,1051
absolute_loading,477,61,0.0026930123081269405,1051
absolute_loading,477,62,0.005530314299533828,1051
absolute_loading,477,63,0.020165225602079933,1051
absolute_loading,477,64,-0.026295740642605557,1051
absolute_loading,477,65,-0.06950153147219117,1051
absolute_loading,477,66,-0.02441023163302328,1051
absolute_loading,477,67,-0.005019990522412659,1051
absolute_loading,477,68,-0.00031588572267147,1051
absolute_loading,477,69,0.03090192112343527,1051
absolute_loading,477,70,-0.023110476365889122,1051
absolute_loading,477,71,0.00843958721236403,1051
absolute_loading,477,72,-0.0025954312044120377,1051
absolute_loading,477,73,0.027108518542921563,1051
absolute_loading,477,74,0.030390287662767437,1051
absolute_loading,477,75,-0.021156976527601092,1051
absolute_loading,477,76,0.06090795231383352,1051
absolute_loading,477,77,-0.010420550675286853,1051
absolute_loading,477,78,0.03646772044357832,1051
absolute_loading,477,79,0.018257893978321896,1051
absolute_loading,477,80,-0.03717731506777055,1051
absolute_loading,477,81,-0.003998421039205285,1051
absolute_loading,477,82,0.024607727523499278,1051
absolute_loading,477,83,0.005008982123570546,1051
absolute_loading,477,84,-0.035077971566215164,1051
absolute_loading,477,85,0.035561896559849586,1051
absolute_loading,477,86,-0.01984577899645816,1051
absolute_loading,477,87,-0.0007906115236090195,1051
absolute_loading,477,88,-0.0300567608709134,1051
absolute_loading,477,89,0.021937984667074004,1051
absolute_loading,477,90,0.03663806784642505,1051
absolute_loading,477,91,0.012746269131332644,1051
absolute_loading,477,92,-0.019264787680711045,1051
absolute_loading,477,93,-0.05004238387689076,1051
absolute_loading,477,94,-0.05991301546948293,1051
absolute_loading,477,95,0.0344356993183337,1051
absolute_loading,477,96,-0.02186422218366775,1051
absolute_loading,477,97,0.012977731621656186,1051
absolute_loading,477,98,0.00019697273904934582,1051
absolute_loading,477,99,-0.040657301128342475,1051
absolute_loading,477,100,0.0025441393846347303,1051
absolute_loading,477,101,0.020366575709467805,1051
absolute_loading,477,102,0.021117303710657717,1051
absolute_loading,477,103,-0.0036774292731681824,1051
absolute_loading,477,104,-0.05301379960620018,1051
absolute_loading,477,105,0.026749198162849222,1051
absolute_loading,477,106,0.01327724758137707,1051
absolute_loading,477,107,-0.0016403475311525945,1051
absolute_loading,477,108,0.0056559781685594085,1051
absolute_loading,477,109,0.00982891183928189,1051
absolute_loading,477,110,-0.028125882633752586,1051
absolute_loading,477,111,0.04716345831021111,1051
absolute_loading,477,112,0.037699966750450245,1051
absolute_loading,477,113,0.02060231047274861,1051
absolute_loading,477,114,0.02408195004780825,1051
absolute_loading,477,115,-0.047023747240407726,1051
absolute_loading,477,116,0.0015166555557643783,1051
absolute_loading,477,117,-0.05537382235336088,1051
absolute_loading,477,118,0.039823685823557005,1051
absolute_loading,477,119,-0.025793195465836083,1051
absolute_loading,477,120,0.02033037250613753,1051
absolute_loading,477,121,0.008417226736352116,1051
absolute_loading,477,122,-0.04761038601128959,1051
absolute_loading,477,123,-0.00925177575579455,1051
absolute_loading,477,124,0.009339744232234692,1051
absolute_loading,477,125,0.01884111631925985,1051
absolute_loading,477,126,-0.001560048375100309,1051
absolute_loading,477,127,0.053516026004316465,1051
absolute_loading,477,128,0.00694764152515017,1051
absolute_loading,477,129,0.03362992474875564,1051
absolute_loading,477,130,0.07845333992187264,1051
absolute_loading,477,131,-0.04532668836706613,1051
absolute_loading,477,132,0.0022789176210465567,1051
absolute_loading,477,133,0.007328180632405964,1051
absolute_loading,477,134,0.025007863257536886,1051
absolute_loading,477,135,-0.05855452232079041,1051
absolute_loading,477,136,-0.04058909006294066,1051
absolute_loading,477,137,-0.04922066702798969,1051
absolute_loading,477,138,-0.002377456568537164,1051
absolute_loading,477,139,0.012767167957973726,1051
absolute_loading,477,140,0.028410823124034576,1051
absolute_loading,477,141,-0.006116628411962249,1051
absolute_loading,477,142,-0.06501430594083135,1051
absolute_loading,477,143,-0.044266479263121765,1051
absolute_loading,477,144,-0.023531584747647938,1051
absolute_loading,477,145,0.060381311391458706,1051
absolute_loading,477,146,-0.02812103517598957,1051
absolute_loading,477,147,-0.012656945763102955,1051
absolute_loading,477,148,0.014138649862436457,1051
absolute_loading,477,149,-0.027100773671458588,1051
absolute_loading,477,150,0.0008342111457530191,1051
absolute_loading,477,151,0.006186382203875928,1051
absolute_loading,477,152,0.0019234507097676242,1051
absolute_loading,477,153,0.04105175719971744,1051
absolute_loading,477,154,0.0021786939756249513,1051
absolute_loading,477,155,0.03483015260022318,1051
absolute_loading,477,156,-0.04386615748917195,1051
absolute_loading,477,157,0.0004811278252903188,1051
absolute_loading,477,158,-0.011378766579242049,1051
absolute_loading,477,159,0.0401082858090365,1051
absolute_loading,477,160,-0.034521913601442196,1051
absolute_loading,477,161,0.07143023258096444,1051
absolute_loading,477,162,0.05637249835338949,1051
absolute_loading,477,163,-0.04634434283779567,1051
absolute_loading,477,164,-0.021449341928953997,1051
absolute_loading,477,165,0.014776799773330147,1051
absolute_loading,477,166,0.020467337484844427,1051
absolute_loading,477,167,0.004540380915520118,1051
absolute_loading,477,168,0.033640985654457875,1051
absolute_loading,477,169,-0.00801542508181823,1051
absolute_loading,477,170,0.05740864217004418,1051
absolute_loading,477,171,-0.027082097833055565,1051
absolute_loading,477,172,0.002675465257266014,1051
absolute_loading,477,173,-0.023615517077561786,1051
absolute_loading,477,174,-0.012224750841775383,1051
absolute_loading,477,175,0.02146795659434422,1051
absolute_loading,477,176,-0.0197181180167603,1051
absolute_loading,477,177,-0.04369818451037537,1051
absolute_loading,477,178,0.03354012940405531,1051
absolute_loading,477,179,0.023432510771733396,1051
absolute_loading,477,180,0.05864053388955537,1051
absolute_loading,477,181,0.02136530457191567,1051
absolute_loading,477,182,-0.003046101973833281,1051
absolute_loading,477,183,0.025124856415487843,1051
absolute_loading,477,184,-0.014853754348241715,1051
absolute_loading,477,185,0.040812405031226566,1051
absolute_loading,477,186,-0.008741580886646116,1051
absolute_loading,477,187,0.010209219269006637,1051
absolute_loading,477,188,-0.039234236701561544,1051
absolute_loading,477,189,0.04385392222861055,1051
absolute_loading,477,190,0.016690423908391913,1051
absolute_loading,477,191,0.005441948768629836,1051
absolute_loading,477,192,0.046063616024736936,1051
absolute_loading,477,193,0.004955897836828606,1051
absolute_loading,477,194,0.011138171673856202,1051
absolute_loading,477,195,0.020877533530397778,1051
absolute_loading,477,196,0.02002170377125813,1051
absolute_loading,477,197,0.05423365275446075,1051
absolute_loading,477,198,-0.007825411650313883,1051
absolute_loading,477,199,-0.015096939069530352,1051
absolute_loading,477,200,-0.011864461850123388,1051
absolute_loading,477,201,0.017322732944086358,1051
absolute_loading,477,202,-0.015510642935137492,1051
absolute_loading,477,203,-0.034907880964992914,1051
absolute_loading,477,204,-0.02413613078016078,1051
absolute_loading,477,205,0.053590121699364834,1051
absolute_loading,477,206,-0.000016763843812005565,1051
absolute_loading,477,207,0.0026981154734955427,1051
absolute_loading,477,208,0.04919782063328601,1051
absolute_loading,477,209,0.041597157806071976,1051
absolute_loading,477,210,-0.017745767039667234,1051
absolute_loading,477,211,-0.06553388728968883,1051
absolute_loading,477,212,0.001102741868465743,1051
absolute_loading,477,213,-0.028732409434696227,1051
absolute_loading,477,214,-0.05289099610900421,1051
absolute_loading,477,215,0.024250234738111217,1051
absolute_loading,477,216,-0.030027975427231776,1051
absolute_loading,477,217,0.035797231779166064,1051
absolute_loading,477,218,0.03199933509341404,1051
absolute_loading,477,219,0.007648910033389683,1051
absolute_loading,477,220,0.02500092915789841,1051
absolute_loading,477,221,-0.007849834089016282,1051
absolute_loading,477,222,-0.013113212281162715,1051
absolute_loading,477,223,-0.05055993933239497,1051
absolute_loading,477,224,0.014749946964357587,1051
absolute_loading,477,225,-0.025338529474052497,1051
absolute_loading,477,226,0.042903359731340934,1051
absolute_loading,477,227,-0.014110814598405507,1051
absolute_loading,477,228,0.002234699654344674,1051
absolute_loading,477,229,-0.04336444783240922,1051
absolute_loading,477,230,0.022711658845816832,1051
absolute_loading,477,231,-0.00019805350147469237,1051
absolute_loading,477,232,-0.012669782346321117,1051
absolute_loading,477,233,-0.010539652812610843,1051
absolute_loading,477,234,-0.014544403847979857,1051
absolute_loading,477,235,0.05043420560604767,1051
absolute_loading,477,236,-0.017019898810351083,1051
absolute_loading,477,237,-0.008582204381114433,1051
absolute_loading,477,238,0.001275455563196975,1051
absolute_loading,477,239,-0.008920836897271127,1051
absolute_loading,477,240,-0.0013002542536811733,1051
absolute_loading,477,241,-0.009675800414658304,1051
absolute_loading,477,242,0.012497196309655406,1051
absolute_loading,477,243,0.016726753421608235,1051
absolute_loading,477,244,-0.023395863683025587,1051
absolute_loading,477,245,-0.004265538809747404,1051
absolute_loading,477,246,0.04274570086596325,1051
absolute_loading,477,247,0.04830994881612525,1051
absolute_loading,477,248,-0.026844579095874257,1051
absolute_loading,477,249,0.04064586694262106,1051
absolute_loading,477,250,-0.029875971100690357,1051
absolute_loading,477,251,-0.005494176477183623,1051
absolute_loading,477,252,-0.040995122516173904,1051
absolute_loading,477,253,-0.01333413070396845,1051
absolute_loading,477,254,0.02743049537464652,1051
absolute_loading,477,255,0.030510868861586937,1051
absolute_loading,477,256,-0.006600946798023793,1051
absolute_loading,477,257,-0.03419963239732343,1051
absolute_loading,477,258,-0.047730544852371624,1051
absolute_loading,477,259,0.015411675265783282,1051
absolute_loading,477,260,0.07638245749253747,1051
absolute_loading,477,261,0.05355911433058485,1051
absolute_loading,477,262,0.05913919631195175,1051
absolute_loading,477,263,-0.0036038589594842223,1051
absolute_loading,477,264,0.039983315418379364,1051
absolute_loading,477,265,0.005525147763124395,1051
absolute_loading,477,266,-0.0301365778371856,1051
absolute_loading,477,267,0.04245671261495748,1051
absolute_loading,477,268,-0.01069564772343634,1051
absolute_loading,477,269,-0.03498036260388844,1051
absolute_loading,477,270,-0.05652037544895138,1051
absolute_loading,477,271,-0.03949847653477569,1051
absolute_loading,477,272,-0.0071372643862504335,1051
absolute_loading,477,273,-0.04940250408439897,1051
absolute_loading,477,274,0.03607781534437479,1051
absolute_loading,477,275,-0.029074327922596496,1051
absolute_loading,477,276,0.03447939032966269,1051
absolute_loading,477,277,0.0554407990927251,1051
absolute_loading,477,278,0.010037439970986635,1051
absolute_loading,477,279,0.019443282581512997,1051
absolute_loading,477,280,0.05330150029674232,1051
absolute_loading,477,281,0.025803576194390273,1051
absolute_loading,477,282,0.03238178091742914,1051
absolute_loading,477,283,0.05403402042708467,1051
absolute_loading,477,284,-0.015523494883232052,1051
absolute_loading,477,285,0.02368189328055288,1051
absolute_loading,477,286,-0.01475705157850209,1051
absolute_loading,477,287,0.029437931263284124,1051
absolute_loading,477,288,-0.008696983177551597,1051
absolute_loading,477,289,0.0058813260655645565,1051
absolute_loading,477,290,-0.032780737780004475,1051
absolute_loading,477,291,0.0348531856552168,1051
absolute_loading,477,292,0.008626684425453633,1051
absolute_loading,477,293,-0.00781699593197202,1051
absolute_loading,477,294,0.0015184990587351775,1051
absolute_loading,477,295,0.038739749727865744,1051
absolute_loading,477,296,-0.01588861619814573,1051
absolute_loading,477,297,-0.013063646484757373,1051
absolute_loading,477,298,0.0006374724492589079,1051
absolute_loading,477,299,0.016084630920215854,1051
absolute_loading,477,300,0.02930431178737025,1051
absolute_loading,477,301,-0.001681290649226123,1051
absolute_loading,477,302,0.03498682036502992,1051
absolute_loading,477,303,-0.021860527376618855,1051
absolute_loading,477,304,0.058466347407352126,1051
absolute_loading,477,305,0.034399202293370505,1051
absolute_loading,477,306,-0.010616455133803125,1051
absolute_loading,477,307,-0.028988858637445623,1051
absolute_loading,477,308,-0.030828585458052993,1051
absolute_loading,477,309,-0.025354127645248057,1051
absolute_loading,477,310,-0.002431339362043497,1051
absolute_loading,477,311,-0.03626444970166521,1051
absolute_loading,477,312,0.040947540648629245,1051
absolute_loading,477,313,0.005277840152535662,1051
absolute_loading,477,314,0.02360483562310224,1051
absolute_loading,477,315,0.050831275342283155,1051
absolute_loading,477,316,0.016154120128535798,1051
absolute_loading,477,317,-0.02542896514862557,1051
absolute_loading,477,318,0.07157034945799733,1051
absolute_loading,477,319,0.0005443707891546203,1051
absolute_loading,477,320,-0.022741723485966845,1051
absolute_loading,477,321,0.02690964669675886,1051
absolute_loading,477,322,-0.02839219976944143,1051
absolute_loading,477,323,-0.03975488586883915,1051
absolute_loading,477,324,0.010616037670135539,1051
absolute_loading,477,325,0.049989607762035274,1051
absolute_loading,477,326,0.01155576878764991,1051
absolute_loading,477,327,-0.0004638708635968601,1051
absolute_loading,477,328,0.060733845998012764,1051
absolute_loading,477,329,-0.07230921250466579,1051
absolute_loading,477,330,0.0025772807085302353,1051
absolute_loading,477,331,0.016714398910893127,1051
absolute_loading,477,332,-0.053136159042754344,1051
absolute_loading,477,333,-0.013149135337915258,1051
absolute_loading,477,334,0.010298662008563093,1051
absolute_loading,477,335,-0.0060585261888374325,1051
absolute_loading,477,336,-0.018904975378963743,1051
absolute_loading,477,337,0.013127958699264934,1051
absolute_loading,477,338,-2.7778919231255275e-6,1051
absolute_loading,477,339,0.05946516153905158,1051
absolute_loading,477,340,0.03276107878225953,1051
absolute_loading,477,341,0.0179607613905422,1051
absolute_loading,477,342,-0.03296992431997655,1051
absolute_loading,477,343,-0.05023306917381808,1051
absolute_loading,477,344,-0.00945323679428376,1051
absolute_loading,477,345,-0.007730346589618243,1051
absolute_loading,477,346,-0.0034946123853185477,1051
absolute_loading,477,347,0.006297389915708654,1051
absolute_loading,477,348,0.011650387066175964,1051
absolute_loading,477,349,0.028808515348313968,1051
absolute_loading,477,350,-0.004562519065118959,1051
absolute_loading,477,351,-0.06593182141110998,1051
absolute_loading,477,352,-0.05587506244263072,1051
absolute_loading,477,353,-0.01218546231882348,1051
absolute_loading,477,354,-0.02460071215334347,1051
absolute_loading,477,355,-0.01792803418826263,1051
absolute_loading,477,356,0.04386353513159936,1051
absolute_loading,477,357,0.07979390695013594,1051
absolute_loading,477,358,0.030056978265981114,1051
absolute_loading,477,359,0.00627499962277018,1051
absolute_loading,477,360,-0.022717051373287857,1051
absolute_loading,477,361,0.03596254745493293,1051
absolute_loading,477,362,0.04558537489940726,1051
absolute_loading,477,363,-0.055151957857404656,1051
absolute_loading,477,364,0.04187745503740559,1051
absolute_loading,477,365,-0.020395559115810365,1051
absolute_loading,477,366,0.00853007085952356,1051
absolute_loading,477,367,0.040102785893749396,1051
absolute_loading,477,368,0.04190107426264109,1051
absolute_loading,477,369,-0.02241602280919361,1051
absolute_loading,477,370,-0.016488452669550423,1051
absolute_loading,477,371,0.008456364031204507,1051
absolute_loading,477,372,0.0383169507044474,1051
absolute_loading,477,373,0.021361626144884405,1051
absolute_loading,477,374,0.005143740522782406,1051
absolute_loading,477,375,-0.006253119637156543,1051
absolute_loading,477,376,0.005560828529040978,1051
absolute_loading,477,377,0.013321377003497394,1051
absolute_loading,477,378,0.022425281317637876,1051
absolute_loading,477,379,0.06924462363673604,1051
absolute_loading,477,380,0.013759648865894864,1051
absolute_loading,477,381,0.027656483515054106,1051
absolute_loading,477,382,0.021627821029514157,1051
absolute_loading,477,383,-0.007374680629239091,1051
absolute_loading,477,384,-0.023503334453697032,1051
absolute_loading,477,385,0.004194652608148736,1051
absolute_loading,477,386,0.0048649118898848,1051
absolute_loading,477,387,-0.028624150130947667,1051
absolute_loading,477,388,0.0015413371291796618,1051
absolute_loading,477,389,0.026928181954416944,1051
absolute_loading,477,390,0.001983044580704492,1051
absolute_loading,477,391,-0.06701899676668893,1051
absolute_loading,477,392,-0.04309834639304626,1051
absolute_loading,477,393,-0.02968483332600561,1051
absolute_loading,477,394,-0.027434655568858823,1051
absolute_loading,477,395,-0.04052926907083359,1051
absolute_loading,477,396,-0.010892634584967692,1051
absolute_loading,477,397,-0.0025382017965480536,1051
absolute_loading,477,398,-0.033759881387067314,1051
absolute_loading,477,399,-0.010739509448100528,1051
absolute_loading,477,400,-0.04842500108075392,1051
absolute_loading,477,401,-0.02520236079705941,1051
absolute_loading,477,402,-0.026685956608306142,1051
absolute_loading,477,403,0.01025385397158274,1051
absolute_loading,477,404,-0.04459019045644541,1051
absolute_loading,477,405,0.06824131543981746,1051
absolute_loading,477,406,-0.032823826176770286,1051
absolute_loading,477,407,0.021045526869025975,1051
absolute_loading,477,408,-0.014904919618795708,1051
absolute_loading,477,409,-0.014664375502358879,1051
absolute_loading,477,410,0.01332630004116438,1051
absolute_loading,477,411,-0.05646838912695034,1051
absolute_loading,477,412,-0.010150202094674205,1051
absolute_loading,477,413,0.04967357908804178,1051
absolute_loading,477,414,-0.006858999436982238,1051
absolute_loading,477,415,-0.02842921978580903,1051
absolute_loading,477,416,-0.006449261444434883,1051
absolute_loading,477,417,-0.05524500057217905,1051
absolute_loading,477,418,-0.0005848178803420055,1051
absolute_loading,477,419,-0.02577616804675038,1051
absolute_loading,477,420,0.0013739230078982443,1051
absolute_loading,477,421,-0.05967219168675907,1051
absolute_loading,477,422,-0.00036312545714925357,1051
absolute_loading,477,423,-0.024156081800739825,1051
absolute_loading,477,424,0.00099547077738778,1051
absolute_loading,477,425,-0.038105388121253844,1051
absolute_loading,477,426,-0.01858331453979861,1051
absolute_loading,477,427,-0.011182097819455285,1051
absolute_loading,477,428,0.07391137115563433,1051
absolute_loading,477,429,0.004059953224087283,1051
absolute_loading,477,430,-0.030593280412778714,1051
absolute_loading,477,431,-0.002740124635344637,1051
absolute_loading,477,432,0.033873956279241745,1051
absolute_loading,477,433,-0.012096150248002603,1051
absolute_loading,477,434,-0.04799369624075089,1051
absolute_loading,477,435,0.0007595320055212933,1051
absolute_loading,477,436,0.0029491059848171294,1051
absolute_loading,477,437,0.03839200624609335,1051
absolute_loading,477,438,-0.03413321919833146,1051
absolute_loading,477,439,0.054594472760539546,1051
absolute_loading,477,440,-0.014674441169479769,1051
absolute_loading,477,441,0.03289434593589043,1051
absolute_loading,477,442,-0.02337900013821188,1051
absolute_loading,477,443,-0.055575434518177196,1051
absolute_loading,477,444,-0.02758958504630049,1051
absolute_loading,477,445,0.005485290483868687,1051
absolute_loading,477,446,0.016153535512442627,1051
absolute_loading,477,447,-0.021811937530817314,1051
absolute_loading,477,448,-0.012548918309700778,1051
absolute_loading,477,449,0.02683947901320112,1051
absolute_loading,477,450,-0.04721627685255873,1051
absolute_loading,477,451,-0.026945838701407602,1051
absolute_loading,477,452,0.004281430824810125,1051
absolute_loading,477,453,0.06074262956476843,1051
absolute_loading,477,454,0.07448815435438771,1051
absolute_loading,477,455,-0.014534360269377832,1051
absolute_loading,477,456,-0.04451648268798115,1051
absolute_loading,477,457,0.024891095973674195,1051
absolute_loading,477,458,0.009494315487393774,1051
absolute_loading,477,459,0.03317946923529588,1051
absolute_loading,477,460,-0.017906407588666955,1051
absolute_loading,477,461,-0.013839064141412038,1051
absolute_loading,477,462,-0.05795031862215156,1051
absolute_loading,477,463,-0.024441264654784387,1051
absolute_loading,477,464,-0.022642950429006516,1051
absolute_loading,477,465,-0.025666315621558296,1051
absolute_loading,477,466,0.017312431992861334,1051
absolute_loading,477,467,-0.01840870680298459,1051
absolute_loading,477,468,0.034271370134964396,1051
absolute_loading,477,469,-0.023388199817405496,1051
absolute_loading,477,470,0.019603590063101885,1051
absolute_loading,477,471,-0.01415046729613676,1051
absolute_loading,477,472,0.024024338489824958,1051
absolute_loading,477,473,-0.012758606593214782,1051
absolute_loading,477,474,-0.0254837778748889,1051
absolute_loading,477,475,0.03548170430434691,1051
absolute_loading,477,476,-0.02518831833746963,1051
absolute_loading,477,477,-0.004872356960860383,1051
absolute_loading,477,478,0.006325370537373937,1051
absolute_loading,477,479,0.02868031615611778,1051
absolute_loading,477,480,0.0024518212072705057,1051
absolute_loading,477,481,-0.0007332184641188319,1051
absolute_loading,477,482,-0.031642069188844775,1051
absolute_loading,477,483,0.0004664202237583296,1051
absolute_loading,477,484,-0.026198017698608734,1051
absolute_loading,477,485,-0.03182513906823774,1051
absolute_loading,477,486,0.016384729283993926,1051
absolute_loading,477,487,-0.026491480611965854,1051
absolute_loading,477,488,0.08013779171413536,1051
absolute_loading,477,489,-0.01568917241395791,1051
absolute_loading,477,490,-0.013605323025216014,1051
absolute_loading,477,491,-0.005265061499698433,1051
absolute_loading,477,492,-0.012153993709022676,1051
absolute_loading,477,493,-0.030659520436475737,1051
absolute_loading,477,494,-0.001162546918842316,1051
absolute_loading,477,495,0.0024592616064038684,1051
absolute_loading,477,496,-0.011349475719649116,1051
absolute_loading,477,497,-0.05959849396007987,1051
absolute_loading,477,498,0.003488175340612971,1051
absolute_loading,477,499,0.00705858536434124,1051
absolute_loading,477,500,-0.011576373040487963,1051
absolute_loading,477,501,0.022579818208235954,1051
absolute_loading,477,502,-0.046369970776711344,1051
absolute_loading,477,503,0.012215616595156065,1051
absolute_loading,477,504,-0.060202598733070635,1051
absolute_loading,477,505,0.01943836840891033,1051
absolute_loading,477,506,0.0004194074159202144,1051
absolute_loading,477,507,-0.0014500155331261054,1051
absolute_loading,477,508,0.004858194688052564,1051
absolute_loading,477,509,0.05751320873289894,1051
absolute_loading,477,510,0.030380938967958248,1051
absolute_loading,477,511,0.012025029203154881,1051
absolute_loading,477,512,0.04734866687684089,1051
absolute_loading,477,513,0.02348536783297377,1051
absolute_loading,477,514,0.006031158047775423,1051
absolute_loading,477,515,0.010075434514862478,1051
absolute_loading,477,516,-0.04101114227692651,1051
absolute_loading,477,517,0.05622915659074908,1051
absolute_loading,477,518,-0.034464248739451614,1051
absolute_loading,477,519,-0.0018086890887668836,1051
absolute_loading,477,520,0.02186872743809526,1051
absolute_loading,477,521,-0.006363090881572597,1051
absolute_loading,477,522,-0.039721728283101956,1051
absolute_loading,477,523,-0.003996711131250215,1051
absolute_loading,477,524,0.0003062532694056607,1051
absolute_loading,477,525,-0.0018853736418561853,1051
absolute_loading,477,526,0.019308083095169883,1051
absolute_loading,477,527,0.01796947985714537,1051
absolute_loading,477,528,0.019339413276954407,1051
absolute_loading,477,529,-0.028180350729971528,1051
absolute_loading,477,530,0.02726817760700637,1051
absolute_loading,477,531,-0.031092682359267,1051
absolute_loading,477,532,-0.026734313869242146,1051
absolute_loading,477,533,0.05340614252929037,1051
absolute_loading,477,534,-0.03315535397033482,1051
absolute_loading,477,535,0.06460502077824724,1051
absolute_loading,477,536,0.015588039579947066,1051
absolute_loading,477,537,0.002333008220686449,1051
absolute_loading,477,538,0.03173486793289897,1051
absolute_loading,477,539,0.0036630678405093916,1051
absolute_loading,477,540,-0.028057332666348637,1051
absolute_loading,477,541,-0.0061193560910652554,1051
absolute_loading,477,542,-0.0011220701572681054,1051
absolute_loading,477,543,0.02414859980017117,1051
absolute_loading,477,544,-0.04587495485864916,1051
absolute_loading,477,545,0.010684460572197928,1051
absolute_loading,477,546,0.01625908127036084,1051
absolute_loading,477,547,0.00850580097163166,1051
absolute_loading,477,548,-0.02559242734260728,1051
absolute_loading,477,549,-0.026103730381154745,1051
absolute_loading,477,550,-0.018156777634174868,1051
absolute_loading,477,551,-0.0358720492045123,1051
absolute_loading,477,552,0.026948956986268126,1051
absolute_loading,477,553,0.03967850629384479,1051
absolute_loading,477,554,0.017970648758244796,1051
absolute_loading,477,555,-0.05830742886627274,1051
absolute_loading,477,556,-0.0029030025009475894,1051
absolute_loading,477,557,0.0184058348645009,1051
absolute_loading,477,558,-0.035112881519982465,1051
absolute_loading,477,559,-0.039929912260161765,1051
absolute_loading,477,560,-0.09354531410703994,1051
absolute_loading,477,561,-0.015332134407579386,1051
absolute_loading,477,562,0.015559153697897975,1051
absolute_loading,477,563,0.012366951327131392,1051
absolute_loading,477,564,-0.06382352105295422,1051
absolute_loading,477,565,0.058929358354735756,1051
absolute_loading,477,566,-0.003056504986746812,1051
absolute_loading,477,567,0.030308078028350786,1051
absolute_loading,477,568,0.0022830495818964456,1051
absolute_loading,477,569,0.035486688830823496,1051
absolute_loading,477,570,-0.021639872159182054,1051
absolute_loading,477,571,0.005742674229159376,1051
absolute_loading,477,572,-0.002226485226651708,1051
absolute_loading,477,573,0.000034170280905992945,1051
absolute_loading,477,574,-0.03528750015664337,1051
absolute_loading,477,575,0.009019533225450597,1051
absolute_loading,477,576,0.04282299593466651,1051
absolute_loading,477,577,0.06372309543390418,1051
absolute_loading,477,578,0.004877890144042518,1051
absolute_loading,477,579,0.005924488481634752,1051
absolute_loading,477,580,-0.018199770550068172,1051
absolute_loading,477,581,0.034161434694266725,1051
absolute_loading,477,582,0.031939794172980165,1051
absolute_loading,477,583,-0.02306469258674942,1051
absolute_loading,477,584,-0.03681710819614897,1051
absolute_loading,477,585,0.024466288241370173,1051
absolute_loading,477,586,-0.050434985746213766,1051
absolute_loading,477,587,0.0055175144129981125,1051
absolute_loading,477,588,-0.007282015305961234,1051
absolute_loading,477,589,-0.027114729777309946,1051
absolute_loading,477,590,-0.012489302173119159,1051
absolute_loading,477,591,-0.0014231456727200784,1051
absolute_loading,477,592,0.03108643040198937,1051
absolute_loading,477,593,-0.008183498948891343,1051
absolute_loading,477,594,-0.03043607574923125,1051
absolute_loading,477,595,-0.018987725423301592,1051
absolute_loading,477,596,0.010867075140825194,1051
absolute_loading,477,597,0.010655033924868766,1051
absolute_loading,477,598,-0.06042323982109315,1051
absolute_loading,477,599,-0.019505575278414858,1051
absolute_loading,477,600,0.00037454525745933174,1051
absolute_loading,477,601,-0.0693619086546384,1051
absolute_loading,477,602,0.044786984265263785,1051
absolute_loading,477,603,-0.013526699840294002,1051
absolute_loading,477,604,0.029054877675334493,1051
absolute_loading,477,605,0.010744340441267953,1051
absolute_loading,477,606,-0.033948339927731504,1051
absolute_loading,477,607,-0.004634373817232961,1051
absolute_loading,477,608,0.012826153898324637,1051
absolute_loading,477,609,0.028484709866040844,1051
absolute_loading,477,610,-0.05451346574866232,1051
absolute_loading,477,611,0.03721634902725528,1051
absolute_loading,477,612,-0.060641758860841395,1051
absolute_loading,477,613,-0.033740364044829226,1051
absolute_loading,477,614,0.015247054705930433,1051
absolute_loading,477,615,-0.022716508603345374,1051
absolute_loading,477,616,0.007708679038878812,1051
absolute_loading,477,617,0.0055489089902632585,1051
absolute_loading,477,618,-0.016998848269035197,1051
absolute_loading,477,619,0.03799564042742176,1051
absolute_loading,477,620,0.016147153337160228,1051
absolute_loading,477,621,0.011025278263140254,1051
absolute_loading,477,622,-0.06811994697134555,1051
absolute_loading,477,623,0.027181624153765207,1051
absolute_loading,477,624,-0.04540886571122555,1051
absolute_loading,477,625,0.0013690520363408463,1051
absolute_loading,477,626,0.016020597476042227,1051
absolute_loading,477,627,-0.01903943945219998,1051
absolute_loading,477,628,-0.035146242302941326,1051
absolute_loading,477,629,-0.009740304287245469,1051
absolute_loading,477,630,-0.016063771740417624,1051
absolute_loading,477,631,0.020869275953323673,1051
absolute_loading,477,632,-0.001259416782127065,1051
absolute_loading,477,633,0.0018180646545702028,1051
absolute_loading,477,634,-0.01091191743575967,1051
absolute_loading,477,635,-0.04179639052805335,1051
absolute_loading,477,636,0.038716455373779914,1051
absolute_loading,477,637,-0.016367272859800736,1051
absolute_loading,477,638,0.058922967021635464,1051
absolute_loading,477,639,-0.011224663308439438,1051
absolute_loading,477,640,-0.006954602866243039,1051
absolute_loading,477,641,-0.031078007951427913,1051
absolute_loading,477,642,0.03753555753204301,1051
absolute_loading,477,643,-0.007296301682287318,1051
absolute_loading,477,644,0.011544241045425356,1051
absolute_loading,477,645,-0.016654451619006718,1051
absolute_loading,477,646,0.019468946850561386,1051
absolute_loading,477,647,-0.02589207546370894,1051
absolute_loading,477,648,-0.0487011644610446,1051
absolute_loading,477,649,0.000666084687996771,1051
absolute_loading,477,650,-0.037543210554415445,1051
absolute_loading,477,651,0.026979655422719465,1051
absolute_loading,477,652,-0.02132516150439723,1051
absolute_loading,477,653,0.03110415031589989,1051
absolute_loading,477,654,0.03946415074771376,1051
absolute_loading,477,655,0.02633597429227885,1051
absolute_loading,477,656,-0.00028605719689014046,1051
absolute_loading,477,657,-0.042248868558601535,1051
absolute_loading,477,658,0.0009901915704818873,1051
absolute_loading,477,659,-0.015195889383904409,1051
absolute_loading,477,660,-0.0053719921235073605,1051
absolute_loading,477,661,-0.006647386175441355,1051
absolute_loading,477,662,-0.015060385405252645,1051
absolute_loading,477,663,-0.007231171058156427,1051
absolute_loading,477,664,0.09106813326055853,1051
absolute_loading,477,665,0.005962663975343805,1051
absolute_loading,477,666,0.05829886622856954,1051
absolute_loading,477,667,-0.00260806352690018,1051
absolute_loading,477,668,-0.024818473884980586,1051
absolute_loading,477,669,-0.008237451801407425,1051
absolute_loading,477,670,0.008982638269588884,1051
absolute_loading,477,671,-0.014845613863830572,1051
absolute_loading,477,672,-0.006393621205097158,1051
absolute_loading,477,673,0.01649642764354905,1051
absolute_loading,477,674,-0.028037610383818544,1051
absolute_loading,477,675,0.008868259450801563,1051
absolute_loading,477,676,0.0338237696149242,1051
absolute_loading,477,677,0.007726019215488527,1051
absolute_loading,477,678,-0.021685228816151644,1051
absolute_loading,477,679,-0.034088479510552334,1051
absolute_loading,477,680,-0.020667457982234273,1051
absolute_loading,477,681,-0.014744951002976072,1051
absolute_loading,477,682,0.03913614122008586,1051
absolute_loading,477,683,0.006682114111681587,1051
absolute_loading,477,684,0.023732649551208615,1051
absolute_loading,477,685,0.03148476960561086,1051
absolute_loading,477,686,0.0005902504691137647,1051
absolute_loading,477,687,0.07039162900187268,1051
absolute_loading,477,688,-0.0049609403391443615,1051
absolute_loading,477,689,-0.007194030753466086,1051
absolute_loading,477,690,-0.02101659928325383,1051
absolute_loading,477,691,0.013502299127876184,1051
absolute_loading,477,692,-0.04539552478668352,1051
absolute_loading,477,693,-0.03542138819031618,1051
absolute_loading,477,694,0.02178650826289998,1051
absolute_loading,477,695,-0.011574083343552498,1051
absolute_loading,477,696,0.03319732411033808,1051
absolute_loading,477,697,-0.01266360382150682,1051
absolute_loading,477,698,-0.0008322226027228878,1051
absolute_loading,477,699,-0.00287846471308745,1051
absolute_loading,477,700,0.00990455311944805,1051
absolute_loading,477,701,-0.026554129456838414,1051
absolute_loading,477,702,-0.021040501679259718,1051
absolute_loading,477,703,-0.01530262143100983,1051
absolute_loading,477,704,-0.0013866498453946633,1051
absolute_loading,477,705,0.07067731399708964,1051
absolute_loading,477,706,-0.024802042180589942,1051
absolute_loading,477,707,-0.04029465364098473,1051
absolute_loading,477,708,-0.0066692516671045705,1051
absolute_loading,477,709,0.0151678960993277,1051
absolute_loading,477,710,-0.004552552097399202,1051
absolute_loading,477,711,-0.0013802783450812962,1051
absolute_loading,477,712,-0.03176438709366627,1051
absolute_loading,477,713,-0.02493108113222013,1051
absolute_loading,477,714,0.021436143093734605,1051
absolute_loading,477,715,0.05679398627679784,1051
absolute_loading,477,716,0.01278919597240787,1051
absolute_loading,477,717,0.053916300331639036,1051
absolute_loading,477,718,0.02309987810433366,1051
absolute_loading,477,719,0.005670388719421888,1051
absolute_loading,477,720,0.054312658556593056,1051
absolute_loading,477,721,-0.031151958107600766,1051
absolute_loading,477,722,-0.015342125526249882,1051
absolute_loading,477,723,0.02063059246919211,1051
absolute_loading,477,724,-0.03428811597489177,1051
absolute_loading,477,725,0.02047767203668269,1051
absolute_loading,477,726,-0.030620807350196157,1051
absolute_loading,477,727,0.005579292407350344,1051
absolute_loading,477,728,-0.04850641109109264,1051
absolute_loading,477,729,-0.0075887888905881795,1051
absolute_loading,477,730,0.05342840784195626,1051
absolute_loading,477,731,-0.012642453075275128,1051
absolute_loading,477,732,-0.016351795358771147,1051
absolute_loading,477,733,-0.00931551167211394,1051
absolute_loading,477,734,-0.04079991826867832,1051
absolute_loading,477,735,-0.026177599558133622,1051
absolute_loading,477,736,-0.006431372277196658,1051
absolute_loading,477,737,-0.016002563128964673,1051
absolute_loading,477,738,0.06018826155461412,1051
absolute_loading,477,739,-0.000316994330150173,1051
absolute_loading,477,740,0.004029465485441077,1051
absolute_loading,477,741,-0.001970955008599557,1051
absolute_loading,477,742,-0.0015837137539563382,1051
absolute_loading,477,743,-0.04343636281912388,1051
absolute_loading,477,744,-6.6407866269665235e-6,1051
absolute_loading,477,745,-0.018242170056977765,1051
absolute_loading,477,746,-0.008066256824576538,1051
absolute_loading,477,747,-0.056471109864349445,1051
absolute_loading,477,748,0.011509408858624897,1051
absolute_loading,477,749,0.028663898709272852,1051
absolute_loading,477,750,-0.04321042395184119,1051
absolute_loading,477,751,-0.03618325711438498,1051
absolute_loading,477,752,0.011708012243658788,1051
absolute_loading,477,753,0.06204277785486705,1051
absolute_loading,477,754,0.01911579336789747,1051
absolute_loading,477,755,-0.024076616496445394,1051
absolute_loading,477,756,0.03636913826140478,1051
absolute_loading,477,757,0.03956204168480845,1051
absolute_loading,477,758,0.01481926334048988,1051
absolute_loading,477,759,-0.017298456799078547,1051
absolute_loading,477,760,-0.025396630081527958,1051
absolute_loading,477,761,-0.0019604812836524375,1051
absolute_loading,477,762,0.018152205331943803,1051
absolute_loading,477,763,-0.04823006004525255,1051
absolute_loading,477,764,-0.01820275021639706,1051
absolute_loading,477,765,0.01647272317253793,1051
absolute_loading,477,766,-0.003608912906680975,1051
absolute_loading,477,767,-0.056249024408105426,1051
absolute_loading,477,768,-0.007594886952570338,1051
absolute_loading,477,769,-0.020290714182847426,1051
absolute_loading,477,770,-0.0077252347580068085,1051
absolute_loading,477,771,-0.003763681907154459,1051
absolute_loading,477,772,0.026385441346567406,1051
absolute_loading,477,773,-0.013546403619171034,1051
absolute_loading,477,774,0.10159512221196998,1051
absolute_loading,477,775,-0.061540426190483395,1051
absolute_loading,477,776,0.00457969686661803,1051
absolute_loading,477,777,0.00447676677804879,1051
absolute_loading,477,778,0.027278294266962214,1051
absolute_loading,477,779,0.0010548433219994332,1051
absolute_loading,477,780,-0.028143342114931823,1051
absolute_loading,477,781,-0.005302605464757965,1051
absolute_loading,477,782,-0.03680962772212946,1051
absolute_loading,477,783,0.006403006529526196,1051
absolute_loading,477,784,-0.013703483137298515,1051
absolute_loading,477,785,0.06101108739095327,1051
absolute_loading,477,786,0.04615964974650251,1051
absolute_loading,477,787,-0.03187248679838897,1051
absolute_loading,477,788,0.01871808660436405,1051
absolute_loading,477,789,-0.01594457819989489,1051
absolute_loading,477,790,0.026397225540545136,1051
absolute_loading,477,791,-0.0291406760283516,1051
absolute_loading,477,792,0.029890124244385415,1051
absolute_loading,477,793,-0.0069915927707569275,1051
absolute_loading,477,794,-0.01807945404617377,1051
absolute_loading,477,795,0.034106982834748084,1051
absolute_loading,477,796,-0.02584692383393411,1051
absolute_loading,477,797,-0.003597218489682223,1051
absolute_loading,477,798,-0.017034950631726067,1051
absolute_loading,477,799,0.015034258700207805,1051
absolute_loading,477,800,-0.05122625935300875,1051
absolute_loading,477,801,0.01666313058228796,1051
absolute_loading,477,802,-0.05212060319753165,1051
absolute_loading,477,803,0.011283337493719582,1051
absolute_loading,477,804,-0.0017400041283455133,1051
absolute_loading,477,805,-0.023204404553108626,1051
absolute_loading,477,806,0.09096748644822378,1051
absolute_loading,477,807,0.028329910917621305,1051
absolute_loading,477,808,0.011288392939951096,1051
absolute_loading,477,809,0.030331325090079898,1051
absolute_loading,477,810,-0.0023342899254926077,1051
absolute_loading,477,811,-0.018319709902517974,1051
absolute_loading,477,812,-0.04865702858276306,1051
absolute_loading,477,813,-0.0517952920747297,1051
absolute_loading,477,814,-0.028604591362601437,1051
absolute_loading,477,815,0.027317059343851636,1051
absolute_loading,477,816,0.009631343555107297,1051
absolute_loading,477,817,-0.0062495616281528854,1051
absolute_loading,477,818,0.0722915204586778,1051
absolute_loading,477,819,0.050415756988818956,1051
absolute_loading,477,820,-0.03599565851380519,1051
absolute_loading,477,821,-0.029387676638391327,1051
absolute_loading,477,822,0.010054569021462905,1051
absolute_loading,477,823,0.006979665593184634,1051
absolute_loading,477,824,0.007048790281625015,1051
absolute_loading,477,825,-0.014038812003766499,1051
absolute_loading,477,826,-0.019174844511836295,1051
absolute_loading,477,827,-0.05397975359125318,1051
absolute_loading,477,828,-0.060348129241172326,1051
absolute_loading,477,829,0.021534999690551806,1051
absolute_loading,477,830,0.024406339388701234,1051
absolute_loading,477,831,-0.0007744665486595106,1051
absolute_loading,477,832,0.023183165216914322,1051
absolute_loading,477,833,-0.008085638398479129,1051
absolute_loading,477,834,0.03149468220613254,1051
absolute_loading,477,835,-0.02888183565649758,1051
absolute_loading,477,836,-0.05639366938655836,1051
absolute_loading,477,837,0.009074850672604969,1051
absolute_loading,477,838,-0.03919058210903484,1051
absolute_loading,477,839,0.006874305522610963,1051
absolute_loading,477,840,0.03397974176663501,1051
absolute_loading,477,841,0.050569280265068926,1051
absolute_loading,477,842,0.021055196587277995,1051
absolute_loading,477,843,-0.012350508319123306,1051
absolute_loading,477,844,-0.023062918124397494,1051
absolute_loading,477,845,-0.030886457378193212,1051
absolute_loading,477,846,0.01544899241099783,1051
absolute_loading,477,847,-0.01072751585255718,1051
absolute_loading,477,848,0.04392106239954673,1051
absolute_loading,477,849,0.045611642475298295,1051
absolute_loading,477,850,-0.03285904898085926,1051
absolute_loading,477,851,-0.048991570254966504,1051
absolute_loading,477,852,0.037468477430301954,1051
absolute_loading,477,853,0.03619630313659655,1051
absolute_loading,477,854,-0.04781245007870247,1051
absolute_loading,477,855,-0.003612526087916242,1051
absolute_loading,477,856,-0.034580380585311814,1051
absolute_loading,477,857,-0.029519970322238923,1051
absolute_loading,477,858,-0.03427289545849408,1051
absolute_loading,477,859,-0.05834873110774064,1051
absolute_loading,477,860,0.026345699843385705,1051
absolute_loading,477,861,0.000824741731343796,1051
absolute_loading,477,862,-0.025561925256482296,1051
absolute_loading,477,863,-0.023470821225333113,1051
absolute_loading,477,864,-0.01302861108014017,1051
absolute_loading,477,865,-0.013345176052474228,1051
absolute_loading,477,866,-0.05379712484233725,1051
absolute_loading,477,867,-0.06501224119462136,1051
absolute_loading,477,868,0.025916724784447957,1051
absolute_loading,477,869,0.06789986311884154,1051
absolute_loading,477,870,-0.05845475819557642,1051
absolute_loading,477,871,-0.03497073722484207,1051
absolute_loading,477,872,0.006076953237308432,1051
absolute_loading,477,873,0.018427936851461223,1051
absolute_loading,477,874,0.0033071773321830724,1051
absolute_loading,477,875,-0.014046804176678824,1051
absolute_loading,477,876,-0.05930344225312681,1051
absolute_loading,477,877,0.014570745220141151,1051
absolute_loading,477,878,0.03365543751190168,1051
absolute_loading,477,879,0.010004819414750532,1051
absolute_loading,477,880,0.0709302490349227,1051
absolute_loading,477,881,0.014584138744037899,1051
absolute_loading,477,882,0.035144583958949586,1051
absolute_loading,477,883,0.05784440275986999,1051
absolute_loading,477,884,-0.019511724276288306,1051
absolute_loading,477,885,0.0035625587896511188,1051
absolute_loading,477,886,0.01959496399940557,1051
absolute_loading,477,887,-0.015904674028432812,1051
absolute_loading,477,888,-0.011460803869418118,1051
absolute_loading,477,889,0.03306592770824571,1051
absolute_loading,477,890,0.014415683935651135,1051
absolute_loading,477,891,0.06481514402195734,1051
absolute_loading,477,892,-0.06762521901070523,1051
absolute_loading,477,893,-0.015915498310091026,1051
absolute_loading,477,894,0.01218919724523565,1051
absolute_loading,477,895,-0.02378423782970712,1051
absolute_loading,477,896,0.04667437348164671,1051
absolute_loading,477,897,-0.051127594471562746,1051
absolute_loading,477,898,-0.02198914471883171,1051
absolute_loading,477,899,-0.032296983421773645,1051
absolute_loading,477,900,0.08840499733153381,1051
absolute_loading,477,901,0.040539576273775885,1051
absolute_loading,477,902,0.03087364262554495,1051
absolute_loading,477,903,-0.03911301275665752,1051
absolute_loading,477,904,-0.06018441703846076,1051
absolute_loading,477,905,0.024276294487722727,1051
absolute_loading,477,906,0.055638331917093914,1051
absolute_loading,477,907,0.021394770828663867,1051
absolute_loading,477,908,0.020875337632162844,1051
absolute_loading,477,909,0.0007672465259309526,1051
absolute_loading,477,910,0.0003869573346680038,1051
absolute_loading,477,911,0.0052375347264215135,1051
absolute_loading,477,912,0.02341243831713358,1051
absolute_loading,477,913,0.006654152187407127,1051
absolute_loading,477,914,0.006747228149773173,1051
absolute_loading,477,915,0.0003540534131199417,1051
absolute_loading,477,916,0.0364129294701565,1051
absolute_loading,477,917,-0.0356732321797028,1051
absolute_loading,477,918,-0.06704920523754744,1051
absolute_loading,477,919,0.024991123490936316,1051
absolute_loading,477,920,0.038216473660129986,1051
absolute_loading,477,921,0.0016282566259160824,1051
absolute_loading,477,922,-0.04743820119634085,1051
absolute_loading,477,923,0.00791298115821961,1051
absolute_loading,477,924,0.01214248656971547,1051
absolute_loading,477,925,-0.027173696966360773,1051
absolute_loading,477,926,-0.015789963888577136,1051
absolute_loading,477,927,0.02345032923704266,1051
absolute_loading,477,928,0.01176797157668283,1051
absolute_loading,477,929,-0.05411464307087394,1051
absolute_loading,477,930,0.011245667676273162,1051
absolute_loading,477,931,0.010724618382272667,1051
absolute_loading,477,932,-0.027194808619562097,1051
absolute_loading,477,933,0.012894216617770625,1051
absolute_loading,477,934,-0.011367871070563335,1051
absolute_loading,477,935,-0.00661014606149491,1051
absolute_loading,477,936,0.026431999813524423,1051
absolute_loading,477,937,0.011489916143702554,1051
absolute_loading,477,938,0.056844460722493696,1051
absolute_loading,477,939,0.027287467745090964,1051
absolute_loading,477,940,-0.008588316604497603,1051
absolute_loading,477,941,0.0483444578987501,1051
absolute_loading,477,942,-0.010367221101820832,1051
absolute_loading,477,943,-0.014731167119558746,1051
absolute_loading,477,944,0.06482597486583672,1051
absolute_loading,477,945,0.019467773616123982,1051
absolute_loading,477,946,-0.020202608725345492,1051
absolute_loading,477,947,0.00299864883005737,1051
absolute_loading,477,948,0.007789656234500167,1051
absolute_loading,477,949,-0.0855042800590669,1051
absolute_loading,477,950,-0.017107928327680003,1051
absolute_loading,477,951,-0.025146293454403265,1051
absolute_loading,477,952,0.016402205511443366,1051
absolute_loading,477,953,0.006684352152943609,1051
absolute_loading,477,954,-0.01729847868648416,1051
absolute_loading,477,955,-0.014383830691913273,1051
absolute_loading,477,956,0.019779755733740315,1051
absolute_loading,477,957,0.02651703688492871,1051
absolute_loading,477,958,0.09297210508937734,1051
absolute_loading,477,959,-0.017795714186639194,1051
absolute_loading,477,960,-0.03844333640354876,1051
absolute_loading,477,961,-0.015399034314989903,1051
absolute_loading,477,962,0.051405003311478355,1051
absolute_loading,477,963,-0.01657077942322959,1051
absolute_loading,477,964,-0.01864653958355356,1051
absolute_loading,477,965,-0.022089641851174256,1051
absolute_loading,477,966,-0.018743073899786508,1051
absolute_loading,477,967,-0.013275879699857563,1051
absolute_loading,477,968,-0.02211625144229271,1051
absolute_loading,477,969,0.014643274564983329,1051
absolute_loading,477,970,0.024092948377809065,1051
absolute_loading,477,971,0.019838136492567465,1051
absolute_loading,477,972,0.019355933195289984,1051
absolute_loading,477,973,0.040704389872247726,1051
absolute_loading,477,974,0.019449811219245813,1051
absolute_loading,477,975,0.03437254271322102,1051
absolute_loading,477,976,0.003081468019916603,1051
absolute_loading,477,977,-0.03826229575090335,1051
absolute_loading,477,978,-0.03104917519799474,1051
absolute_loading,477,979,-0.0006561064624245094,1051
absolute_loading,477,980,-0.02693699814855436,1051
absolute_loading,477,981,-0.02418229710345587,1051
absolute_loading,477,982,-0.03282182003777913,1051
absolute_loading,477,983,-0.01754750479145141,1051
absolute_loading,477,984,0.0023186750166895123,1051
absolute_loading,477,985,0.03871059477505986,1051
absolute_loading,477,986,-0.010134517584862536,1051
absolute_loading,477,987,-0.04554195539973353,1051
absolute_loading,477,988,-0.04078204908600054,1051
absolute_loading,477,989,-0.03829262206132964,1051
absolute_loading,477,990,-0.04374746794672551,1051
absolute_loading,477,991,-0.03296171815367274,1051
absolute_loading,477,992,-0.019592356890808772,1051
absolute_loading,477,993,0.003348031705440642,1051
absolute_loading,477,994,-0.016937924452525212,1051
absolute_loading,477,995,-0.02272119038123477,1051
absolute_loading,477,996,0.0630105745424251,1051
absolute_loading,477,997,-0.0149508007275873,1051
absolute_loading,477,998,-0.006315112899248051,1051
absolute_loading,477,999,-0.04348647741385015,1051
absolute_loading,477,1000,0.05734228333245536,1051
absolute_loading,477,1001,-0.03930193983417948,1051
absolute_loading,477,1002,-0.01573037075778623,1051
absolute_loading,477,1003,-0.021908518353828746,1051
absolute_loading,477,1004,-0.015503644672311719,1051
absolute_loading,477,1005,-0.006615418041988644,1051
absolute_loading,477,1006,-0.01347504471502947,1051
absolute_loading,477,1007,-0.010131404483791235,1051
absolute_loading,477,1008,0.0004536578447504681,1051
absolute_loading,477,1009,0.010070344796321757,1051
absolute_loading,477,1010,-0.03903568278318805,1051
absolute_loading,477,1011,-0.03202458576584358,1051
absolute_loading,477,1012,0.021593383051847423,1051
absolute_loading,477,1013,-0.008035891493736841,1051
absolute_loading,477,1014,0.008881304793982567,1051
absolute_loading,477,1015,-0.056956350966858776,1051
absolute_loading,477,1016,0.021740559187784895,1051
absolute_loading,477,1017,-0.0032449543440161207,1051
absolute_loading,477,1018,0.01819583897270972,1051
absolute_loading,477,1019,0.01918605226455525,1051
absolute_loading,477,1020,-0.007458085104364082,1051
absolute_loading,477,1021,-0.03005867539736934,1051
absolute_loading,477,1022,0.05341702711340523,1051
absolute_loading,477,1023,-0.0691633885954951,1051
absolute_loading,477,1024,-0.02004253327193928,1051
absolute_loading,477,1025,-0.04443811410066287,1051
absolute_loading,477,1026,-0.016869703277017225,1051
absolute_loading,477,1027,0.02916096274428095,1051
absolute_loading,477,1028,-0.02316987178765034,1051
absolute_loading,477,1029,0.006534458852345586,1051
absolute_loading,477,1030,-0.009203513900531033,1051
absolute_loading,477,1031,-0.01624195882974283,1051
absolute_loading,477,1032,-0.054166190573807074,1051
absolute_loading,477,1033,-0.024234894409727283,1051
absolute_loading,477,1034,0.001064435575748117,1051
absolute_loading,477,1035,0.02906910006190565,1051
absolute_loading,477,1036,0.013125840362585274,1051
absolute_loading,477,1037,-0.03469836191154707,1051
absolute_loading,477,1038,0.03637210202538427,1051
absolute_loading,477,1039,-0.0201459042632207,1051
absolute_loading,477,1040,0.03585945233214143,1051
absolute_loading,477,1041,0.0073104724764941785,1051
absolute_loading,477,1042,-0.003620203464343258,1051
absolute_loading,477,1043,0.05248873630037258,1051
absolute_loading,477,1044,-0.007943782640342028,1051
absolute_loading,477,1045,0.04797001018647243,1051
absolute_loading,477,1046,-0.034541904503017334,1051
absolute_loading,477,1047,0.02809840478995469,1051
absolute_loading,477,1048,0.036266489911416046,1051
absolute_loading,477,1049,0.027033331278560134,1051
absolute_loading,477,1050,0.003185089522861295,1051
absolute_loading,477,1051,-0.009819589795577933,1051
absolute_loading,477,1052,-0.02357379676137129,1051
absolute_loading,477,1053,-0.004491001317662735,1051
absolute_loading,477,1054,0.021201883034120975,1051
absolute_loading,477,1055,-0.03204996240555546,1051
absolute_loading,477,1056,-0.006031489239248463,1051
absolute_loading,477,1057,-0.04765287667611739,1051
absolute_loading,477,1058,-0.02710040827736919,1051
absolute_loading,477,1059,-0.021117922827101142,1051
absolute_loading,477,1060,0.010802964010893867,1051
absolute_loading,477,1061,-0.015539644276557714,1051
absolute_loading,477,1062,-0.041845767808500245,1051
absolute_loading,477,1063,0.03339729555564136,1051
absolute_loading,477,1064,-0.004424766780906467,1051
absolute_loading,477,1065,-0.04314032088666835,1051
absolute_loading,477,1066,-0.013643694736934348,1051
absolute_loading,477,1067,0.07723805075088315,1051
absolute_loading,477,1068,-0.03330605347758064,1051
absolute_loading,477,1069,0.008291061748392609,1051
absolute_loading,477,1070,-0.016568508145975547,1051
absolute_loading,477,1071,0.017372822349004065,1051
absolute_loading,477,1072,-0.058009778992961204,1051
absolute_loading,477,1073,0.03468353933100434,1051
absolute_loading,477,1074,0.019538638996095096,1051
absolute_loading,477,1075,-0.019420762570677267,1051
absolute_loading,477,1076,0.003601107223154791,1051
absolute_loading,477,1077,0.007288754666796624,1051
absolute_loading,477,1078,-0.012178292536077818,1051
absolute_loading,477,1079,0.031410094916292534,1051
absolute_loading,477,1080,0.02773358970632829,1051
absolute_loading,477,1081,0.013886813864871884,1051
absolute_loading,477,1082,0.03705555798775533,1051
absolute_loading,477,1083,-0.008617687244597591,1051
absolute_loading,477,1084,-0.017271715511660315,1051
absolute_loading,477,1085,0.018148341581762723,1051
absolute_loading,477,1086,-0.03125439839726669,1051
absolute_loading,477,1087,-0.02342307423640882,1051
absolute_loading,477,1088,0.05649602349098617,1051
absolute_loading,477,1089,-0.01283722711499611,1051
absolute_loading,477,1090,0.031867413149716264,1051
absolute_loading,477,1091,0.023252887552049628,1051
absolute_loading,477,1092,-0.026238863718817482,1051
absolute_loading,477,1093,0.039985367677960265,1051
absolute_loading,477,1094,-0.022653654833258926,1051
absolute_loading,477,1095,0.014443540762030822,1051
absolute_loading,477,1096,0.0012364063760719165,1051
absolute_loading,477,1097,-0.0375487500377121,1051
absolute_loading,477,1098,0.034189113537097554,1051
absolute_loading,477,1099,-0.04212898155379297,1051
absolute_loading,477,1100,0.06776285701043089,1051
absolute_loading,477,1101,-0.033629662551306345,1051
absolute_loading,477,1102,0.014753261424929357,1051
absolute_loading,477,1103,0.004606256047627658,1051
absolute_loading,477,1104,-0.042274764600512243,1051
absolute_loading,477,1105,0.017475830517003268,1051
absolute_loading,477,1106,-0.01383899321445734,1051
absolute_loading,477,1107,0.0814053182126604,1051
absolute_loading,477,1108,0.017349170831984093,1051
absolute_loading,477,1109,-0.018422212650338842,1051
absolute_loading,477,1110,-0.044345684922516185,1051
absolute_loading,477,1111,-0.05680383980475709,1051
absolute_loading,477,1112,-0.019171377155733162,1051
absolute_loading,477,1113,0.002059834483224615,1051
absolute_loading,477,1114,0.046811486297882274,1051
absolute_loading,477,1115,-0.017721715774652726,1051
absolute_loading,477,1116,-0.03972954445548438,1051
absolute_loading,477,1117,-0.026737006778759943,1051
absolute_loading,477,1118,-0.008400023700041611,1051
absolute_loading,477,1119,0.04620679323085679,1051
absolute_loading,477,1120,-0.035968920635732794,1051
absolute_loading,477,1121,-0.02666478919073405,1051
absolute_loading,477,1122,0.0009648994235146161,1051
absolute_loading,477,1123,0.001639493669147165,1051
absolute_loading,477,1124,0.017899042097671777,1051
absolute_loading,477,1125,0.010471508864193794,1051
absolute_loading,477,1126,-0.026135064147124677,1051
absolute_loading,477,1127,0.027080757850479142,1051
absolute_loading,477,1128,0.008860406619629788,1051
absolute_loading,477,1129,0.04793512607974046,1051
absolute_loading,477,1130,0.0035477490887847953,1051
absolute_loading,477,1131,-0.06317099375475323,1051
absolute_loading,477,1132,0.008287645425917013,1051
absolute_loading,477,1133,-0.007618321697632708,1051
absolute_loading,477,1134,0.0008936659801869931,1051
absolute_loading,477,1135,0.009571056192791761,1051
absolute_loading,477,1136,-0.028422921566214513,1051
absolute_loading,477,1137,-0.06188108644022345,1051
absolute_loading,477,1138,0.02669719742368393,1051
absolute_loading,477,1139,-0.03579773140306324,1051
absolute_loading,477,1140,-0.005902797881543842,1051
absolute_loading,477,1141,0.04053734318984753,1051
absolute_loading,477,1142,-0.05351790326906742,1051
absolute_loading,477,1143,0.06877330798626446,1051
absolute_loading,477,1144,-0.046984823007797355,1051
absolute_loading,477,1145,0.03390408271337601,1051
absolute_loading,477,1146,0.0025284950355117307,1051
absolute_loading,477,1147,-0.033539604215686955,1051
absolute_loading,477,1148,0.021697953946762886,1051
absolute_loading,477,1149,-0.01054514506529107,1051
absolute_loading,477,1150,-0.006023581763461922,1051
absolute_loading,477,1151,0.02988735656715796,1051
absolute_loading,477,1152,-0.03918504074971836,1051
absolute_loading,477,1153,-0.009202199485260644,1051
absolute_loading,477,1154,0.03398831335987775,1051
absolute_loading,477,1155,-0.005052385215682347,1051
absolute_loading,477,1156,-0.0074199633452207555,1051
absolute_loading,477,1157,-0.02888527212352342,1051
absolute_loading,477,1158,0.017188026543405146,1051
absolute_loading,477,1159,-0.007732496395080307,1051
absolute_loading,477,1160,-0.020829370441516077,1051
absolute_loading,477,1161,0.01630438230534401,1051
absolute_loading,477,1162,-0.01933788291713043,1051
absolute_loading,477,1163,-0.01959851911741052,1051
absolute_loading,477,1164,-0.012342202397692108,1051
absolute_loading,477,1165,0.008727951873281436,1051
absolute_loading,477,1166,-0.022573594596368016,1051
absolute_loading,477,1167,0.039094213120545784,1051
absolute_loading,477,1168,-0.005279739662330492,1051
absolute_loading,477,1169,0.02176867246714592,1051
absolute_loading,477,1170,-0.050711816520999056,1051
absolute_loading,477,1171,-0.012737142325216035,1051
absolute_loading,477,1172,-0.019880677334221403,1051
absolute_loading,477,1173,0.03242623203663841,1051
absolute_loading,477,1174,0.036108578902529914,1051
absolute_loading,477,1175,0.024447480960239375,1051
absolute_loading,477,1176,0.03136935076456379,1051
absolute_loading,477,1177,0.0013371974980214015,1051
absolute_loading,477,1178,-0.08241944230109774,1051
absolute_loading,477,1179,-0.02195687662708293,1051
absolute_loading,477,1180,0.020095737187048254,1051
absolute_loading,477,1181,-0.0023113956274021896,1051
absolute_loading,477,1182,-0.00896547371903598,1051
absolute_loading,477,1183,-0.01029196284047019,1051
absolute_loading,477,1184,-0.023186948665902915,1051
absolute_loading,477,1185,0.05840059799940867,1051
absolute_loading,477,1186,-0.014070136924041177,1051
absolute_loading,477,1187,-0.014300113768272388,1051
absolute_loading,477,1188,-0.011854289476638757,1051
absolute_loading,477,1189,-0.006115208254768447,1051
absolute_loading,477,1190,-0.04075303884116763,1051
absolute_loading,477,1191,0.02173122452002128,1051
absolute_loading,477,1192,0.03513031443923508,1051
absolute_loading,477,1193,-0.03327674498236585,1051
absolute_loading,477,1194,0.03390638075364794,1051
absolute_loading,477,1195,0.0014972993985830163,1051
absolute_loading,477,1196,-0.0043141435707741175,1051
absolute_loading,477,1197,-0.02677170905300047,1051
absolute_loading,477,1198,-0.012584191464230638,1051
absolute_loading,477,1199,-0.018947018635850257,1051
absolute_loading,477,1200,-0.03653180273828193,1051
absolute_loading,477,1201,-0.027739635789352658,1051
absolute_loading,477,1202,-0.012936065612735,1051
absolute_loading,477,1203,0.02313479786511602,1051
absolute_loading,477,1204,-0.007840868657270057,1051
absolute_loading,477,1205,-0.01187878785906392,1051
absolute_loading,477,1206,-0.06668455519466153,1051
absolute_loading,477,1207,0.0037942874126773076,1051
absolute_loading,477,1208,0.05988094931661304,1051
absolute_loading,477,1209,0.006159817055930636,1051
absolute_loading,477,1210,-0.02051804938865525,1051
absolute_loading,477,1211,0.018798748087928117,1051
absolute_loading,477,1212,0.06525248008831944,1051
absolute_loading,477,1213,-0.021655737958441466,1051
absolute_loading,477,1214,0.01694363055252057,1051
absolute_loading,477,1215,-0.061152937834188646,1051
absolute_loading,477,1216,-0.04448495429932748,1051
absolute_loading,477,1217,-0.010732679459857973,1051
absolute_loading,477,1218,0.09645713655106386,1051
absolute_loading,477,1219,-0.05526441161268039,1051
absolute_loading,477,1220,0.029096444868547414,1051
absolute_loading,477,1221,-0.020360741660080884,1051
absolute_loading,477,1222,0.004264031417243667,1051
absolute_loading,477,1223,-0.0090823417734799,1051
absolute_loading,477,1224,0.056523612472845056,1051
absolute_loading,477,1225,-0.005451266649893604,1051
absolute_loading,477,1226,-0.01589392764150311,1051
absolute_loading,477,1227,-0.013890865804860179,1051
absolute_loading,477,1228,0.024044389638866258,1051
absolute_loading,477,1229,0.022247779975878106,1051
absolute_loading,477,1230,-0.002975850070717173,1051
absolute_loading,477,1231,0.0007111320569309732,1051
absolute_loading,477,1232,0.03530914728104683,1051
absolute_loading,477,1233,-0.035160865200026425,1051
absolute_loading,477,1234,-0.014385638095841681,1051
absolute_loading,477,1235,-0.04253618140339474,1051
absolute_loading,477,1236,0.0029622250531393013,1051
absolute_loading,477,1237,-0.013928610522914626,1051
absolute_loading,477,1238,-0.02385508763854687,1051
absolute_loading,477,1239,0.0005122656510809967,1051
absolute_loading,477,1240,-0.016218959314915113,1051
absolute_loading,477,1241,-0.04521699141794682,1051
absolute_loading,477,1242,-0.006196142620071909,1051
absolute_loading,477,1243,0.049289239751338414,1051
absolute_loading,477,1244,-0.01580189235278437,1051
absolute_loading,477,1245,-0.03270298801665694,1051
absolute_loading,477,1246,-0.005411001174912881,1051
absolute_loading,477,1247,-0.007276474012094012,1051
absolute_loading,477,1248,0.020829349191591875,1051
absolute_loading,477,1249,0.003355834191287961,1051
absolute_loading,477,1250,0.03176075416549825,1051
absolute_loading,477,1251,-0.03235375632902709,1051
absolute_loading,477,1252,-0.03334525924984794,1051
absolute_loading,477,1253,0.012076131357803459,1051
absolute_loading,477,1254,-0.0065398150272641875,1051
absolute_loading,477,1255,-0.058014175471410516,1051
absolute_loading,477,1256,0.005429548014799028,1051
absolute_loading,477,1257,-0.06628149489815298,1051
absolute_loading,477,1258,0.01905530026173394,1051
absolute_loading,477,1259,-0.02202836932580439,1051
absolute_loading,477,1260,-0.004984628833940469,1051
absolute_loading,477,1261,-0.0789142136722477,1051
absolute_loading,477,1262,-0.020232580189483897,1051
absolute_loading,477,1263,0.03775960783445339,1051
absolute_loading,477,1264,-0.010756879585640899,1051
absolute_loading,477,1265,0.014487582597496752,1051
absolute_loading,477,1266,-0.038308751648118394,1051
absolute_loading,477,1267,-0.00792785670714266,1051
absolute_loading,477,1268,-0.007810511122399378,1051
absolute_loading,477,1269,0.020233727205120934,1051
absolute_loading,477,1270,0.010630700873116572,1051
absolute_loading,477,1271,0.03177877388538469,1051
absolute_loading,477,1272,-0.01075312165530156,1051
absolute_loading,477,1273,-0.03177914268325222,1051
absolute_loading,477,1274,-0.030505283526309244,1051
absolute_loading,477,1275,-0.0165498303686752,1051
absolute_loading,477,1276,-0.0013324450717930028,1051
absolute_loading,477,1277,-0.013138165743915287,1051
absolute_loading,477,1278,0.027122103599156375,1051
absolute_loading,477,1279,-0.01787836649203026,1051
absolute_loading,477,1280,0.04221196157270854,1051
absolute_loading,477,1281,-0.06304377477487774,1051
absolute_loading,477,1282,-0.024180008306367354,1051
absolute_loading,477,1283,-0.0039043867163011544,1051
absolute_loading,477,1284,0.005600831056953671,1051
absolute_loading,477,1285,0.005740588466766814,1051
absolute_loading,477,1286,-0.043975146540650274,1051
absolute_loading,477,1287,0.029012128429770852,1051
absolute_loading,477,1288,0.03066363060401296,1051
absolute_loading,477,1289,-0.002658789463497481,1051
absolute_loading,477,1290,0.03612723486779387,1051
absolute_loading,477,1291,-0.005303053137901011,1051
absolute_loading,477,1292,-0.004565948860282497,1051
absolute_loading,477,1293,-0.016397476744654225,1051
absolute_loading,477,1294,0.0026449240799194004,1051
absolute_loading,477,1295,-0.04241403452916333,1051
absolute_loading,477,1296,-0.00987489611295969,1051
absolute_loading,477,1297,0.014328838859422181,1051
absolute_loading,477,1298,-0.024317316267891728,1051
absolute_loading,477,1299,-0.04897279185657972,1051
absolute_loading,477,1300,0.01478075494047072,1051
absolute_loading,477,1301,0.02146561006096177,1051
absolute_loading,477,1302,-0.006877839860995703,1051
absolute_loading,477,1303,-0.04274785245837202,1051
absolute_loading,477,1304,-0.04556173129048047,1051
absolute_loading,477,1305,0.07308993850648511,1051
absolute_loading,477,1306,0.003639378715061973,1051
absolute_loading,477,1307,-0.020753707373175955,1051
absolute_loading,477,1308,0.038760383806783566,1051
absolute_loading,477,1309,0.013805346756582097,1051
absolute_loading,477,1310,0.023116582971367542,1051
absolute_loading,477,1311,-0.03808254651342921,1051
absolute_loading,477,1312,-0.002734423127160562,1051
absolute_loading,477,1313,0.022215885382184726,1051
absolute_loading,477,1314,0.00007694161549464219,1051
absolute_loading,477,1315,-0.04984374325092364,1051
absolute_loading,477,1316,0.004197834607921779,1051
absolute_loading,477,1317,-0.01334248420100485,1051
absolute_loading,477,1318,-0.02924617614231918,1051
absolute_loading,477,1319,-0.02516490641528227,1051
absolute_loading,477,1320,0.027967981160393653,1051
absolute_loading,477,1321,-0.011419351408618699,1051
absolute_loading,477,1322,-0.010540118298933669,1051
absolute_loading,477,1323,0.025992131256929774,1051
absolute_loading,477,1324,-0.012676932987819427,1051
absolute_loading,477,1325,-0.017281781225799514,1051
absolute_loading,477,1326,0.012329220393368546,1051
absolute_loading,477,1327,-0.017009884279810962,1051
absolute_loading,477,1328,0.00751496743691145,1051
absolute_loading,477,1329,0.03287497617480642,1051
absolute_loading,477,1330,0.0846008327726207,1051
absolute_loading,477,1331,-0.0033832728369325173,1051
absolute_loading,477,1332,-0.03565703368921259,1051
absolute_loading,477,1333,-0.008836888964377043,1051
absolute_loading,477,1334,0.016139991535147672,1051
absolute_loading,477,1335,0.012462320734457381,1051
absolute_loading,477,1336,-0.025620483890823807,1051
absolute_loading,477,1337,-0.007534423132974885,1051
absolute_loading,477,1338,0.018098398797835643,1051
absolute_loading,477,1339,-0.07056766239647147,1051
absolute_loading,477,1340,0.044287960579198565,1051
absolute_loading,477,1341,0.013219334457860908,1051
absolute_loading,477,1342,0.0006505144897365765,1051
absolute_loading,477,1343,-0.014527436767259472,1051
absolute_loading,477,1344,-0.012392182969002914,1051
absolute_loading,477,1345,-0.06032690470504323,1051
absolute_loading,477,1346,-0.06850887946883892,1051
absolute_loading,477,1347,-0.01723648992530224,1051
absolute_loading,477,1348,0.044357948487455376,1051
absolute_loading,477,1349,-0.009805689700168834,1051
absolute_loading,477,1350,-0.029426322247284618,1051
absolute_loading,477,1351,-0.03570406994752183,1051
absolute_loading,477,1352,0.019609536550594525,1051
absolute_loading,477,1353,0.007568670007819345,1051
absolute_loading,477,1354,0.014824791658142865,1051
absolute_loading,477,1355,0.017293196795828792,1051
absolute_loading,477,1356,0.04098957000340497,1051
absolute_loading,477,1357,-0.04396068254564305,1051
absolute_loading,477,1358,0.06114827900434452,1051
absolute_loading,477,1359,0.02086821423906671,1051
absolute_loading,477,1360,-0.020684697407221463,1051
absolute_loading,477,1361,0.0586726336055651,1051
absolute_loading,477,1362,0.02174990496816256,1051
absolute_loading,477,1363,0.007197087752211084,1051
absolute_loading,477,1364,-0.00015761571353977382,1051
absolute_loading,477,1365,-0.06279097076287998,1051
absolute_loading,477,1366,0.011449641417561546,1051
absolute_loading,477,1367,-0.012048738658855841,1051
absolute_loading,477,1368,-0.014256187976048757,1051
absolute_loading,477,1369,0.06346207505066126,1051
absolute_loading,477,1370,-0.03008082075281153,1051
absolute_loading,477,1371,-0.014147319113402557,1051
absolute_loading,477,1372,-0.01586167168964045,1051
absolute_loading,477,1373,-0.01831193369149692,1051
absolute_loading,477,1374,-0.008895067216642238,1051
absolute_loading,477,1375,-0.015945898074461593,1051
absolute_loading,477,1376,0.04455274591554242,1051
absolute_loading,477,1377,-0.027027150041877,1051
absolute_loading,477,1378,-0.002342198927694164,1051
absolute_loading,477,1379,-0.037974540553396656,1051
absolute_loading,477,1380,0.021718521029658436,1051
absolute_loading,477,1381,-0.007729440812128968,1051
absolute_loading,477,1382,-0.046121754369553854,1051
absolute_loading,477,1383,0.019005054561385223,1051
absolute_loading,477,1384,0.06605498526352123,1051
absolute_loading,477,1385,0.024390040454067022,1051
absolute_loading,477,1386,-0.03762360225477176,1051
absolute_loading,477,1387,-0.0367001026680508,1051
absolute_loading,477,1388,-0.02320149532753563,1051
absolute_loading,477,1389,-0.04989460628384045,1051
absolute_loading,477,1390,0.017723587224132493,1051
absolute_loading,477,1391,-0.02391037598341148,1051
absolute_loading,477,1392,0.004355227212893518,1051
absolute_loading,477,1393,0.035768519678878063,1051
absolute_loading,477,1394,0.013912353176327531,1051
absolute_loading,477,1395,-0.04091139909409822,1051
absolute_loading,477,1396,-0.027453968958166233,1051
absolute_loading,477,1397,-0.014340751742245644,1051
absolute_loading,477,1398,-0.005352254124199965,1051
absolute_loading,477,1399,0.012892925253346222,1051
absolute_loading,477,1400,-0.03681256570432325,1051
absolute_loading,477,1401,0.026699446724490396,1051
absolute_loading,477,1402,0.03170128359944415,1051
absolute_loading,477,1403,-0.016355252432559475,1051
absolute_loading,477,1404,0.01881885894235706,1051
absolute_loading,477,1405,0.06828418938842891,1051
absolute_loading,477,1406,-0.038940190608946455,1051
absolute_loading,477,1407,0.027442011836623096,1051
absolute_loading,477,1408,-0.00008139006360417212,1051
absolute_loading,477,1409,-0.03321617298219132,1051
absolute_loading,477,1410,-0.04899347611393434,1051
absolute_loading,477,1411,0.04362200113182301,1051
absolute_loading,477,1412,-0.04831200992129783,1051
absolute_loading,477,1413,-0.02822636560320857,1051
absolute_loading,477,1414,-0.056670304657823654,1051
absolute_loading,477,1415,0.006968291148088502,1051
absolute_loading,477,1416,0.009675892100792886,1051
absolute_loading,477,1417,0.05355407321962478,1051
absolute_loading,477,1418,0.03090715438442178,1051
absolute_loading,477,1419,0.0070676770942634335,1051
absolute_loading,477,1420,0.06925190928150211,1051
absolute_loading,477,1421,-0.0032292177045665613,1051
absolute_loading,477,1422,-0.028625113535178024,1051
absolute_loading,477,1423,0.01877803032745459,1051
absolute_loading,477,1424,0.014418411430191834,1051
absolute_loading,477,1425,-0.01373919135064996,1051
absolute_loading,477,1426,-0.0027230609489698114,1051
absolute_loading,477,1427,-0.023400269707577467,1051
absolute_loading,477,1428,-0.04500245151930134,1051
absolute_loading,477,1429,-0.027080130155359206,1051
absolute_loading,477,1430,-0.03150925093550668,1051
absolute_loading,477,1431,-0.008993947639846558,1051
absolute_loading,477,1432,-0.015331671771703309,1051
absolute_loading,477,1433,-0.0072498415039528915,1051
absolute_loading,477,1434,-0.05926756972137077,1051
absolute_loading,477,1435,-0.016479265370477978,1051
absolute_loading,477,1436,0.02108911708806763,1051
absolute_loading,477,1437,0.02917189516942754,1051
absolute_loading,477,1438,0.038862349033073985,1051
absolute_loading,477,1439,-0.03077610886490604,1051
absolute_loading,477,1440,-0.006434308870991146,1051
absolute_loading,477,1441,-0.07293581895685614,1051
absolute_loading,477,1442,0.012747735011910096,1051
absolute_loading,477,1443,0.028752144613645777,1051
absolute_loading,477,1444,0.07339628619411037,1051
absolute_loading,477,1445,-0.03725368979447425,1051
absolute_loading,477,1446,0.017867118895822938,1051
absolute_loading,477,1447,-0.02213708985990367,1051
absolute_loading,477,1448,0.033389070478054964,1051
absolute_loading,477,1449,-0.008220654741314264,1051
absolute_loading,477,1450,-0.012075720639416683,1051
absolute_loading,477,1451,0.0041304783992750956,1051
absolute_loading,477,1452,0.04459480112251229,1051
absolute_loading,477,1453,0.02748965651856704,1051
absolute_loading,477,1454,-0.0719577153009516,1051
absolute_loading,477,1455,-0.03212612108817177,1051
absolute_loading,477,1456,-0.015651779675668994,1051
absolute_loading,477,1457,-0.019894684471364145,1051
absolute_loading,477,1458,0.01305503441971994,1051
absolute_loading,477,1459,0.02003344665174263,1051
absolute_loading,477,1460,0.00021355349333564272,1051
absolute_loading,477,1461,-0.011841586246201491,1051
absolute_loading,477,1462,-0.02481143876451435,1051
absolute_loading,477,1463,-0.025150074265399388,1051
absolute_loading,477,1464,-0.007873344160822644,1051
absolute_loading,477,1465,0.044283851491544034,1051
absolute_loading,477,1466,-0.010969422004287707,1051
absolute_loading,477,1467,0.02867307631074867,1051
absolute_loading,477,1468,-0.03050436864882022,1051
absolute_loading,477,1469,-0.027392666338623847,1051
absolute_loading,477,1470,0.02296753279063859,1051
absolute_loading,477,1471,-0.0350266060742843,1051
absolute_loading,477,1472,-0.011402010854622424,1051
absolute_loading,477,1473,-0.05679242915026765,1051
absolute_loading,477,1474,0.06512724267578736,1051
absolute_loading,477,1475,-0.013617002243622838,1051
absolute_loading,477,1476,0.04554057253184829,1051
absolute_loading,477,1477,-0.03551762698771275,1051
absolute_loading,477,1478,-0.024598077052510537,1051
absolute_loading,477,1479,-0.05748681070113107,1051
absolute_loading,477,1480,0.027889608549207957,1051
absolute_loading,477,1481,0.019325602520451457,1051
absolute_loading,477,1482,-0.057844452861430334,1051
absolute_loading,477,1483,-0.007548486208149708,1051
absolute_loading,477,1484,0.017890413519243205,1051
absolute_loading,477,1485,0.006532065141965615,1051
absolute_loading,477,1486,-0.011987575172042823,1051
absolute_loading,477,1487,-0.02709552630646109,1051
absolute_loading,477,1488,-0.004281171707998987,1051
absolute_loading,477,1489,0.012042553319139454,1051
absolute_loading,477,1490,0.011890853198569556,1051
absolute_loading,477,1491,0.0011780224916006221,1051
absolute_loading,477,1492,0.010775176485308164,1051
absolute_loading,477,1493,-0.004709555671250011,1051
absolute_loading,477,1494,0.004244986606688931,1051
absolute_loading,477,1495,0.043517956742638426,1051
absolute_loading,477,1496,-0.017065335541316007,1051
absolute_loading,477,1497,0.030203177591116216,1051
absolute_loading,477,1498,-0.009111707942738224,1051
absolute_loading,477,1499,-0.006014990432966061,1051
absolute_loading,477,1500,0.03468721278068409,1051
absolute_loading,477,1501,-0.010348998588771353,1051
absolute_loading,477,1502,-0.03913885361662686,1051
absolute_loading,477,1503,-0.024428047727573367,1051
absolute_loading,477,1504,0.01771789422483695,1051
absolute_loading,477,1505,-0.024507660249020933,1051
absolute_loading,477,1506,0.01302328709440031,1051
absolute_loading,477,1507,0.030053270679126606,1051
absolute_loading,477,1508,0.021802608837114757,1051
absolute_loading,477,1509,-0.026566220803714645,1051
absolute_loading,477,1510,-0.06968253684060008,1051
absolute_loading,477,1511,-0.032598028321433575,1051
absolute_loading,477,1512,0.0508636296991597,1051
absolute_loading,477,1513,-0.008678792378504914,1051
absolute_loading,477,1514,-0.03591126530396133,1051
absolute_loading,477,1515,-0.00756387753722843,1051
absolute_loading,477,1516,-0.007100736134646429,1051
absolute_loading,477,1517,0.007558350715629489,1051
absolute_loading,477,1518,0.022954627569657535,1051
absolute_loading,477,1519,-0.052374828337144796,1051
absolute_loading,477,1520,-0.018323756208050806,1051
absolute_loading,477,1521,-0.002245786843426543,1051
absolute_loading,477,1522,0.0158680528519044,1051
absolute_loading,477,1523,0.04067217095622963,1051
absolute_loading,477,1524,0.052077139350842655,1051
absolute_loading,477,1525,-0.00812190386372466,1051
absolute_loading,477,1526,-0.03106275895051673,1051
absolute_loading,477,1527,0.00634959135771678,1051
absolute_loading,477,1528,0.012398831204725468,1051
absolute_loading,477,1529,0.05214269198801584,1051
absolute_loading,477,1530,-0.01433824349450926,1051
absolute_loading,477,1531,-0.06091406471535235,1051
absolute_loading,477,1532,0.00418808856528314,1051
absolute_loading,477,1533,0.007023527284862322,1051
absolute_loading,477,1534,-0.019083561004140957,1051
absolute_loading,477,1535,0.020729025963821104,1051
absolute_loading,477,1536,0.04259727406634944,1051
absolute_loading,477,1537,0.020613287976653523,1051
absolute_loading,477,1538,0.006275684118492089,1051
absolute_loading,477,1539,0.06498415259174334,1051
absolute_loading,477,1540,0.01067318410338401,1051
absolute_loading,477,1541,0.07483771410848963,1051
absolute_loading,477,1542,0.05558304646739529,1051
absolute_loading,477,1543,-0.039206472850883536,1051
absolute_loading,477,1544,0.008026617801255347,1051
absolute_loading,477,1545,0.0021730354915009712,1051
absolute_loading,477,1546,0.03390594231176136,1051
absolute_loading,477,1547,-0.000850784244502066,1051
absolute_loading,477,1548,0.054728414938477285,1051
absolute_loading,477,1549,-0.03687947584930483,1051
absolute_loading,477,1550,0.044715031299691815,1051
absolute_loading,477,1551,-0.033655297548228325,1051
absolute_loading,477,1552,0.01347839778659311,1051
absolute_loading,477,1553,-0.0043663283987403455,1051
absolute_loading,477,1554,-0.051653292290235193,1051
absolute_loading,477,1555,-0.04597074289885836,1051
absolute_loading,477,1556,-0.010553061943690833,1051
absolute_loading,477,1557,0.03437838603822629,1051
absolute_loading,477,1558,-0.00914572117391849,1051
absolute_loading,477,1559,-0.01359623987867646,1051
absolute_loading,477,1560,-0.011084613751974533,1051
absolute_loading,477,1561,0.015414764775212642,1051
absolute_loading,477,1562,0.07745404533277599,1051
absolute_loading,477,1563,-0.032102719090433156,1051
absolute_loading,477,1564,0.002434417167594517,1051
absolute_loading,477,1565,0.01792490871745189,1051
absolute_loading,477,1566,-0.004509822772822487,1051
absolute_loading,477,1567,-0.06425961737044378,1051
absolute_loading,477,1568,0.057189926622332375,1051
absolute_loading,477,1569,0.03550119064867179,1051
absolute_loading,477,1570,-0.039776840139070194,1051
absolute_loading,477,1571,0.010237355108517322,1051
absolute_loading,477,1572,0.009244111368431148,1051
absolute_loading,477,1573,-0.02984783419654719,1051
absolute_loading,477,1574,-0.054100471258320425,1051
absolute_loading,477,1575,0.03948982909312404,1051
absolute_loading,477,1576,-0.01700932380573195,1051
absolute_loading,477,1577,0.008362627398675769,1051
absolute_loading,477,1578,-0.01933900778131755,1051
absolute_loading,477,1579,0.002519912296336668,1051
absolute_loading,477,1580,0.02491125480180364,1051
absolute_loading,477,1581,-0.04267976382935753,1051
absolute_loading,477,1582,0.032462277917912535,1051
absolute_loading,477,1583,-0.043012119063573544,1051
absolute_loading,477,1584,0.059775485375965776,1051
absolute_loading,477,1585,-0.005427286782060287,1051
absolute_loading,477,1586,-0.015036729415641716,1051
absolute_loading,477,1587,0.026906000694212485,1051
absolute_loading,477,1588,0.0013646481223325536,1051
absolute_loading,477,1589,0.04176887624395809,1051
absolute_loading,477,1590,0.017220521727552788,1051
absolute_loading,477,1591,0.034064581621013536,1051
absolute_loading,477,1592,0.02400251130950367,1051
absolute_loading,477,1593,0.0507035697517575,1051
absolute_loading,477,1594,0.01325947640831978,1051
absolute_loading,477,1595,0.021059764234942196,1051
absolute_loading,477,1596,-0.01779545640645957,1051
absolute_loading,477,1597,-0.02386730845875903,1051
absolute_loading,477,1598,0.019298255378248943,1051
absolute_loading,477,1599,-0.01944671690551766,1051
absolute_loading,477,1600,0.001318781502517797,1051
absolute_loading,477,1601,0.009294945943940704,1051
absolute_loading,477,1602,-0.010487787688426257,1051
absolute_loading,477,1603,-0.027287352851371825,1051
absolute_loading,477,1604,-0.022676235953260484,1051
absolute_loading,477,1605,0.01309555050783865,1051
absolute_loading,477,1606,0.022272428424221155,1051
absolute_loading,477,1607,-0.03308295713316694,1051
absolute_loading,477,1608,-0.02275437716055144,1051
absolute_loading,477,1609,-0.021035600999935136,1051
absolute_loading,477,1610,0.05533932259898566,1051
absolute_loading,477,1611,0.006009113728651208,1051
absolute_loading,477,1612,-0.01971022408834169,1051
absolute_loading,477,1613,0.027844288592538954,1051
absolute_loading,477,1614,-0.014033070369534432,1051
absolute_loading,477,1615,0.02720378926840467,1051
absolute_loading,477,1616,-0.012041163276605144,1051
absolute_loading,477,1617,-0.008838889363164522,1051
absolute_loading,477,1618,0.028225253742975298,1051
absolute_loading,477,1619,0.032592561243588294,1051
absolute_loading,477,1620,0.029700708211836534,1051
absolute_loading,477,1621,-0.005375447508828967,1051
absolute_loading,477,1622,-0.03945898814693057,1051
absolute_loading,477,1623,0.01768393910816076,1051
absolute_loading,477,1624,0.039673019130640474,1051
absolute_loading,477,1625,0.0026623520148259527,1051
absolute_loading,477,1626,0.012716040506052068,1051
absolute_loading,477,1627,0.02754602311628421,1051
absolute_loading,477,1628,0.01862767828523107,1051
absolute_loading,477,1629,-0.012801940680560564,1051
absolute_loading,477,1630,0.04493161647097352,1051
absolute_loading,477,1631,0.05787879409813641,1051
absolute_loading,477,1632,-0.00040965117241727444,1051
absolute_loading,477,1633,-0.02020580488446941,1051
absolute_loading,477,1634,0.04221071656783052,1051
absolute_loading,477,1635,-0.024872903916227776,1051
absolute_loading,477,1636,0.0676417374516188,1051
absolute_loading,477,1637,-0.019355038330738573,1051
absolute_loading,477,1638,-0.04533762420006446,1051
absolute_loading,477,1639,0.006442063507246862,1051
absolute_loading,477,1640,0.009448344330238017,1051
absolute_loading,477,1641,-0.012596192596428581,1051
absolute_loading,477,1642,0.0021415764307914646,1051
absolute_loading,477,1643,0.009988589646647648,1051
absolute_loading,477,1644,0.011451255829421175,1051
absolute_loading,477,1645,0.04072643933915133,1051
absolute_loading,477,1646,0.0322420014873381,1051
absolute_loading,477,1647,0.08081884933533567,1051
absolute_loading,477,1648,-0.004629839087945528,1051
absolute_loading,477,1649,0.0199970944013586,1051
absolute_loading,477,1650,-0.002040963415186317,1051
absolute_loading,477,1651,0.004583801836502798,1051
absolute_loading,477,1652,0.003222406132483139,1051
absolute_loading,477,1653,-0.0210463749113639,1051
absolute_loading,477,1654,-0.024420176201412725,1051
absolute_loading,477,1655,0.03497146418976265,1051
absolute_loading,477,1656,-0.02108639314634019,1051
absolute_loading,477,1657,0.042011284876231264,1051
absolute_loading,477,1658,-0.020845091953227465,1051
absolute_loading,477,1659,-0.03074950530000228,1051
absolute_loading,477,1660,-0.011772704230708668,1051
absolute_loading,477,1661,0.01910479594856147,1051
absolute_loading,477,1662,0.02198234217276315,1051
absolute_loading,477,1663,0.00884464213498578,1051
absolute_loading,477,1664,-0.03429451842530537,1051
absolute_loading,477,1665,0.03282972092735787,1051
absolute_loading,477,1666,0.017685993900770743,1051
absolute_loading,477,1667,0.0008531391678670021,1051
absolute_loading,477,1668,-0.03456276200242733,1051
absolute_loading,477,1669,-0.052086298714012554,1051
absolute_loading,477,1670,0.013737677370292451,1051
absolute_loading,477,1671,-0.00864259221582981,1051
absolute_loading,477,1672,-0.01945631941902771,1051
absolute_loading,477,1673,0.022110569095360924,1051
absolute_loading,477,1674,-0.0193792353120694,1051
absolute_loading,477,1675,0.01900495323065182,1051
absolute_loading,477,1676,0.010545885897830908,1051
absolute_loading,477,1677,0.01986078596364321,1051
absolute_loading,477,1678,-0.017593907399422584,1051
absolute_loading,477,1679,0.048050874356516775,1051
absolute_loading,477,1680,-0.05012209736357176,1051
absolute_loading,477,1681,-0.016952438554974466,1051
absolute_loading,477,1682,0.04644287100176354,1051
absolute_loading,477,1683,0.05202318545230935,1051
absolute_loading,477,1684,-0.03127001719202657,1051
absolute_loading,477,1685,-0.04327746840217619,1051
absolute_loading,477,1686,0.0035292219096197276,1051
absolute_loading,477,1687,-0.011278325318814487,1051
absolute_loading,477,1688,0.0005662740434586922,1051
absolute_loading,477,1689,-0.00973028814376084,1051
absolute_loading,477,1690,0.03082186115586841,1051
absolute_loading,477,1691,0.013888642365452054,1051
absolute_loading,477,1692,0.0071930626660325105,1051
absolute_loading,477,1693,-0.001259905519084715,1051
absolute_loading,477,1694,0.030369078846615393,1051
absolute_loading,477,1695,0.009594915957797922,1051
absolute_loading,477,1696,0.1148824137783521,1051
absolute_loading,477,1697,-0.02978822476479059,1051
absolute_loading,477,1698,-0.01773654328946731,1051
absolute_loading,477,1699,0.015431863307915555,1051
absolute_loading,477,1700,0.003521718250634945,1051
absolute_loading,477,1701,0.016838037435495327,1051
absolute_loading,477,1702,-0.0101175085791309,1051
absolute_loading,477,1703,-0.05406062267861618,1051
absolute_loading,477,1704,0.007864635185412826,1051
absolute_loading,477,1705,-0.014689630181594597,1051
absolute_loading,477,1706,-0.01971886204232243,1051
absolute_loading,477,1707,-0.013072765701804129,1051
absolute_loading,477,1708,-0.06444927517046693,1051
absolute_loading,477,1709,-0.021612727308944656,1051
absolute_loading,477,1710,-0.004034891919310829,1051
absolute_loading,477,1711,0.033745027792124946,1051
absolute_loading,477,1712,0.021615769238376374,1051
absolute_loading,477,1713,0.006867637257909166,1051
absolute_loading,477,1714,0.10085069562056685,1051
absolute_loading,477,1715,-0.003040559814668464,1051
absolute_loading,477,1716,0.03820083305547461,1051
absolute_loading,477,1717,-0.016554141364239792,1051
absolute_loading,477,1718,-0.02219189172141083,1051
absolute_loading,477,1719,0.028222715613475526,1051
absolute_loading,477,1720,-0.018492284683848458,1051
absolute_loading,477,1721,0.0475302957438871,1051
absolute_loading,477,1722,0.035310762755644015,1051
absolute_loading,477,1723,0.05805749265985299,1051
absolute_loading,477,1724,0.003039793988625708,1051
absolute_loading,477,1725,0.021555751396157907,1051
absolute_loading,477,1726,0.007590105158958027,1051
absolute_loading,477,1727,-0.025717325339606845,1051
absolute_loading,477,1728,0.09369029052669763,1051
absolute_loading,477,1729,0.01461780471232189,1051
absolute_loading,477,1730,-0.029061849350069304,1051
absolute_loading,477,1731,-0.01743818194805253,1051
absolute_loading,477,1732,-0.01910138401228109,1051
absolute_loading,477,1733,0.04558529590370648,1051
absolute_loading,477,1734,0.009234706661522816,1051
absolute_loading,477,1735,0.05106667310654057,1051
absolute_loading,477,1736,0.022847076710888415,1051
absolute_loading,477,1737,-0.010242938301591455,1051
absolute_loading,477,1738,0.026432852413390762,1051
absolute_loading,477,1739,-0.05459592076434389,1051
absolute_loading,477,1740,-0.009359342228246421,1051
absolute_loading,477,1741,0.01890461639659583,1051
absolute_loading,477,1742,0.02388181204274198,1051
absolute_loading,477,1743,0.00010433198782792344,1051
absolute_loading,477,1744,-0.005350750331293262,1051
absolute_loading,477,1745,0.01340509386233339,1051
absolute_loading,477,1746,0.07389638351117869,1051
absolute_loading,477,1747,0.02282689469142223,1051
absolute_loading,477,1748,-0.02453995307628737,1051
absolute_loading,477,1749,0.021897345244307486,1051
absolute_loading,477,1750,-0.020666233285035154,1051
absolute_loading,477,1751,0.022216786837202414,1051
absolute_loading,477,1752,-0.051905798389512044,1051
absolute_loading,477,1753,-0.041048270609198696,1051
absolute_loading,477,1754,0.06868474257131128,1051
absolute_loading,477,1755,-0.022103801926447425,1051
absolute_loading,477,1756,-0.023810386924873275,1051
absolute_loading,477,1757,0.008097755599007907,1051
absolute_loading,477,1758,-0.04499674184396783,1051
absolute_loading,477,1759,0.04077232621510358,1051
absolute_loading,477,1760,0.0472312648098098,1051
absolute_loading,477,1761,-0.017183760468817113,1051
absolute_loading,477,1762,-0.03846098781111451,1051
absolute_loading,477,1763,0.055364794800659804,1051
absolute_loading,477,1764,-0.03815036964399516,1051
absolute_loading,477,1765,0.017071754858305713,1051
absolute_loading,477,1766,0.028047917034363913,1051
absolute_loading,477,1767,-0.011844740840498878,1051
absolute_loading,477,1768,-0.042016002856402175,1051
absolute_loading,477,1769,0.023390642373967707,1051
absolute_loading,477,1770,0.0004927683920867918,1051
absolute_loading,477,1771,0.020263143504314914,1051
absolute_loading,477,1772,0.007772951731701605,1051
absolute_loading,477,1773,0.019698114682195622,1051
absolute_loading,477,1774,0.014624544636529452,1051
absolute_loading,477,1775,-0.009910031588139879,1051
absolute_loading,477,1776,-0.023281494657953372,1051
absolute_loading,477,1777,0.01976033850138049,1051
absolute_loading,477,1778,0.022077406036920974,1051
absolute_loading,477,1779,0.0042380339296812395,1051
absolute_loading,477,1780,0.04049006415867404,1051
absolute_loading,477,1781,-0.008947793041665493,1051
absolute_loading,477,1782,0.024136437637711214,1051
absolute_loading,477,1783,0.02526990171690384,1051
absolute_loading,477,1784,-0.0012721759124593003,1051
absolute_loading,477,1785,0.013249244467529803,1051
absolute_loading,477,1786,0.04296341655268024,1051
absolute_loading,477,1787,0.05845768463398566,1051
absolute_loading,477,1788,-0.026573116058037003,1051
absolute_loading,477,1789,-0.039863542859032104,1051
absolute_loading,477,1790,-0.05392149154029206,1051
absolute_loading,477,1791,0.026457011984190492,1051
absolute_loading,477,1792,0.015171476168989374,1051
absolute_loading,477,1793,-0.07660563440976033,1051
absolute_loading,477,1794,0.07097329167961984,1051
absolute_loading,477,1795,-0.061291975221467856,1051
absolute_loading,477,1796,0.06203242160240967,1051
absolute_loading,477,1797,0.018805007947428957,1051
absolute_loading,477,1798,-0.024532670516450795,1051
absolute_loading,477,1799,0.04700775999325424,1051
absolute_loading,477,1800,0.034555090600309805,1051
absolute_loading,477,1801,-0.02658686203951808,1051
absolute_loading,477,1802,0.008309669466456743,1051
absolute_loading,477,1803,0.0003590120720276535,1051
absolute_loading,477,1804,-0.03152499792339874,1051
absolute_loading,477,1805,0.05372302574298868,1051
absolute_loading,477,1806,-0.0011152222681875754,1051
absolute_loading,477,1807,-0.014820818231457006,1051
absolute_loading,477,1808,0.010785450042909732,1051
absolute_loading,477,1809,0.0037941625464077517,1051
absolute_loading,477,1810,0.012405304935621843,1051
absolute_loading,477,1811,-0.030604520410355072,1051
absolute_loading,477,1812,0.06541005493457357,1051
absolute_loading,477,1813,0.04153464709408457,1051
absolute_loading,477,1814,0.07166150004172302,1051
absolute_loading,477,1815,0.006554829267893341,1051
absolute_loading,477,1816,0.02405166113590698,1051
absolute_loading,477,1817,0.003590962973271232,1051
absolute_loading,477,1818,-0.033702610136491645,1051
absolute_loading,477,1819,0.03933301118691494,1051
absolute_loading,477,1820,-0.06754215463374293,1051
absolute_loading,477,1821,-0.03697935773756433,1051
absolute_loading,477,1822,-0.071699496028077,1051
absolute_loading,477,1823,-0.041912539470469086,1051
absolute_loading,477,1824,0.015265001653650771,1051
absolute_loading,477,1825,0.04052172810885018,1051
absolute_loading,477,1826,0.015033860414612769,1051
absolute_loading,477,1827,0.06677936832979246,1051
absolute_loading,477,1828,-0.03091058105641238,1051
absolute_loading,477,1829,-0.0022064931611854234,1051
absolute_loading,477,1830,-0.07361838652064095,1051
absolute_loading,477,1831,-0.006129587279400752,1051
absolute_loading,477,1832,-0.024322922014184997,1051
absolute_loading,477,1833,-0.03222632319631403,1051
absolute_loading,477,1834,0.007392265533161454,1051
absolute_loading,477,1835,-0.02533794081558234,1051
absolute_loading,477,1836,-0.014126747369452545,1051
absolute_loading,477,1837,0.04254840350090489,1051
absolute_loading,477,1838,-0.019645387276122347,1051
absolute_loading,477,1839,0.024520649171851563,1051
absolute_loading,477,1840,-0.036899981593490616,1051
absolute_loading,477,1841,-0.015424659685538617,1051
absolute_loading,477,1842,0.0331328698486619,1051
absolute_loading,477,1843,0.011826931380371646,1051
absolute_loading,477,1844,0.01456781287762257,1051
absolute_loading,477,1845,-0.002493813573595835,1051
absolute_loading,477,1846,0.06651710777031371,1051
absolute_loading,477,1847,-0.02713039209909475,1051
absolute_loading,477,1848,-0.011438201278919043,1051
absolute_loading,477,1849,-0.04037930945343596,1051
absolute_loading,477,1850,0.018210593440713747,1051
absolute_loading,477,1851,-0.021244375003075768,1051
absolute_loading,477,1852,-0.007647368834341911,1051
absolute_loading,477,1853,0.030449138368492612,1051
absolute_loading,477,1854,0.017191298873556384,1051
absolute_loading,477,1855,0.026396698652772246,1051
absolute_loading,477,1856,-0.035229792197409654,1051
absolute_loading,477,1857,0.02223284106976969,1051
absolute_loading,477,1858,-0.02444404950252849,1051
absolute_loading,477,1859,-0.008113369977728081,1051
absolute_loading,477,1860,-0.032112096770998466,1051
absolute_loading,477,1861,-0.008655495917335372,1051
absolute_loading,477,1862,-0.014168194112217097,1051
absolute_loading,477,1863,-0.0009145489653274157,1051
absolute_loading,477,1864,-0.017445698015482684,1051
absolute_loading,477,1865,0.011659093307663336,1051
absolute_loading,477,1866,0.02094696524115733,1051
absolute_loading,477,1867,-0.023768301068425937,1051
absolute_loading,477,1868,0.06846102134275754,1051
absolute_loading,477,1869,0.05547839923065981,1051
absolute_loading,477,1870,-0.004823231204008041,1051
absolute_loading,477,1871,0.05588111211454116,1051
absolute_loading,477,1872,-0.00035470739313714296,1051
absolute_loading,477,1873,-0.00021707327325077625,1051
absolute_loading,477,1874,-0.022345145715822464,1051
absolute_loading,477,1875,-0.045535092935672754,1051
absolute_loading,477,1876,-0.02068110203083337,1051
absolute_loading,477,1877,-0.00005279624136022142,1051
absolute_loading,477,1878,-0.054433018487368194,1051
absolute_loading,477,1879,-0.014150577346658368,1051
absolute_loading,477,1880,-0.04009434245351215,1051
absolute_loading,477,1881,-0.027634017351210273,1051
absolute_loading,477,1882,0.011764475302129967,1051
absolute_loading,477,1883,-0.011549379301076503,1051
absolute_loading,477,1884,0.011738424863576487,1051
absolute_loading,477,1885,-0.036091968871482416,1051
absolute_loading,477,1886,0.025643680142543104,1051
absolute_loading,477,1887,-0.027525978406896093,1051
absolute_loading,477,1888,0.06281914953222237,1051
absolute_loading,477,1889,-0.015595430676151645,1051
absolute_loading,477,1890,0.035984416061766306,1051
absolute_loading,477,1891,-0.024385765020389846,1051
absolute_loading,477,1892,-0.007771824745153124,1051
absolute_loading,477,1893,0.013253644405694744,1051
absolute_loading,477,1894,-0.06778874651868252,1051
absolute_loading,477,1895,0.013845127962679,1051
absolute_loading,477,1896,0.040993184777165355,1051
absolute_loading,477,1897,-0.03478022834116024,1051
absolute_loading,477,1898,-0.0378071170964555,1051
absolute_loading,477,1899,0.0762678354884171,1051
absolute_loading,477,1900,0.02869215987872055,1051
absolute_loading,477,1901,0.013441063017481951,1051
absolute_loading,477,1902,-0.009253962424902111,1051
absolute_loading,477,1903,-0.03544921056105399,1051
absolute_loading,477,1904,-0.014410552269127049,1051
absolute_loading,477,1905,0.008227346670893303,1051
absolute_loading,477,1906,-0.002201274707025291,1051
absolute_loading,477,1907,0.008201616406601636,1051
absolute_loading,477,1908,-0.01137120138858644,1051
absolute_loading,477,1909,-0.03158211244983101,1051
absolute_loading,477,1910,-0.006737197987988353,1051
absolute_loading,477,1911,-0.040641763800992235,1051
absolute_loading,477,1912,-0.0189052372913742,1051
absolute_loading,477,1913,-0.023084521478341703,1051
absolute_loading,477,1914,-0.05512448921608748,1051
absolute_loading,477,1915,-0.01830709825996467,1051
absolute_loading,477,1916,-0.034445082669419126,1051
absolute_loading,477,1917,-0.021716005439433264,1051
absolute_loading,477,1918,0.004975663059603133,1051
absolute_loading,477,1919,-0.003931896733926119,1051
absolute_loading,477,1920,-0.07059839788471665,1051
absolute_loading,477,1921,-0.012339587802240044,1051
absolute_loading,477,1922,-0.009144694890223671,1051
absolute_loading,477,1923,0.00017916636285115776,1051
absolute_loading,477,1924,0.034475032874169934,1051
absolute_loading,477,1925,-0.013785030474347272,1051
absolute_loading,477,1926,0.004630328013845959,1051
absolute_loading,477,1927,-0.04840151258634198,1051
absolute_loading,477,1928,0.015412786853089881,1051
absolute_loading,477,1929,0.036046354508472815,1051
absolute_loading,477,1930,0.07265475026226534,1051
absolute_loading,477,1931,-0.011806790797299788,1051
absolute_loading,477,1932,-0.012287961784116919,1051
absolute_loading,477,1933,0.03515325038420089,1051
absolute_loading,477,1934,0.0403999462907926,1051
absolute_loading,477,1935,0.03145583718366883,1051
absolute_loading,477,1936,0.04151158178324534,1051
absolute_loading,477,1937,0.0034827934063457163,1051
absolute_loading,477,1938,-0.04117501119951328,1051
absolute_loading,477,1939,0.002414589040138205,1051
absolute_loading,477,1940,-0.011388667089475774,1051
absolute_loading,477,1941,-0.005309168045172399,1051
absolute_loading,477,1942,-0.01439826608063041,1051
absolute_loading,477,1943,-0.04037630030059864,1051
absolute_loading,477,1944,-0.017788416606530348,1051
absolute_loading,477,1945,0.015592481610524945,1051
absolute_loading,477,1946,0.002146690960854905,1051
absolute_loading,477,1947,-0.025036412206330235,1051
absolute_loading,477,1948,0.014755784798537931,1051
absolute_loading,477,1949,-0.0057485585912610835,1051
absolute_loading,477,1950,0.005332165370391383,1051
absolute_loading,477,1951,-0.013373952598542495,1051
absolute_loading,477,1952,0.05910439380001957,1051
absolute_loading,477,1953,0.023824318443212297,1051
absolute_loading,477,1954,0.047029022564896265,1051
absolute_loading,477,1955,0.05137038698389957,1051
absolute_loading,477,1956,0.04860779323823708,1051
absolute_loading,477,1957,0.027868795859663346,1051
absolute_loading,477,1958,0.019123136641249986,1051
absolute_loading,477,1959,0.051109971285285945,1051
absolute_loading,477,1960,0.020474199019430404,1051
absolute_loading,477,1961,-0.030702873865949196,1051
absolute_loading,477,1962,0.0433139979266455,1051
absolute_loading,477,1963,-0.021530523614423414,1051
absolute_loading,477,1964,-0.00829214293899077,1051
absolute_loading,477,1965,0.022556321457315544,1051
absolute_loading,477,1966,0.014467185349685684,1051
absolute_loading,477,1967,-0.015006657133047595,1051
absolute_loading,477,1968,-0.0122251102139126,1051
absolute_loading,477,1969,0.004018132151965303,1051
absolute_loading,477,1970,-0.012796848913325649,1051
absolute_loading,477,1971,0.09040567504341146,1051
absolute_loading,477,1972,-0.03996637608462279,1051
absolute_loading,477,1973,-0.009059728770537394,1051
absolute_loading,477,1974,-0.0013545838998930348,1051
absolute_loading,477,1975,0.006450006381916415,1051
absolute_loading,477,1976,-0.005012074412176762,1051
absolute_loading,477,1977,0.0038652720641564036,1051
absolute_loading,477,1978,0.007123499626256449,1051
absolute_loading,477,1979,0.029941066424028166,1051
absolute_loading,477,1980,-0.044025171291233546,1051
absolute_loading,477,1981,-0.02528022734916725,1051
absolute_loading,477,1982,0.025181513551792347,1051
absolute_loading,477,1983,-0.010402847863779844,1051
absolute_loading,477,1984,-0.01811140211840904,1051
absolute_loading,477,1985,0.046858065976825666,1051
absolute_loading,477,1986,-0.03274607859971577,1051
absolute_loading,477,1987,-0.008950876388154207,1051
absolute_loading,477,1988,-0.005165039290245772,1051
absolute_loading,477,1989,0.02893688760449801,1051
absolute_loading,477,1990,-0.009049828603459336,1051
absolute_loading,477,1991,0.04834652337868301,1051
absolute_loading,477,1992,0.019505938980613115,1051
absolute_loading,477,1993,-0.014874465199643423,1051
absolute_loading,477,1994,0.05074939449851179,1051
absolute_loading,477,1995,0.025908071848049316,1051
absolute_loading,477,1996,0.031661769858315814,1051
absolute_loading,477,1997,0.042521718124665514,1051
absolute_loading,477,1998,-0.002420792230203929,1051
absolute_loading,477,1999,0.0068501536592605085,1051
absolute_loading,477,2000,0.014720472789705395,1051
absolute_loading,477,2001,-0.006343354652036804,1051
absolute_loading,477,2002,0.045737650681215,1051
absolute_loading,477,2003,0.03164666026234265,1051
absolute_loading,477,2004,-0.021426829700968077,1051
absolute_loading,477,2005,0.023751246399615313,1051
absolute_loading,477,2006,0.03607266854861493,1051
absolute_loading,477,2007,-0.039567539212364285,1051
absolute_loading,477,2008,-0.032182276497624056,1051
absolute_loading,477,2009,0.0013202113864988383,1051
absolute_loading,477,2010,-0.024244993778523346,1051
absolute_loading,477,2011,-0.004400004418713714,1051
absolute_loading,477,2012,-0.05856077833402531,1051
absolute_loading,477,2013,-0.017478393620856455,1051
absolute_loading,477,2014,0.03211186430886787,1051
absolute_loading,477,2015,-0.0008444988236656612,1051
absolute_loading,477,2016,-0.0022699986012031568,1051
absolute_loading,477,2017,0.004255521697266226,1051
absolute_loading,477,2018,-0.05109879803791135,1051
absolute_loading,477,2019,-0.004469315040969182,1051
absolute_loading,477,2020,0.030070512041036498,1051
absolute_loading,477,2021,-0.020893257890020837,1051
absolute_loading,477,2022,0.06096846743909385,1051
absolute_loading,477,2023,0.007660946296125375,1051
absolute_loading,477,2024,-0.004886345011950676,1051
absolute_loading,477,2025,-0.03073325310443215,1051
absolute_loading,477,2026,-0.013294923218661603,1051
absolute_loading,477,2027,-0.005669120918774365,1051
absolute_loading,477,2028,-0.0403329067958158,1051
absolute_loading,477,2029,-0.012999412206736576,1051
absolute_loading,477,2030,-0.019088570282084653,1051
absolute_loading,477,2031,-0.04963949078287742,1051
absolute_loading,477,2032,0.030384115352339112,1051
absolute_loading,477,2033,0.012400284715336692,1051
absolute_loading,477,2034,-0.02797867208154606,1051
absolute_loading,477,2035,0.01436167652719899,1051
absolute_loading,477,2036,-0.012074766010450981,1051
absolute_loading,477,2037,0.028685227187597643,1051
absolute_loading,477,2038,0.046491179076609976,1051
absolute_loading,477,2039,-0.04288006916314712,1051
absolute_loading,477,2040,0.012081931967220383,1051
absolute_loading,477,2041,-0.02079396374920361,1051
absolute_loading,477,2042,-0.02800194665133181,1051
absolute_loading,477,2043,0.047901334584174754,1051
absolute_loading,477,2044,0.02228351626997385,1051
absolute_loading,477,2045,0.029469505079555793,1051
absolute_loading,477,2046,-0.026005469052880873,1051
absolute_loading,477,2047,0.056224144717962,1051
absolute_loading,477,2048,-0.001730042326408305,1051
absolute_loading,477,2049,-0.02401189608078248,1051
absolute_loading,477,2050,0.012985998872362303,1051
absolute_loading,477,2051,0.042570829111819836,1051
absolute_loading,477,2052,0.018183626397037723,1051
absolute_loading,477,2053,-0.004204413275246827,1051
absolute_loading,477,2054,0.012470742958398994,1051
absolute_loading,477,2055,-0.009396203402735807,1051
absolute_loading,477,2056,-0.02072980959593465,1051
absolute_loading,477,2057,0.047944723624558566,1051
absolute_loading,477,2058,-0.014254402996473887,1051
absolute_loading,477,2059,0.026735896811116575,1051
absolute_loading,477,2060,-0.012511916511434877,1051
absolute_loading,477,2061,-0.003377632186384393,1051
absolute_loading,477,2062,-0.013757512267160354,1051
absolute_loading,477,2063,-0.0010986032172907818,1051
absolute_loading,477,2064,-0.0817892357452994,1051
absolute_loading,477,2065,-0.005502092710077947,1051
absolute_loading,477,2066,0.009747712118365384,1051
absolute_loading,477,2067,0.07622683516450962,1051
absolute_loading,477,2068,0.00191670066546263,1051
absolute_loading,477,2069,-0.01650230248242631,1051
absolute_loading,477,2070,0.0027427085168186187,1051
absolute_loading,477,2071,0.024855991924249556,1051
absolute_loading,477,2072,-0.04498601890199393,1051
absolute_loading,477,2073,0.019446360874748995,1051
absolute_loading,477,2074,0.025017372168514497,1051
absolute_loading,477,2075,0.039964674376535586,1051
absolute_loading,477,2076,-0.014658426904649207,1051
absolute_loading,477,2077,-0.04953137553891398,1051
absolute_loading,477,2078,0.06292337884628783,1051
absolute_loading,477,2079,0.01759160285160041,1051
absolute_loading,477,2080,-0.008865536928099322,1051
absolute_loading,477,2081,0.017648118955582544,1051
absolute_loading,477,2082,0.06076334644139963,1051
absolute_loading,477,2083,0.03904112617250997,1051
absolute_loading,477,2084,-0.03277995124090501,1051
absolute_loading,477,2085,0.0365856911839293,1051
absolute_loading,477,2086,0.04264025191988101,1051
absolute_loading,477,2087,-0.0026520023192186286,1051
absolute_loading,477,2088,0.028282629058502137,1051
absolute_loading,477,2089,0.006388037707386173,1051
absolute_loading,477,2090,0.02162286929344447,1051
absolute_loading,477,2091,-0.06156685319415549,1051
absolute_loading,477,2092,-0.05181891408664464,1051
absolute_loading,477,2093,-0.021625026779795234,1051
absolute_loading,477,2094,0.029852242236922868,1051
absolute_loading,477,2095,0.02324816551479898,1051
absolute_loading,477,2096,0.03349037140672511,1051
absolute_loading,477,2097,-0.013317650280709758,1051
absolute_loading,477,2098,-0.027694293548351675,1051
absolute_loading,477,2099,-0.002090172450047134,1051
absolute_loading,477,2100,-0.04815569295710178,1051
absolute_loading,477,2101,-0.029531446834155883,1051
absolute_loading,477,2102,0.033212364795889196,1051
absolute_loading,477,2103,0.02475533342800954,1051
absolute_loading,477,2104,-0.013715700569146828,1051
absolute_loading,477,2105,0.0577366400188956,1051
absolute_loading,477,2106,0.0740892550221432,1051
absolute_loading,477,2107,-0.010988138662251448,1051
absolute_loading,477,2108,-0.01694210909084547,1051
absolute_loading,477,2109,0.02310771407802968,1051
absolute_loading,477,2110,-0.00368603213301104,1051
absolute_loading,477,2111,0.007400445839743811,1051
absolute_loading,477,2112,0.06341643235123985,1051
absolute_loading,477,2113,0.04399307511799674,1051
absolute_loading,477,2114,-0.025138417503677114,1051
absolute_loading,477,2115,-0.047337417306296585,1051
absolute_loading,477,2116,0.03759599781814768,1051
absolute_loading,477,2117,-0.02229194502887942,1051
absolute_loading,477,2118,0.031226887743397616,1051
absolute_loading,477,2119,-0.04732813237323646,1051
absolute_loading,477,2120,0.030608551006193554,1051
absolute_loading,477,2121,-0.01695085269646368,1051
absolute_loading,477,2122,-0.013876860056784757,1051
absolute_loading,477,2123,0.021932304398362832,1051
absolute_loading,477,2124,-0.03672421854081661,1051
absolute_loading,477,2125,-0.021553525253551302,1051
absolute_loading,477,2126,-0.003271578918555322,1051
absolute_loading,477,2127,0.012047576300033449,1051
absolute_loading,477,2128,-0.04438603593687295,1051
absolute_loading,477,2129,-0.007603121579832289,1051
absolute_loading,477,2130,-0.0522889034417383,1051
absolute_loading,477,2131,0.012144924948755569,1051
absolute_loading,477,2132,0.06078607138855925,1051
absolute_loading,477,2133,0.0011262281312103438,1051
absolute_loading,477,2134,0.005144014594058639,1051
absolute_loading,477,2135,0.014388185632562684,1051
absolute_loading,477,2136,0.011833494284768027,1051
absolute_loading,477,2137,0.0031529043855718806,1051
absolute_loading,477,2138,-0.018703484094053827,1051
absolute_loading,477,2139,0.00796065364302876,1051
absolute_loading,477,2140,0.0645923797019299,1051
absolute_loading,477,2141,0.003699764613848726,1051
absolute_loading,477,2142,0.007823426141561196,1051
absolute_loading,477,2143,0.01597484531020915,1051
absolute_loading,477,2144,-0.008398899668135063,1051
absolute_loading,477,2145,0.055491769660339266,1051
absolute_loading,477,2146,-0.053001947118628094,1051
absolute_loading,477,2147,0.02222607520418627,1051
absolute_loading,477,2148,0.01433795916260211,1051
absolute_loading,477,2149,0.021588561286741415,1051
absolute_loading,477,2150,0.03847330715532416,1051
absolute_loading,477,2151,-0.022744560089467666,1051
absolute_loading,477,2152,-0.008772071458313144,1051
absolute_loading,477,2153,-0.010648646912623568,1051
absolute_loading,477,2154,0.03912615522111195,1051
absolute_loading,477,2155,-0.00016905670288599827,1051
absolute_loading,477,2156,0.04301468514495124,1051
absolute_loading,477,2157,0.022353049123769942,1051
absolute_loading,477,2158,-0.012241188785833041,1051
absolute_loading,477,2159,-0.02431131940526108,1051
absolute_loading,477,2160,-0.0433770051932613,1051
absolute_loading,477,2161,0.0007019135087393609,1051
absolute_loading,477,2162,-0.03196984710138063,1051
absolute_loading,477,2163,0.009369591566043667,1051
absolute_loading,477,2164,-0.011902073806749975,1051
absolute_loading,477,2165,0.00877148659878476,1051
absolute_loading,477,2166,-0.00632566414849697,1051
absolute_loading,477,2167,-0.017051002601393913,1051
absolute_loading,477,2168,-0.07257877249396817,1051
absolute_loading,477,2169,-0.0167510517017787,1051
absolute_loading,477,2170,-0.057577418366992664,1051
absolute_loading,477,2171,-0.0011104385017482283,1051
absolute_loading,477,2172,0.01717242917514445,1051
absolute_loading,477,2173,0.01365122944809747,1051
absolute_loading,477,2174,-0.05217044845888185,1051
absolute_loading,477,2175,0.0022481980414161577,1051
absolute_loading,477,2176,0.016888370686562428,1051
absolute_loading,477,2177,-0.05332804189030875,1051
absolute_loading,477,2178,-0.0025681337867716177,1051
absolute_loading,477,2179,-0.015842429147286136,1051
absolute_loading,477,2180,-0.012856614331747156,1051
absolute_loading,477,2181,-0.04876676290950374,1051
absolute_loading,477,2182,-0.03175116780688321,1051
absolute_loading,477,2183,-0.020161038647817632,1051
absolute_loading,477,2184,0.04169227159405204,1051
absolute_loading,477,2185,-0.025578472839223928,1051
absolute_loading,477,2186,0.0241347667822453,1051
absolute_loading,477,2187,-0.008207622354755887,1051
absolute_loading,477,2188,0.0072270175050492685,1051
absolute_loading,477,2189,0.02013343199605002,1051
absolute_loading,477,2190,0.005909910973698593,1051
absolute_loading,477,2191,-0.03505347272581744,1051
absolute_loading,477,2192,-0.009979954208496138,1051
absolute_loading,477,2193,-0.0340799530869556,1051
absolute_loading,477,2194,-0.005082550441966216,1051
absolute_loading,477,2195,-0.0007838474079085236,1051
absolute_loading,477,2196,-0.017394214722361256,1051
absolute_loading,477,2197,-0.008014533202997281,1051
absolute_loading,477,2198,0.050687297701240495,1051
absolute_loading,477,2199,0.04624047864581538,1051
absolute_loading,477,2200,-0.037206286560424046,1051
absolute_loading,477,2201,-0.003020262295515827,1051
absolute_loading,477,2202,-0.023885888547973334,1051
absolute_loading,477,2203,0.0035890772267030187,1051
absolute_loading,477,2204,-0.056253218558157674,1051
absolute_loading,477,2205,-0.03200951848887374,1051
absolute_loading,477,2206,0.0031539906371428087,1051
absolute_loading,477,2207,0.049934025409188294,1051
absolute_loading,477,2208,0.04027737257863006,1051
absolute_loading,477,2209,0.011382114022961569,1051
absolute_loading,477,2210,0.024629435996854077,1051
absolute_loading,477,2211,-0.034610330749646485,1051
absolute_loading,477,2212,-0.015951218705280743,1051
absolute_loading,477,2213,-0.010713855005154267,1051
absolute_loading,477,2214,-0.039497262666823435,1051
absolute_loading,477,2215,-0.0008242056348222511,1051
absolute_loading,477,2216,0.02687929076989444,1051
absolute_loading,477,2217,-0.0573142785253691,1051
absolute_loading,477,2218,0.029328357726946922,1051
absolute_loading,477,2219,0.01580571289161991,1051
absolute_loading,477,2220,-0.0038823534693843533,1051
absolute_loading,477,2221,-0.029521428268892945,1051
absolute_loading,477,2222,0.025424239047001286,1051
absolute_loading,477,2223,-0.017180202240328957,1051
absolute_loading,477,2224,-0.030910367377509674,1051
absolute_loading,477,2225,0.00614187550525393,1051
absolute_loading,477,2226,0.043779782096696224,1051
absolute_loading,477,2227,0.023692778484762797,1051
absolute_loading,477,2228,0.017173700681305352,1051
absolute_loading,477,2229,-0.008978193647105531,1051
absolute_loading,477,2230,-0.07632848898839006,1051
absolute_loading,477,2231,0.03667775587573615,1051
absolute_loading,477,2232,0.009137499975740244,1051
absolute_loading,477,2233,-0.002371626173495025,1051
absolute_loading,477,2234,0.05295303707976718,1051
absolute_loading,477,2235,-0.030325557481332845,1051
absolute_loading,477,2236,0.0012126591184711424,1051
absolute_loading,477,2237,-0.06431777547784547,1051
absolute_loading,477,2238,0.0256089476389304,1051
absolute_loading,477,2239,0.03867560434877127,1051
absolute_loading,477,2240,0.03210483046638301,1051
absolute_loading,477,2241,0.017695062597291217,1051
absolute_loading,477,2242,-0.0022936874760938544,1051
absolute_loading,477,2243,-0.03567219813346878,1051
absolute_loading,477,2244,-0.0004286997003302441,1051
absolute_loading,477,2245,0.029923984807959124,1051
absolute_loading,477,2246,-0.03858428689746432,1051
absolute_loading,477,2247,-0.03326318057954352,1051
absolute_loading,477,2248,-0.015960093573069486,1051
absolute_loading,477,2249,-0.013153245042254402,1051
absolute_loading,477,2250,-0.01945275527773716,1051
absolute_loading,477,2251,0.00006114840863154855,1051
absolute_loading,477,2252,-0.013894765803753605,1051
absolute_loading,477,2253,0.021254024497328484,1051
absolute_loading,477,2254,-0.004752423434060396,1051
absolute_loading,477,2255,0.07837945389279098,1051
absolute_loading,477,2256,-0.03559388562313073,1051
absolute_loading,477,2257,-0.04759530726900903,1051
absolute_loading,477,2258,0.00946974416039791,1051
absolute_loading,477,2259,0.012088868199563941,1051
absolute_loading,477,2260,0.008280266378603067,1051
absolute_loading,477,2261,-0.0006844586389050521,1051
absolute_loading,477,2262,-0.00837455357578493,1051
absolute_loading,477,2263,0.0036076460902401057,1051
absolute_loading,477,2264,0.024170667122727207,1051
absolute_loading,477,2265,-0.014121667381341251,1051
absolute_loading,477,2266,-0.055514743198197054,1051
absolute_loading,477,2267,0.007215088829855549,1051
absolute_loading,477,2268,-0.035070168234256384,1051
absolute_loading,477,2269,-0.06066016854077406,1051
absolute_loading,477,2270,-0.06093689186906865,1051
absolute_loading,477,2271,0.045591315903425085,1051
absolute_loading,477,2272,-0.020257950604666473,1051
absolute_loading,477,2273,0.022617611956713593,1051
absolute_loading,477,2274,-0.02455400421024293,1051
absolute_loading,477,2275,0.0038100253578373616,1051
absolute_loading,477,2276,-0.011871471847718947,1051
absolute_loading,477,2277,-0.0160982591428124,1051
absolute_loading,477,2278,-0.0478604003067071,1051
absolute_loading,477,2279,-0.007605398693346754,1051
absolute_loading,477,2280,0.00372428791263691,1051
absolute_loading,477,2281,-0.010923792022623233,1051
absolute_loading,477,2282,0.037700772775655256,1051
absolute_loading,477,2283,-0.044076604281160885,1051
absolute_loading,477,2284,0.027801293526331906,1051
absolute_loading,477,2285,0.02256776942323011,1051
absolute_loading,477,2286,0.00600702280356585,1051
absolute_loading,477,2287,0.03286424602424434,1051
absolute_loading,477,2288,-0.022475686137100225,1051
absolute_loading,477,2289,-0.04964911440350555,1051
absolute_loading,477,2290,0.02035597666891056,1051
absolute_loading,477,2291,0.0040458860185895945,1051
absolute_loading,477,2292,0.034905393357659215,1051
absolute_loading,477,2293,0.01729969066845618,1051
absolute_loading,477,2294,-0.03695475651814851,1051
absolute_loading,477,2295,0.007613810778788602,1051
absolute_loading,477,2296,0.03973962703577001,1051
absolute_loading,477,2297,-0.019972511438075553,1051
absolute_loading,477,2298,0.03204277632576103,1051
absolute_loading,477,2299,-0.026555797245021197,1051
absolute_loading,477,2300,-0.058137801172626194,1051
absolute_loading,477,2301,-0.026329919773079802,1051
absolute_loading,477,2302,-0.061558883655351185,1051
absolute_loading,477,2303,0.0032104330884171373,1051
absolute_loading,477,2304,0.035613307254796917,1051
absolute_loading,477,2305,0.019058699827394943,1051
absolute_loading,477,2306,-0.010280763000639568,1051
absolute_loading,477,2307,0.007092885836425867,1051
absolute_loading,477,2308,-0.04173002551534998,1051
absolute_loading,477,2309,0.003182334969794731,1051
absolute_loading,477,2310,0.011450057777985578,1051
absolute_loading,477,2311,-0.025247534333964147,1051
absolute_loading,477,2312,0.031292298213794895,1051
absolute_loading,477,2313,-0.033265427641776764,1051
absolute_loading,477,2314,0.08475814047787428,1051
absolute_loading,477,2315,0.03940584650680205,1051
absolute_loading,477,2316,0.006935438012346203,1051
absolute_loading,477,2317,0.014865954081425131,1051
absolute_loading,477,2318,-0.03162219868150354,1051
absolute_loading,477,2319,0.00006911640174578979,1051
absolute_loading,477,2320,0.03066878458837556,1051
absolute_loading,477,2321,0.04378596711167581,1051
absolute_loading,477,2322,-0.05758452937008625,1051
absolute_loading,477,2323,-0.029707213634542692,1051
absolute_loading,477,2324,0.014848189585261717,1051
absolute_loading,477,2325,-0.05052190184994812,1051
absolute_loading,477,2326,0.0010393824828392499,1051
absolute_loading,477,2327,0.003524667041145389,1051
absolute_loading,477,2328,-0.008680754600114514,1051
absolute_loading,477,2329,-0.006828631456009743,1051
absolute_loading,477,2330,0.019703340530617838,1051
absolute_loading,477,2331,-0.012176709807216907,1051
absolute_loading,477,2332,0.013543465743102657,1051
absolute_loading,477,2333,0.037947684987244955,1051
absolute_loading,477,2334,-0.0223733598243217,1051
absolute_loading,477,2335,0.05916045459621344,1051
absolute_loading,477,2336,-0.014308634304226573,1051
absolute_loading,477,2337,0.005529837273915262,1051
absolute_loading,477,2338,0.01782028344062239,1051
absolute_loading,477,2339,-0.022723357167202366,1051
absolute_loading,477,2340,-0.01230554373684842,1051
absolute_loading,477,2341,0.025750033091127757,1051
absolute_loading,477,2342,-0.015256564816179747,1051
absolute_loading,477,2343,-0.035187942282732795,1051
absolute_loading,477,2344,-0.002611716094962735,1051
absolute_loading,477,2345,-0.025726635835182577,1051
absolute_loading,477,2346,-0.04187913390534491,1051
absolute_loading,477,2347,-0.0005701400012936803,1051
absolute_loading,477,2348,0.006632697992455089,1051
absolute_loading,477,2349,-0.02747475919910267,1051
absolute_loading,477,2350,-0.019818172099212987,1051
absolute_loading,477,2351,0.004725209191118304,1051
absolute_loading,477,2352,-0.029152839585939408,1051
absolute_loading,477,2353,0.0011042103905680167,1051
absolute_loading,477,2354,-0.014414388960620944,1051
absolute_loading,477,2355,-0.03645439640681777,1051
absolute_loading,477,2356,-0.025637559976901335,1051
absolute_loading,477,2357,-0.021001654118813776,1051
absolute_loading,477,2358,0.0728907980272927,1051
absolute_loading,477,2359,0.009336229659407018,1051
absolute_loading,477,2360,0.007952181917966183,1051
absolute_loading,477,2361,-0.06533195285775378,1051
absolute_loading,477,2362,0.06287869773522674,1051
absolute_loading,477,2363,0.026624697586787146,1051
absolute_loading,477,2364,-0.009201651114634106,1051
absolute_loading,477,2365,-0.030042144711021887,1051
absolute_loading,477,2366,0.051855310136468095,1051
absolute_loading,477,2367,0.01667107349894492,1051
absolute_loading,477,2368,0.05133821149765609,1051
absolute_loading,477,2369,0.0387875611627685,1051
absolute_loading,477,2370,0.003234343040224352,1051
absolute_loading,477,2371,-0.05130300463368362,1051
absolute_loading,477,2372,-0.0336364614195169,1051
absolute_loading,477,2373,0.011379908889285167,1051
absolute_loading,477,2374,-0.0432544299003098,1051
absolute_loading,477,2375,0.018557591063873544,1051
absolute_loading,477,2376,0.006680624665207104,1051
absolute_loading,477,2377,-0.04118821822811039,1051
absolute_loading,477,2378,0.01355129140667911,1051
absolute_loading,477,2379,0.0023659538973555935,1051
absolute_loading,477,2380,0.025970388896484873,1051
absolute_loading,477,2381,0.01101200966120584,1051
absolute_loading,477,2382,-0.03888564977673588,1051
absolute_loading,477,2383,-0.012451936367924132,1051
absolute_loading,477,2384,-0.05066740971409489,1051
absolute_loading,477,2385,-0.016470281521063893,1051
absolute_loading,477,2386,-0.012743263902972047,1051
absolute_loading,477,2387,-0.017995429977255104,1051
absolute_loading,477,2388,-0.00603638323317518,1051
absolute_loading,477,2389,-0.056440311437006827,1051
absolute_loading,477,2390,0.008984339442735119,1051
absolute_loading,477,2391,0.04833641856510126,1051
absolute_loading,477,2392,-0.0523348650667096,1051
absolute_loading,477,2393,-0.03242472208126625,1051
absolute_loading,477,2394,-0.0251327743837752,1051
absolute_loading,477,2395,0.004569642727292102,1051
absolute_loading,477,2396,-0.03788667509637513,1051
absolute_loading,477,2397,0.004080002722849297,1051
absolute_loading,477,2398,0.004292667089255317,1051
absolute_loading,477,2399,0.02691424224440767,1051
absolute_loading,477,2400,-0.04175181723761965,1051
absolute_loading,477,2401,0.021919073150199076,1051
absolute_loading,477,2402,0.01745680052135312,1051
absolute_loading,477,2403,0.004237665924028072,1051
absolute_loading,477,2404,0.01050238487317303,1051
absolute_loading,477,2405,-0.010075048488874676,1051
absolute_loading,477,2406,0.03780933277687007,1051
absolute_loading,477,2407,-0.01510393402842707,1051
absolute_loading,477,2408,-0.032377113089338244,1051
absolute_loading,477,2409,-0.016283470335241492,1051
absolute_loading,477,2410,0.01201630410911147,1051
absolute_loading,477,2411,-0.012764717137479504,1051
absolute_loading,477,2412,-0.026098563818074273,1051
absolute_loading,477,2413,0.041404160647283875,1051
absolute_loading,477,2414,0.024948051803336632,1051
absolute_loading,477,2415,-0.032552889720724516,1051
absolute_loading,477,2416,0.03433629439078217,1051
absolute_loading,477,2417,-0.0162937487726441,1051
absolute_loading,477,2418,-0.07711350824592915,1051
absolute_loading,477,2419,-0.06134128839305337,1051
absolute_loading,477,2420,0.005515235302228396,1051
absolute_loading,477,2421,-0.0646778444050797,1051
absolute_loading,477,2422,-0.04740802091346454,1051
absolute_loading,477,2423,0.008470412188791375,1051
absolute_loading,477,2424,-0.009846785406138746,1051
absolute_loading,477,2425,-0.04180151212446935,1051
absolute_loading,477,2426,0.05282812508653818,1051
absolute_loading,477,2427,0.08477215867905251,1051
absolute_loading,477,2428,0.0062337725109088945,1051
absolute_loading,477,2429,-0.024714769193180993,1051
absolute_loading,477,2430,0.012834787625253136,1051
absolute_loading,477,2431,-0.036574860705548703,1051
absolute_loading,477,2432,-0.020934822695390907,1051
absolute_loading,477,2433,-0.013406359061759453,1051
absolute_loading,477,2434,-0.009123823820697107,1051
absolute_loading,477,2435,-0.02283277241167245,1051
absolute_loading,477,2436,-0.027537299021852927,1051
absolute_loading,477,2437,-0.012135541348312818,1051
absolute_loading,477,2438,0.01450050023702572,1051
absolute_loading,477,2439,-0.039720982699588014,1051
absolute_loading,477,2440,0.04400141037999186,1051
absolute_loading,477,2441,-0.030004469018812305,1051
absolute_loading,477,2442,0.03972034512242505,1051
absolute_loading,477,2443,-0.06721593979038679,1051
absolute_loading,477,2444,-0.009992718149465491,1051
absolute_loading,477,2445,0.03775483675148366,1051
absolute_loading,477,2446,-0.04839631786524627,1051
absolute_loading,477,2447,-0.014004105495881809,1051
absolute_loading,477,2448,-0.01487441623721389,1051
absolute_loading,477,2449,-0.030704632276675067,1051
absolute_loading,477,2450,0.047790188564990246,1051
absolute_loading,477,2451,0.004499480561372978,1051
absolute_loading,477,2452,-0.024429553129610284,1051
absolute_loading,477,2453,-0.01053810087720161,1051
absolute_loading,477,2454,0.043778051788263224,1051
absolute_loading,477,2455,-0.029561430002604094,1051
absolute_loading,477,2456,-0.02129258285037535,1051
absolute_loading,477,2457,0.044710657841135155,1051
absolute_loading,477,2458,0.0013575531716047541,1051
absolute_loading,477,2459,0.0017878437835862808,1051
absolute_loading,477,2460,0.007019492136784663,1051
absolute_loading,477,2461,0.00003550703930931996,1051
absolute_loading,477,2462,-0.03611857565994672,1051
absolute_loading,477,2463,0.037501688118356524,1051
absolute_loading,477,2464,0.012126879911410093,1051
absolute_loading,477,2465,0.008427364733400352,1051
absolute_loading,477,2466,0.025284555815170983,1051
absolute_loading,477,2467,0.04556694165352459,1051
absolute_loading,477,2468,0.0022510817610178605,1051
absolute_loading,477,2469,0.022406870238855455,1051
absolute_loading,477,2470,-0.04709253897797596,1051
absolute_loading,477,2471,-0.03857939971422717,1051
absolute_loading,477,2472,0.037116861182633916,1051
absolute_loading,477,2473,0.0366092631223552,1051
absolute_loading,477,2474,-0.029603916552523514,1051
absolute_loading,477,2475,0.014993179313909956,1051
absolute_loading,477,2476,-0.01323313452994458,1051
absolute_loading,477,2477,-0.011507789631596642,1051
absolute_loading,477,2478,0.00052506560829897,1051
absolute_loading,477,2479,0.03825697549817044,1051
absolute_loading,477,2480,0.007698001331384498,1051
absolute_loading,477,2481,-0.009214704437089001,1051
absolute_loading,477,2482,-0.03215234637422645,1051
absolute_loading,477,2483,0.007869666580609891,1051
absolute_loading,477,2484,0.01512699409701696,1051
absolute_loading,477,2485,-0.02347630728504403,1051
absolute_loading,477,2486,0.0041594913492725115,1051
absolute_loading,477,2487,0.0064776236410661655,1051
absolute_loading,477,2488,0.008851759356038628,1051
absolute_loading,477,2489,-0.018955148828950715,1051
absolute_loading,477,2490,0.043393518320327784,1051
absolute_loading,477,2491,-0.019544307185539435,1051
absolute_loading,477,2492,0.00934267218818539,1051
absolute_loading,477,2493,0.046716191731250724,1051
absolute_loading,477,2494,0.011485331868315168,1051
absolute_loading,477,2495,0.0048443069067575254,1051
absolute_loading,477,2496,-0.03510260861044861,1051
absolute_loading,477,2497,0.03847711756877137,1051
absolute_loading,477,2498,0.03821971727696607,1051
absolute_loading,477,2499,-0.041618223340783904,1051
absolute_loading,477,2500,-0.020310134166554597,1051
absolute_loading,477,2501,-0.038860264156553574,1051
absolute_loading,477,2502,0.029226445660952338,1051
absolute_loading,477,2503,0.04915734335023492,1051
absolute_loading,477,2504,0.038242873030397424,1051
absolute_loading,477,2505,-0.0317708254804299,1051
absolute_loading,477,2506,-0.014122043014740106,1051
absolute_loading,477,2507,-0.04461944639604268,1051
absolute_loading,477,2508,-0.01430029469462014,1051
absolute_loading,477,2509,0.055077423513120866,1051
absolute_loading,477,2510,0.02534675725415367,1051
absolute_loading,477,2511,-0.00796543179317553,1051
absolute_loading,477,2512,0.04416632690851517,1051
absolute_loading,477,2513,-0.04129230886187369,1051
absolute_loading,477,2514,0.014927388085377302,1051
absolute_loading,477,2515,0.00846772913578973,1051
absolute_loading,477,2516,-0.0013904477909525185,1051
absolute_loading,477,2517,-0.049251552883591516,1051
absolute_loading,477,2518,-0.04214911854933511,1051
absolute_loading,477,2519,-0.02576913580266266,1051
absolute_loading,477,2520,-0.0037883424938501124,1051
absolute_loading,477,2521,-0.01012750817732047,1051
absolute_loading,477,2522,0.007460586713517914,1051
absolute_loading,477,2523,-0.01698217719921383,1051
absolute_loading,477,2524,-0.009889710613520522,1051
absolute_loading,477,2525,0.04940970283275161,1051
absolute_loading,477,2526,0.011347611915783927,1051
absolute_loading,477,2527,0.016920348427097585,1051
absolute_loading,477,2528,0.03781804152859784,1051
absolute_loading,477,2529,-0.011154704322527055,1051
absolute_loading,477,2530,-0.017492668948184676,1051
absolute_loading,477,2531,0.023915411354882895,1051
absolute_loading,477,2532,0.029697033388297874,1051
absolute_loading,477,2533,0.0418020604855085,1051
absolute_loading,477,2534,0.018351485302371916,1051
absolute_loading,477,2535,-0.018324083457177044,1051
absolute_loading,477,2536,0.03696910317173527,1051
absolute_loading,477,2537,0.023995345587684316,1051
absolute_loading,477,2538,-0.05658953820240906,1051
absolute_loading,477,2539,0.006918059437193208,1051
absolute_loading,477,2540,-0.015873682074960597,1051
absolute_loading,477,2541,-0.016271214049178452,1051
absolute_loading,477,2542,-0.03553428261594994,1051
absolute_loading,477,2543,0.021933779966365887,1051
absolute_loading,477,2544,0.021317911003122393,1051
absolute_loading,477,2545,-0.0010749055330158206,1051
absolute_loading,477,2546,-0.032388273762865814,1051
absolute_loading,477,2547,-0.019759692446500544,1051
absolute_loading,477,2548,-0.04478330998864832,1051
absolute_loading,477,2549,0.0035925795415640833,1051
absolute_loading,477,2550,0.06161990344478257,1051
absolute_loading,477,2551,0.009110102450638815,1051
absolute_loading,477,2552,-0.05516302953605679,1051
absolute_loading,477,2553,0.06966662923992897,1051
absolute_loading,477,2554,0.016953024633931158,1051
absolute_loading,477,2555,0.005302066254364002,1051
absolute_loading,477,2556,-0.017369110711468978,1051
absolute_loading,477,2557,-0.009200348930204187,1051
absolute_loading,477,2558,0.0038537291639317473,1051
absolute_loading,477,2559,0.020951478601487813,1051
absolute_loading,477,2560,0.020388710771530028,1051
absolute_loading,477,2561,-0.011902648629295454,1051
absolute_loading,477,2562,-0.01482334580908672,1051
absolute_loading,477,2563,0.016597332614687987,1051
absolute_loading,477,2564,-0.049228314342295354,1051
absolute_loading,477,2565,-0.056813372927088546,1051
absolute_loading,477,2566,-0.0071502204807060606,1051
absolute_loading,477,2567,-0.014490523322672089,1051
absolute_loading,477,2568,0.05527893289665031,1051
absolute_loading,477,2569,0.011198680034128964,1051
absolute_loading,477,2570,0.031040399458263767,1051
absolute_loading,477,2571,-0.01568942227198331,1051
absolute_loading,477,2572,0.010408955617707986,1051
absolute_loading,477,2573,0.01725807838084988,1051
absolute_loading,477,2574,0.044052280313393956,1051
absolute_loading,477,2575,-0.021860645788281178,1051
absolute_loading,477,2576,-0.023180621615663123,1051
absolute_loading,477,2577,-0.025759688412084838,1051
absolute_loading,477,2578,-0.0268472236994698,1051
absolute_loading,477,2579,-0.04173870194647974,1051
absolute_loading,477,2580,0.0005009448016316654,1051
absolute_loading,477,2581,-0.02258950465583108,1051
absolute_loading,477,2582,-0.015163346197676682,1051
absolute_loading,477,2583,-0.030555320002102707,1051
absolute_loading,477,2584,-0.010545122773301975,1051
absolute_loading,477,2585,-0.03590409016646292,1051
absolute_loading,477,2586,-0.06687585162569326,1051
absolute_loading,477,2587,0.017042563539883093,1051
absolute_loading,477,2588,0.06885777249120485,1051
absolute_loading,477,2589,-0.014367745933854837,1051
absolute_loading,477,2590,0.000636350149038574,1051
absolute_loading,477,2591,0.009882203705430916,1051
absolute_loading,477,2592,0.05232399968126245,1051
absolute_loading,477,2593,0.039540359541632625,1051
absolute_loading,477,2594,0.038951854112301905,1051
absolute_loading,477,2595,0.0057556250953750355,1051
absolute_loading,477,2596,0.01721589334331566,1051
absolute_loading,477,2597,0.014606927983957952,1051
absolute_loading,477,2598,0.05407495562243871,1051
absolute_loading,477,2599,-0.04506606468263857,1051
absolute_loading,477,2600,0.06923927738025938,1051
absolute_loading,477,2601,-0.049913407543407694,1051
absolute_loading,477,2602,-0.05477160939736008,1051
absolute_loading,477,2603,-0.015384853103876833,1051
absolute_loading,477,2604,0.04856463352517588,1051
absolute_loading,477,2605,-0.03218979904355759,1051
absolute_loading,477,2606,-0.016459927920049532,1051
absolute_loading,477,2607,-0.022021554486555375,1051
absolute_loading,477,2608,0.03843494258942431,1051
absolute_loading,477,2609,-0.04800363456084385,1051
absolute_loading,477,2610,0.02868710238443463,1051
absolute_loading,477,2611,0.009297130237090022,1051
absolute_loading,477,2612,0.008127068469228622,1051
absolute_loading,477,2613,-0.04864329833002219,1051
absolute_loading,477,2614,-0.003574800090770265,1051
absolute_loading,477,2615,0.03199412986423581,1051
absolute_loading,477,2616,0.056636332193213505,1051
absolute_loading,477,2617,0.009374389513340789,1051
absolute_loading,477,2618,-0.017000073207133783,1051
absolute_loading,477,2619,-0.028227263584587905,1051
absolute_loading,477,2620,0.02061515383540226,1051
absolute_loading,477,2621,-0.03305209549402204,1051
absolute_loading,477,2622,0.04977050520142672,1051
absolute_loading,477,2623,-0.016241510409080666,1051
absolute_loading,477,2624,-0.014461497083226487,1051
absolute_loading,477,2625,-0.050075852210881844,1051
absolute_loading,477,2626,-0.041448981929555526,1051
absolute_loading,477,2627,0.013691475221770843,1051
absolute_loading,477,2628,-0.029771554686085454,1051
absolute_loading,477,2629,0.004504212908243008,1051
absolute_loading,477,2630,-0.018009318754144018,1051
absolute_loading,477,2631,0.0013496176158716094,1051
absolute_loading,477,2632,0.024768310505773352,1051
absolute_loading,477,2633,0.007378283539969161,1051
absolute_loading,477,2634,0.07734889783310696,1051
absolute_loading,477,2635,0.025691173808954273,1051
absolute_loading,477,2636,-0.03840699097176182,1051
absolute_loading,477,2637,-0.002946493390108867,1051
absolute_loading,477,2638,0.013328650633844917,1051
absolute_loading,477,2639,-0.0063036576849324205,1051
absolute_loading,477,2640,-0.00996237030885142,1051
absolute_loading,477,2641,0.01636736326377661,1051
absolute_loading,477,2642,-0.024399472506209417,1051
absolute_loading,477,2643,0.04270146695715657,1051
absolute_loading,477,2644,0.05972078217748978,1051
absolute_loading,477,2645,-0.05984628078065768,1051
absolute_loading,477,2646,0.008225955096157273,1051
absolute_loading,477,2647,-0.05568375984060194,1051
absolute_loading,477,2648,0.011503321006554683,1051
absolute_loading,477,2649,0.0026981040821887903,1051
absolute_loading,477,2650,-0.019721808509579778,1051
absolute_loading,477,2651,0.040606450256976234,1051
absolute_loading,477,2652,-0.013229802155030218,1051
absolute_loading,477,2653,0.0066304659798418685,1051
absolute_loading,477,2654,-0.005443547387532726,1051
absolute_loading,477,2655,-0.00792526295868728,1051
absolute_loading,477,2656,0.019685462557176667,1051
absolute_loading,477,2657,0.021063280998862895,1051
absolute_loading,477,2658,-0.034447169027428955,1051
absolute_loading,477,2659,-0.01834480524878312,1051
absolute_loading,477,2660,-0.03877407219596507,1051
absolute_loading,477,2661,0.0033007224245505825,1051
absolute_loading,477,2662,-0.021141593298892224,1051
absolute_loading,477,2663,-0.01796607487941483,1051
absolute_loading,477,2664,0.03762830837792946,1051
absolute_loading,477,2665,-0.013806238734026062,1051
absolute_loading,477,2666,-0.003765168420842124,1051
absolute_loading,477,2667,0.011707308536683414,1051
absolute_loading,477,2668,0.036491418436036226,1051
absolute_loading,477,2669,-0.014130967596292138,1051
absolute_loading,477,2670,0.03765948262228714,1051
absolute_loading,477,2671,-0.011900477756881805,1051
absolute_loading,477,2672,0.012965917380147178,1051
absolute_loading,477,2673,0.043716356969025476,1051
absolute_loading,477,2674,-0.02514100871498487,1051
absolute_loading,477,2675,0.03781518784702865,1051
absolute_loading,477,2676,0.028278559035362638,1051
absolute_loading,477,2677,-0.039739727196617315,1051
absolute_loading,477,2678,-0.019612019166580025,1051
absolute_loading,477,2679,0.038248808311420204,1051
absolute_loading,477,2680,-0.030619720581987666,1051
absolute_loading,477,2681,-0.009719913265213547,1051
absolute_loading,477,2682,-0.03411889897491883,1051
absolute_loading,477,2683,-0.019449417576478698,1051
absolute_loading,477,2684,-0.005179061746974357,1051
absolute_loading,477,2685,-0.003884496246104416,1051
absolute_loading,477,2686,-0.036208339019559575,1051
absolute_loading,477,2687,0.014980515345660415,1051
absolute_loading,477,2688,0.059991468328314174,1051
absolute_loading,477,2689,0.008830150991811664,1051
absolute_loading,477,2690,0.0336513971978234,1051
absolute_loading,477,2691,0.007642092840278864,1051
absolute_loading,477,2692,-0.015976976997603233,1051
absolute_loading,477,2693,-0.022996965325011817,1051
absolute_loading,477,2694,0.0006677799322972063,1051
absolute_loading,477,2695,0.031212345564030967,1051
absolute_loading,477,2696,-0.01668316206292397,1051
absolute_loading,477,2697,-0.002598933355742446,1051
absolute_loading,477,2698,0.030343496721219596,1051
absolute_loading,477,2699,-0.050009179399834736,1051
absolute_loading,477,2700,0.030719492231519385,1051
absolute_loading,477,2701,-0.043132701235250495,1051
absolute_loading,477,2702,-0.014995781760062228,1051
absolute_loading,477,2703,-0.0237520472758618,1051
absolute_loading,477,2704,0.02909794145444795,1051
absolute_loading,477,2705,0.00038732320708436985,1051
absolute_loading,477,2706,0.02878993797329813,1051
absolute_loading,477,2707,-0.012923278989006621,1051
absolute_loading,477,2708,-0.08150748769758306,1051
absolute_loading,477,2709,0.02007178305009172,1051
absolute_loading,477,2710,-0.007124636689134509,1051
absolute_loading,477,2711,0.034413761003246,1051
absolute_loading,477,2712,0.028861390501007504,1051
absolute_loading,477,2713,0.020607709893350697,1051
absolute_loading,477,2714,-0.018502224172269637,1051
absolute_loading,477,2715,0.02466660406176331,1051
absolute_loading,477,2716,-0.023041227055415024,1051
absolute_loading,477,2717,-0.006499774956669921,1051
absolute_loading,477,2718,0.03999281588624168,1051
absolute_loading,477,2719,0.019583117644646417,1051
absolute_loading,477,2720,0.009496961022471481,1051
absolute_loading,477,2721,0.04179878928988548,1051
absolute_loading,477,2722,0.02006655473217965,1051
absolute_loading,477,2723,0.03903340288311452,1051
absolute_loading,477,2724,-0.00019279158361623386,1051
absolute_loading,477,2725,-0.01941269558648505,1051
absolute_loading,477,2726,-0.02221203080666576,1051
absolute_loading,477,2727,0.024657330415252688,1051
absolute_loading,477,2728,0.024436601564098503,1051
absolute_loading,477,2729,-0.044246042657131106,1051
absolute_loading,477,2730,0.03146257060735071,1051
absolute_loading,477,2731,-0.0074849856800905425,1051
absolute_loading,477,2732,-0.013031007834626455,1051
absolute_loading,477,2733,-0.016455689538363384,1051
absolute_loading,477,2734,0.022021761451071237,1051
absolute_loading,477,2735,0.008688775415842597,1051
absolute_loading,477,2736,0.020089165819435012,1051
absolute_loading,477,2737,-0.0514716607376069,1051
absolute_loading,477,2738,0.013443386441880407,1051
absolute_loading,477,2739,0.005987181062881959,1051
absolute_loading,477,2740,-0.04384030580751017,1051
absolute_loading,477,2741,-0.0642713588711579,1051
absolute_loading,477,2742,-0.01858221384744943,1051
absolute_loading,477,2743,0.013176689469871357,1051
absolute_loading,477,2744,0.005405394457895315,1051
absolute_loading,477,2745,-0.058108324315636645,1051
absolute_loading,477,2746,0.026061905889773897,1051
absolute_loading,477,2747,0.009338118666571756,1051
absolute_loading,477,2748,0.041438577404290584,1051
absolute_loading,477,2749,0.005136849033474318,1051
absolute_loading,477,2750,0.023720012564325234,1051
absolute_loading,477,2751,-0.036094483046750454,1051
absolute_loading,477,2752,-0.016194579394935925,1051
absolute_loading,477,2753,-0.02599967252783173,1051
absolute_loading,477,2754,0.0004618144221908991,1051
absolute_loading,477,2755,0.039496266295514136,1051
absolute_loading,477,2756,-0.005698337062569225,1051
absolute_loading,477,2757,0.024032216878799497,1051
absolute_loading,477,2758,-0.032333448583195964,1051
absolute_loading,477,2759,0.005913399462738963,1051
absolute_loading,477,2760,-0.056256002171083265,1051
absolute_loading,477,2761,-0.005258851843385654,1051
absolute_loading,477,2762,-0.008306478436907013,1051
absolute_loading,477,2763,-0.017314635247609608,1051
absolute_loading,477,2764,0.03447292950879737,1051
absolute_loading,477,2765,0.0054160994433742286,1051
absolute_loading,477,2766,0.00839877982423236,1051
absolute_loading,477,2767,-0.017467961229657665,1051
absolute_loading,477,2768,-0.0537324816680741,1051
absolute_loading,477,2769,0.00003563569298024745,1051
absolute_loading,477,2770,0.021218626276079563,1051
absolute_loading,477,2771,0.030296309283131862,1051
absolute_loading,477,2772,0.04052038973096127,1051
absolute_loading,477,2773,-0.05257098667768025,1051
absolute_loading,477,2774,-0.07481629974667159,1051
absolute_loading,477,2775,-0.013428911992760084,1051
absolute_loading,477,2776,0.03925554681427664,1051
absolute_loading,477,2777,0.01979998458905878,1051
absolute_loading,477,2778,0.0025854586310576997,1051
absolute_loading,477,2779,0.03200080263438677,1051
absolute_loading,477,2780,-0.02018338198742283,1051
absolute_loading,477,2781,-0.00010667636953959147,1051
absolute_loading,477,2782,0.05630367981771867,1051
absolute_loading,477,2783,0.0023290263119343634,1051
absolute_loading,477,2784,-0.04149322403302849,1051
absolute_loading,477,2785,0.01348499152369073,1051
absolute_loading,477,2786,0.03951571381797896,1051
absolute_loading,477,2787,0.01161860702744124,1051
absolute_loading,477,2788,0.001122316587929172,1051
absolute_loading,477,2789,0.05033513843992657,1051
absolute_loading,477,2790,-0.0605488433629611,1051
absolute_loading,477,2791,-0.012098334615851592,1051
absolute_loading,477,2792,0.010329534396806823,1051
absolute_loading,477,2793,-0.030422781927492457,1051
absolute_loading,477,2794,0.010376079358161166,1051
absolute_loading,477,2795,0.009620720957982342,1051
absolute_loading,477,2796,0.06377247483023737,1051
absolute_loading,477,2797,-0.04060402807001004,1051
absolute_loading,477,2798,0.046461488360696274,1051
absolute_loading,477,2799,0.028982282044771882,1051
absolute_loading,477,2800,0.01841635886283819,1051
absolute_loading,477,2801,0.027737413690617406,1051
absolute_loading,477,2802,-0.0056498031288705515,1051
absolute_loading,477,2803,0.017171919986525487,1051
absolute_loading,477,2804,-0.00851629205288086,1051
absolute_loading,477,2805,-0.03415126585183053,1051
absolute_loading,477,2806,-0.02898664426073068,1051
absolute_loading,477,2807,-0.016792324491639286,1051
absolute_loading,477,2808,-0.017821014522400827,1051
absolute_loading,477,2809,0.0001418881838793307,1051
absolute_loading,477,2810,0.0056940962132801054,1051
absolute_loading,477,2811,0.020539061036908373,1051
absolute_loading,477,2812,0.04211532838525122,1051
absolute_loading,477,2813,-0.021959569773922646,1051
absolute_loading,477,2814,-0.032160121716548515,1051
absolute_loading,477,2815,-0.04001801003007608,1051
absolute_loading,477,2816,0.03076144047918454,1051
absolute_loading,477,2817,-0.025063651368544822,1051
absolute_loading,477,2818,-0.02131680292214777,1051
absolute_loading,477,2819,-0.0580716609556142,1051
absolute_loading,477,2820,0.018177500170712887,1051
absolute_loading,477,2821,0.006781744724233798,1051
absolute_loading,477,2822,-0.025905023888326197,1051
absolute_loading,477,2823,-0.004602926626392862,1051
absolute_loading,477,2824,-0.029140282009630036,1051
absolute_loading,477,2825,-0.009973469617999609,1051
absolute_loading,477,2826,0.015962472640700356,1051
absolute_loading,477,2827,-0.030636679955168097,1051
absolute_loading,477,2828,-0.029882358368412156,1051
absolute_loading,477,2829,0.015362259882517932,1051
absolute_loading,477,2830,0.051667014252312925,1051
absolute_loading,477,2831,0.048493637398795086,1051
absolute_loading,477,2832,-0.028263071331084303,1051
absolute_loading,477,2833,0.02875407987238584,1051
absolute_loading,477,2834,0.021050837497928156,1051
absolute_loading,477,2835,-0.019863111106731342,1051
absolute_loading,477,2836,-0.017935902282470006,1051
absolute_loading,477,2837,0.022385678485917743,1051
absolute_loading,477,2838,0.004788035839768554,1051
absolute_loading,477,2839,0.031617891086776276,1051
absolute_loading,477,2840,0.03405478657390402,1051
absolute_loading,477,2841,0.0201444186688577,1051
absolute_loading,477,2842,-0.0030886304385164083,1051
absolute_loading,477,2843,-0.010289695706986256,1051
absolute_loading,477,2844,0.05356126417092668,1051
absolute_loading,477,2845,-0.06149179831038103,1051
absolute_loading,477,2846,-0.005846837388507861,1051
absolute_loading,477,2847,0.012130749429412224,1051
absolute_loading,477,2848,-0.038072992948117765,1051
absolute_loading,477,2849,-0.0022570281942762634,1051
absolute_loading,477,2850,-0.01514320632355408,1051
absolute_loading,477,2851,0.01271939057409705,1051
absolute_loading,477,2852,0.020471378355274007,1051
absolute_loading,477,2853,0.0029413501497988605,1051
absolute_loading,477,2854,6.995081045601587e-6,1051
absolute_loading,477,2855,0.0019215027042071527,1051
absolute_loading,477,2856,0.019596550329190096,1051
absolute_loading,477,2857,-0.015759996254881885,1051
absolute_loading,477,2858,0.004796116828964963,1051
absolute_loading,477,2859,0.01600193185921891,1051
absolute_loading,477,2860,-0.025848684411355304,1051
absolute_loading,477,2861,0.021227590043623925,1051
absolute_loading,477,2862,-0.04647675755085936,1051
absolute_loading,477,2863,-0.04468588230525717,1051
absolute_loading,477,2864,0.009937649149690808,1051
absolute_loading,477,2865,-0.00012980655478512566,1051
absolute_loading,477,2866,-0.04495082301155914,1051
absolute_loading,477,2867,0.06888289513601391,1051
absolute_loading,477,2868,-0.010763803982161358,1051
absolute_loading,477,2869,0.00829713124009539,1051
absolute_loading,477,2870,-0.0050757059450386504,1051
absolute_loading,477,2871,-0.01741847409546668,1051
absolute_loading,477,2872,0.0035944949733374048,1051
absolute_loading,477,2873,-0.02998241433983414,1051
absolute_loading,477,2874,-0.03069873482316946,1051
absolute_loading,477,2875,-0.04468455750429152,1051
absolute_loading,477,2876,0.0034297697777955316,1051
absolute_loading,477,2877,0.03154892124451853,1051
absolute_loading,477,2878,0.10864163997813198,1051
absolute_loading,477,2879,-0.039913907258787275,1051
absolute_loading,477,2880,-0.013828850069445986,1051
absolute_loading,477,2881,-0.0027321449213523205,1051
absolute_loading,477,2882,0.00514908741568025,1051
absolute_loading,477,2883,0.05095971721409823,1051
absolute_loading,477,2884,0.049662520101139786,1051
absolute_loading,477,2885,0.046909749215603265,1051
absolute_loading,477,2886,-0.053324812469745964,1051
absolute_loading,477,2887,-0.0847647334978443,1051
absolute_loading,477,2888,-0.0017609578300500828,1051
absolute_loading,477,2889,-0.02916141059145291,1051
absolute_loading,477,2890,-0.001639289569726445,1051
absolute_loading,477,2891,-0.03507294462820746,1051
absolute_loading,477,2892,0.037259903545161024,1051
absolute_loading,477,2893,0.019005332881139172,1051
absolute_loading,477,2894,0.01648406623129109,1051
absolute_loading,477,2895,0.06817020775499445,1051
absolute_loading,477,2896,0.008214696258019879,1051
absolute_loading,477,2897,0.033718789368068686,1051
absolute_loading,477,2898,0.018176771655703274,1051
absolute_loading,477,2899,0.03216241872623198,1051
absolute_loading,477,2900,-0.009199728309488469,1051
absolute_loading,477,2901,0.0017254761854076915,1051
absolute_loading,477,2902,0.05010904141759626,1051
absolute_loading,477,2903,-0.017654363427073827,1051
absolute_loading,477,2904,-0.003533797545396805,1051
absolute_loading,477,2905,0.002884824839301114,1051
absolute_loading,477,2906,0.03621243158687271,1051
absolute_loading,477,2907,0.021187626768021627,1051
absolute_loading,477,2908,-0.02100294927846589,1051
absolute_loading,477,2909,0.005720282309965849,1051
absolute_loading,477,2910,-0.015003906129381878,1051
absolute_loading,477,2911,-0.03638666576139574,1051
absolute_loading,477,2912,0.05131742418338703,1051
absolute_loading,477,2913,0.015646933577803904,1051
absolute_loading,477,2914,-0.02134742242326225,1051
absolute_loading,477,2915,0.013474977827627226,1051
absolute_loading,477,2916,0.026338154881489884,1051
absolute_loading,477,2917,-0.04062838104181779,1051
absolute_loading,477,2918,-0.007363664541853974,1051
absolute_loading,477,2919,-0.030223634846275983,1051
absolute_loading,477,2920,0.03114510686318954,1051
absolute_loading,477,2921,0.04279630517525805,1051
absolute_loading,477,2922,0.09308175549906704,1051
absolute_loading,477,2923,0.01540993681712267,1051
absolute_loading,477,2924,0.018383097562677562,1051
absolute_loading,477,2925,-0.007085817800818045,1051
absolute_loading,477,2926,0.022898202918193385,1051
absolute_loading,477,2927,0.04984308792059187,1051
absolute_loading,477,2928,-0.05615523841215087,1051
absolute_loading,477,2929,-0.03483173919857692,1051
absolute_loading,477,2930,0.009924051596139431,1051
absolute_loading,477,2931,0.013475127529154697,1051
absolute_loading,477,2932,0.005757621098310892,1051
absolute_loading,477,2933,-0.004708876143514499,1051
absolute_loading,477,2934,0.08155987100954463,1051
absolute_loading,477,2935,-0.009621391855035709,1051
absolute_loading,477,2936,0.005181561631502071,1051
absolute_loading,477,2937,-0.025282484473618205,1051
absolute_loading,477,2938,-0.0034495863888285142,1051
absolute_loading,477,2939,-0.006989876627695507,1051
absolute_loading,477,2940,0.004456577624427258,1051
absolute_loading,477,2941,-0.0718542163886443,1051
absolute_loading,477,2942,0.006892610855312944,1051
absolute_loading,477,2943,0.04576767903193637,1051
absolute_loading,477,2944,-0.007385943096586078,1051
absolute_loading,477,2945,-0.027240500805206805,1051
absolute_loading,477,2946,0.03206291781140902,1051
absolute_loading,477,2947,0.013062531575339022,1051
absolute_loading,477,2948,0.002824680373762235,1051
absolute_loading,477,2949,-0.0057423490530463354,1051
absolute_loading,477,2950,0.027191704031424044,1051
absolute_loading,477,2951,-0.01304520880539012,1051
absolute_loading,477,2952,-0.020140184027713445,1051
absolute_loading,477,2953,-0.02293987303867467,1051
absolute_loading,477,2954,0.016205760142966135,1051
absolute_loading,477,2955,0.05847718282328757,1051
absolute_loading,477,2956,0.037951635472487116,1051
absolute_loading,477,2957,0.002951756725420037,1051
absolute_loading,477,2958,-0.005867069738250516,1051
absolute_loading,477,2959,0.06301463157180155,1051
absolute_loading,477,2960,0.0007677841294841969,1051
absolute_loading,477,2961,-0.01364394668129562,1051
absolute_loading,477,2962,0.006811065196063557,1051
absolute_loading,477,2963,0.0066177094310227195,1051
absolute_loading,477,2964,0.004941194962959006,1051
absolute_loading,477,2965,0.035909149281540195,1051
absolute_loading,477,2966,-0.034224259420575304,1051
absolute_loading,477,2967,-0.0038594110690737425,1051
absolute_loading,477,2968,0.03647448839900394,1051
absolute_loading,477,2969,0.02319845642660727,1051
absolute_loading,477,2970,-0.019724412926056676,1051
absolute_loading,477,2971,-0.017776678488809806,1051
absolute_loading,477,2972,-0.02916657281629289,1051
absolute_loading,477,2973,0.011932687477469122,1051
absolute_loading,477,2974,-0.0631420273710976,1051
absolute_loading,477,2975,-0.007765566016542241,1051
absolute_loading,477,2976,-0.04321801958466283,1051
absolute_loading,477,2977,0.04580931310037935,1051
absolute_loading,477,2978,-0.024376354474557937,1051
absolute_loading,477,2979,-0.008152947797458798,1051
absolute_loading,477,2980,-0.047655257026183916,1051
absolute_loading,477,2981,-0.057814215097785907,1051
absolute_loading,477,2982,-0.015431591385029426,1051
absolute_loading,477,2983,-0.005567611689906818,1051
absolute_loading,477,2984,-0.0108772558384351,1051
absolute_loading,477,2985,-0.011096621590341122,1051
absolute_loading,477,2986,-0.030997172163782616,1051
absolute_loading,477,2987,-0.05144428000260133,1051
absolute_loading,477,2988,0.040659913004943024,1051
absolute_loading,477,2989,0.03699535710485824,1051
absolute_loading,477,2990,-0.03296156303126928,1051
absolute_loading,477,2991,0.0089980444589758,1051
absolute_loading,477,2992,-0.04046628979273726,1051
absolute_loading,477,2993,0.010764610081470345,1051
absolute_loading,477,2994,0.011670573807631727,1051
absolute_loading,477,2995,-0.013268261573791112,1051
absolute_loading,477,2996,0.020595249919557277,1051
absolute_loading,477,2997,0.01068982630428615,1051
absolute_loading,477,2998,0.03251142952029439,1051
absolute_loading,477,2999,0.060018867364385796,1051
absolute_loading,477,3000,0.010357674569756243,1051
absolute_loading,477,3001,-0.0013627750704812856,1051
absolute_loading,477,3002,0.0019806667901534946,1051
absolute_loading,477,3003,-0.008482473123911,1051
absolute_loading,477,3004,0.0064518289427220885,1051
absolute_loading,477,3005,-0.026313693164831356,1051
absolute_loading,477,3006,-0.008837543479491207,1051
absolute_loading,477,3007,0.014215205858623252,1051
absolute_loading,477,3008,0.06370467643928664,1051
absolute_loading,477,3009,-0.0248720409259374,1051
absolute_loading,477,3010,0.01963551308892471,1051
absolute_loading,477,3011,-0.039725921257849836,1051
absolute_loading,477,3012,0.012383536993168598,1051
absolute_loading,477,3013,0.025867434899601947,1051
absolute_loading,477,3014,0.0630418178689017,1051
absolute_loading,477,3015,-0.015804543325117725,1051
absolute_loading,477,3016,0.003707473405189959,1051
absolute_loading,477,3017,0.03925184734288418,1051
absolute_loading,477,3018,-0.03253742131602633,1051
absolute_loading,477,3019,0.03368532162964376,1051
absolute_loading,477,3020,0.0011156128376095052,1051
absolute_loading,477,3021,0.0053230770953680145,1051
absolute_loading,477,3022,0.008498267429223685,1051
absolute_loading,477,3023,0.0293499911545828,1051
absolute_loading,477,3024,0.024990579561693104,1051
absolute_loading,477,3025,-0.029538646971963487,1051
absolute_loading,477,3026,0.03861066297932704,1051
absolute_loading,477,3027,-0.030249946897436694,1051
absolute_loading,477,3028,-0.0070728604919567525,1051
absolute_loading,477,3029,-0.03421056717852734,1051
absolute_loading,477,3030,-0.02692701274828716,1051
absolute_loading,477,3031,0.024788814426932478,1051
absolute_loading,477,3032,0.024805987488646316,1051
absolute_loading,477,3033,0.03099994040393135,1051
absolute_loading,477,3034,0.009178530500639194,1051
absolute_loading,477,3035,-0.06587447350333288,1051
absolute_loading,477,3036,-0.02905262656133439,1051
absolute_loading,477,3037,0.020480267434580087,1051
absolute_loading,477,3038,-0.033403814448157466,1051
absolute_loading,477,3039,0.0628351879207405,1051
absolute_loading,477,3040,0.040459676946378045,1051
absolute_loading,477,3041,0.008819468064144338,1051
absolute_loading,477,3042,0.022223938845526373,1051
absolute_loading,477,3043,-0.038048479003488705,1051
absolute_loading,477,3044,0.028362763646266716,1051
absolute_loading,477,3045,0.009765546008799662,1051
absolute_loading,477,3046,0.007414550893865759,1051
absolute_loading,477,3047,0.06940834909380217,1051
absolute_loading,477,3048,-0.0706421282038579,1051
absolute_loading,477,3049,0.03093970261456107,1051
absolute_loading,477,3050,0.036427981390737905,1051
absolute_loading,477,3051,-0.022117511814525162,1051
absolute_loading,477,3052,0.062104758943673184,1051
absolute_loading,477,3053,-0.04635957179446318,1051
absolute_loading,477,3054,0.02643377284821594,1051
absolute_loading,477,3055,-0.06487971305068002,1051
absolute_loading,477,3056,-0.02735364765466456,1051
absolute_loading,477,3057,0.001523200660549201,1051
absolute_loading,477,3058,0.0401930817869584,1051
absolute_loading,477,3059,-0.003609806638625593,1051
absolute_loading,477,3060,0.007519528650402964,1051
absolute_loading,477,3061,-0.019578476006759472,1051
absolute_loading,477,3062,-0.008736561115509968,1051
absolute_loading,477,3063,-0.03695063077776613,1051
absolute_loading,477,3064,-0.023426368865507433,1051
absolute_loading,477,3065,0.04124153174152662,1051
absolute_loading,477,3066,-0.044947333630762844,1051
absolute_loading,477,3067,0.006368422176865779,1051
absolute_loading,477,3068,-0.011177391083413214,1051
absolute_loading,477,3069,-0.02035225122053962,1051
absolute_loading,477,3070,0.008592076360517375,1051
absolute_loading,477,3071,0.007061747398544815,1051
absolute_loading,477,3072,-0.022402147386749272,1051
absolute_loading,477,3073,0.006773081887508075,1051
absolute_loading,477,3074,0.026115111224360717,1051
absolute_loading,477,3075,-0.038511567536482064,1051
absolute_loading,477,3076,0.03636393737641247,1051
absolute_loading,477,3077,0.030621682873658063,1051
absolute_loading,477,3078,-0.017108757755591765,1051
absolute_loading,477,3079,0.004473604386425657,1051
absolute_loading,477,3080,0.06412641742246496,1051
absolute_loading,477,3081,0.08191199834876604,1051
absolute_loading,477,3082,0.0004744673668376952,1051
absolute_loading,477,3083,-0.03835437224755754,1051
absolute_loading,477,3084,0.0060282300777249895,1051
absolute_loading,477,3085,-0.0032723527471460946,1051
absolute_loading,477,3086,0.006149818793680073,1051
absolute_loading,477,3087,0.02134616413932313,1051
absolute_loading,477,3088,-0.040518197478602934,1051
absolute_loading,477,3089,-0.024623400404244114,1051
absolute_loading,477,3090,-0.04844910948582549,1051
absolute_loading,477,3091,0.018630285567723323,1051
absolute_loading,477,3092,0.009939941837988247,1051
absolute_loading,477,3093,-0.020473991303075974,1051
absolute_loading,477,3094,0.06184626556394295,1051
absolute_loading,477,3095,0.037141219151431655,1051
absolute_loading,477,3096,-0.019685562910252405,1051
absolute_loading,477,3097,0.018287580862661888,1051
absolute_loading,477,3098,-0.022758157309835905,1051
absolute_loading,477,3099,0.004066642896029831,1051
absolute_loading,477,3100,-0.0026303439798651134,1051
absolute_loading,477,3101,-0.0035512084190305287,1051
absolute_loading,477,3102,-0.020515058767132544,1051
absolute_loading,477,3103,-0.03339597908791755,1051
absolute_loading,477,3104,0.02794792396601208,1051
absolute_loading,477,3105,0.016944474695282423,1051
absolute_loading,477,3106,-0.04799082712569148,1051
absolute_loading,477,3107,-0.008759977713987642,1051
absolute_loading,477,3108,0.007642036209565864,1051
absolute_loading,477,3109,-0.008190282149403002,1051
absolute_loading,477,3110,-0.025935107567008352,1051
absolute_loading,477,3111,-0.012346859122728012,1051
absolute_loading,477,3112,-0.028392656332315927,1051
absolute_loading,477,3113,0.01795235739082733,1051
absolute_loading,477,3114,-0.03236373189620537,1051
absolute_loading,477,3115,0.025068618136796082,1051
absolute_loading,477,3116,0.01874033065029599,1051
absolute_loading,477,3117,-0.002588067325475733,1051
absolute_loading,477,3118,0.008270182612747515,1051
absolute_loading,477,3119,-0.035794489237225086,1051
absolute_loading,477,3120,-0.01825151720005227,1051
absolute_loading,477,3121,-0.025211167740514906,1051
absolute_loading,477,3122,-0.03907161952218423,1051
absolute_loading,477,3123,-0.030665150510267705,1051
absolute_loading,477,3124,0.024203958506451573,1051
absolute_loading,477,3125,0.0140097449027832,1051
absolute_loading,477,3126,0.0024931457218120897,1051
absolute_loading,477,3127,0.005323317031927116,1051
absolute_loading,477,3128,-0.02181832919917383,1051
absolute_loading,477,3129,-0.025502072238595932,1051
absolute_loading,477,3130,-0.004874839382439739,1051
absolute_loading,477,3131,-0.03059205222846596,1051
absolute_loading,477,3132,-0.005967131561218957,1051
absolute_loading,477,3133,-0.0012392452971775763,1051
absolute_loading,477,3134,0.01363782170876215,1051
absolute_loading,477,3135,0.010101490359551683,1051
absolute_loading,477,3136,-0.011053925651781045,1051
absolute_loading,477,3137,0.0006010339227454427,1051
absolute_loading,477,3138,0.0024961033209208246,1051
absolute_loading,477,3139,-0.017112898333576577,1051
absolute_loading,477,3140,-0.026950142031332357,1051
absolute_loading,477,3141,-0.008685838627438608,1051
absolute_loading,477,3142,0.05209717482050918,1051
absolute_loading,477,3143,0.01269875146767316,1051
absolute_loading,477,3144,-0.00039281240099764745,1051
absolute_loading,477,3145,0.0336536790894704,1051
absolute_loading,477,3146,-0.021250748234803662,1051
absolute_loading,477,3147,-0.02362329114897224,1051
absolute_loading,477,3148,0.003502349683056223,1051
absolute_loading,477,3149,-0.03791187434672,1051
absolute_loading,477,3150,-0.010932854355918488,1051
absolute_loading,477,3151,-0.022235768668835514,1051
absolute_loading,477,3152,0.058387391460331825,1051
absolute_loading,477,3153,-0.027154432583652962,1051
absolute_loading,477,3154,0.08096937884304327,1051
absolute_loading,477,3155,0.006372339995604162,1051
absolute_loading,477,3156,0.055067852338407434,1051
absolute_loading,477,3157,0.03940901252924673,1051
absolute_loading,477,3158,0.03226955701333255,1051
absolute_loading,477,3159,-0.03959345374736987,1051
absolute_loading,477,3160,-0.005465069681174054,1051
absolute_loading,477,3161,-0.002430279957768315,1051
absolute_loading,477,3162,-0.012244914721634486,1051
absolute_loading,477,3163,-0.001679490592435518,1051
absolute_loading,477,3164,0.02267801344435975,1051
absolute_loading,477,3165,-0.014639707223495058,1051
absolute_loading,477,3166,0.022345877835387353,1051
absolute_loading,477,3167,0.035209317488445496,1051
absolute_loading,477,3168,0.0009169779176273485,1051
absolute_loading,477,3169,0.015624772887024713,1051
absolute_loading,477,3170,0.004029680343315739,1051
absolute_loading,477,3171,-0.01610252364433889,1051
absolute_loading,477,3172,0.053613555347787396,1051
absolute_loading,477,3173,-0.05555389756205078,1051
absolute_loading,477,3174,0.02859741615928817,1051
absolute_loading,477,3175,-0.008466750696118382,1051
absolute_loading,477,3176,-0.026187473130714112,1051
absolute_loading,477,3177,0.026261055285852982,1051
absolute_loading,477,3178,0.01521421101862952,1051
absolute_loading,477,3179,0.010844515775484325,1051
absolute_loading,477,3180,0.019652772563367275,1051
absolute_loading,477,3181,0.06683178817997891,1051
absolute_loading,477,3182,-0.03659217188594932,1051
absolute_loading,477,3183,-0.02873595780305008,1051
absolute_loading,477,3184,-0.04129188602502849,1051
absolute_loading,477,3185,0.04276515972644433,1051
absolute_loading,477,3186,-0.03697936107765288,1051
absolute_loading,477,3187,-0.014778988757423063,1051
absolute_loading,477,3188,-0.007398937091725008,1051
absolute_loading,477,3189,0.03814418428632906,1051
absolute_loading,477,3190,0.04799020996971653,1051
absolute_loading,477,3191,-0.029029734378561253,1051
absolute_loading,477,3192,-0.024376534116347735,1051
absolute_loading,477,3193,0.007984127187683506,1051
absolute_loading,477,3194,-0.03228733308556747,1051
absolute_loading,477,3195,-0.014741408560437973,1051
absolute_loading,477,3196,-0.024291935322879675,1051
absolute_loading,477,3197,-0.02684704777346483,1051
absolute_loading,477,3198,0.026484698486311017,1051
absolute_loading,477,3199,0.018376452498683468,1051
absolute_loading,477,3200,-0.04189492621910559,1051
absolute_loading,477,3201,-0.03066806090469778,1051
absolute_loading,477,3202,-0.014151036455071882,1051
absolute_loading,477,3203,-0.03386530865380022,1051
absolute_loading,477,3204,0.0823606084221145,1051
absolute_loading,477,3205,0.029414924749228577,1051
absolute_loading,477,3206,0.0207192174381346,1051
absolute_loading,477,3207,0.01601034199060086,1051
absolute_loading,477,3208,0.013257743586832819,1051
absolute_loading,477,3209,0.028597742182801058,1051
absolute_loading,477,3210,0.012841116396589703,1051
absolute_loading,477,3211,0.009280357992111245,1051
absolute_loading,477,3212,-0.04236628458726518,1051
absolute_loading,477,3213,-0.030768567565165536,1051
absolute_loading,477,3214,0.017895272245620403,1051
absolute_loading,477,3215,-0.038864338874517096,1051
absolute_loading,477,3216,0.0041168278620358064,1051
absolute_loading,477,3217,0.0003106173801103148,1051
absolute_loading,477,3218,-0.004753538830591452,1051
absolute_loading,477,3219,-0.005661549169903229,1051
absolute_loading,477,3220,0.02716464763403462,1051
absolute_loading,477,3221,-0.020278939795906867,1051
absolute_loading,477,3222,0.008819565401919128,1051
absolute_loading,477,3223,-0.058304295305518256,1051
absolute_loading,477,3224,-0.058268196473294086,1051
absolute_loading,477,3225,-0.011833859485002207,1051
absolute_loading,477,3226,0.050028844143994555,1051
absolute_loading,477,3227,-0.007924742670632314,1051
absolute_loading,477,3228,-0.004748414728119993,1051
absolute_loading,477,3229,0.013091643487771247,1051
absolute_loading,477,3230,-0.027541523512419605,1051
absolute_loading,477,3231,0.00967807878450887,1051
absolute_loading,477,3232,0.04534983840664411,1051
absolute_loading,477,3233,0.04040098600043378,1051
absolute_loading,477,3234,0.04137726298366353,1051
absolute_loading,477,3235,-0.03090318005772521,1051
absolute_loading,477,3236,0.012419557679678306,1051
absolute_loading,477,3237,-0.009617227510540808,1051
absolute_loading,477,3238,-0.0456031697085187,1051
absolute_loading,477,3239,-0.03568249306976872,1051
absolute_loading,477,3240,0.04947889806038175,1051
absolute_loading,477,3241,0.07759079615893248,1051
absolute_loading,477,3242,-0.003079758855224927,1051
absolute_loading,477,3243,-0.01829949368984287,1051
absolute_loading,477,3244,-0.006823953994155355,1051
absolute_loading,477,3245,0.001462689473332114,1051
absolute_loading,477,3246,-0.02370750927282653,1051
absolute_loading,477,3247,-0.017576533603409737,1051
absolute_loading,477,3248,0.006838438686779677,1051
absolute_loading,477,3249,0.007516679597689546,1051
absolute_loading,477,3250,-0.029393120816350357,1051
absolute_loading,477,3251,0.0030829995654757716,1051
absolute_loading,477,3252,0.08395744914929065,1051
absolute_loading,477,3253,-0.020165681563893326,1051
absolute_loading,477,3254,0.016833655414612955,1051
absolute_loading,477,3255,-0.004301593483840967,1051
absolute_loading,477,3256,-0.035066226090288054,1051
absolute_loading,477,3257,-0.012367540469638711,1051
absolute_loading,477,3258,0.04579587199408048,1051
absolute_loading,477,3259,0.031889129972526714,1051
absolute_loading,477,3260,0.003225375345271125,1051
absolute_loading,477,3261,-0.020025485578874666,1051
absolute_loading,477,3262,-0.027359730495493954,1051
absolute_loading,477,3263,0.026922944607504343,1051
absolute_loading,477,3264,-0.025007778558796576,1051
absolute_loading,477,3265,-0.014120009753344171,1051
absolute_loading,477,3266,-0.020437452410050457,1051
absolute_loading,477,3267,-0.023739298909536678,1051
absolute_loading,477,3268,-0.020318733968211024,1051
absolute_loading,477,3269,0.01340073293812412,1051
absolute_loading,477,3270,-0.014892460460578384,1051
absolute_loading,477,3271,-0.006411138510798356,1051
absolute_loading,477,3272,-0.007026216822513628,1051
absolute_loading,477,3273,-0.031439806121156516,1051
absolute_loading,477,3274,-0.032119206687040186,1051
absolute_loading,477,3275,0.041986857220023224,1051
absolute_loading,477,3276,-0.03460799357814943,1051
absolute_loading,477,3277,0.02954883496403142,1051
absolute_loading,477,3278,0.03072647146228491,1051
absolute_loading,477,3279,-0.011662721139526678,1051
absolute_loading,477,3280,-0.02382920305646742,1051
absolute_loading,477,3281,0.047000141458628075,1051
absolute_loading,477,3282,0.04319537685070462,1051
absolute_loading,477,3283,0.008830016115107364,1051
absolute_loading,477,3284,-0.01867367291756662,1051
absolute_loading,477,3285,0.06344895138034778,1051
absolute_loading,477,3286,-0.04584636280258167,1051
absolute_loading,477,3287,0.04598170439195759,1051
absolute_loading,477,3288,-0.014233548347256248,1051
absolute_loading,477,3289,0.009290907238749343,1051
absolute_loading,477,3290,-0.006636104910182145,1051
absolute_loading,477,3291,0.03220042738800268,1051
absolute_loading,477,3292,0.02912565976512397,1051
absolute_loading,477,3293,0.01943015896524354,1051
absolute_loading,477,3294,0.03237183788255507,1051
absolute_loading,477,3295,-0.013141255265603113,1051
absolute_loading,477,3296,0.01358237457154672,1051
absolute_loading,477,3297,-0.004883069612362182,1051
absolute_loading,477,3298,0.06093136098389682,1051
absolute_loading,477,3299,-0.04516244067392696,1051
absolute_loading,477,3300,0.024984111678670175,1051
absolute_loading,477,3301,-0.019807147776503053,1051
absolute_loading,477,3302,-0.0019514869505621465,1051
absolute_loading,477,3303,-0.03853562270327662,1051
absolute_loading,477,3304,-0.029515824150685554,1051
absolute_loading,477,3305,0.009393223159025408,1051
absolute_loading,477,3306,0.04617828334544887,1051
absolute_loading,477,3307,-0.02350928652236961,1051
absolute_loading,477,3308,-0.021835576488393106,1051
absolute_loading,477,3309,-0.010329250448882924,1051
absolute_loading,477,3310,0.035875640886253495,1051
absolute_loading,477,3311,0.03541175151090402,1051
absolute_loading,477,3312,0.02060936658404885,1051
absolute_loading,477,3313,-0.017602065787415324,1051
absolute_loading,477,3314,-0.08109943885127283,1051
absolute_loading,477,3315,0.040988974254376545,1051
absolute_loading,477,3316,0.005444902467335189,1051
absolute_loading,477,3317,-0.04874965921768153,1051
absolute_loading,477,3318,-0.02984548599642093,1051
absolute_loading,477,3319,0.027279596852096643,1051
absolute_loading,477,3320,-0.010181459563379262,1051
absolute_loading,477,3321,0.019227426608154942,1051
absolute_loading,477,3322,-0.06136635288859542,1051
absolute_loading,477,3323,0.04078356410607837,1051
absolute_loading,477,3324,-0.01690113413111284,1051
absolute_loading,477,3325,0.019955632846407254,1051
absolute_loading,477,3326,-0.02506003870506054,1051
absolute_loading,477,3327,0.031886964404400926,1051
absolute_loading,477,3328,0.02594056321119729,1051
absolute_loading,477,3329,0.030419085374126,1051
absolute_loading,477,3330,0.025589702926332832,1051
absolute_loading,477,3331,-0.02187592669642032,1051
absolute_loading,477,3332,0.017066548839867836,1051
absolute_loading,477,3333,-0.03776207729651059,1051
absolute_loading,477,3334,0.0061237801217708466,1051
absolute_loading,477,3335,0.0553992891932827,1051
absolute_loading,477,3336,-0.017055667790431283,1051
absolute_loading,477,3337,0.019250576389732578,1051
absolute_loading,477,3338,0.030441177701132718,1051
absolute_loading,477,3339,0.021616432637272198,1051
absolute_loading,477,3340,-0.023702281063061072,1051
absolute_loading,477,3341,0.010993655256226977,1051
absolute_loading,477,3342,-0.007280137597257882,1051
absolute_loading,477,3343,0.021253946579857342,1051
absolute_loading,477,3344,0.007972433222781778,1051
absolute_loading,477,3345,-0.005555134404142119,1051
absolute_loading,477,3346,-0.004725332965732894,1051
absolute_loading,477,3347,0.019485870034522998,1051
absolute_loading,477,3348,-0.016619031619638566,1051
absolute_loading,477,3349,-0.01586646849458983,1051
absolute_loading,477,3350,-0.022809865499078597,1051
absolute_loading,477,3351,0.014555255648284632,1051
absolute_loading,477,3352,-0.024148017972575517,1051
absolute_loading,477,3353,0.024090159268415692,1051
absolute_loading,477,3354,0.05071332326008485,1051
absolute_loading,477,3355,0.027174607110366875,1051
absolute_loading,477,3356,0.04044127787919746,1051
absolute_loading,477,3357,-0.04962439890993571,1051
absolute_loading,477,3358,-0.013253349522439338,1051
absolute_loading,477,3359,0.01852898552588711,1051
absolute_loading,477,3360,0.026261069952695493,1051
absolute_loading,477,3361,0.03067826006812101,1051
absolute_loading,477,3362,0.019589317533667144,1051
absolute_loading,477,3363,-0.012087958338555565,1051
absolute_loading,477,3364,0.012322390348871231,1051
absolute_loading,477,3365,0.08124081888528988,1051
absolute_loading,477,3366,-0.005861318438533575,1051
absolute_loading,477,3367,-0.03012412190820558,1051
absolute_loading,477,3368,0.03132643588817117,1051
absolute_loading,477,3369,0.006969556759443048,1051
absolute_loading,477,3370,0.004760893364952003,1051
absolute_loading,477,3371,0.03461969210871492,1051
absolute_loading,477,3372,0.0029924001430781336,1051
absolute_loading,477,3373,-0.01563185153343122,1051
absolute_loading,477,3374,-0.03190089261067829,1051
absolute_loading,477,3375,0.015266116173528967,1051
absolute_loading,477,3376,0.04499162953231483,1051
absolute_loading,477,3377,-0.061634550981054664,1051
absolute_loading,477,3378,-0.01992825052120617,1051
absolute_loading,477,3379,-0.0014034867240288109,1051
absolute_loading,477,3380,-0.011905807669441193,1051
absolute_loading,477,3381,0.011672895435611973,1051
absolute_loading,477,3382,0.005557436140580485,1051
absolute_loading,477,3383,-0.030206609039786593,1051
absolute_loading,477,3384,-0.008372727514659112,1051
absolute_loading,477,3385,0.03078506182581794,1051
absolute_loading,477,3386,0.08018193834719634,1051
absolute_loading,477,3387,0.01847827634557681,1051
absolute_loading,477,3388,0.035688275129786076,1051
absolute_loading,477,3389,-0.036219355867081963,1051
absolute_loading,477,3390,-0.0313642177820715,1051
absolute_loading,477,3391,0.0486888101896556,1051
absolute_loading,477,3392,-0.005725328790994746,1051
absolute_loading,477,3393,-0.0380181332932571,1051
absolute_loading,477,3394,-0.00011888619793834266,1051
absolute_loading,477,3395,-0.0024679173995930796,1051
absolute_loading,477,3396,-0.004776748684511767,1051
absolute_loading,477,3397,-0.001908763265132328,1051
absolute_loading,477,3398,0.003269451237342212,1051
absolute_loading,477,3399,-0.014943496050139464,1051
absolute_loading,477,3400,-0.015381583110848295,1051
absolute_loading,477,3401,-0.02619964904897567,1051
absolute_loading,477,3402,0.0076840495079061625,1051
absolute_loading,477,3403,0.02182867167378005,1051
absolute_loading,477,3404,0.053013178337323025,1051
absolute_loading,477,3405,0.008543168281915895,1051
absolute_loading,477,3406,-0.023381502586281935,1051
absolute_loading,477,3407,-0.038225143601163025,1051
absolute_loading,477,3408,0.008315633314048231,1051
absolute_loading,477,3409,0.015270151258705953,1051
absolute_loading,477,3410,0.007624573239579362,1051
absolute_loading,477,3411,0.03174739426778706,1051
absolute_loading,477,3412,-0.035942931811486264,1051
absolute_loading,477,3413,0.011182887091302609,1051
absolute_loading,477,3414,0.030596930626830218,1051
absolute_loading,477,3415,-0.002682789625739623,1051
absolute_loading,477,3416,-0.06041390922441506,1051
absolute_loading,477,3417,0.0074103737848331885,1051
absolute_loading,477,3418,0.03092742715639911,1051
absolute_loading,477,3419,0.056110704365414585,1051
absolute_loading,477,3420,0.04187190666647409,1051
absolute_loading,477,3421,-0.017604060906541714,1051
absolute_loading,477,3422,-0.027184862138701728,1051
absolute_loading,477,3423,0.005858656192157374,1051
absolute_loading,477,3424,0.012102550508484048,1051
absolute_loading,477,3425,-0.010799388431461136,1051
absolute_loading,477,3426,0.009481693970007522,1051
absolute_loading,477,3427,-0.012709864803335939,1051
absolute_loading,477,3428,-0.05070260195830569,1051
absolute_loading,477,3429,0.0020587137458465436,1051
absolute_loading,477,3430,-0.0017275937093188254,1051
absolute_loading,477,3431,-0.03310895571872463,1051
absolute_loading,477,3432,-0.04674417385663416,1051
absolute_loading,477,3433,-0.02456811873277148,1051
absolute_loading,477,3434,0.0048563222544974255,1051
absolute_loading,477,3435,-0.028952076728322097,1051
absolute_loading,477,3436,-0.0019254906041517817,1051
absolute_loading,477,3437,0.061263895492734435,1051
absolute_loading,477,3438,0.027514494572439777,1051
absolute_loading,477,3439,0.01151154035226178,1051
absolute_loading,477,3440,0.02286125775635708,1051
absolute_loading,477,3441,0.0036591310638581297,1051
absolute_loading,477,3442,-0.034809862763158936,1051
absolute_loading,477,3443,0.02943607288680848,1051
absolute_loading,477,3444,-0.02098376792110872,1051
absolute_loading,477,3445,0.011221852237892904,1051
absolute_loading,477,3446,0.027051519902825585,1051
absolute_loading,477,3447,-0.05808436021105235,1051
absolute_loading,477,3448,0.003783843225687942,1051
absolute_loading,477,3449,-0.03727701643212716,1051
absolute_loading,477,3450,-0.030903754306529918,1051
absolute_loading,477,3451,-0.005610552514578179,1051
absolute_loading,477,3452,-0.02122649113738587,1051
absolute_loading,477,3453,-0.03678294748270882,1051
absolute_loading,477,3454,0.022660731268722104,1051
absolute_loading,477,3455,-0.01565180634864186,1051
absolute_loading,477,3456,0.02672995729901223,1051
absolute_loading,477,3457,-0.0035337315470426304,1051
absolute_loading,477,3458,0.02402170824231761,1051
absolute_loading,477,3459,0.0283212890233812,1051
absolute_loading,477,3460,-0.025896125639165494,1051
absolute_loading,477,3461,0.004042045257566477,1051
absolute_loading,477,3462,-0.03301717077350826,1051
absolute_loading,477,3463,-0.0390862183343697,1051
absolute_loading,477,3464,-0.055569840930052135,1051
absolute_loading,477,3465,0.018113445961139403,1051
absolute_loading,477,3466,0.022840690056382996,1051
absolute_loading,477,3467,-0.01481048254072297,1051
absolute_loading,477,3468,-0.022692308466467286,1051
absolute_loading,477,3469,-0.03721002815154907,1051
absolute_loading,477,3470,-0.05319546182565992,1051
absolute_loading,477,3471,-0.057977134680384616,1051
absolute_loading,477,3472,-0.04342741827682664,1051
absolute_loading,477,3473,0.011602444795943889,1051
absolute_loading,477,3474,-0.014001614322950957,1051
absolute_loading,477,3475,0.023956863847432317,1051
absolute_loading,477,3476,-0.041040920888465685,1051
absolute_loading,477,3477,-0.04512638686453632,1051
absolute_loading,477,3478,0.02933574235596099,1051
absolute_loading,477,3479,0.022229805050551662,1051
absolute_loading,477,3480,0.05599446716174299,1051
absolute_loading,477,3481,-0.015244609614125748,1051
absolute_loading,477,3482,-0.04384369223354471,1051
absolute_loading,477,3483,-0.03036061705615288,1051
absolute_loading,477,3484,0.05089616835597686,1051
absolute_loading,477,3485,0.04986322633262212,1051
absolute_loading,477,3486,0.0025845849534866213,1051
absolute_loading,477,3487,0.010924625632834308,1051
absolute_loading,477,3488,-0.04671666876555126,1051
absolute_loading,477,3489,0.013548361189173281,1051
absolute_loading,477,3490,-0.02551457551075523,1051
absolute_loading,477,3491,-0.01314818104943838,1051
absolute_loading,477,3492,-0.04617368151571621,1051
absolute_loading,477,3493,-0.011884728411612084,1051
absolute_loading,477,3494,-0.010015126961146842,1051
absolute_loading,477,3495,0.03614278193479958,1051
absolute_loading,477,3496,0.0009613388402437896,1051
absolute_loading,477,3497,-0.021115401161903184,1051
absolute_loading,477,3498,0.028771482014240755,1051
absolute_loading,477,3499,-0.022809581636001094,1051
absolute_loading,477,3500,0.027914948096708924,1051
absolute_loading,477,3501,-0.06319725755225307,1051
absolute_loading,477,3502,0.02876307257774252,1051
absolute_loading,477,3503,-0.028283293344373593,1051
absolute_loading,477,3504,0.03098669667725844,1051
absolute_loading,477,3505,0.019551322677481567,1051
absolute_loading,477,3506,0.00931275006048131,1051
absolute_loading,477,3507,-0.027726176322247508,1051
absolute_loading,477,3508,-0.011964410322276431,1051
absolute_loading,477,3509,0.00765094826461972,1051
absolute_loading,477,3510,-0.009682955028817535,1051
absolute_loading,477,3511,0.026403412011471096,1051
absolute_loading,477,3512,-0.0184237262302,1051
absolute_loading,477,3513,-0.07014856006236023,1051
absolute_loading,477,3514,0.025151846855478388,1051
absolute_loading,477,3515,-0.04879081090732063,1051
absolute_loading,477,3516,-0.038437355871497714,1051
absolute_loading,477,3517,-0.017619777745986262,1051
absolute_loading,477,3518,0.02283316768791329,1051
absolute_loading,477,3519,0.017999464516530266,1051
absolute_loading,477,3520,0.04643975930141766,1051
absolute_loading,477,3521,0.013153004439445072,1051
absolute_loading,477,3522,0.02900806102638376,1051
absolute_loading,477,3523,0.030298580308614733,1051
absolute_loading,477,3524,-0.01855432557640342,1051
absolute_loading,477,3525,0.1017766349619461,1051
absolute_loading,477,3526,-0.009801613046883676,1051
absolute_loading,477,3527,-0.02095760821541107,1051
absolute_loading,477,3528,0.03978147747097014,1051
absolute_loading,477,3529,0.009172294967303653,1051
absolute_loading,477,3530,-0.001522617107144402,1051
absolute_loading,477,3531,0.019385293251593886,1051
absolute_loading,477,3532,0.002352100118680554,1051
absolute_loading,477,3533,-0.006451633092551295,1051
absolute_loading,477,3534,0.05101947386202858,1051
absolute_loading,477,3535,0.030881133677493046,1051
absolute_loading,477,3536,0.028156555993911016,1051
absolute_loading,477,3537,0.03189113431675664,1051
absolute_loading,477,3538,0.031241784895338794,1051
absolute_loading,477,3539,-0.018066615225009422,1051
absolute_loading,477,3540,-0.02832378068019695,1051
absolute_loading,477,3541,-0.03951283191754528,1051
absolute_loading,477,3542,0.03697140828905284,1051
absolute_loading,477,3543,-0.010641051301085742,1051
absolute_loading,477,3544,-0.005441075637739713,1051
absolute_loading,477,3545,-0.049266957864761256,1051
absolute_loading,477,3546,-0.0028198015609087025,1051
absolute_loading,477,3547,-0.023842346269429573,1051
absolute_loading,477,3548,0.006075339079537884,1051
absolute_loading,477,3549,-0.02385009036098347,1051
absolute_loading,477,3550,-0.0038154187286246794,1051
absolute_loading,477,3551,-0.038178223977664384,1051
absolute_loading,477,3552,-0.007539561424103874,1051
absolute_loading,477,3553,-0.07445704040029867,1051
absolute_loading,477,3554,-0.01643248490326356,1051
absolute_loading,477,3555,0.030041540190360295,1051
absolute_loading,477,3556,-0.021327748718396097,1051
absolute_loading,477,3557,0.046235546564890644,1051
absolute_loading,477,3558,0.0006361656004429332,1051
absolute_loading,477,3559,0.028537669824213387,1051
absolute_loading,477,3560,0.00011256405307550546,1051
absolute_loading,477,3561,0.0038771397102160933,1051
absolute_loading,477,3562,0.011289699467374478,1051
absolute_loading,477,3563,0.0036332798868117825,1051
absolute_loading,477,3564,0.03552373708272069,1051
absolute_loading,477,3565,-0.004184217187832243,1051
absolute_loading,477,3566,-0.018892624426447034,1051
absolute_loading,477,3567,-0.011392986777826535,1051
absolute_loading,477,3568,-0.032140374384461975,1051
absolute_loading,477,3569,0.03779861822776556,1051
absolute_loading,477,3570,0.003479651768722772,1051
absolute_loading,477,3571,-0.03131977847953772,1051
absolute_loading,477,3572,-0.0020092568235552315,1051
absolute_loading,477,3573,0.038953952732968325,1051
absolute_loading,477,3574,-0.03241389850038448,1051
absolute_loading,477,3575,0.017929145995907777,1051
absolute_loading,477,3576,-0.02577093879821996,1051
absolute_loading,477,3577,0.032653506143916995,1051
absolute_loading,477,3578,0.0133759323709063,1051
absolute_loading,477,3579,-0.03904855733194051,1051
absolute_loading,477,3580,0.05814327907042119,1051
absolute_loading,477,3581,-0.0012332275728891638,1051
absolute_loading,477,3582,0.05471435972382066,1051
absolute_loading,477,3583,-0.0076713732200987235,1051
absolute_loading,477,3584,-0.03846697697784326,1051
absolute_loading,477,3585,0.011180859582152853,1051
absolute_loading,477,3586,0.0410086007916759,1051
absolute_loading,477,3587,0.00013039673231900068,1051
absolute_loading,477,3588,0.007466129079856624,1051
absolute_loading,477,3589,-0.014391069440251108,1051
absolute_loading,477,3590,-0.056622088580451695,1051
absolute_loading,477,3591,0.03899398944844875,1051
absolute_loading,477,3592,-0.01906270031062027,1051
absolute_loading,477,3593,0.015682989975193195,1051
absolute_loading,477,3594,-0.024364962318132313,1051
absolute_loading,477,3595,0.04587796466351912,1051
absolute_loading,477,3596,-0.011344812509201987,1051
absolute_loading,477,3597,-0.010180390478496447,1051
absolute_loading,477,3598,-0.009943270903857576,1051
absolute_loading,477,3599,0.020602035298104397,1051
absolute_loading,477,3600,-0.008891841087169778,1051
absolute_loading,477,3601,0.03193866217170647,1051
absolute_loading,477,3602,0.07145771562016213,1051
absolute_loading,477,3603,0.03399910171410499,1051
absolute_loading,477,3604,-0.00872450766423326,1051
absolute_loading,477,3605,0.04243238036087381,1051
absolute_loading,477,3606,-0.03788825041332573,1051
absolute_loading,477,3607,-0.027273454219251928,1051
absolute_loading,477,3608,-0.004817492969751335,1051
absolute_loading,477,3609,-0.02488056934769363,1051
absolute_loading,477,3610,0.0038254221323418876,1051
absolute_loading,477,3611,-0.022065692544750624,1051
absolute_loading,477,3612,-0.00942832121813521,1051
absolute_loading,477,3613,-0.03711090234334499,1051
absolute_loading,477,3614,-0.04965534433570892,1051
absolute_loading,477,3615,0.008093561586413884,1051
absolute_loading,477,3616,-0.01999254198200129,1051
absolute_loading,477,3617,-0.030935201534664315,1051
absolute_loading,477,3618,0.03927662801810358,1051
absolute_loading,477,3619,-0.05135596570594066,1051
absolute_loading,477,3620,0.009943515042728364,1051
absolute_loading,477,3621,0.004123577178142718,1051
absolute_loading,477,3622,-0.008888117633706167,1051
absolute_loading,477,3623,-0.0018666322774366197,1051
absolute_loading,477,3624,-0.04917000853339313,1051
absolute_loading,477,3625,0.025139638093946794,1051
absolute_loading,477,3626,-0.01956153569479057,1051
absolute_loading,477,3627,0.0089094623497625,1051
absolute_loading,477,3628,0.02278363177754015,1051
absolute_loading,477,3629,-0.022453948990663098,1051
absolute_loading,477,3630,0.010186644205069692,1051
absolute_loading,477,3631,0.005858712786962422,1051
absolute_loading,477,3632,0.03219732275137636,1051
absolute_loading,477,3633,0.04687906678518194,1051
absolute_loading,477,3634,-0.01093987247220794,1051
absolute_loading,477,3635,-0.030109227707599065,1051
absolute_loading,477,3636,0.042146691373105165,1051
absolute_loading,477,3637,0.026325870285541397,1051
absolute_loading,477,3638,0.011270049063304215,1051
absolute_loading,477,3639,-0.09582783644542428,1051
absolute_loading,477,3640,0.06237599339355908,1051
absolute_loading,477,3641,0.030056711526672938,1051
absolute_loading,477,3642,-0.0266177422089289,1051
absolute_loading,477,3643,0.016925260786667166,1051
absolute_loading,477,3644,0.023443483970102,1051
absolute_loading,477,3645,-0.0023564599615926345,1051
absolute_loading,477,3646,0.031119821947266934,1051
absolute_loading,477,3647,0.044401785852791295,1051
absolute_loading,477,3648,0.051964028561106865,1051
absolute_loading,477,3649,-0.05704052503713022,1051
absolute_loading,477,3650,-0.011511023706946245,1051
absolute_loading,477,3651,-0.014117797174983855,1051
absolute_loading,477,3652,0.030148561436128374,1051
absolute_loading,477,3653,0.06665210871411364,1051
absolute_loading,477,3654,-0.039668521130351464,1051
absolute_loading,477,3655,-0.02374447012530114,1051
absolute_loading,477,3656,-0.007280063005767667,1051
absolute_loading,477,3657,-0.01582777031725482,1051
absolute_loading,477,3658,-0.003683083036412649,1051
absolute_loading,477,3659,0.01238218266085538,1051
absolute_loading,477,3660,-0.032552695552669556,1051
absolute_loading,477,3661,0.015337763111256114,1051
absolute_loading,477,3662,-0.027757323948107548,1051
absolute_loading,477,3663,0.033755432217315536,1051
absolute_loading,477,3664,0.044274421032567665,1051
absolute_loading,477,3665,-0.015572638003143142,1051
absolute_loading,477,3666,0.03573502289429728,1051
absolute_loading,477,3667,0.0496336843700651,1051
absolute_loading,477,3668,-0.020909924111639364,1051
absolute_loading,477,3669,-0.0020485224780494135,1051
absolute_loading,477,3670,0.008620746062964774,1051
absolute_loading,477,3671,0.015201316827230001,1051
absolute_loading,477,3672,-0.028746456796585797,1051
absolute_loading,477,3673,0.09364855500518952,1051
absolute_loading,477,3674,0.0012887927560309156,1051
absolute_loading,477,3675,-0.0033196681887970965,1051
absolute_loading,477,3676,0.018306016336119127,1051
absolute_loading,477,3677,-0.036595606925917186,1051
absolute_loading,477,3678,0.0002975354266841668,1051
absolute_loading,477,3679,-0.016096757100952985,1051
absolute_loading,477,3680,0.032288461824304775,1051
absolute_loading,477,3681,0.01961394209020678,1051
absolute_loading,477,3682,0.06483881605752745,1051
absolute_loading,477,3683,0.0032832056824633306,1051
absolute_loading,477,3684,-0.030776992353110065,1051
absolute_loading,477,3685,0.019917987029926112,1051
absolute_loading,477,3686,-0.0223522910484234,1051
absolute_loading,477,3687,0.04229177406315853,1051
absolute_loading,477,3688,-0.04868779132059978,1051
absolute_loading,477,3689,-0.038351656301595274,1051
absolute_loading,477,3690,0.06476677868914421,1051
absolute_loading,477,3691,-0.014398067218526954,1051
absolute_loading,477,3692,0.05897982880379487,1051
absolute_loading,477,3693,-0.015229488925682282,1051
absolute_loading,477,3694,0.0029894833315061266,1051
absolute_loading,477,3695,0.00833896386235258,1051
absolute_loading,477,3696,-0.02289620484846836,1051
absolute_loading,477,3697,0.031619547103295495,1051
absolute_loading,477,3698,-0.006931891406648392,1051
absolute_loading,477,3699,0.028981160252693042,1051
absolute_loading,477,3700,0.03726718316821727,1051
absolute_loading,477,3701,-0.008497200427003483,1051
absolute_loading,477,3702,0.07662351977019592,1051
absolute_loading,477,3703,-0.04895101844508377,1051
absolute_loading,477,3704,-0.011512410848826003,1051
absolute_loading,477,3705,-0.022681121387386795,1051
absolute_loading,477,3706,0.033192470195283354,1051
absolute_loading,477,3707,0.04503751596747789,1051
absolute_loading,477,3708,0.02994304714197367,1051
absolute_loading,477,3709,-0.013348103489409159,1051
absolute_loading,477,3710,-0.02022683146706077,1051
absolute_loading,477,3711,-0.007213019658855452,1051
absolute_loading,477,3712,-0.0015910381557408878,1051
absolute_loading,477,3713,0.02197923972190048,1051
absolute_loading,477,3714,0.006468866033093254,1051
absolute_loading,477,3715,-0.023860833289245344,1051
absolute_loading,477,3716,-0.07968036935651752,1051
absolute_loading,477,3717,-0.03934768872989089,1051
absolute_loading,477,3718,-0.023030291332167954,1051
absolute_loading,477,3719,0.01727866714979891,1051
absolute_loading,477,3720,0.030484767593206855,1051
absolute_loading,477,3721,0.0328818700523927,1051
absolute_loading,477,3722,0.03595173402696958,1051
absolute_loading,477,3723,-0.00019299699933965605,1051
absolute_loading,477,3724,-0.004561953257410553,1051
absolute_loading,477,3725,-0.03352998810362953,1051
absolute_loading,477,3726,-0.05139036754957283,1051
absolute_loading,477,3727,0.007472266006253379,1051
absolute_loading,477,3728,0.02092767641210761,1051
absolute_loading,477,3729,-0.04311107343898237,1051
absolute_loading,477,3730,-0.03034747035982084,1051
absolute_loading,477,3731,-0.014879392622566845,1051
absolute_loading,477,3732,-0.01744681000184001,1051
absolute_loading,477,3733,0.0037646627595228094,1051
absolute_loading,477,3734,-0.004479634079482367,1051
absolute_loading,477,3735,-0.03094339428316155,1051
absolute_loading,477,3736,0.04033835195309598,1051
absolute_loading,477,3737,-0.006626691166505701,1051
absolute_loading,477,3738,-0.01687096778855213,1051
absolute_loading,477,3739,0.041727852607201715,1051
absolute_loading,477,3740,-0.036226027993587616,1051
absolute_loading,477,3741,0.024180757138055533,1051
absolute_loading,477,3742,0.011380193560427531,1051
absolute_loading,477,3743,-0.05715571600719727,1051
absolute_loading,477,3744,0.007441116980946072,1051
absolute_loading,477,3745,0.012225103908310194,1051
absolute_loading,477,3746,-0.0008539948574699589,1051
absolute_loading,477,3747,-0.012696528679149121,1051
absolute_loading,477,3748,0.009312824459031204,1051
absolute_loading,477,3749,-0.012433801139550595,1051
absolute_loading,477,3750,0.017185889082116976,1051
absolute_loading,477,3751,-0.0215936688285448,1051
absolute_loading,477,3752,0.0010992636406920151,1051
absolute_loading,477,3753,0.0017176876401629863,1051
absolute_loading,477,3754,0.05035491935830076,1051
absolute_loading,477,3755,-0.0057739308393160915,1051
absolute_loading,477,3756,-0.011911596608618286,1051
absolute_loading,477,3757,0.023402809188724148,1051
absolute_loading,477,3758,0.020961402392741038,1051
absolute_loading,477,3759,0.025891795482964566,1051
absolute_loading,477,3760,0.025149318126292553,1051
absolute_loading,477,3761,0.012236707969969176,1051
absolute_loading,477,3762,-0.025070133722252454,1051
absolute_loading,477,3763,0.014582561682326682,1051
absolute_loading,477,3764,0.05564042654089958,1051
absolute_loading,477,3765,-0.018508601688137574,1051
absolute_loading,477,3766,0.046276241600459886,1051
absolute_loading,477,3767,-0.01951045647203616,1051
absolute_loading,477,3768,-0.038982444500497336,1051
absolute_loading,477,3769,-0.011878078086471738,1051
absolute_loading,477,3770,0.011249841147285637,1051
absolute_loading,477,3771,0.026390204838451524,1051
absolute_loading,477,3772,0.048116104398841904,1051
absolute_loading,477,3773,-0.029129856748542435,1051
absolute_loading,477,3774,0.058586733013569696,1051
absolute_loading,477,3775,0.041168711616589644,1051
absolute_loading,477,3776,-0.02658794095464591,1051
absolute_loading,477,3777,-0.01711154613756334,1051
absolute_loading,477,3778,0.03620195668653378,1051
absolute_loading,477,3779,0.04335550542830404,1051
absolute_loading,477,3780,0.03761026185197221,1051
absolute_loading,477,3781,0.023891265215819066,1051
absolute_loading,477,3782,-0.01274329188743138,1051
absolute_loading,477,3783,-0.003119009105929169,1051
absolute_loading,477,3784,0.005141012741832482,1051
absolute_loading,477,3785,-0.0321864503333926,1051
absolute_loading,477,3786,0.008477957870635256,1051
absolute_loading,477,3787,0.04161767507006893,1051
absolute_loading,477,3788,0.0249851470034399,1051
absolute_loading,477,3789,-0.008464372416739023,1051
absolute_loading,477,3790,-0.017031804417307485,1051
absolute_loading,477,3791,-0.008433841380419704,1051
absolute_loading,477,3792,0.01394304065591272,1051
absolute_loading,477,3793,-0.027266414079589022,1051
absolute_loading,477,3794,-0.011424227209142511,1051
absolute_loading,477,3795,-0.04643738750404525,1051
absolute_loading,477,3796,0.035538711191499206,1051
absolute_loading,477,3797,0.009971176875295232,1051
absolute_loading,477,3798,-0.06067528897549532,1051
absolute_loading,477,3799,0.016800566783359328,1051
absolute_loading,477,3800,0.002377156641056742,1051
absolute_loading,477,3801,0.06947742458319273,1051
absolute_loading,477,3802,0.029691210962550053,1051
absolute_loading,477,3803,-0.024865959719956032,1051
absolute_loading,477,3804,-0.06411756685399206,1051
absolute_loading,477,3805,0.028726164014401465,1051
absolute_loading,477,3806,0.03836435533659955,1051
absolute_loading,477,3807,-0.05397193332080148,1051
absolute_loading,477,3808,0.056806114828642486,1051
absolute_loading,477,3809,-0.01772410973070621,1051
absolute_loading,477,3810,-0.007397988996916735,1051
absolute_loading,477,3811,0.04314105754607497,1051
absolute_loading,477,3812,0.006257206824902178,1051
absolute_loading,477,3813,0.017089611429332296,1051
absolute_loading,477,3814,0.032128138145170376,1051
absolute_loading,477,3815,-0.02487082346367547,1051
absolute_loading,477,3816,0.01938397114215439,1051
absolute_loading,477,3817,0.011293287996425115,1051
absolute_loading,477,3818,-0.03163566128894114,1051
absolute_loading,477,3819,-0.009038168608399564,1051
absolute_loading,477,3820,0.01195092410977906,1051
absolute_loading,477,3821,-0.007198862309169641,1051
absolute_loading,477,3822,0.005872164002627672,1051
absolute_loading,477,3823,-0.012100219715453657,1051
absolute_loading,477,3824,0.002103620647287552,1051
absolute_loading,477,3825,0.0053938092910622544,1051
absolute_loading,477,3826,0.07079471826931857,1051
absolute_loading,477,3827,-0.00345576151611799,1051
absolute_loading,477,3828,0.023503870558469565,1051
absolute_loading,477,3829,0.03681094262799255,1051
absolute_loading,477,3830,0.008607524632190946,1051
absolute_loading,477,3831,0.004334747798311914,1051
absolute_loading,477,3832,-0.03021667745708431,1051
absolute_loading,477,3833,-0.0369648538206935,1051
absolute_loading,477,3834,0.017783152673543745,1051
absolute_loading,477,3835,-0.010102135668028929,1051
absolute_loading,477,3836,0.0013217838970918446,1051
absolute_loading,477,3837,0.016122955519309624,1051
absolute_loading,477,3838,0.0001771544745965553,1051
absolute_loading,477,3839,0.03201044503920661,1051
absolute_loading,477,3840,0.0026930633676175413,1051
absolute_loading,477,3841,-0.02280725640547906,1051
absolute_loading,477,3842,0.025711747709451303,1051
absolute_loading,477,3843,0.06666098390376834,1051
absolute_loading,477,3844,-0.016413852688990604,1051
absolute_loading,477,3845,0.019991345715404715,1051
absolute_loading,477,3846,0.016960533477526966,1051
absolute_loading,477,3847,-0.06414793799966124,1051
absolute_loading,477,3848,-0.028825736286513262,1051
absolute_loading,477,3849,0.02316992706080199,1051
absolute_loading,477,3850,0.01724220708875611,1051
absolute_loading,477,3851,-0.019190949040452075,1051
absolute_loading,477,3852,0.008742466034067859,1051
absolute_loading,477,3853,0.008288162202296577,1051
absolute_loading,477,3854,-0.007541241542293928,1051
absolute_loading,477,3855,-0.0266991324971216,1051
absolute_loading,477,3856,0.012880653474452452,1051
absolute_loading,477,3857,-0.008709293070668556,1051
absolute_loading,477,3858,-0.007971689472926825,1051
absolute_loading,477,3859,0.001708127896290069,1051
absolute_loading,477,3860,-0.0019227685644409324,1051
absolute_loading,477,3861,0.08060970758119507,1051
absolute_loading,477,3862,-0.0029837955061469703,1051
absolute_loading,477,3863,-0.06218822155590575,1051
absolute_loading,477,3864,0.053927948367208864,1051
absolute_loading,477,3865,-0.020929034320237138,1051
absolute_loading,477,3866,-0.005698194879281664,1051
absolute_loading,477,3867,0.026721517869321917,1051
absolute_loading,477,3868,0.016810682133782368,1051
absolute_loading,477,3869,-0.04119122905161711,1051
absolute_loading,477,3870,-0.023534680696659184,1051
absolute_loading,477,3871,-0.044337403123275415,1051
absolute_loading,477,3872,-0.05224550656647093,1051
absolute_loading,477,3873,-0.04086300787181114,1051
absolute_loading,477,3874,-0.019693711118436916,1051
absolute_loading,477,3875,0.037989394780314795,1051
absolute_loading,477,3876,0.011308687813773234,1051
absolute_loading,477,3877,0.018307079686611084,1051
absolute_loading,477,3878,-0.023206220228873146,1051
absolute_loading,477,3879,-0.07873643017218591,1051
absolute_loading,477,3880,-0.006588100041210806,1051
absolute_loading,477,3881,-0.025777773103144674,1051
absolute_loading,477,3882,-0.02680730996251679,1051
absolute_loading,477,3883,0.0013367757411122698,1051
absolute_loading,477,3884,0.023023373265321435,1051
absolute_loading,477,3885,-0.05430881255537654,1051
absolute_loading,477,3886,-0.014373931910834354,1051
absolute_loading,477,3887,-0.027324494424561682,1051
absolute_loading,477,3888,-0.024421674819577622,1051
absolute_loading,477,3889,-0.009452430868297595,1051
absolute_loading,477,3890,-0.06287124513898909,1051
absolute_loading,477,3891,-0.0100128413289571,1051
absolute_loading,477,3892,-0.032428499575058264,1051
absolute_loading,477,3893,-0.01985849791300218,1051
absolute_loading,477,3894,-0.018066162419819513,1051
absolute_loading,477,3895,-0.014192728638513185,1051
absolute_loading,477,3896,0.05566706828987882,1051
absolute_loading,477,3897,-0.016566269274589738,1051
absolute_loading,477,3898,0.01277139961962011,1051
absolute_loading,477,3899,0.005944289371366785,1051
absolute_loading,477,3900,-0.010909801427151998,1051
absolute_loading,477,3901,-0.025894659904501006,1051
absolute_loading,477,3902,-0.05404604692455848,1051
absolute_loading,477,3903,-0.010628981304706159,1051
absolute_loading,477,3904,0.003173509009583324,1051
absolute_loading,477,3905,-0.001988899428408141,1051
absolute_loading,477,3906,0.01775079302425314,1051
absolute_loading,477,3907,-0.016360452143583244,1051
absolute_loading,477,3908,-0.045141742957351856,1051
absolute_loading,477,3909,-0.01944101887565046,1051
absolute_loading,477,3910,-0.021684848900982486,1051
absolute_loading,477,3911,0.038732089611222945,1051
absolute_loading,477,3912,0.009000455335872966,1051
absolute_loading,477,3913,0.04464506376844963,1051
absolute_loading,477,3914,-0.044898738322948745,1051
absolute_loading,477,3915,-0.01528310498075884,1051
absolute_loading,477,3916,-0.010416755722354737,1051
absolute_loading,477,3917,-0.04636249007672021,1051
absolute_loading,477,3918,0.008056513442523068,1051
absolute_loading,477,3919,-0.011045821054968775,1051
absolute_loading,477,3920,-0.035354330750799474,1051
absolute_loading,477,3921,0.016994410918501058,1051
absolute_loading,477,3922,-0.048964705336484976,1051
absolute_loading,477,3923,0.012933342999065456,1051
absolute_loading,477,3924,0.00626534089174097,1051
absolute_loading,477,3925,-0.032076649437208636,1051
absolute_loading,477,3926,-0.012988531387547731,1051
absolute_loading,477,3927,0.055543733109483934,1051
absolute_loading,477,3928,-0.02813606471667688,1051
absolute_loading,477,3929,-0.015308465277895195,1051
absolute_loading,477,3930,0.04647400574260261,1051
absolute_loading,477,3931,-0.019706054529027114,1051
absolute_loading,477,3932,-0.05303330989960746,1051
absolute_loading,477,3933,0.034431312565051136,1051
absolute_loading,477,3934,0.013118242929953505,1051
absolute_loading,477,3935,-0.03473662134773139,1051
absolute_loading,477,3936,-0.008092151347350638,1051
absolute_loading,477,3937,0.039917400744682204,1051
absolute_loading,477,3938,0.0183813482712384,1051
absolute_loading,477,3939,-0.014839697829757074,1051
absolute_loading,477,3940,-0.042066298572562055,1051
absolute_loading,477,3941,0.013823964054289806,1051
absolute_loading,477,3942,-0.03555918320575663,1051
absolute_loading,477,3943,0.016858177960840198,1051
absolute_loading,477,3944,-0.039192177530143923,1051
absolute_loading,477,3945,-0.014187480025044608,1051
absolute_loading,477,3946,0.018394287739982734,1051
absolute_loading,477,3947,-0.06881713878850303,1051
absolute_loading,477,3948,0.008988793790791455,1051
absolute_loading,477,3949,0.03840620002710853,1051
absolute_loading,477,3950,0.0724141047634401,1051
absolute_loading,477,3951,0.051080710960093395,1051
absolute_loading,477,3952,-0.0033762105786761558,1051
absolute_loading,477,3953,-0.036760970142855016,1051
absolute_loading,477,3954,0.04732992457980885,1051
absolute_loading,477,3955,0.03519499536253368,1051
absolute_loading,477,3956,0.031973540887127366,1051
absolute_loading,477,3957,-0.04675236377988774,1051
absolute_loading,477,3958,0.05893865895168431,1051
absolute_loading,477,3959,-0.016257383804745708,1051
absolute_loading,477,3960,0.022871675802887445,1051
absolute_loading,477,3961,0.029539560946664635,1051
absolute_loading,477,3962,-0.0031959242443846767,1051
absolute_loading,477,3963,0.03052677048184184,1051
absolute_loading,477,3964,-0.046147709850614824,1051
absolute_loading,477,3965,0.04697682032881161,1051
absolute_loading,477,3966,0.02206359167267555,1051
absolute_loading,477,3967,0.0026939738520817104,1051
absolute_loading,477,3968,-0.03290697569902873,1051
absolute_loading,477,3969,-0.038373160301060825,1051
absolute_loading,477,3970,-0.0067625700519245765,1051
absolute_loading,477,3971,0.013709206894620391,1051
absolute_loading,477,3972,-0.025956633806299326,1051
absolute_loading,477,3973,0.01515590848985432,1051
absolute_loading,477,3974,0.026618784476341886,1051
absolute_loading,477,3975,0.0000555944458784778,1051
absolute_loading,477,3976,-0.043355438775940315,1051
absolute_loading,477,3977,0.017599663167296033,1051
absolute_loading,477,3978,-0.027934042568357267,1051
absolute_loading,477,3979,-0.0032811914164241744,1051
absolute_loading,477,3980,-0.02003770055020696,1051
absolute_loading,477,3981,-0.024768406963474078,1051
absolute_loading,477,3982,-0.0375935802759902,1051
absolute_loading,477,3983,-0.013702862587978905,1051
absolute_loading,477,3984,0.01311508738368356,1051
absolute_loading,477,3985,0.003256473280369929,1051
absolute_loading,477,3986,-0.030259106025707198,1051
absolute_loading,477,3987,0.03341132413231274,1051
absolute_loading,477,3988,-0.05976377220027584,1051
absolute_loading,477,3989,0.014743478736356737,1051
absolute_loading,477,3990,-0.03524934425713386,1051
absolute_loading,477,3991,-0.01742798103878044,1051
absolute_loading,477,3992,-0.009312591650134873,1051
absolute_loading,477,3993,0.02777044849885628,1051
absolute_loading,477,3994,-0.005937373773690311,1051
absolute_loading,477,3995,0.028209307417771754,1051
absolute_loading,477,3996,-0.0191732401660871,1051
absolute_loading,477,3997,-0.0747120625038099,1051
absolute_loading,477,3998,0.028338126459336824,1051
absolute_loading,477,3999,-0.0695598930023039,1051
absolute_loading,477,4000,-0.0015260673240070873,1051
absolute_loading,477,4001,-0.03772028254814759,1051
absolute_loading,477,4002,0.02627680284530708,1051
absolute_loading,477,4003,-0.036184754857782206,1051
absolute_loading,477,4004,-0.007945564475953643,1051
absolute_loading,477,4005,0.03491871963343793,1051
absolute_loading,477,4006,-0.025230529048007364,1051
absolute_loading,477,4007,0.0043050266655167806,1051
absolute_loading,477,4008,0.02137612225254929,1051
absolute_loading,477,4009,-0.00006626626245174386,1051
absolute_loading,477,4010,-0.0033723235051095995,1051
absolute_loading,477,4011,0.029739492444421586,1051
absolute_loading,477,4012,0.005134660071569907,1051
absolute_loading,477,4013,-0.018859671477718942,1051
absolute_loading,477,4014,0.00797374402701222,1051
absolute_loading,477,4015,0.02716177526345189,1051
absolute_loading,477,4016,-0.00493981275701945,1051
absolute_loading,477,4017,0.007985278711163949,1051
absolute_loading,477,4018,-0.002770263149735001,1051
absolute_loading,477,4019,0.046840868149289186,1051
absolute_loading,477,4020,-0.005862654209354886,1051
absolute_loading,477,4021,-0.04878117792617345,1051
absolute_loading,477,4022,0.014517843974736978,1051
absolute_loading,477,4023,-0.029810324735960115,1051
absolute_loading,477,4024,-0.023026766022455767,1051
absolute_loading,477,4025,-0.001060943309697752,1051
absolute_loading,477,4026,-0.01944873982645244,1051
absolute_loading,477,4027,0.011291588556954781,1051
absolute_loading,477,4028,-0.03747783465035094,1051
absolute_loading,477,4029,-0.021420646746153873,1051
absolute_loading,477,4030,0.04295503983631562,1051
absolute_loading,477,4031,0.034539547084613646,1051
absolute_loading,477,4032,-0.020839787486713026,1051
absolute_loading,477,4033,0.005176443234670646,1051
absolute_loading,477,4034,-0.02554375482776955,1051
absolute_loading,477,4035,0.028164066114034145,1051
absolute_loading,477,4036,-0.0082998089492704,1051
absolute_loading,477,4037,-0.017628819771969843,1051
absolute_loading,477,4038,0.007612614667107823,1051
absolute_loading,477,4039,0.02837417228811355,1051
absolute_loading,477,4040,0.028826802570883683,1051
absolute_loading,477,4041,-0.056491237055415595,1051
absolute_loading,477,4042,0.04854066633814662,1051
absolute_loading,477,4043,-0.041578195328299324,1051
absolute_loading,477,4044,0.0008414966493752401,1051
absolute_loading,477,4045,-0.011645946039060696,1051
absolute_loading,477,4046,-0.010405117892601885,1051
absolute_loading,477,4047,0.00861741398094714,1051
absolute_loading,477,4048,0.02534356014812722,1051
absolute_loading,477,4049,-0.019922536575391805,1051
absolute_loading,477,4050,0.00803114049281249,1051
absolute_loading,477,4051,-0.04201374369954894,1051
absolute_loading,477,4052,-0.008540499073240228,1051
absolute_loading,477,4053,-0.009032428255327312,1051
absolute_loading,477,4054,-0.017837045054683823,1051
absolute_loading,477,4055,0.018176378363423066,1051
absolute_loading,477,4056,0.044182886198879674,1051
absolute_loading,477,4057,0.003424103504023494,1051
absolute_loading,477,4058,-0.04053166626758618,1051
absolute_loading,477,4059,0.00214638873340337,1051
absolute_loading,477,4060,0.01726270932952494,1051
absolute_loading,477,4061,-0.003155036763610122,1051
absolute_loading,477,4062,-0.00032256973279287167,1051
absolute_loading,477,4063,0.032998886121859396,1051
absolute_loading,477,4064,-0.012822265775377468,1051
absolute_loading,477,4065,0.04503892511362532,1051
absolute_loading,477,4066,0.025471460115895447,1051
absolute_loading,477,4067,0.016173180293602388,1051
absolute_loading,477,4068,-0.015945007297273005,1051
absolute_loading,477,4069,-0.030102827376077414,1051
absolute_loading,477,4070,0.009910819715236519,1051
absolute_loading,477,4071,0.014737498155922114,1051
absolute_loading,477,4072,-0.0041982475184507186,1051
absolute_loading,477,4073,0.017557399518188303,1051
absolute_loading,477,4074,-0.012234381073885253,1051
absolute_loading,477,4075,-0.040696872061785065,1051
absolute_loading,477,4076,0.018914497412117596,1051
absolute_loading,477,4077,-0.017035906193511766,1051
absolute_loading,477,4078,-0.032844386195998804,1051
absolute_loading,477,4079,-0.011335903362036265,1051
absolute_loading,477,4080,-0.007110041782795323,1051
absolute_loading,477,4081,0.04275197776212182,1051
absolute_loading,477,4082,0.004829936903983345,1051
absolute_loading,477,4083,0.06893250687388919,1051
absolute_loading,477,4084,-0.010405834242578942,1051
absolute_loading,477,4085,0.05087023836407283,1051
absolute_loading,477,4086,-0.04882849313339622,1051
absolute_loading,477,4087,-0.001724251102012517,1051
absolute_loading,477,4088,0.0026336989043156014,1051
absolute_loading,477,4089,0.012508818139680106,1051
absolute_loading,477,4090,0.04533230908061212,1051
absolute_loading,477,4091,0.03557794717389804,1051
absolute_loading,477,4092,0.04375209526995826,1051
absolute_loading,477,4093,-0.03825030963697199,1051
absolute_loading,477,4094,-0.05154517696514906,1051
absolute_loading,477,4095,-0.002589945954899367,1051
absolute_loading,477,4096,-0.02219725755177003,1051
absolute_loading,477,4097,-0.02823131765874144,1051
absolute_loading,477,4098,0.008049304392982553,1051
absolute_loading,477,4099,0.03423737478707262,1051
absolute_loading,477,4100,0.010949380986468697,1051
absolute_loading,477,4101,0.01142095548222537,1051
absolute_loading,477,4102,0.036685694177856526,1051
absolute_loading,477,4103,-0.005354868188225625,1051
absolute_loading,477,4104,-0.015629926991971865,1051
absolute_loading,477,4105,0.033628450776698265,1051
absolute_loading,477,4106,-0.046157107674755844,1051
absolute_loading,477,4107,0.02774422205932696,1051
absolute_loading,477,4108,-0.0013800612604094181,1051
absolute_loading,477,4109,0.01101820318567122,1051
absolute_loading,477,4110,-0.012973122741766624,1051
absolute_loading,477,4111,0.02634504186632575,1051
absolute_loading,477,4112,0.013920872632572696,1051
absolute_loading,477,4113,-0.006046195854645881,1051
absolute_loading,477,4114,-0.004580496079741856,1051
absolute_loading,477,4115,0.022732745180347604,1051
absolute_loading,477,4116,0.06303424049322044,1051
absolute_loading,477,4117,-0.023596726669844116,1051
absolute_loading,477,4118,-0.03479102687033937,1051
absolute_loading,477,4119,-0.015551457978881224,1051
absolute_loading,477,4120,-0.0442191630993557,1051
absolute_loading,477,4121,-0.01339562569531565,1051
absolute_loading,477,4122,0.0362407091914353,1051
absolute_loading,477,4123,-0.012133823234670738,1051
absolute_loading,477,4124,-0.016134061652122174,1051
absolute_loading,477,4125,-0.03615786536267937,1051
absolute_loading,477,4126,-0.03951577682632625,1051
absolute_loading,477,4127,-0.03925660750568783,1051
absolute_loading,477,4128,0.005511074793194424,1051
absolute_loading,477,4129,-0.011415370455865447,1051
absolute_loading,477,4130,-0.03796713511351269,1051
absolute_loading,477,4131,-0.00279827669920866,1051
absolute_loading,477,4132,0.002199662802899233,1051
absolute_loading,477,4133,0.021277560583173132,1051
absolute_loading,477,4134,-0.0465855104577563,1051
absolute_loading,477,4135,-0.02215513402540685,1051
absolute_loading,477,4136,-0.02667832276809089,1051
absolute_loading,477,4137,-0.020944771751979518,1051
absolute_loading,477,4138,-0.05273941228467078,1051
absolute_loading,477,4139,-0.013914403078108893,1051
absolute_loading,477,4140,0.032576921923122046,1051
absolute_loading,477,4141,0.02943817592900287,1051
absolute_loading,477,4142,0.01543171297322128,1051
absolute_loading,477,4143,-0.020421917482517614,1051
absolute_loading,477,4144,0.02855036993997684,1051
absolute_loading,477,4145,-0.05293594606195973,1051
absolute_loading,477,4146,0.005233013766357122,1051
absolute_loading,477,4147,0.0316367756281875,1051
absolute_loading,477,4148,0.06181425238658708,1051
absolute_loading,477,4149,-0.0009539338027128055,1051
absolute_loading,477,4150,-0.007598745628895547,1051
absolute_loading,477,4151,-0.004291114243978372,1051
absolute_loading,477,4152,-0.009852461335227736,1051
absolute_loading,477,4153,-0.01694789760204039,1051
absolute_loading,477,4154,-0.059100256262359506,1051
absolute_loading,477,4155,-0.02608279058610915,1051
absolute_loading,477,4156,0.08550305000270152,1051
absolute_loading,477,4157,0.0494568335813965,1051
absolute_loading,477,4158,0.00578063936546302,1051
absolute_loading,477,4159,-0.013978393605136212,1051
absolute_loading,477,4160,-0.000903392816367185,1051
absolute_loading,477,4161,-0.04009255008616405,1051
absolute_loading,477,4162,-0.0011677633480053962,1051
absolute_loading,477,4163,-0.03745587226159701,1051
absolute_loading,477,4164,-0.05080038274438922,1051
absolute_loading,477,4165,-0.05488535528833058,1051
absolute_loading,477,4166,-0.0672582555903931,1051
absolute_loading,477,4167,0.016883461065772497,1051
absolute_loading,477,4168,-0.005797866085699416,1051
absolute_loading,477,4169,-0.00644246472697235,1051
absolute_loading,477,4170,-0.04560997234859006,1051
absolute_loading,477,4171,0.007225835623758756,1051
absolute_loading,477,4172,0.03533866984507771,1051
absolute_loading,477,4173,-0.003119504884480155,1051
absolute_loading,477,4174,-0.019717837115836852,1051
absolute_loading,477,4175,-0.009436497660511823,1051
absolute_loading,477,4176,-0.003139630692957057,1051
absolute_loading,477,4177,-0.022483704387899758,1051
absolute_loading,477,4178,0.015711686861988136,1051
absolute_loading,477,4179,0.005093942528382871,1051
absolute_loading,477,4180,-0.02263391232599404,1051
absolute_loading,477,4181,0.0032477511177006796,1051
absolute_loading,477,4182,-0.008901684426060272,1051
absolute_loading,477,4183,0.017911474247147476,1051
absolute_loading,477,4184,-0.022327535974757985,1051
absolute_loading,477,4185,0.012952621944769038,1051
absolute_loading,477,4186,-0.01626717633597482,1051
absolute_loading,477,4187,0.022038476931226805,1051
absolute_loading,477,4188,0.04195483463849473,1051
absolute_loading,477,4189,0.015188339839791226,1051
absolute_loading,477,4190,-0.03090709586533336,1051
absolute_loading,477,4191,-0.0026039084383345725,1051
absolute_loading,477,4192,0.0291985772228075,1051
absolute_loading,477,4193,0.07386481290343068,1051
absolute_loading,477,4194,-0.018050520806525423,1051
absolute_loading,477,4195,-0.011202508342182699,1051
absolute_loading,477,4196,-0.032642133099746395,1051
absolute_loading,477,4197,0.06039042917671942,1051
absolute_loading,477,4198,0.007554240360373063,1051
absolute_loading,477,4199,-0.041387395831139,1051
absolute_loading,477,4200,-0.02530297399742458,1051
absolute_loading,477,4201,-0.012211929136075573,1051
absolute_loading,477,4202,-0.017950311267599352,1051
absolute_loading,477,4203,-0.014845113428549876,1051
absolute_loading,477,4204,0.007107838797720536,1051
absolute_loading,477,4205,0.032598403256622624,1051
absolute_loading,477,4206,-0.008718591431589205,1051
absolute_loading,477,4207,-0.007247965395287157,1051
absolute_loading,477,4208,-0.01897556676034626,1051
absolute_loading,477,4209,0.047114866229884124,1051
absolute_loading,477,4210,0.0010134192942860276,1051
absolute_loading,477,4211,-0.006727073973156255,1051
absolute_loading,477,4212,-0.011675281165624975,1051
absolute_loading,477,4213,0.027427652201225592,1051
absolute_loading,477,4214,-0.02616739526589419,1051
absolute_loading,477,4215,0.008481937181764425,1051
absolute_loading,477,4216,-0.011203191499402115,1051
absolute_loading,477,4217,0.025515861702249974,1051
absolute_loading,477,4218,-0.003378122855144479,1051
absolute_loading,477,4219,-0.019888746773525527,1051
absolute_loading,477,4220,0.02418798007124728,1051
absolute_loading,477,4221,-0.00032689853716148483,1051
absolute_loading,477,4222,-0.02088997927355006,1051
absolute_loading,477,4223,0.045769497492784805,1051
absolute_loading,477,4224,0.039325338455780366,1051
absolute_loading,477,4225,-0.02201308878298353,1051
absolute_loading,477,4226,-0.06459354722096561,1051
absolute_loading,477,4227,0.05158583453864209,1051
absolute_loading,477,4228,-0.03410644547341046,1051
absolute_loading,477,4229,-0.04025444031415472,1051
absolute_loading,477,4230,0.015995884917812876,1051
absolute_loading,477,4231,0.011722639981483872,1051
absolute_loading,477,4232,-0.012990699275772476,1051
absolute_loading,477,4233,-0.034135220135958266,1051
absolute_loading,477,4234,0.01477224260986268,1051
absolute_loading,477,4235,-0.024848777735304837,1051
absolute_loading,477,4236,-0.021712456901832475,1051
absolute_loading,477,4237,-0.03392722549968884,1051
absolute_loading,477,4238,-0.07501877484360699,1051
absolute_loading,477,4239,0.014574368049821066,1051
absolute_loading,477,4240,-0.02176763727281224,1051
absolute_loading,477,4241,-0.04914196824057368,1051
absolute_loading,477,4242,-0.04074292085232568,1051
absolute_loading,477,4243,0.024683178816825337,1051
absolute_loading,477,4244,-0.050544441978309866,1051
absolute_loading,477,4245,0.003917814308302869,1051
absolute_loading,477,4246,-0.009462242949539911,1051
absolute_loading,477,4247,-0.017908489194036762,1051
absolute_loading,477,4248,0.031041251254806442,1051
absolute_loading,477,4249,-0.018565692236331345,1051
absolute_loading,477,4250,0.07298178170005255,1051
absolute_loading,477,4251,-0.008537348538576073,1051
absolute_loading,477,4252,0.02624436265789272,1051
absolute_loading,477,4253,-0.01077134412063505,1051
absolute_loading,477,4254,-0.025415436686246917,1051
absolute_loading,477,4255,-0.022621518350722968,1051
absolute_loading,477,4256,0.0044763388581268125,1051
absolute_loading,477,4257,-0.016047761382939642,1051
absolute_loading,477,4258,-0.021347031677397644,1051
absolute_loading,477,4259,-0.033770084201005274,1051
absolute_loading,477,4260,0.023825833525421527,1051
absolute_loading,477,4261,-0.0405552211082258,1051
absolute_loading,477,4262,0.029802074075194914,1051
absolute_loading,477,4263,-0.02122598216484604,1051
absolute_loading,477,4264,-0.04829358878921748,1051
absolute_loading,477,4265,0.009303970295254661,1051
absolute_loading,477,4266,-0.00010915042582605664,1051
absolute_loading,477,4267,-0.04669841149417146,1051
absolute_loading,477,4268,-0.023886410324733376,1051
absolute_loading,477,4269,0.0385106940928168,1051
absolute_loading,477,4270,0.0046170011774719025,1051
absolute_loading,477,4271,-0.029429528353286927,1051
absolute_loading,477,4272,0.001760127094571212,1051
absolute_loading,477,4273,-0.04783368059140225,1051
absolute_loading,477,4274,-0.0021577724395064266,1051
absolute_loading,477,4275,-0.03174419254256926,1051
absolute_loading,477,4276,0.05164238750009256,1051
absolute_loading,477,4277,0.037249179011956304,1051
absolute_loading,477,4278,-0.0034836850639687277,1051
absolute_loading,477,4279,-0.0536484109041294,1051
absolute_loading,477,4280,-0.008603554859704841,1051
absolute_loading,477,4281,0.10436674043299377,1051
absolute_loading,477,4282,-0.05696052958785355,1051
absolute_loading,477,4283,0.05769965374645742,1051
absolute_loading,477,4284,0.046459720804576096,1051
absolute_loading,477,4285,-0.0473830074458278,1051
absolute_loading,477,4286,0.013526588448765137,1051
absolute_loading,477,4287,0.04072177978111143,1051
absolute_loading,477,4288,0.009191415647456404,1051
absolute_loading,477,4289,0.002100196480188081,1051
absolute_loading,477,4290,0.007825529172389711,1051
absolute_loading,477,4291,0.02669107390657748,1051
absolute_loading,477,4292,0.06459503804691841,1051
absolute_loading,477,4293,0.02244018719437109,1051
absolute_loading,477,4294,-0.02631232973877473,1051
absolute_loading,477,4295,0.009390119653080101,1051
absolute_loading,477,4296,0.009713813859281172,1051
absolute_loading,477,4297,0.05129259478489687,1051
absolute_loading,477,4298,0.03425012704335489,1051
absolute_loading,477,4299,-0.0007354756856424862,1051
absolute_loading,477,4300,0.06312242688157012,1051
absolute_loading,477,4301,0.0443721205141781,1051
absolute_loading,477,4302,0.014024472796146764,1051
absolute_loading,477,4303,0.030232050782258112,1051
absolute_loading,477,4304,0.01425526302016253,1051
absolute_loading,477,4305,0.02270477074272378,1051
absolute_loading,477,4306,0.037330961777105605,1051
absolute_loading,477,4307,-0.014863438462034938,1051
absolute_loading,477,4308,-0.025115375512751528,1051
absolute_loading,477,4309,0.00795302022669449,1051
absolute_loading,477,4310,-0.012303504398148,1051
absolute_loading,477,4311,-0.05995438220601468,1051
absolute_loading,477,4312,0.043086452916393576,1051
absolute_loading,477,4313,0.005737616638330118,1051
absolute_loading,477,4314,0.017594504534161833,1051
absolute_loading,477,4315,0.025840978284806856,1051
absolute_loading,477,4316,-0.02389729066224701,1051
absolute_loading,477,4317,-0.035516587490752156,1051
absolute_loading,477,4318,-0.014225664966938696,1051
absolute_loading,477,4319,-0.030889106909058727,1051
absolute_loading,477,4320,-0.024589224171715204,1051
absolute_loading,477,4321,-0.00011441389136807286,1051
absolute_loading,477,4322,0.0065462340684460515,1051
absolute_loading,477,4323,0.06804764702633527,1051
absolute_loading,477,4324,-0.02622322710056565,1051
absolute_loading,477,4325,-0.011668270250731255,1051
absolute_loading,477,4326,0.007418543473186421,1051
absolute_loading,477,4327,0.015264467457167237,1051
absolute_loading,477,4328,-0.05157715881867409,1051
absolute_loading,477,4329,-0.02002824446672152,1051
absolute_loading,477,4330,-0.003275926551687394,1051
absolute_loading,477,4331,-0.008098901947698805,1051
absolute_loading,477,4332,-0.005000778711996266,1051
absolute_loading,477,4333,0.027874393524909225,1051
absolute_loading,477,4334,-0.006135465547505928,1051
absolute_loading,477,4335,-0.021300003399530823,1051
absolute_loading,477,4336,0.007885958465594823,1051
absolute_loading,477,4337,-0.036397127860446216,1051
absolute_loading,477,4338,-0.0083213880512107,1051
absolute_loading,477,4339,-0.023252082725601843,1051
absolute_loading,477,4340,-0.022565331067067092,1051
absolute_loading,477,4341,-0.0625447492197877,1051
absolute_loading,477,4342,0.005439788153643973,1051
absolute_loading,477,4343,-0.012469231808829528,1051
absolute_loading,477,4344,0.04269273077877988,1051
absolute_loading,477,4345,-0.06539408061747494,1051
absolute_loading,477,4346,0.022187064772533835,1051
absolute_loading,477,4347,-0.008572684327689834,1051
absolute_loading,477,4348,0.03281150744577885,1051
absolute_loading,477,4349,0.00019537168903286964,1051
absolute_loading,477,4350,0.036373974725915324,1051
absolute_loading,477,4351,0.02778320810328189,1051
absolute_loading,477,4352,0.012883770804812143,1051
absolute_loading,477,4353,-0.03762562024617421,1051
absolute_loading,477,4354,-0.02211206492551017,1051
absolute_loading,477,4355,0.022119748358032067,1051
absolute_loading,477,4356,0.04935636234653728,1051
absolute_loading,477,4357,0.04859431578022626,1051
absolute_loading,477,4358,0.0014727906058796527,1051
absolute_loading,477,4359,-0.030477571531354445,1051
absolute_loading,477,4360,-0.02174417957510325,1051
absolute_loading,477,4361,0.0032301405424500105,1051
absolute_loading,477,4362,-0.028543879155317496,1051
absolute_loading,477,4363,0.03474750843788455,1051
absolute_loading,477,4364,0.04198863102676671,1051
absolute_loading,477,4365,0.030124435362510096,1051
absolute_loading,477,4366,-0.036891058516007984,1051
absolute_loading,477,4367,0.02332686881608737,1051
absolute_loading,477,4368,-0.05559512801612045,1051
absolute_loading,477,4369,-0.008747628753337757,1051
absolute_loading,477,4370,-0.02618683747597732,1051
absolute_loading,477,4371,0.01635297860825786,1051
absolute_loading,477,4372,-0.02749499412681256,1051
absolute_loading,477,4373,0.01190445001679848,1051
absolute_loading,477,4374,-0.017581813633777896,1051
absolute_loading,477,4375,-0.024878666533435054,1051
absolute_loading,477,4376,-0.015450870998084176,1051
absolute_loading,477,4377,-0.024596212911358918,1051
absolute_loading,477,4378,-0.02083444364541613,1051
absolute_loading,477,4379,0.02969980113357706,1051
absolute_loading,477,4380,0.02805850823649336,1051
absolute_loading,477,4381,0.014956877584575827,1051
absolute_loading,477,4382,-0.01697199380810335,1051
absolute_loading,477,4383,-0.020623952185574175,1051
absolute_loading,477,4384,-0.021508766807471966,1051
absolute_loading,477,4385,0.0011215494698799565,1051
absolute_loading,477,4386,0.0059433164066325615,1051
absolute_loading,477,4387,-0.03557906176533135,1051
absolute_loading,477,4388,0.0006722512650392513,1051
absolute_loading,477,4389,-0.004768483275263105,1051
absolute_loading,477,4390,-0.013157036993479398,1051
absolute_loading,477,4391,-0.03667664543139359,1051
absolute_loading,477,4392,-0.016097104008384724,1051
absolute_loading,477,4393,-0.006261118200538444,1051
absolute_loading,477,4394,-0.013359687738765112,1051
absolute_loading,477,4395,0.01674284173126536,1051
absolute_loading,477,4396,0.054019878797331194,1051
absolute_loading,477,4397,-0.03433719239892172,1051
absolute_loading,477,4398,0.03190830922285787,1051
absolute_loading,477,4399,0.0033770925879997166,1051
absolute_loading,477,4400,-0.044529668124208756,1051
absolute_loading,477,4401,0.022731817493521024,1051
absolute_loading,477,4402,-0.011124634791624836,1051
absolute_loading,477,4403,0.027389879728719865,1051
absolute_loading,477,4404,0.01828226061070218,1051
absolute_loading,477,4405,-0.014156690072717385,1051
absolute_loading,477,4406,-0.008537858967457086,1051
absolute_loading,477,4407,-0.029253575098488097,1051
absolute_loading,477,4408,0.014575703342124501,1051
absolute_loading,477,4409,-0.02560484969395405,1051
absolute_loading,477,4410,-0.0004634632141683975,1051
absolute_loading,477,4411,-0.02550778608221239,1051
absolute_loading,477,4412,-0.048005697772643366,1051
absolute_loading,477,4413,0.025035128573243828,1051
absolute_loading,477,4414,0.02029016822740639,1051
absolute_loading,477,4415,-0.015517129027254604,1051
absolute_loading,477,4416,0.03351012772514483,1051
absolute_loading,477,4417,0.033812759812357804,1051
absolute_loading,477,4418,-0.03082950589643268,1051
absolute_loading,477,4419,-0.02025282951257372,1051
absolute_loading,477,4420,0.008904495866608188,1051
absolute_loading,477,4421,0.009499482651132284,1051
absolute_loading,477,4422,-0.011005249504448615,1051
absolute_loading,477,4423,0.011403866649034854,1051
absolute_loading,477,4424,-0.010655487425174411,1051
absolute_loading,477,4425,-0.008367120373119506,1051
absolute_loading,477,4426,-0.052950732196804746,1051
absolute_loading,477,4427,-0.038368296415091256,1051
absolute_loading,477,4428,0.019932574966165215,1051
absolute_loading,477,4429,-0.0049120320864810794,1051
absolute_loading,477,4430,-0.017666062499078813,1051
absolute_loading,477,4431,0.0054082731760868525,1051
absolute_loading,477,4432,0.017342214874218456,1051
absolute_loading,477,4433,-0.003959938484075814,1051
absolute_loading,477,4434,-0.005575419045260973,1051
absolute_loading,477,4435,0.021338337481920537,1051
absolute_loading,477,4436,0.022813704898116908,1051
absolute_loading,477,4437,-0.014430520590970912,1051
absolute_loading,477,4438,0.029378747300006156,1051
absolute_loading,477,4439,-0.056299563035230045,1051
absolute_loading,477,4440,0.005165234505519639,1051
absolute_loading,477,4441,-0.002316665287844129,1051
absolute_loading,477,4442,0.037238579498512836,1051
absolute_loading,477,4443,0.03824191234299767,1051
absolute_loading,477,4444,0.029623340967865498,1051
absolute_loading,477,4445,0.02531725910727299,1051
absolute_loading,477,4446,0.0108531163031485,1051
absolute_loading,477,4447,-0.005507468592385664,1051
absolute_loading,477,4448,-0.006876838061131624,1051
absolute_loading,477,4449,0.0068310809496850335,1051
absolute_loading,477,4450,0.013837841687506309,1051
absolute_loading,477,4451,0.02175068833082325,1051
absolute_loading,477,4452,-0.06645414513894543,1051
absolute_loading,477,4453,0.003902287179267581,1051
absolute_loading,477,4454,-0.022098640494982027,1051
absolute_loading,477,4455,0.011915930282159872,1051
absolute_loading,477,4456,0.0031403157544806115,1051
absolute_loading,477,4457,-0.043796768948425165,1051
absolute_loading,477,4458,0.033578181187402564,1051
absolute_loading,477,4459,0.006339876170963086,1051
absolute_loading,477,4460,-0.016051935854083786,1051
absolute_loading,477,4461,-0.0037931654740128674,1051
absolute_loading,477,4462,-0.012577903401151714,1051
absolute_loading,477,4463,0.02590601906261124,1051
absolute_loading,477,4464,-0.04536853873678906,1051
absolute_loading,477,4465,0.024740405125074024,1051
absolute_loading,477,4466,-0.0033292344553565497,1051
absolute_loading,477,4467,-0.05902745115142805,1051
absolute_loading,477,4468,0.013941534046219207,1051
absolute_loading,477,4469,0.012947887825689368,1051
absolute_loading,477,4470,0.029554676885192584,1051
absolute_loading,477,4471,0.012863856879456424,1051
absolute_loading,477,4472,-0.06643622323803212,1051
absolute_loading,477,4473,0.009868868417373243,1051
absolute_loading,477,4474,-0.010825699850693026,1051
absolute_loading,477,4475,-0.0051776860747376596,1051
absolute_loading,477,4476,-0.05505106570805258,1051
absolute_loading,477,4477,-0.005196803668101204,1051
absolute_loading,477,4478,-0.017786308550851813,1051
absolute_loading,477,4479,0.006864667121293817,1051
absolute_loading,477,4480,0.013181462771544594,1051
absolute_loading,477,4481,-0.020011878384306177,1051
absolute_loading,477,4482,0.0148747199545809,1051
absolute_loading,477,4483,-0.0014238275509842455,1051
absolute_loading,477,4484,0.028237672850323678,1051
absolute_loading,477,4485,-0.01677567954921185,1051
absolute_loading,477,4486,-0.03180209241030995,1051
absolute_loading,477,4487,-0.03680267707143171,1051
absolute_loading,477,4488,-0.02382933453561874,1051
absolute_loading,477,4489,-0.06219290534471442,1051
absolute_loading,477,4490,0.014232352649630775,1051
absolute_loading,477,4491,-0.034223001747519737,1051
absolute_loading,477,4492,-0.009873242884567993,1051
absolute_loading,477,4493,-0.054673638951204945,1051
absolute_loading,477,4494,-0.05252172398985881,1051
absolute_loading,477,4495,-0.00010018559191557096,1051
absolute_loading,477,4496,0.05643666165868145,1051
absolute_loading,477,4497,0.010862918005399583,1051
absolute_loading,477,4498,0.038962539060777894,1051
absolute_loading,477,4499,-0.013684940691936083,1051
absolute_loading,477,4500,0.02442447832428092,1051
absolute_loading,477,4501,-0.0597320225318275,1051
absolute_loading,477,4502,-0.037724043431522636,1051
absolute_loading,477,4503,-0.0020773466335461867,1051
absolute_loading,477,4504,-0.02438017032099993,1051
absolute_loading,477,4505,-0.02700911223639972,1051
absolute_loading,477,4506,0.05362168313070739,1051
absolute_loading,477,4507,0.02527290728012598,1051
absolute_loading,477,4508,-0.009820812021671262,1051
absolute_loading,477,4509,0.009810139918843587,1051
absolute_loading,477,4510,-0.013160036356880605,1051
absolute_loading,477,4511,0.030985588637660676,1051
absolute_loading,477,4512,-0.0020233643027280732,1051
absolute_loading,477,4513,-0.012841675758670863,1051
absolute_loading,477,4514,0.05569369845527153,1051
absolute_loading,477,4515,-0.03509418994132443,1051
absolute_loading,477,4516,0.021259010631554623,1051
absolute_loading,477,4517,0.036566203582321974,1051
absolute_loading,477,4518,0.019439289719604843,1051
absolute_loading,477,4519,0.002085364611697671,1051
absolute_loading,477,4520,0.037663545292722415,1051
absolute_loading,477,4521,-0.01866742657372258,1051
absolute_loading,477,4522,0.0502778214011998,1051
absolute_loading,477,4523,-0.04435193607333425,1051
absolute_loading,477,4524,0.014339527289070685,1051
absolute_loading,477,4525,-0.0035556910613204953,1051
absolute_loading,477,4526,-0.04138830248745365,1051
absolute_loading,477,4527,0.024393179362830933,1051
absolute_loading,477,4528,-0.026504990664794146,1051
absolute_loading,477,4529,0.01317570519618207,1051
absolute_loading,477,4530,-0.029254496820814834,1051
absolute_loading,477,4531,0.02009694543487134,1051
absolute_loading,477,4532,-0.03835896952543561,1051
absolute_loading,477,4533,0.024082020250674907,1051
absolute_loading,477,4534,-0.018432957962516257,1051
absolute_loading,477,4535,0.0051662392482301955,1051
absolute_loading,477,4536,0.04371130020162964,1051
absolute_loading,477,4537,0.015655932861995167,1051
absolute_loading,477,4538,-0.022236015661508048,1051
absolute_loading,477,4539,0.04432347176107791,1051
absolute_loading,477,4540,0.007634675992453923,1051
absolute_loading,477,4541,-0.024878619909925317,1051
absolute_loading,477,4542,-0.014574749919400849,1051
absolute_loading,477,4543,-0.03787890824365485,1051
absolute_loading,477,4544,-0.04892139127081494,1051
absolute_loading,477,4545,-0.04203338989793966,1051
absolute_loading,477,4546,0.0015203260685672055,1051
absolute_loading,477,4547,-0.01672258582187024,1051
absolute_loading,477,4548,0.06307776071943078,1051
absolute_loading,477,4549,-0.03873936509267842,1051
absolute_loading,477,4550,0.03465312159410137,1051
absolute_loading,477,4551,0.0747395928163867,1051
absolute_loading,477,4552,-0.027641107348308446,1051
absolute_loading,477,4553,0.03813131098807775,1051
absolute_loading,477,4554,-0.0027393361236902184,1051
absolute_loading,477,4555,-0.03218655497269749,1051
absolute_loading,477,4556,0.04789717415169885,1051
absolute_loading,477,4557,-0.021145872194617398,1051
absolute_loading,477,4558,0.05428741318353459,1051
absolute_loading,477,4559,-0.014151948225441168,1051
absolute_loading,477,4560,0.014598343877014325,1051
absolute_loading,477,4561,0.01982577557585886,1051
absolute_loading,477,4562,0.04321321901245159,1051
absolute_loading,477,4563,-0.044189236690989016,1051
absolute_loading,477,4564,0.007978466404900176,1051
absolute_loading,477,4565,-0.06532702609198406,1051
absolute_loading,477,4566,0.013120940261926083,1051
absolute_loading,477,4567,0.02987971480149089,1051
absolute_loading,477,4568,-0.0033884174633646044,1051
absolute_loading,477,4569,0.02391249707155805,1051
absolute_loading,477,4570,-0.011772688332035158,1051
absolute_loading,477,4571,-0.010297731981785704,1051
absolute_loading,477,4572,0.023609083707003473,1051
absolute_loading,477,4573,0.03760146017301363,1051
absolute_loading,477,4574,-0.004954443703703391,1051
absolute_loading,477,4575,0.033208901082986575,1051
absolute_loading,477,4576,0.04591746521703896,1051
absolute_loading,477,4577,-0.003199551717817502,1051
absolute_loading,477,4578,-0.011858783462232509,1051
absolute_loading,477,4579,-0.029127183593386938,1051
absolute_loading,477,4580,0.014626174018963052,1051
absolute_loading,477,4581,0.002896167005380297,1051
absolute_loading,477,4582,-0.013575788905836552,1051
absolute_loading,477,4583,-0.013970552291801726,1051
absolute_loading,477,4584,-0.04458775677360509,1051
absolute_loading,477,4585,0.015375734528605939,1051
absolute_loading,477,4586,0.018839863725396637,1051
absolute_loading,477,4587,0.02273939882743834,1051
absolute_loading,477,4588,0.0565632287547465,1051
absolute_loading,477,4589,0.006944901000277493,1051
absolute_loading,477,4590,0.014790767804003598,1051
absolute_loading,477,4591,-0.01529034135428325,1051
absolute_loading,477,4592,0.014292412076087542,1051
absolute_loading,477,4593,0.037550073070252515,1051
absolute_loading,477,4594,0.05096965856025264,1051
absolute_loading,477,4595,0.00666637938011028,1051
absolute_loading,477,4596,-0.007147925704214325,1051
absolute_loading,477,4597,0.05074031458264619,1051
absolute_loading,477,4598,-0.02537562626362472,1051
absolute_loading,477,4599,-0.006994482689749385,1051
absolute_loading,477,4600,0.011184441787300771,1051
absolute_loading,477,4601,-0.07080382577548941,1051
absolute_loading,477,4602,-0.0019374743651306438,1051
absolute_loading,477,4603,0.0021583660832509037,1051
absolute_loading,477,4604,-0.01806917010300377,1051
absolute_loading,477,4605,-0.04541269712652693,1051
absolute_loading,477,4606,0.015664355675287196,1051
absolute_loading,477,4607,-0.04813952098392869,1051
absolute_loading,477,4608,0.03259376784315085,1051
absolute_loading,477,4609,0.03410806555518246,1051
absolute_loading,477,4610,0.08573444944392138,1051
absolute_loading,477,4611,0.014510443549421475,1051
absolute_loading,477,4612,0.060658436160694135,1051
absolute_loading,477,4613,0.01921718739512461,1051
absolute_loading,477,4614,0.019657985828458013,1051
absolute_loading,477,4615,0.04399696547549069,1051
absolute_loading,477,4616,-0.030675979902648268,1051
absolute_loading,477,4617,0.04950448029151334,1051
absolute_loading,477,4618,0.002856875239186186,1051
absolute_loading,477,4619,0.04282315112044282,1051
absolute_loading,477,4620,0.030038799666800283,1051
absolute_loading,477,4621,-0.006599475295125498,1051
absolute_loading,477,4622,-0.01742709956412581,1051
absolute_loading,477,4623,0.017721020783755505,1051
absolute_loading,477,4624,0.01958205516981952,1051
absolute_loading,477,4625,-0.0866286599800758,1051
absolute_loading,477,4626,0.019866558346967395,1051
absolute_loading,477,4627,0.0007384009634042811,1051
absolute_loading,477,4628,0.017883048497804123,1051
absolute_loading,477,4629,-0.05195560175366281,1051
absolute_loading,477,4630,-0.04928753209445699,1051
absolute_loading,477,4631,-0.029045192750736058,1051
absolute_loading,477,4632,-0.019377199518881807,1051
absolute_loading,477,4633,-0.020861887468857632,1051
absolute_loading,477,4634,-0.004167028889708569,1051
absolute_loading,477,4635,-0.040066811663403055,1051
absolute_loading,477,4636,-0.061567923413333545,1051
absolute_loading,477,4637,0.028057966155592938,1051
absolute_loading,477,4638,0.02136464637122337,1051
absolute_loading,477,4639,-0.02117510878480244,1051
absolute_loading,477,4640,-0.03735157223964763,1051
absolute_loading,477,4641,-0.024598237609791133,1051
absolute_loading,477,4642,0.040849502916867515,1051
absolute_loading,477,4643,0.11367885869931235,1051
absolute_loading,477,4644,-0.033519110378634615,1051
absolute_loading,477,4645,0.0008383563446574298,1051
absolute_loading,477,4646,0.003652634682371154,1051
absolute_loading,477,4647,-0.010581553984401436,1051
absolute_loading,477,4648,-0.024649306199755947,1051
absolute_loading,477,4649,-0.006302086914533669,1051
absolute_loading,477,4650,0.028250173929345344,1051
absolute_loading,477,4651,0.010647321131784786,1051
absolute_loading,477,4652,-0.0135420041801123,1051
absolute_loading,477,4653,0.017794190919687203,1051
absolute_loading,477,4654,-0.017274415768861847,1051
absolute_loading,477,4655,-0.04067128156790537,1051
absolute_loading,477,4656,-0.03030766554021296,1051
absolute_loading,477,4657,0.06459165053928279,1051
absolute_loading,477,4658,0.028102797960091994,1051
absolute_loading,477,4659,-0.006232507853497213,1051
absolute_loading,477,4660,-0.014758982809408284,1051
absolute_loading,477,4661,-0.006239614786564099,1051
absolute_loading,477,4662,0.010951161245985113,1051
absolute_loading,477,4663,0.00905946771698275,1051
absolute_loading,477,4664,-0.006625857607739591,1051
absolute_loading,477,4665,0.011055652295466838,1051
absolute_loading,477,4666,0.0129695081659494,1051
absolute_loading,477,4667,0.009539606099782936,1051
absolute_loading,477,4668,0.02118103389799392,1051
absolute_loading,477,4669,-0.037624943717813095,1051
absolute_loading,477,4670,0.005385677648211615,1051
absolute_loading,477,4671,0.03650177349542882,1051
absolute_loading,477,4672,0.011309148445022859,1051
absolute_loading,477,4673,0.007811678716034045,1051
absolute_loading,477,4674,0.024377277452980402,1051
absolute_loading,477,4675,-0.026820655809606443,1051
absolute_loading,477,4676,-0.0640755475739638,1051
absolute_loading,477,4677,-0.015121597906170438,1051
absolute_loading,477,4678,0.0019639339330868337,1051
absolute_loading,477,4679,-0.017175035482705527,1051
absolute_loading,477,4680,-0.0018664311418373327,1051
absolute_loading,477,4681,0.013534484256741338,1051
absolute_loading,477,4682,0.031292091510638526,1051
absolute_loading,477,4683,0.04227586830446331,1051
absolute_loading,477,4684,-0.007213216740033047,1051
absolute_loading,477,4685,-0.0017413179548149706,1051
absolute_loading,477,4686,0.01656573024721707,1051
absolute_loading,477,4687,-0.018927658176671126,1051
absolute_loading,477,4688,0.03093135201727045,1051
absolute_loading,477,4689,0.0390965728468481,1051
absolute_loading,477,4690,-0.020452790496164053,1051
absolute_loading,477,4691,-0.09919993721954885,1051
absolute_loading,477,4692,-0.06792734793099929,1051
absolute_loading,477,4693,-0.020413769112879013,1051
absolute_loading,477,4694,-0.005427146410543524,1051
absolute_loading,477,4695,-0.023655249657687075,1051
absolute_loading,477,4696,0.037404039636971254,1051
absolute_loading,477,4697,0.0003338032760703007,1051
absolute_loading,477,4698,-0.04293553071567974,1051
absolute_loading,477,4699,-0.021609705099130825,1051
absolute_loading,477,4700,0.04247149393190476,1051
absolute_loading,477,4701,-0.0669424266700329,1051
absolute_loading,477,4702,-0.013662307206715478,1051
absolute_loading,477,4703,-0.007315315065615093,1051
absolute_loading,477,4704,0.006191235993049587,1051
absolute_loading,477,4705,0.011800375082246043,1051
absolute_loading,477,4706,-0.004027704802365108,1051
absolute_loading,477,4707,-0.020059674443827356,1051
absolute_loading,477,4708,-0.044794786078246225,1051
absolute_loading,477,4709,0.00986864286270809,1051
absolute_loading,477,4710,0.005478550025528716,1051
absolute_loading,477,4711,0.02387663929643874,1051
absolute_loading,477,4712,0.018191389246219675,1051
absolute_loading,477,4713,-0.01649346377590659,1051
absolute_loading,477,4714,-0.033719018167903674,1051
absolute_loading,477,4715,0.004780530027049957,1051
absolute_loading,477,4716,-0.037007926298759326,1051
absolute_loading,477,4717,-0.0003355512590014209,1051
absolute_loading,477,4718,0.006121213470005965,1051
absolute_loading,477,4719,0.0012299670066162087,1051
absolute_loading,477,4720,-0.009145549045321428,1051
absolute_loading,477,4721,0.019459285142075847,1051
absolute_loading,477,4722,0.018374255447206892,1051
absolute_loading,477,4723,-0.025243030576304604,1051
absolute_loading,477,4724,0.030813637316699127,1051
absolute_loading,477,4725,-0.017574736628638066,1051
absolute_loading,477,4726,0.034552151835762636,1051
absolute_loading,477,4727,0.00950368929596957,1051
absolute_loading,477,4728,-0.0325529860382605,1051
absolute_loading,477,4729,-0.04422349658916962,1051
absolute_loading,477,4730,0.012942152318383542,1051
absolute_loading,477,4731,0.008053255636441554,1051
absolute_loading,477,4732,0.03797397957067946,1051
absolute_loading,477,4733,0.027777222190771035,1051
absolute_loading,477,4734,-0.020084158128561094,1051
absolute_loading,477,4735,-0.0315850910249555,1051
absolute_loading,477,4736,0.031567554609289644,1051
absolute_loading,477,4737,-0.01866037651344102,1051
absolute_loading,477,4738,-0.03770005684768658,1051
absolute_loading,477,4739,0.010154734091115456,1051
absolute_loading,477,4740,-0.04531269232614305,1051
absolute_loading,477,4741,-0.01309321806328148,1051
absolute_loading,477,4742,0.036666674685461746,1051
absolute_loading,477,4743,-0.018796244860731694,1051
absolute_loading,477,4744,0.03935786036882258,1051
absolute_loading,477,4745,-0.02523810873676272,1051
absolute_loading,477,4746,-0.0019927254817264806,1051
absolute_loading,477,4747,0.008381862229201066,1051
absolute_loading,477,4748,-0.034258603174788085,1051
absolute_loading,477,4749,-0.05234175362139204,1051
absolute_loading,477,4750,-0.005311650661392387,1051
absolute_loading,477,4751,0.01638335691551114,1051
absolute_loading,477,4752,-0.012193545161293116,1051
absolute_loading,477,4753,0.0023886556115334497,1051
absolute_loading,477,4754,0.007840773145294378,1051
absolute_loading,477,4755,-0.01045161598619681,1051
absolute_loading,477,4756,-0.05939790276226107,1051
absolute_loading,477,4757,-0.021090014390177728,1051
absolute_loading,477,4758,-0.03530440364537247,1051
absolute_loading,477,4759,-0.025953178166395682,1051
absolute_loading,477,4760,-0.021551728152953958,1051
absolute_loading,477,4761,-0.01967037040659743,1051
absolute_loading,477,4762,0.03316037080369505,1051
absolute_loading,477,4763,-0.019477486833337047,1051
absolute_loading,477,4764,-0.013406967010409238,1051
absolute_loading,477,4765,-0.002205352973082439,1051
absolute_loading,477,4766,0.013169482819820204,1051
absolute_loading,477,4767,-0.060753414990334445,1051
absolute_loading,477,4768,-0.005291541034568781,1051
absolute_loading,477,4769,0.02685461582460698,1051
absolute_loading,477,4770,-0.08519914069090397,1051
absolute_loading,477,4771,-0.03136021447989507,1051
absolute_loading,477,4772,0.006892283020035674,1051
absolute_loading,477,4773,-0.012534615925396548,1051
absolute_loading,477,4774,0.02662568941144696,1051
absolute_loading,477,4775,-0.0170050237854975,1051
absolute_loading,477,4776,-0.015216259925438791,1051
absolute_loading,477,4777,0.019239364871805983,1051
absolute_loading,477,4778,-0.011194228390893594,1051
absolute_loading,477,4779,-0.03683508308620895,1051
absolute_loading,477,4780,-0.024350754729597687,1051
absolute_loading,477,4781,0.005821701001206791,1051
absolute_loading,477,4782,0.054584324487927695,1051
absolute_loading,477,4783,-0.018895879883202148,1051
absolute_loading,477,4784,0.005796840624972002,1051
absolute_loading,477,4785,-0.025199228291395405,1051
absolute_loading,477,4786,-0.03746896995104342,1051
absolute_loading,477,4787,0.04333626850025739,1051
absolute_loading,477,4788,-0.004191195659856151,1051
absolute_loading,477,4789,-0.006054066705542475,1051
absolute_loading,477,4790,-0.011121571982744598,1051
absolute_loading,477,4791,-0.001218009582252366,1051
absolute_loading,477,4792,0.01591766325628883,1051
absolute_loading,477,4793,-0.024965131998602143,1051
absolute_loading,477,4794,0.017223052125348467,1051
absolute_loading,477,4795,0.017227364301678115,1051
absolute_loading,477,4796,0.010070629153750534,1051
absolute_loading,477,4797,-0.0018981672556243334,1051
absolute_loading,477,4798,-0.024799519654190028,1051
absolute_loading,477,4799,-0.03603610724856407,1051
absolute_loading,477,4800,0.00037678245701329503,1051
absolute_loading,477,4801,0.04331348397687736,1051
absolute_loading,477,4802,0.00992134087138823,1051
absolute_loading,477,4803,-0.0004723604231867621,1051
absolute_loading,477,4804,-0.06033443898931803,1051
absolute_loading,477,4805,0.047167210778769945,1051
absolute_loading,477,4806,0.057702170179695166,1051
absolute_loading,477,4807,0.011094569354062563,1051
absolute_loading,477,4808,0.03261116889904392,1051
absolute_loading,477,4809,-0.05615179182740393,1051
absolute_loading,477,4810,-0.022761533432574175,1051
absolute_loading,477,4811,0.04768059518128584,1051
absolute_loading,477,4812,0.0011223757062884115,1051
absolute_loading,477,4813,0.039726168621105146,1051
absolute_loading,477,4814,-0.017692953439646712,1051
absolute_loading,477,4815,-0.006136066139722224,1051
absolute_loading,477,4816,0.041997932821000755,1051
absolute_loading,477,4817,-0.046435474106470954,1051
absolute_loading,477,4818,-0.06085000502637575,1051
absolute_loading,477,4819,0.02264942814396759,1051
absolute_loading,477,4820,0.008566558775598533,1051
absolute_loading,477,4821,-0.02457607728092176,1051
absolute_loading,477,4822,0.0475557777855079,1051
absolute_loading,477,4823,0.0034012472291170114,1051
absolute_loading,477,4824,-0.041105568679835044,1051
absolute_loading,477,4825,0.059735480527277625,1051
absolute_loading,477,4826,0.04190805162718094,1051
absolute_loading,477,4827,0.0200233772969602,1051
absolute_loading,477,4828,-0.03774333573139404,1051
absolute_loading,477,4829,0.01712640576997448,1051
absolute_loading,477,4830,-0.0030212608850506864,1051
absolute_loading,477,4831,0.07480434141078927,1051
absolute_loading,477,4832,-0.020082651925843135,1051
absolute_loading,477,4833,-0.01227936842062178,1051
absolute_loading,477,4834,0.045885051715897046,1051
absolute_loading,477,4835,-0.03398532972533947,1051
absolute_loading,477,4836,-0.018359532437426596,1051
absolute_loading,477,4837,-0.02701208027643653,1051
absolute_loading,477,4838,0.005679386901111448,1051
absolute_loading,477,4839,-0.010228153158282195,1051
absolute_loading,477,4840,0.061142414839818617,1051
absolute_loading,477,4841,-0.013983467046022213,1051
absolute_loading,477,4842,-0.01818310632212475,1051
absolute_loading,477,4843,0.004967682055409069,1051
absolute_loading,477,4844,0.015015946785901589,1051
absolute_loading,477,4845,-0.07794682599451677,1051
absolute_loading,477,4846,-0.01883282364535325,1051
absolute_loading,477,4847,0.003978511659186817,1051
absolute_loading,477,4848,0.01760194555844496,1051
absolute_loading,477,4849,0.06960375428028724,1051
absolute_loading,477,4850,-0.04104829035861635,1051
absolute_loading,477,4851,-0.017682082312471602,1051
absolute_loading,477,4852,0.017551353109636306,1051
absolute_loading,477,4853,-0.028111175720521887,1051
absolute_loading,477,4854,0.054769000938323924,1051
absolute_loading,477,4855,-0.027892355741267347,1051
absolute_loading,477,4856,-0.03491728679355982,1051
absolute_loading,477,4857,-0.04713213964195594,1051
absolute_loading,477,4858,-0.05942251788628479,1051
absolute_loading,477,4859,-0.029146924294490794,1051
absolute_loading,477,4860,-0.02445452695222807,1051
absolute_loading,477,4861,-0.05976325947905035,1051
absolute_loading,477,4862,0.062977173010081,1051
absolute_loading,477,4863,-0.01652024275155933,1051
absolute_loading,477,4864,-0.010120786307992992,1051
absolute_loading,477,4865,-0.06058249985104263,1051
absolute_loading,477,4866,-0.0012649393446641838,1051
absolute_loading,477,4867,0.017615378574640586,1051
absolute_loading,477,4868,-0.038277504588323755,1051
absolute_loading,477,4869,0.023285599796324667,1051
absolute_loading,477,4870,0.009563546916922456,1051
absolute_loading,477,4871,-0.02255048089423561,1051
absolute_loading,477,4872,0.013747565406393629,1051
absolute_loading,477,4873,0.06114743297054166,1051
absolute_loading,477,4874,0.022412322687442057,1051
absolute_loading,477,4875,-0.029552191736436764,1051
absolute_loading,477,4876,0.011181185399569343,1051
absolute_loading,477,4877,-0.0161734284470995,1051
absolute_loading,477,4878,0.038778422508228175,1051
absolute_loading,477,4879,0.03526189921879261,1051
absolute_loading,477,4880,0.008809540357614202,1051
absolute_loading,477,4881,-0.030403589172954704,1051
absolute_loading,477,4882,-0.02208051458526862,1051
absolute_loading,477,4883,0.04514004854770281,1051
absolute_loading,477,4884,-0.008230029877802933,1051
absolute_loading,477,4885,0.04839295108780827,1051
absolute_loading,477,4886,0.03227242299443963,1051
absolute_loading,477,4887,0.01219163762603167,1051
absolute_loading,477,4888,0.0058436119451162165,1051
absolute_loading,477,4889,-0.033725099051105496,1051
absolute_loading,477,4890,-0.014091431675539239,1051
absolute_loading,477,4891,0.020941977234305024,1051
absolute_loading,477,4892,0.013600158030255353,1051
absolute_loading,477,4893,-0.04655141420209986,1051
absolute_loading,477,4894,-0.04753185193085443,1051
absolute_loading,477,4895,0.04354653568274105,1051
absolute_loading,477,4896,-0.03670534982303331,1051
absolute_loading,477,4897,0.03170589038586687,1051
absolute_loading,477,4898,0.016474859051773337,1051
absolute_loading,477,4899,-0.04530937064296727,1051
absolute_loading,477,4900,0.0177728745528575,1051
absolute_loading,477,4901,-0.008946514243880706,1051
absolute_loading,477,4902,0.022428690432765987,1051
absolute_loading,477,4903,0.04998794952103029,1051
absolute_loading,477,4904,-0.06649370513938796,1051
absolute_loading,477,4905,-0.01847105450727479,1051
absolute_loading,477,4906,0.005394988326267327,1051
absolute_loading,477,4907,0.018478428263565713,1051
absolute_loading,477,4908,-0.020686174066419948,1051
absolute_loading,477,4909,-0.05190098505481058,1051
absolute_loading,477,4910,-0.00958693200204363,1051
absolute_loading,477,4911,0.007229549339201381,1051
absolute_loading,477,4912,0.011269981447862083,1051
absolute_loading,477,4913,0.020070647156438484,1051
absolute_loading,477,4914,0.006866411913718355,1051
absolute_loading,477,4915,-0.0151642646167501,1051
absolute_loading,477,4916,0.00045975173665370586,1051
absolute_loading,477,4917,-0.02095164837212861,1051
absolute_loading,477,4918,-0.03793259647796061,1051
absolute_loading,477,4919,0.026235968412459728,1051
absolute_loading,477,4920,0.01171483794303919,1051
absolute_loading,477,4921,0.06794290931079063,1051
absolute_loading,477,4922,0.04881979986658244,1051
absolute_loading,477,4923,-0.011528300816764807,1051
absolute_loading,477,4924,0.031828254777323706,1051
absolute_loading,477,4925,0.027307816486744126,1051
absolute_loading,477,4926,-0.009082280160169253,1051
absolute_loading,477,4927,-0.02519989112200753,1051
absolute_loading,477,4928,-0.06535244123173771,1051
absolute_loading,477,4929,-0.013355277055479479,1051
absolute_loading,477,4930,-0.011925938597627035,1051
absolute_loading,477,4931,0.010618713811901626,1051
absolute_loading,477,4932,-0.0009475624910791902,1051
absolute_loading,477,4933,-0.03475825657798989,1051
absolute_loading,477,4934,0.0020055315331055546,1051
absolute_loading,477,4935,-0.0034917315047437096,1051
absolute_loading,477,4936,0.012144416227212075,1051
absolute_loading,477,4937,-0.05606687323320469,1051
absolute_loading,477,4938,0.029883947993978824,1051
absolute_loading,477,4939,-0.01883358245406981,1051
absolute_loading,477,4940,0.02240975452782916,1051
absolute_loading,477,4941,-0.056871347730102,1051
absolute_loading,477,4942,-0.007665725924516354,1051
absolute_loading,477,4943,-0.011687294514328185,1051
absolute_loading,477,4944,-0.03571636092599249,1051
absolute_loading,477,4945,-0.013071275065363147,1051
absolute_loading,477,4946,0.0033607926589954745,1051
absolute_loading,477,4947,-0.02230000555951939,1051
absolute_loading,477,4948,0.01629822113236846,1051
absolute_loading,477,4949,-0.019808129781871884,1051
absolute_loading,477,4950,0.03620600158843222,1051
absolute_loading,477,4951,0.024455819971943737,1051
absolute_loading,477,4952,-0.0021190902903931237,1051
absolute_loading,477,4953,0.00607159240122814,1051
absolute_loading,477,4954,-0.013973517163922382,1051
absolute_loading,477,4955,-0.031550347699929635,1051
absolute_loading,477,4956,-0.04519256856208114,1051
absolute_loading,477,4957,-0.029036281537732887,1051
absolute_loading,477,4958,0.05539099777197418,1051
absolute_loading,477,4959,-0.0447947838946317,1051
absolute_loading,477,4960,0.09492813757026063,1051
absolute_loading,477,4961,-0.013626526832953128,1051
absolute_loading,477,4962,0.024307204852963518,1051
absolute_loading,477,4963,-0.009046476812198653,1051
absolute_loading,477,4964,-0.004222598128576193,1051
absolute_loading,477,4965,-0.024122010161021792,1051
absolute_loading,477,4966,0.03562327761867953,1051
absolute_loading,477,4967,-0.014791399578204734,1051
absolute_loading,477,4968,-0.016093803643401485,1051
absolute_loading,477,4969,0.007542807047790564,1051
absolute_loading,477,4970,0.008492980930108229,1051
absolute_loading,477,4971,-0.007885277073852427,1051
absolute_loading,477,4972,0.027162540703722614,1051
absolute_loading,477,4973,-0.04036504492812449,1051
absolute_loading,477,4974,0.03715876309336371,1051
absolute_loading,477,4975,0.05468723081060487,1051
absolute_loading,477,4976,-0.006547861942296393,1051
absolute_loading,477,4977,-0.028754421575551727,1051
absolute_loading,477,4978,0.009490564861431022,1051
absolute_loading,477,4979,0.036958681692179494,1051
absolute_loading,477,4980,0.010259129722691262,1051
absolute_loading,477,4981,0.036628921204088755,1051
absolute_loading,477,4982,-0.02001482168303217,1051
absolute_loading,477,4983,-0.04149980492571929,1051
absolute_loading,477,4984,-0.0062464359314130325,1051
absolute_loading,477,4985,0.0023894915464060026,1051
absolute_loading,477,4986,0.000011779676719881792,1051
absolute_loading,477,4987,0.04107684620288954,1051
absolute_loading,477,4988,0.012319650410004707,1051
absolute_loading,477,4989,0.00036881734239436835,1051
absolute_loading,477,4990,-0.04240764769649181,1051
absolute_loading,477,4991,-0.04333071461559311,1051
absolute_loading,477,4992,-0.06486844172116792,1051
absolute_loading,477,4993,-0.04311724868529662,1051
absolute_loading,477,4994,-0.027650769553641666,1051
absolute_loading,477,4995,-0.04835674089585567,1051
absolute_loading,477,4996,-0.00926086342696938,1051
absolute_loading,477,4997,0.010406598203599281,1051
absolute_loading,477,4998,0.02432766193356519,1051
absolute_loading,477,4999,-0.020415932888334695,1051
absolute_loading,477,5000,0.020097056984513754,1051
absolute_loading,477,5001,0.02196056706899405,1051
absolute_loading,477,5002,0.050850974346764916,1051
absolute_loading,477,5003,-0.012310463302582765,1051
absolute_loading,477,5004,-0.05609572327512279,1051
absolute_loading,477,5005,-0.012688285813624274,1051
absolute_loading,477,5006,-0.009121098813663409,1051
absolute_loading,477,5007,-0.02297098389915508,1051
absolute_loading,477,5008,0.03870913759931948,1051
absolute_loading,477,5009,0.047583550033378226,1051
absolute_loading,477,5010,0.03195754214811816,1051
absolute_loading,477,5011,-0.04225201026144057,1051
absolute_loading,477,5012,0.050578194911313795,1051
absolute_loading,477,5013,0.002935908035726725,1051
absolute_loading,477,5014,0.03768800859955412,1051
absolute_loading,477,5015,-0.0019843999282181048,1051
absolute_loading,477,5016,0.01245377109024605,1051
absolute_loading,477,5017,0.007174983687888838,1051
absolute_loading,477,5018,-0.017273516853142188,1051
absolute_loading,477,5019,-0.0020307749674324574,1051
absolute_loading,477,5020,0.03169912960749182,1051
absolute_loading,477,5021,0.02530517850195677,1051
absolute_loading,477,5022,0.021079153261380688,1051
absolute_loading,477,5023,-0.008601589808066903,1051
absolute_loading,477,5024,0.00044879162782348903,1051
absolute_loading,477,5025,-0.029499688396177674,1051
absolute_loading,477,5026,0.018564230425067864,1051
absolute_loading,477,5027,-0.003698425697435791,1051
absolute_loading,477,5028,-0.009582606803882333,1051
absolute_loading,477,5029,0.04731394569696741,1051
absolute_loading,477,5030,-0.002373183776795702,1051
absolute_loading,477,5031,-0.023049850780630935,1051
absolute_loading,477,5032,-0.025262220161277105,1051
absolute_loading,477,5033,-0.043913618434149204,1051
absolute_loading,477,5034,0.011718405780369597,1051
absolute_loading,477,5035,-0.003219792293726041,1051
absolute_loading,477,5036,-0.02002917705211593,1051
absolute_loading,477,5037,0.00011309857862023025,1051
absolute_loading,477,5038,-0.019248539720930272,1051
absolute_loading,477,5039,0.049217722197087525,1051
absolute_loading,477,5040,0.058794462177981184,1051
absolute_loading,477,5041,0.0071099462547871495,1051
absolute_loading,477,5042,-0.023379669265637285,1051
absolute_loading,477,5043,-0.012663309096865825,1051
absolute_loading,477,5044,-0.052353472432069365,1051
absolute_loading,477,5045,0.047504156931678636,1051
absolute_loading,477,5046,-0.00867093947481998,1051
absolute_loading,477,5047,-0.02042883833571355,1051
absolute_loading,477,5048,0.013146850691094914,1051
absolute_loading,477,5049,-0.0015802505720661024,1051
absolute_loading,477,5050,0.021581336487036508,1051
absolute_loading,477,5051,-0.01967894570703231,1051
absolute_loading,477,5052,-0.01722869034480881,1051
absolute_loading,477,5053,-0.03047799360555609,1051
absolute_loading,477,5054,-0.0003795446026576785,1051
absolute_loading,477,5055,0.012604380258421984,1051
absolute_loading,477,5056,0.03991684084435795,1051
absolute_loading,477,5057,-0.014005998957541626,1051
absolute_loading,477,5058,-0.007395022915701457,1051
absolute_loading,477,5059,-0.007124458173629019,1051
absolute_loading,477,5060,0.03592509616095677,1051
absolute_loading,477,5061,0.032170792265021925,1051
absolute_loading,477,5062,-0.019107947320080105,1051
absolute_loading,477,5063,-0.028620975134136882,1051
absolute_loading,477,5064,-0.08956132713527339,1051
absolute_loading,477,5065,-0.03624534904639972,1051
absolute_loading,477,5066,0.00847314565074469,1051
absolute_loading,477,5067,-0.06481051619715394,1051
absolute_loading,477,5068,0.023981756978848186,1051
absolute_loading,477,5069,-0.016308554494714866,1051
absolute_loading,477,5070,-0.023999186490805756,1051
absolute_loading,477,5071,-0.00805636912284174,1051
absolute_loading,477,5072,0.0028878443249791786,1051
absolute_loading,477,5073,0.05428626573393403,1051
absolute_loading,477,5074,-0.03850968879329492,1051
absolute_loading,477,5075,-0.017407672156541643,1051
absolute_loading,477,5076,-0.003758236086441065,1051
absolute_loading,477,5077,0.024799984055684756,1051
absolute_loading,477,5078,0.052531383128538285,1051
absolute_loading,477,5079,-0.047699349959536376,1051
absolute_loading,477,5080,0.04283305661831988,1051
absolute_loading,477,5081,-0.008052384363922504,1051
absolute_loading,477,5082,0.004941976907691855,1051
absolute_loading,477,5083,-0.0009204619755644259,1051
absolute_loading,477,5084,-0.03529859855469935,1051
absolute_loading,477,5085,0.03278699875982434,1051
absolute_loading,477,5086,-0.006425192689370292,1051
absolute_loading,477,5087,-0.01585597407437863,1051
absolute_loading,477,5088,-0.015568483797044973,1051
absolute_loading,477,5089,-0.038930106254073345,1051
absolute_loading,477,5090,0.010388708844933528,1051
absolute_loading,477,5091,0.004276321020436897,1051
absolute_loading,477,5092,0.004891836301845819,1051
absolute_loading,477,5093,0.04030323524481223,1051
absolute_loading,477,5094,-0.00831558996097988,1051
absolute_loading,477,5095,0.016786710167527804,1051
absolute_loading,477,5096,0.018482335161015065,1051
absolute_loading,477,5097,0.014729699138144935,1051
absolute_loading,477,5098,0.021384448597625474,1051
absolute_loading,477,5099,0.02587279689041889,1051
absolute_loading,477,5100,-0.025587556125571686,1051
absolute_loading,477,5101,0.006641982246180882,1051
absolute_loading,477,5102,0.0061445619052453585,1051
absolute_loading,477,5103,0.01188695285006673,1051
absolute_loading,477,5104,0.015599984048857991,1051
absolute_loading,477,5105,-0.05275832829815039,1051
absolute_loading,477,5106,-0.007388171233414597,1051
absolute_loading,477,5107,0.036884795986572905,1051
absolute_loading,477,5108,-0.0167822863771657,1051
absolute_loading,477,5109,-0.03865107569640376,1051
absolute_loading,477,5110,-0.00041838033635446993,1051
absolute_loading,477,5111,-0.008388898208523584,1051
absolute_loading,477,5112,-0.0038879501233885657,1051
absolute_loading,477,5113,-0.011175194935263725,1051
absolute_loading,477,5114,0.021979834180542297,1051
absolute_loading,477,5115,0.0037956099702048042,1051
absolute_loading,477,5116,-0.05222621629241118,1051
absolute_loading,477,5117,-0.06569340938995977,1051
absolute_loading,477,5118,-0.0316730325969131,1051
absolute_loading,477,5119,-0.026095832450555655,1051
absolute_loading,477,5120,0.06900819841135286,1051
absolute_loading,477,5121,-0.027340812667002667,1051
absolute_loading,477,5122,-0.01827483427301849,1051
absolute_loading,477,5123,-0.013081022271747029,1051
absolute_loading,477,5124,-0.02422969794742139,1051
absolute_loading,477,5125,-0.002959385664009828,1051
absolute_loading,477,5126,-0.004265288480288892,1051
absolute_loading,477,5127,-0.04038312725950883,1051
absolute_loading,477,5128,0.024747733246318446,1051
absolute_loading,477,5129,0.035226762482066694,1051
absolute_loading,477,5130,-0.03571446418089457,1051
absolute_loading,477,5131,-0.025335126990910773,1051
absolute_loading,477,5132,0.04383718159059749,1051
absolute_loading,477,5133,0.0011435244420651902,1051
absolute_loading,477,5134,0.036103622333061886,1051
absolute_loading,477,5135,0.03417733759043184,1051
absolute_loading,477,5136,-0.05250911275435166,1051
absolute_loading,477,5137,0.011323578475571243,1051
absolute_loading,477,5138,0.04809924432784019,1051
absolute_loading,477,5139,-0.05137258758212538,1051
absolute_loading,477,5140,-0.016836730137956103,1051
absolute_loading,477,5141,0.010370709317255266,1051
absolute_loading,477,5142,-0.031003790668584465,1051
absolute_loading,477,5143,-0.026279957329380866,1051
absolute_loading,477,5144,0.057693867465578565,1051
absolute_loading,477,5145,-0.002790866302552406,1051
absolute_loading,477,5146,0.03642228770721337,1051
absolute_loading,477,5147,0.015391538803309263,1051
absolute_loading,477,5148,0.06685977037597024,1051
absolute_loading,477,5149,-0.016548596662949906,1051
absolute_loading,477,5150,0.014853583160500883,1051
absolute_loading,477,5151,0.09842959209920168,1051
absolute_loading,477,5152,-0.0007304884936496591,1051
absolute_loading,477,5153,-0.04517984916907582,1051
absolute_loading,477,5154,0.06619293304277783,1051
absolute_loading,477,5155,-0.023064259255504916,1051
absolute_loading,477,5156,-0.023961059632109018,1051
absolute_loading,477,5157,-0.019959953523044912,1051
absolute_loading,477,5158,-0.03304326277675516,1051
absolute_loading,477,5159,-0.032399883512625634,1051
absolute_loading,477,5160,0.03119561318145152,1051
absolute_loading,477,5161,0.009709044406669703,1051
absolute_loading,477,5162,0.02074777560763957,1051
absolute_loading,477,5163,0.043840948893771985,1051
absolute_loading,477,5164,0.010499491323792912,1051
absolute_loading,477,5165,0.05085753888982091,1051
absolute_loading,477,5166,-0.024046154114464317,1051
absolute_loading,477,5167,-0.03285865098822532,1051
absolute_loading,477,5168,-0.028030445146835916,1051
absolute_loading,477,5169,-0.010130909495176478,1051
absolute_loading,477,5170,-0.03444215483632768,1051
absolute_loading,477,5171,0.00016217886943240128,1051
absolute_loading,477,5172,-0.026517451390339997,1051
absolute_loading,477,5173,0.0655055660112722,1051
absolute_loading,477,5174,0.00060813602738733,1051
absolute_loading,477,5175,-0.008621933434417464,1051
absolute_loading,477,5176,-0.05051665876240399,1051
absolute_loading,477,5177,-0.0017643108671148559,1051
absolute_loading,477,5178,-0.020371268133548413,1051
absolute_loading,477,5179,-0.012495977455414508,1051
absolute_loading,477,5180,-0.02149437387572504,1051
absolute_loading,477,5181,-0.02809599137316021,1051
absolute_loading,477,5182,0.016147920801424222,1051
absolute_loading,477,5183,-0.012928640301971696,1051
absolute_loading,477,5184,0.048828577614723395,1051
absolute_loading,477,5185,-0.00039108826991457457,1051
absolute_loading,477,5186,0.06101392286832421,1051
absolute_loading,477,5187,-0.019204074021963093,1051
absolute_loading,477,5188,-0.000306250698724986,1051
absolute_loading,477,5189,-0.022517254461685336,1051
absolute_loading,477,5190,-0.049643535678559066,1051
absolute_loading,477,5191,0.028295038729580245,1051
absolute_loading,477,5192,0.009215922906367186,1051
absolute_loading,477,5193,-0.0067389169336099786,1051
absolute_loading,477,5194,0.034112274875414156,1051
absolute_loading,477,5195,-0.04255333392384126,1051
absolute_loading,477,5196,-0.025448267839582737,1051
absolute_loading,477,5197,0.04321244558412641,1051
absolute_loading,477,5198,0.05527650684292967,1051
absolute_loading,477,5199,-0.014307981852682873,1051
absolute_loading,477,5200,-0.031731715590678417,1051
absolute_loading,477,5201,-0.010039625086664337,1051
absolute_loading,477,5202,0.004001120359241723,1051
absolute_loading,477,5203,-0.04466693787792474,1051
absolute_loading,477,5204,0.005272470040732852,1051
absolute_loading,477,5205,-0.054568097253698204,1051
absolute_loading,477,5206,0.0077346169680089834,1051
absolute_loading,477,5207,0.00002554226531279092,1051
absolute_loading,477,5208,-0.03251349056712853,1051
absolute_loading,477,5209,-0.0041094229953606105,1051
absolute_loading,477,5210,0.09150828791386578,1051
absolute_loading,477,5211,0.036641495938298914,1051
absolute_loading,477,5212,-0.05719867989143916,1051
absolute_loading,477,5213,0.03717445669341132,1051
absolute_loading,477,5214,0.038800814077555194,1051
absolute_loading,477,5215,-0.03863010160463812,1051
absolute_loading,477,5216,0.01900727021889651,1051
absolute_loading,477,5217,-0.0012858692678810117,1051
absolute_loading,477,5218,0.05389403502387067,1051
absolute_loading,477,5219,-0.0541333260685928,1051
absolute_loading,477,5220,0.003177506121500685,1051
absolute_loading,477,5221,0.020376225851188867,1051
absolute_loading,477,5222,0.03778683879392642,1051
absolute_loading,477,5223,0.01063721016437637,1051
absolute_loading,477,5224,0.029337377248891957,1051
absolute_loading,477,5225,-0.019954151571393054,1051
absolute_loading,477,5226,-0.003117588352566314,1051
absolute_loading,477,5227,0.04512496836149446,1051
absolute_loading,477,5228,0.004911547518503298,1051
absolute_loading,477,5229,0.044424470438444906,1051
absolute_loading,477,5230,-0.02375115716557742,1051
absolute_loading,477,5231,0.01471462097230326,1051
absolute_loading,477,5232,0.03750813266225342,1051
absolute_loading,477,5233,0.054532246867194156,1051
absolute_loading,477,5234,0.0268736318694508,1051
absolute_loading,477,5235,0.02875125899958454,1051
absolute_loading,477,5236,-0.032913536597656,1051
absolute_loading,477,5237,0.018870020916699166,1051
absolute_loading,477,5238,-0.015943525867092002,1051
absolute_loading,477,5239,0.02173356565889796,1051
absolute_loading,477,5240,0.01784494152978582,1051
absolute_loading,477,5241,-0.01725229712815748,1051
absolute_loading,477,5242,-0.013354443762872587,1051
absolute_loading,477,5243,0.004694819339692084,1051
absolute_loading,477,5244,-0.002001175899183418,1051
absolute_loading,477,5245,0.04701677454048618,1051
absolute_loading,477,5246,-0.027627282748226276,1051
absolute_loading,477,5247,0.0025167538575259153,1051
absolute_loading,477,5248,0.02709717320389919,1051
absolute_loading,477,5249,0.04750535630630419,1051
absolute_loading,477,5250,-0.0061721420227288494,1051
absolute_loading,477,5251,0.04051756230128178,1051
absolute_loading,477,5252,0.10127299845926983,1051
absolute_loading,477,5253,0.021666120921364242,1051
absolute_loading,477,5254,-0.012122999117444177,1051
absolute_loading,477,5255,0.042177314727495335,1051
absolute_loading,477,5256,0.015003665677401861,1051
absolute_loading,477,5257,0.013598679669128193,1051
absolute_loading,477,5258,0.023217313735590408,1051
absolute_loading,477,5259,0.0059030375892628545,1051
absolute_loading,477,5260,-0.009032897925299758,1051
absolute_loading,477,5261,-0.01793830261555345,1051
absolute_loading,477,5262,0.0028893935900265897,1051
absolute_loading,477,5263,-0.018206958579519397,1051
absolute_loading,477,5264,-0.025203471465907235,1051
absolute_loading,477,5265,-0.010320304921704894,1051
absolute_loading,477,5266,0.021909620952289325,1051
absolute_loading,477,5267,-0.027601177075640037,1051
absolute_loading,477,5268,-0.03201276475499027,1051
absolute_loading,477,5269,-0.05968921542968228,1051
absolute_loading,477,5270,0.01157880356263586,1051
absolute_loading,477,5271,0.005710928292633241,1051
absolute_loading,477,5272,0.003191358421602172,1051
absolute_loading,477,5273,-0.02817023367493163,1051
absolute_loading,477,5274,-0.01974342108298491,1051
absolute_loading,477,5275,0.02648418926791069,1051
absolute_loading,477,5276,-0.010286679624007498,1051
absolute_loading,477,5277,-0.03279978886337633,1051
absolute_loading,477,5278,-0.011309309751440273,1051
absolute_loading,477,5279,-0.028193492136412635,1051
absolute_loading,477,5280,-0.03377306704415763,1051
absolute_loading,477,5281,0.02194709864907342,1051
absolute_loading,477,5282,0.036177209769402814,1051
absolute_loading,477,5283,0.05896648348234324,1051
absolute_loading,477,5284,-0.013612032975090954,1051
absolute_loading,477,5285,0.0050383754214363774,1051
absolute_loading,477,5286,0.032960878055787846,1051
absolute_loading,477,5287,0.03618251633227105,1051
absolute_loading,477,5288,0.04048203865923202,1051
absolute_loading,477,5289,-0.06806703112396256,1051
absolute_loading,477,5290,-0.000056559132515826496,1051
absolute_loading,477,5291,0.02812093104512203,1051
absolute_loading,477,5292,-0.05662498984166898,1051
absolute_loading,477,5293,0.004324713974151793,1051
absolute_loading,477,5294,0.007903544477357066,1051
absolute_loading,477,5295,-0.005791699740316251,1051
absolute_loading,477,5296,0.030867332771408976,1051
absolute_loading,477,5297,-0.011732129713606433,1051
absolute_loading,477,5298,-0.025730795012692476,1051
absolute_loading,477,5299,-0.034064178206527226,1051
absolute_loading,477,5300,0.01417565627678657,1051
absolute_loading,477,5301,0.07181283503838502,1051
absolute_loading,477,5302,-0.008633277132124306,1051
absolute_loading,477,5303,0.01286972975403174,1051
absolute_loading,477,5304,-0.05797434233867191,1051
absolute_loading,477,5305,-0.04918975394898253,1051
absolute_loading,477,5306,0.0006865691321819727,1051
absolute_loading,477,5307,-0.0034487792512381864,1051
absolute_loading,477,5308,0.01703700100953263,1051
absolute_loading,477,5309,-0.01964552729532371,1051
absolute_loading,477,5310,-0.024335590595263266,1051
absolute_loading,477,5311,-0.009465292338210344,1051
absolute_loading,477,5312,-0.05443653197696981,1051
absolute_loading,477,5313,0.017103029250377984,1051
absolute_loading,477,5314,0.023232174723306895,1051
absolute_loading,477,5315,-0.028240133787849845,1051
absolute_loading,477,5316,0.011430605363109641,1051
absolute_loading,477,5317,0.026625098973676563,1051
absolute_loading,477,5318,-0.05942055422675347,1051
absolute_loading,477,5319,-0.004750564441954457,1051
absolute_loading,477,5320,0.010918098540517009,1051
absolute_loading,477,5321,-0.007745439056005956,1051
absolute_loading,477,5322,0.02334574580241664,1051
absolute_loading,477,5323,-0.037931928956435136,1051
absolute_loading,477,5324,-0.01260094611330703,1051
absolute_loading,477,5325,0.019505995996019317,1051
absolute_loading,477,5326,-0.012350356805206991,1051
absolute_loading,477,5327,-0.029893940806215803,1051
absolute_loading,477,5328,0.016811394390127132,1051
absolute_loading,477,5329,0.030688077933086113,1051
absolute_loading,477,5330,-0.02523156942539261,1051
absolute_loading,477,5331,-0.0480827558819221,1051
absolute_loading,477,5332,0.010503444974321376,1051
absolute_loading,477,5333,0.04716789899844503,1051
absolute_loading,477,5334,0.031733105247771135,1051
absolute_loading,477,5335,0.024725221107224436,1051
absolute_loading,477,5336,0.010579565050791787,1051
absolute_loading,477,5337,0.047091752845760684,1051
absolute_loading,477,5338,0.047924254838963204,1051
absolute_loading,477,5339,-0.02850127819317415,1051
absolute_loading,477,5340,0.02218586083306592,1051
absolute_loading,477,5341,-0.03176282346897935,1051
absolute_loading,477,5342,-0.024283149883424397,1051
absolute_loading,477,5343,-0.03564805454699118,1051
absolute_loading,477,5344,-0.030820564136667075,1051
absolute_loading,477,5345,0.01790095464356748,1051
absolute_loading,477,5346,-0.0023376523788679092,1051
absolute_loading,477,5347,-0.03496947855865428,1051
absolute_loading,477,5348,0.011564988719564575,1051
absolute_loading,477,5349,-0.017654895597694488,1051
absolute_loading,477,5350,0.06160035344676786,1051
absolute_loading,477,5351,0.012140917769277471,1051
absolute_loading,477,5352,-0.018661247985870745,1051
absolute_loading,477,5353,0.013569219218941499,1051
absolute_loading,477,5354,-0.02746348689713103,1051
absolute_loading,477,5355,-0.025434249240458638,1051
absolute_loading,477,5356,0.01637958362747161,1051
absolute_loading,477,5357,0.024243513127012773,1051
absolute_loading,477,5358,-0.024064415524245476,1051
absolute_loading,477,5359,-0.06823399362418504,1051
absolute_loading,477,5360,-0.02809189395366475,1051
absolute_loading,477,5361,-0.025070560915339837,1051
absolute_loading,477,5362,-0.030332706504240862,1051
absolute_loading,477,5363,-0.03472575837730523,1051
absolute_loading,477,5364,0.0497899331538926,1051
absolute_loading,477,5365,0.005034886818237528,1051
absolute_loading,477,5366,0.019130848611080005,1051
absolute_loading,477,5367,0.021268095983714333,1051
absolute_loading,477,5368,-0.06758413753818492,1051
absolute_loading,477,5369,-0.008542267843199032,1051
absolute_loading,477,5370,-0.006237212724267274,1051
absolute_loading,477,5371,-0.038240217557972876,1051
absolute_loading,477,5372,-0.0021823306543838888,1051
absolute_loading,477,5373,0.014642240694619595,1051
absolute_loading,477,5374,-0.002968033640850291,1051
absolute_loading,477,5375,-0.015269306906630037,1051
absolute_loading,477,5376,-0.038584954543111005,1051
absolute_loading,477,5377,-0.010401807437910244,1051
absolute_loading,477,5378,0.003945730921812154,1051
absolute_loading,477,5379,0.027939633747492774,1051
absolute_loading,477,5380,-0.004630468143245094,1051
absolute_loading,477,5381,-0.009844920207408023,1051
absolute_loading,477,5382,0.00412447084506008,1051
absolute_loading,477,5383,-0.008988908859587296,1051
absolute_loading,477,5384,-0.04773602604464193,1051
absolute_loading,477,5385,0.01920884481864409,1051
absolute_loading,477,5386,-0.0066101371558725,1051
absolute_loading,477,5387,-0.004172704373336452,1051
absolute_loading,477,5388,0.02282019480072318,1051
absolute_loading,477,5389,-0.019627779937149772,1051
absolute_loading,477,5390,0.027495524630672615,1051
absolute_loading,477,5391,-0.019235539884742067,1051
absolute_loading,477,5392,-0.029058985900449485,1051
absolute_loading,477,5393,0.030024567960444715,1051
absolute_loading,477,5394,-0.019172243820285404,1051
absolute_loading,477,5395,-0.012767325622837772,1051
absolute_loading,477,5396,-0.03208365710479639,1051
absolute_loading,477,5397,0.018736904626548687,1051
absolute_loading,477,5398,0.03294112152627397,1051
absolute_loading,477,5399,-0.009117683480339039,1051
absolute_loading,477,5400,-0.009277877190159682,1051
absolute_loading,477,5401,0.09330369801299324,1051
absolute_loading,477,5402,0.007230149687618217,1051
absolute_loading,477,5403,0.0464502814441357,1051
absolute_loading,477,5404,0.018798018608864483,1051
absolute_loading,477,5405,0.016260063659854062,1051
absolute_loading,477,5406,0.0013348671987240671,1051
absolute_loading,477,5407,-0.0075023243978468565,1051
absolute_loading,477,5408,-0.042341154215968006,1051
absolute_loading,477,5409,0.0574198851536824,1051
absolute_loading,477,5410,0.015455460072554045,1051
absolute_loading,477,5411,0.005295089303684671,1051
absolute_loading,477,5412,0.006203485549400967,1051
absolute_loading,477,5413,-0.026709431813877502,1051
absolute_loading,477,5414,-0.029271961759879714,1051
absolute_loading,477,5415,0.03146050273071396,1051
absolute_loading,477,5416,0.04012611528268834,1051
absolute_loading,477,5417,-0.048042157168017255,1051
absolute_loading,477,5418,0.0009770136557417616,1051
absolute_loading,477,5419,0.07101604674563057,1051
absolute_loading,477,5420,0.017109993675016394,1051
absolute_loading,477,5421,0.04577735126595976,1051
absolute_loading,477,5422,-0.07904818717102607,1051
absolute_loading,477,5423,-0.0317137230447955,1051
absolute_loading,477,5424,-0.009082998140649234,1051
absolute_loading,477,5425,0.037223611883318054,1051
absolute_loading,477,5426,-0.004986116372577435,1051
absolute_loading,477,5427,-0.022766269917425443,1051
absolute_loading,477,5428,0.010858125596944926,1051
absolute_loading,477,5429,-0.03341783723005964,1051
absolute_loading,477,5430,-0.020100652463291912,1051
absolute_loading,477,5431,0.003278888064250342,1051
absolute_loading,477,5432,-0.036618910828251555,1051
absolute_loading,477,5433,-0.01448391540854778,1051
absolute_loading,477,5434,0.012890338915464998,1051
absolute_loading,477,5435,-0.05607769348590044,1051
absolute_loading,477,5436,0.009538899974383258,1051
absolute_loading,477,5437,0.023108295482914567,1051
absolute_loading,477,5438,0.04498144479553288,1051
absolute_loading,477,5439,0.11923657107589417,1051
absolute_loading,477,5440,0.014493784360844275,1051
absolute_loading,477,5441,-0.0700375398358943,1051
absolute_loading,477,5442,-0.023358016159438253,1051
absolute_loading,477,5443,-0.011433965366236426,1051
absolute_loading,477,5444,0.02243542961025577,1051
absolute_loading,477,5445,0.013082140484157073,1051
absolute_loading,477,5446,-0.04670605102207033,1051
absolute_loading,477,5447,-0.01757754265675492,1051
absolute_loading,477,5448,0.023294724229180764,1051
absolute_loading,477,5449,0.006902400693982531,1051
absolute_loading,477,5450,0.019250822118787782,1051
absolute_loading,477,5451,-0.013306219968639331,1051
absolute_loading,477,5452,0.027329920876633752,1051
absolute_loading,477,5453,0.044431554753396045,1051
absolute_loading,477,5454,0.00440428552237594,1051
absolute_loading,477,5455,-0.007235977262420645,1051
absolute_loading,477,5456,-0.03399394443087164,1051
absolute_loading,477,5457,0.025564424941401053,1051
absolute_loading,477,5458,-0.03162979136549108,1051
absolute_loading,477,5459,-0.005282463070113201,1051
absolute_loading,477,5460,-0.02542133746611169,1051
absolute_loading,477,5461,0.06549642663455486,1051
absolute_loading,477,5462,-0.045132202106659663,1051
absolute_loading,477,5463,-0.030436514009910053,1051
absolute_loading,477,5464,-0.05300764874214147,1051
absolute_loading,477,5465,-0.0475763827949989,1051
absolute_loading,477,5466,-0.029333099243480418,1051
absolute_loading,477,5467,-0.004287166556982457,1051
absolute_loading,477,5468,0.019031698465045873,1051
absolute_loading,477,5469,-0.01779367710915439,1051
absolute_loading,477,5470,0.03357929761825113,1051
absolute_loading,477,5471,-0.061127105475679094,1051
absolute_loading,477,5472,-0.00593564152733537,1051
absolute_loading,477,5473,0.0004507728291227359,1051
absolute_loading,477,5474,-0.0031371938866097595,1051
absolute_loading,477,5475,0.020032660625901325,1051
absolute_loading,477,5476,-0.03666363225698927,1051
absolute_loading,477,5477,-0.03443915937577946,1051
absolute_loading,477,5478,-0.015644982380870854,1051
absolute_loading,477,5479,-0.023056375005298058,1051
absolute_loading,477,5480,-0.0262778664352449,1051
absolute_loading,477,5481,0.015139649490303768,1051
absolute_loading,477,5482,0.0062622019614208355,1051
absolute_loading,477,5483,-0.019835069854740418,1051
absolute_loading,477,5484,0.08647918896419425,1051
absolute_loading,477,5485,-0.016569860312004758,1051
absolute_loading,477,5486,-0.03387899042815898,1051
absolute_loading,477,5487,0.01756787919562835,1051
absolute_loading,477,5488,0.06863201833467257,1051
absolute_loading,477,5489,0.021191356093758048,1051
absolute_loading,477,5490,-0.021553162218421237,1051
absolute_loading,477,5491,-0.0047329933055257145,1051
absolute_loading,477,5492,-0.00010426338198356563,1051
absolute_loading,477,5493,-0.03646409141453564,1051
absolute_loading,477,5494,0.016168098937564067,1051
absolute_loading,477,5495,-0.008849673751623157,1051
absolute_loading,477,5496,0.028648508047294467,1051
absolute_loading,477,5497,0.039722587596434995,1051
absolute_loading,477,5498,0.021082309490306633,1051
absolute_loading,477,5499,0.009302716743667965,1051
absolute_loading,477,5500,-0.03705451083779947,1051
absolute_loading,477,5501,0.01716987059119799,1051
absolute_loading,477,5502,-0.010916936644977749,1051
absolute_loading,477,5503,-0.014319891170083842,1051
absolute_loading,477,5504,0.06945033687476065,1051
absolute_loading,477,5505,0.002744414868623772,1051
absolute_loading,477,5506,-0.02306673406270893,1051
absolute_loading,477,5507,0.009191637921221905,1051
absolute_loading,477,5508,-0.004203069099781393,1051
absolute_loading,477,5509,-0.0065298971584189375,1051
absolute_loading,477,5510,0.011722407723844353,1051
absolute_loading,477,5511,-0.02619045020363473,1051
absolute_loading,477,5512,0.01625385681499972,1051
absolute_loading,477,5513,0.025979078773016348,1051
absolute_loading,477,5514,0.0006317698839823108,1051
absolute_loading,477,5515,0.05109747100453663,1051
absolute_loading,477,5516,-0.02352385084718123,1051
absolute_loading,477,5517,-0.0004504441544806618,1051
absolute_loading,477,5518,0.06856699909897171,1051
absolute_loading,477,5519,0.003682545879957033,1051
absolute_loading,477,5520,0.04097343418661678,1051
absolute_loading,477,5521,-0.008839885079725857,1051
absolute_loading,477,5522,-0.03960514381053515,1051
absolute_loading,477,5523,-0.010346528953328023,1051
absolute_loading,477,5524,-0.024692230074836598,1051
absolute_loading,477,5525,0.00564628321590644,1051
absolute_loading,477,5526,-0.008905682672628779,1051
absolute_loading,477,5527,-0.025863903210604663,1051
absolute_loading,477,5528,0.052226146870766516,1051
absolute_loading,477,5529,0.03622321304209578,1051
absolute_loading,477,5530,0.00969742283850137,1051
absolute_loading,477,5531,0.01879508683907732,1051
absolute_loading,477,5532,0.020552701403685456,1051
absolute_loading,477,5533,0.03594161543616249,1051
absolute_loading,477,5534,-0.03598756933001593,1051
absolute_loading,477,5535,0.015200934215735954,1051
absolute_loading,477,5536,0.010238591260227041,1051
absolute_loading,477,5537,-0.03914566445467411,1051
absolute_loading,477,5538,-0.00986109940801263,1051
absolute_loading,477,5539,-0.002675090510845752,1051
absolute_loading,477,5540,0.019291556516384933,1051
absolute_loading,477,5541,-0.0024224967897425523,1051
absolute_loading,477,5542,-0.009453878398070775,1051
absolute_loading,477,5543,0.00814782259084,1051
absolute_loading,477,5544,-0.025128008679121107,1051
absolute_loading,477,5545,-0.030302470241732108,1051
absolute_loading,477,5546,0.014478479360999481,1051
absolute_loading,477,5547,0.011159933959594654,1051
absolute_loading,477,5548,0.005153785323792208,1051
absolute_loading,477,5549,-0.025145211777852703,1051
absolute_loading,477,5550,-0.009192550267670668,1051
absolute_loading,477,5551,-0.015524603048211738,1051
absolute_loading,477,5552,0.04425891299363002,1051
absolute_loading,477,5553,0.020191830474152253,1051
absolute_loading,477,5554,0.02688357366757381,1051
absolute_loading,477,5555,0.047631092757780664,1051
absolute_loading,477,5556,0.016254823876306168,1051
absolute_loading,477,5557,-0.0283533560179499,1051
absolute_loading,477,5558,-0.008993709899701014,1051
absolute_loading,477,5559,0.08692171412160125,1051
absolute_loading,477,5560,0.028772789716515222,1051
absolute_loading,477,5561,0.008213224452562971,1051
absolute_loading,477,5562,0.08121084797581311,1051
absolute_loading,477,5563,0.011101244823625825,1051
absolute_loading,477,5564,-0.003497979498091021,1051
absolute_loading,477,5565,-0.02291513713161356,1051
absolute_loading,477,5566,-0.024525284259038934,1051
absolute_loading,477,5567,0.005881797814068604,1051
absolute_loading,477,5568,-0.009170141763934147,1051
absolute_loading,477,5569,-0.05045098602862017,1051
absolute_loading,477,5570,-0.06098254747329621,1051
absolute_loading,477,5571,0.02686906755995716,1051
absolute_loading,477,5572,0.03006090280243474,1051
absolute_loading,477,5573,-0.011355198683231052,1051
absolute_loading,477,5574,-0.026866893888370037,1051
absolute_loading,477,5575,0.03685577874666727,1051
absolute_loading,477,5576,0.07015213619115805,1051
absolute_loading,477,5577,-0.005190203716235588,1051
absolute_loading,477,5578,0.022126909687498943,1051
absolute_loading,477,5579,0.012724183548788893,1051
absolute_loading,477,5580,0.048594342373734875,1051
absolute_loading,477,5581,-0.021334244887206047,1051
absolute_loading,477,5582,-0.0457759544400885,1051
absolute_loading,477,5583,-0.003387013950828148,1051
absolute_loading,477,5584,-0.0290742598813547,1051
absolute_loading,477,5585,0.03188096015534687,1051
absolute_loading,477,5586,0.01961873870966626,1051
absolute_loading,477,5587,-0.014395557072109367,1051
absolute_loading,477,5588,0.004691793576278343,1051
absolute_loading,477,5589,-0.0016116613832538066,1051
absolute_loading,477,5590,0.0035605894064607707,1051
absolute_loading,477,5591,0.03785313954738529,1051
absolute_loading,477,5592,-0.0022290474782562437,1051
absolute_loading,477,5593,-0.017691334701444104,1051
absolute_loading,477,5594,-0.007523371083916482,1051
absolute_loading,477,5595,-0.014717266952850295,1051
absolute_loading,477,5596,0.012476986309727933,1051
absolute_loading,477,5597,0.017589769915633727,1051
absolute_loading,477,5598,-0.034548697963832024,1051
absolute_loading,477,5599,-0.012629025384154856,1051
absolute_loading,477,5600,-0.0163158094201909,1051
absolute_loading,477,5601,-0.026309216390749294,1051
absolute_loading,477,5602,0.0014873545112683536,1051
absolute_loading,477,5603,-0.030825483858416172,1051
absolute_loading,477,5604,0.02529436691961752,1051
absolute_loading,477,5605,0.0026607259262789117,1051
absolute_loading,477,5606,-0.040611629243078144,1051
absolute_loading,477,5607,0.05453552100955421,1051
absolute_loading,477,5608,-0.003090951329706342,1051
absolute_loading,477,5609,0.021152592892354237,1051
absolute_loading,477,5610,0.026048989817048854,1051
absolute_loading,477,5611,-0.08036424918244103,1051
absolute_loading,477,5612,-0.060987294679207514,1051
absolute_loading,477,5613,-0.0017410706179858933,1051
absolute_loading,477,5614,-0.024340339438836612,1051
absolute_loading,477,5615,0.02592846432954696,1051
absolute_loading,477,5616,0.0048319401194639455,1051
absolute_loading,477,5617,-0.0253436997311123,1051
absolute_loading,477,5618,-0.026304999487861417,1051
absolute_loading,477,5619,-0.03595339011540702,1051
absolute_loading,477,5620,0.01875144922780785,1051
absolute_loading,477,5621,-0.05163278950343106,1051
absolute_loading,477,5622,0.0009260194711048826,1051
absolute_loading,477,5623,0.024151806008376922,1051
absolute_loading,477,5624,0.014473881543868965,1051
absolute_loading,477,5625,0.011798327364675697,1051
absolute_loading,477,5626,0.01616558627414894,1051
absolute_loading,477,5627,0.0018776090005922432,1051
absolute_loading,477,5628,0.05934465264383399,1051
absolute_loading,477,5629,-0.004574752351159195,1051
absolute_loading,477,5630,-0.0365918834435929,1051
absolute_loading,477,5631,-0.05400130255858198,1051
absolute_loading,477,5632,0.02662034594604564,1051
absolute_loading,477,5633,-0.029759447862036267,1051
absolute_loading,477,5634,0.009768566896913009,1051
absolute_loading,477,5635,-0.011213438782058965,1051
absolute_loading,477,5636,-0.03333812030882242,1051
absolute_loading,477,5637,0.020838171342253103,1051
absolute_loading,477,5638,-0.011888234956159417,1051
absolute_loading,477,5639,0.033538427252475744,1051
absolute_loading,477,5640,-0.036883720052850004,1051
absolute_loading,477,5641,0.004702318914618127,1051
absolute_loading,477,5642,0.03216191922881281,1051
absolute_loading,477,5643,0.043427472798317865,1051
absolute_loading,477,5644,-0.02171468479259758,1051
absolute_loading,477,5645,-0.004034272400042014,1051
absolute_loading,477,5646,0.009644456739609035,1051
absolute_loading,477,5647,0.018024926549879867,1051
absolute_loading,477,5648,-0.006926987614485555,1051
absolute_loading,477,5649,0.018610228850578812,1051
absolute_loading,477,5650,0.042168852657380955,1051
absolute_loading,477,5651,0.008950161946498001,1051
absolute_loading,477,5652,0.024864585390203385,1051
absolute_loading,477,5653,-0.007707567832432891,1051
absolute_loading,477,5654,0.0014804063441809846,1051
absolute_loading,477,5655,-0.011180705499589093,1051
absolute_loading,477,5656,-0.026134713492198525,1051
absolute_loading,477,5657,0.015728580187168346,1051
absolute_loading,477,5658,0.02638864901289527,1051
absolute_loading,477,5659,0.00876406130061459,1051
absolute_loading,477,5660,-0.009444295143293192,1051
absolute_loading,477,5661,-0.01785256662440752,1051
absolute_loading,477,5662,0.07389457775141413,1051
absolute_loading,477,5663,-0.017522810489785233,1051
absolute_loading,477,5664,0.029958922368777084,1051
absolute_loading,477,5665,0.027479503605041276,1051
absolute_loading,477,5666,-0.013711730416809448,1051
absolute_loading,477,5667,0.009545911314447271,1051
absolute_loading,477,5668,-0.006718982432559612,1051
absolute_loading,477,5669,0.04615756223638034,1051
absolute_loading,477,5670,-0.0018408541386296258,1051
absolute_loading,477,5671,0.03235378769350103,1051
absolute_loading,477,5672,-0.02418858031790292,1051
absolute_loading,477,5673,-0.015795007893875362,1051
absolute_loading,477,5674,0.049641492845400335,1051
absolute_loading,477,5675,0.014784082789292875,1051
absolute_loading,477,5676,-0.04085843099997709,1051
absolute_loading,477,5677,-0.0030263484370372617,1051
absolute_loading,477,5678,0.0687221257879672,1051
absolute_loading,477,5679,-0.007888213161475878,1051
absolute_loading,477,5680,-0.013788650127312473,1051
absolute_loading,477,5681,-0.025732591705643227,1051
absolute_loading,477,5682,-0.005551622960826492,1051
absolute_loading,477,5683,-0.03311757018341776,1051
absolute_loading,477,5684,0.02158563702752251,1051
absolute_loading,477,5685,0.07239647070583953,1051
absolute_loading,477,5686,-0.030929596682577384,1051
absolute_loading,477,5687,-0.04924219447693792,1051
absolute_loading,477,5688,0.004346765732939692,1051
absolute_loading,477,5689,-0.0067351653618174,1051
absolute_loading,477,5690,-0.007503721663365525,1051
absolute_loading,477,5691,0.011815184148632196,1051
absolute_loading,477,5692,0.05312830369273043,1051
absolute_loading,477,5693,0.013617789661305625,1051
absolute_loading,477,5694,-0.003967238132267902,1051
absolute_loading,477,5695,0.0076531975464929495,1051
absolute_loading,477,5696,-0.017532797799944932,1051
absolute_loading,477,5697,-0.0011747819975945484,1051
absolute_loading,477,5698,0.0051181283235231636,1051
absolute_loading,477,5699,-0.008355459920398564,1051
absolute_loading,477,5700,-0.02086668566923016,1051
absolute_loading,477,5701,-0.004673106538216451,1051
absolute_loading,477,5702,-0.049583087211442556,1051
absolute_loading,477,5703,0.006042478118162769,1051
absolute_loading,477,5704,-0.02244116478098236,1051
absolute_loading,477,5705,0.0276282813314344,1051
absolute_loading,477,5706,-0.014511851178282338,1051
absolute_loading,477,5707,-0.004306083576965853,1051
absolute_loading,477,5708,-0.004907149762313156,1051
absolute_loading,477,5709,-0.07075780834873263,1051
absolute_loading,477,5710,0.004015393605065877,1051
absolute_loading,477,5711,0.039012753791255905,1051
absolute_loading,477,5712,-0.06589679328298499,1051
absolute_loading,477,5713,-0.01594163736887189,1051
absolute_loading,477,5714,-0.004734398809951288,1051
absolute_loading,477,5715,0.0016969727163703165,1051
absolute_loading,477,5716,-0.007678779864595806,1051
absolute_loading,477,5717,0.0003857212329364257,1051
absolute_loading,477,5718,0.04840860227287003,1051
absolute_loading,477,5719,0.028650299224994534,1051
absolute_loading,477,5720,0.0018673794497247479,1051
absolute_loading,477,5721,-0.04246262523233493,1051
absolute_loading,477,5722,0.014046019104010403,1051
absolute_loading,477,5723,-0.03794460132980117,1051
absolute_loading,477,5724,-0.029235331563404552,1051
absolute_loading,477,5725,0.035798155060517096,1051
absolute_loading,477,5726,-0.06977296160870373,1051
absolute_loading,477,5727,-0.02152427034697343,1051
absolute_loading,477,5728,-0.053962651239071485,1051
absolute_loading,477,5729,0.018328701980313614,1051
absolute_loading,477,5730,0.026719373458551823,1051
absolute_loading,477,5731,-0.05221941006643885,1051
absolute_loading,477,5732,-0.011827392022479587,1051
absolute_loading,477,5733,-0.0053901694517440235,1051
absolute_loading,477,5734,0.01993532083657225,1051
absolute_loading,477,5735,0.04691276900271935,1051
absolute_loading,477,5736,-0.01536770312193967,1051
absolute_loading,477,5737,0.0034040777686133086,1051
absolute_loading,477,5738,-0.011165198284134136,1051
absolute_loading,477,5739,-0.047338724875874316,1051
absolute_loading,477,5740,0.023326906531164936,1051
absolute_loading,477,5741,0.005618270288186947,1051
absolute_loading,477,5742,-0.03534046236347224,1051
absolute_loading,477,5743,0.042049359917749676,1051
absolute_loading,477,5744,0.045798730951935984,1051
absolute_loading,477,5745,-0.059878912666319624,1051
absolute_loading,477,5746,0.0030021117296322656,1051
absolute_loading,477,5747,-0.01446170426601226,1051
absolute_loading,477,5748,0.027779729448432492,1051
absolute_loading,477,5749,0.03652358550952993,1051
absolute_loading,477,5750,-0.038987646264294594,1051
absolute_loading,477,5751,-0.001721071562353643,1051
absolute_loading,477,5752,-0.051063498519419465,1051
absolute_loading,477,5753,0.010015133628924958,1051
absolute_loading,477,5754,-0.019386535072826085,1051
absolute_loading,477,5755,-0.01652917894383549,1051
absolute_loading,477,5756,-0.016533780953861453,1051
absolute_loading,477,5757,-0.07183508970553118,1051
absolute_loading,477,5758,-0.02512315129757622,1051
absolute_loading,477,5759,0.06541058304259385,1051
absolute_loading,477,5760,-0.03247761604359999,1051
absolute_loading,477,5761,-0.06773682351570118,1051
absolute_loading,477,5762,-0.05197992461841503,1051
absolute_loading,477,5763,-0.022860966358574833,1051
absolute_loading,477,5764,-0.02089498230055631,1051
absolute_loading,477,5765,-0.036905326170139724,1051
absolute_loading,477,5766,0.002365254453666925,1051
absolute_loading,477,5767,0.027036537608835877,1051
absolute_loading,477,5768,0.025110111615129972,1051
absolute_loading,477,5769,-0.023356130678275924,1051
absolute_loading,477,5770,0.045450239708088175,1051
absolute_loading,477,5771,-0.06532480742326661,1051
absolute_loading,477,5772,0.019195193897260928,1051
absolute_loading,477,5773,-0.03968601832829652,1051
absolute_loading,477,5774,0.04260276615507437,1051
absolute_loading,477,5775,-0.016796749407965522,1051
absolute_loading,477,5776,-0.002416763344139461,1051
absolute_loading,477,5777,0.01920178059031668,1051
absolute_loading,477,5778,0.018690216684826816,1051
absolute_loading,477,5779,0.0005857852748824221,1051
absolute_loading,477,5780,0.004909910736801137,1051
absolute_loading,477,5781,-0.010228714915313283,1051
absolute_loading,477,5782,-0.01768623127818281,1051
absolute_loading,477,5783,-0.07419424572164252,1051
absolute_loading,477,5784,-0.06252156883952703,1051
absolute_loading,477,5785,0.05762763547954422,1051
absolute_loading,477,5786,0.023514800222241287,1051
absolute_loading,477,5787,-0.004016351800760034,1051
absolute_loading,477,5788,-0.002512718576874748,1051
absolute_loading,477,5789,0.1015255776062073,1051
absolute_loading,477,5790,-0.033396408245744504,1051
absolute_loading,477,5791,-0.01192836844646637,1051
absolute_loading,477,5792,0.024479880151574717,1051
absolute_loading,477,5793,0.030475142422743205,1051
absolute_loading,477,5794,-0.029864655693044726,1051
absolute_loading,477,5795,0.0027308637187041683,1051
absolute_loading,477,5796,-0.009511389230244438,1051
absolute_loading,477,5797,-0.044084532138066145,1051
absolute_loading,477,5798,-0.00862090963303534,1051
absolute_loading,477,5799,-0.02761946727365564,1051
absolute_loading,477,5800,0.029947828922197838,1051
absolute_loading,477,5801,-0.04052167107066945,1051
absolute_loading,477,5802,0.017112381756927024,1051
absolute_loading,477,5803,0.009933114621486673,1051
absolute_loading,477,5804,-0.00008188000637957624,1051
absolute_loading,477,5805,0.032458501899394074,1051
absolute_loading,477,5806,-0.008687559846102021,1051
absolute_loading,477,5807,0.028670840463773464,1051
absolute_loading,477,5808,-0.01579299510647428,1051
absolute_loading,477,5809,0.02967977960474737,1051
absolute_loading,477,5810,0.017242980473598953,1051
absolute_loading,477,5811,0.010414948341298847,1051
absolute_loading,477,5812,-0.042166731958181686,1051
absolute_loading,477,5813,0.004035076889418118,1051
absolute_loading,477,5814,-0.010918829325185448,1051
absolute_loading,477,5815,0.0036953695401549026,1051
absolute_loading,477,5816,0.08402492093895132,1051
absolute_loading,477,5817,0.058471481146151284,1051
absolute_loading,477,5818,-0.010045073824521125,1051
absolute_loading,477,5819,-0.036519437831112306,1051
absolute_loading,477,5820,0.0037480140881469798,1051
absolute_loading,477,5821,-0.021325873837060274,1051
absolute_loading,477,5822,0.05346975046216321,1051
absolute_loading,477,5823,0.029456859300964613,1051
absolute_loading,477,5824,0.07392623023002752,1051
absolute_loading,477,5825,-0.006516471772213373,1051
absolute_loading,477,5826,-0.005814048631412778,1051
absolute_loading,477,5827,0.012947401996242437,1051
absolute_loading,477,5828,-0.0038636938256002965,1051
absolute_loading,477,5829,0.02806984255250328,1051
absolute_loading,477,5830,-0.010052182038787294,1051
absolute_loading,477,5831,-0.05787364898396547,1051
absolute_loading,477,5832,0.04654140914213289,1051
absolute_loading,477,5833,0.061228195789628924,1051
absolute_loading,477,5834,0.0030246661178376325,1051
absolute_loading,477,5835,0.032760759929430665,1051
absolute_loading,477,5836,0.028754171881884425,1051
absolute_loading,477,5837,0.028259442952188903,1051
absolute_loading,477,5838,-0.03659138435579047,1051
absolute_loading,477,5839,0.06196724082891387,1051
absolute_loading,477,5840,0.023305331692606925,1051
absolute_loading,477,5841,-0.0057274714386201095,1051
absolute_loading,477,5842,-0.025632564287274392,1051
absolute_loading,477,5843,0.00872534332639083,1051
absolute_loading,477,5844,-0.06489149627374327,1051
absolute_loading,477,5845,0.031159525131049807,1051
absolute_loading,477,5846,-0.02198874386352261,1051
absolute_loading,477,5847,-0.0162614920542777,1051
absolute_loading,477,5848,0.02749333797125592,1051
absolute_loading,477,5849,0.04884111214491924,1051
absolute_loading,477,5850,-0.0640870481850239,1051
absolute_loading,477,5851,0.002874708411205037,1051
absolute_loading,477,5852,0.026753138683742354,1051
absolute_loading,477,5853,-0.05659913278168822,1051
absolute_loading,477,5854,0.014811879736905325,1051
absolute_loading,477,5855,-0.004940365728159874,1051
absolute_loading,477,5856,-0.0201852739057452,1051
absolute_loading,477,5857,0.024571438332717233,1051
absolute_loading,477,5858,0.06349797911506934,1051
absolute_loading,477,5859,0.0018478166664923016,1051
absolute_loading,477,5860,0.014089248195189218,1051
absolute_loading,477,5861,0.00488875165005706,1051
absolute_loading,477,5862,0.07032063207990441,1051
absolute_loading,477,5863,0.0387653675846048,1051
absolute_loading,477,5864,-0.002580254524144208,1051
absolute_loading,477,5865,-0.011173355193221969,1051
absolute_loading,477,5866,-0.021192253790056934,1051
absolute_loading,477,5867,-0.0008089605008241032,1051
absolute_loading,477,5868,0.049176786852548844,1051
absolute_loading,477,5869,0.01482056544555886,1051
absolute_loading,477,5870,-0.011817377289891367,1051
absolute_loading,477,5871,0.036552296651997836,1051
absolute_loading,477,5872,-0.01873613395996533,1051
absolute_loading,477,5873,0.007437849293119322,1051
absolute_loading,477,5874,-0.04517869327243727,1051
absolute_loading,477,5875,0.005429377099683164,1051
absolute_loading,477,5876,0.031194612353549863,1051
absolute_loading,477,5877,-0.011855514447896032,1051
absolute_loading,477,5878,0.01544146338527576,1051
absolute_loading,477,5879,0.015256543525239958,1051
absolute_loading,477,5880,-0.020632076238661895,1051
absolute_loading,477,5881,0.0653401810704435,1051
absolute_loading,477,5882,-0.015889212491102072,1051
absolute_loading,477,5883,0.06578429532498711,1051
absolute_loading,477,5884,-0.021207767966326747,1051
absolute_loading,477,5885,0.022786562646333195,1051
absolute_loading,477,5886,-0.05089749566820157,1051
absolute_loading,477,5887,0.018342947488046053,1051
absolute_loading,477,5888,-0.05232931162263515,1051
absolute_loading,477,5889,0.01660119329238482,1051
absolute_loading,477,5890,-0.004261537510434608,1051
absolute_loading,477,5891,0.0018166478623302636,1051
absolute_loading,477,5892,0.009265619721407124,1051
absolute_loading,477,5893,-0.009081910156723412,1051
absolute_loading,477,5894,0.05271788668934873,1051
absolute_loading,477,5895,0.01080017845824539,1051
absolute_loading,477,5896,0.016418151623968216,1051
absolute_loading,477,5897,0.016434879672065018,1051
absolute_loading,477,5898,0.063226806759591,1051
absolute_loading,477,5899,0.04779858756254717,1051
absolute_loading,477,5900,-0.02433409327152488,1051
absolute_loading,477,5901,0.021146245938118976,1051
absolute_loading,477,5902,-0.03785223724497322,1051
absolute_loading,477,5903,-0.0419444810960674,1051
absolute_loading,477,5904,-0.02248115035272401,1051
absolute_loading,477,5905,-0.03499887928781298,1051
absolute_loading,477,5906,-0.001091332316541069,1051
absolute_loading,477,5907,-0.006935443924651338,1051
absolute_loading,477,5908,0.0016791725649081444,1051
absolute_loading,477,5909,0.005759790591230612,1051
absolute_loading,477,5910,-0.0604958323287903,1051
absolute_loading,477,5911,-0.06452697562999184,1051
absolute_loading,477,5912,0.019701196893140496,1051
absolute_loading,477,5913,-0.012236263609300978,1051
absolute_loading,477,5914,0.012907775127630094,1051
absolute_loading,477,5915,-0.04976170970819078,1051
absolute_loading,477,5916,0.03904694660924532,1051
absolute_loading,477,5917,-0.03873994573834475,1051
absolute_loading,477,5918,0.0015928526007692847,1051
absolute_loading,477,5919,0.012568337446994936,1051
absolute_loading,477,5920,0.007879307184654159,1051
absolute_loading,477,5921,-0.030624501030524012,1051
absolute_loading,477,5922,0.027781166340545747,1051
absolute_loading,477,5923,0.04184126732437383,1051
absolute_loading,477,5924,0.02969839603264793,1051
absolute_loading,477,5925,0.01866411359638647,1051
absolute_loading,477,5926,-0.02240652606437864,1051
absolute_loading,477,5927,-0.025109982853297085,1051
absolute_loading,477,5928,0.06787511453581843,1051
absolute_loading,477,5929,-0.03812174507846225,1051
absolute_loading,477,5930,-0.010300945983538189,1051
absolute_loading,477,5931,0.0014589640389770112,1051
absolute_loading,477,5932,0.01464226889516457,1051
absolute_loading,477,5933,-0.02927368928009161,1051
absolute_loading,477,5934,0.05456428086640613,1051
absolute_loading,477,5935,0.048997411033866525,1051
absolute_loading,477,5936,-0.021707646264788095,1051
absolute_loading,477,5937,-0.044113352136051213,1051
absolute_loading,477,5938,0.054453977064366894,1051
absolute_loading,477,5939,-0.040750882351525915,1051
absolute_loading,477,5940,-0.015885712759249746,1051
absolute_loading,477,5941,0.0408519729153447,1051
absolute_loading,477,5942,-0.0444189598615544,1051
absolute_loading,477,5943,0.025138529462582514,1051
absolute_loading,477,5944,0.020097414409012547,1051
absolute_loading,477,5945,-0.01626382752614043,1051
absolute_loading,477,5946,-0.01924826542854741,1051
absolute_loading,477,5947,-0.0348439923662967,1051
absolute_loading,477,5948,0.026080459085486087,1051
absolute_loading,477,5949,-0.000576688781754769,1051
absolute_loading,477,5950,0.015910234620524173,1051
absolute_loading,477,5951,0.04773112052874053,1051
absolute_loading,477,5952,0.0031216361027446194,1051
absolute_loading,477,5953,-0.03214269314180123,1051
absolute_loading,477,5954,-0.004525345075669156,1051
absolute_loading,477,5955,-0.012486088291304633,1051
absolute_loading,477,5956,0.06871140410292105,1051
absolute_loading,477,5957,-0.005362287521276891,1051
absolute_loading,477,5958,0.033279485115688526,1051
absolute_loading,477,5959,0.0156148495582567,1051
absolute_loading,477,5960,-0.029930530902929985,1051
absolute_loading,477,5961,0.053028174281819364,1051
absolute_loading,477,5962,-0.010272710509864738,1051
absolute_loading,477,5963,-0.012842824400252221,1051
absolute_loading,477,5964,-0.029534386851896344,1051
absolute_loading,477,5965,-0.05675085836112042,1051
absolute_loading,477,5966,-0.007960433015009647,1051
absolute_loading,477,5967,-0.050197773371379234,1051
absolute_loading,477,5968,-0.04169718571471151,1051
absolute_loading,477,5969,-0.005594360158703336,1051
absolute_loading,477,5970,0.044568936517886196,1051
absolute_loading,477,5971,0.010264067524987446,1051
absolute_loading,477,5972,0.026570896235287987,1051
absolute_loading,477,5973,0.09615067362231972,1051
absolute_loading,477,5974,0.025091354295657065,1051
absolute_loading,477,5975,0.017761561625012686,1051
absolute_loading,477,5976,-0.056290197926220024,1051
absolute_loading,477,5977,-0.00399967265752334,1051
absolute_loading,477,5978,-0.014670796421623422,1051
absolute_loading,477,5979,-0.006677783749109537,1051
absolute_loading,477,5980,-0.06698186851437807,1051
absolute_loading,477,5981,-0.03128607686198826,1051
absolute_loading,477,5982,0.012366907235984803,1051
absolute_loading,477,5983,-0.007920749417159258,1051
absolute_loading,477,5984,-0.002776633354766929,1051
absolute_loading,477,5985,-0.034811752616429936,1051
absolute_loading,477,5986,-0.020283489911117673,1051
absolute_loading,477,5987,-0.0288916819663852,1051
absolute_loading,477,5988,0.03006443984123788,1051
absolute_loading,477,5989,0.014886292169590754,1051
absolute_loading,477,5990,0.022978004723030465,1051
absolute_loading,477,5991,-0.005282856028620583,1051
absolute_loading,477,5992,-0.024390631350348576,1051
absolute_loading,477,5993,0.019613571756767104,1051
absolute_loading,477,5994,0.0009439697820924921,1051
absolute_loading,477,5995,0.03860953335218955,1051
absolute_loading,477,5996,0.00978040937327959,1051
absolute_loading,477,5997,-0.024139598935872062,1051
absolute_loading,477,5998,0.029406185862188718,1051
absolute_loading,477,5999,0.04468174435789302,1051
absolute_loading,477,6000,-0.006240388958000762,1051
absolute_loading,477,6001,-0.030136136421768142,1051
absolute_loading,477,6002,-0.026986528373127164,1051
absolute_loading,477,6003,0.0397781532269912,1051
absolute_loading,477,6004,-0.03224807643864555,1051
absolute_loading,477,6005,-0.007707818860758429,1051
absolute_loading,477,6006,-0.01599731442362848,1051
absolute_loading,477,6007,-0.03756134067863564,1051
absolute_loading,477,6008,-0.002994376919293008,1051
absolute_loading,477,6009,-0.012755402473723582,1051
absolute_loading,477,6010,-0.005698889946556224,1051
absolute_loading,477,6011,-0.05235890927542821,1051
absolute_loading,477,6012,0.0574634659965034,1051
absolute_loading,477,6013,-0.0197698963350824,1051
absolute_loading,477,6014,0.007609758870769148,1051
absolute_loading,477,6015,-0.049306880286167636,1051
absolute_loading,477,6016,0.003525165739007288,1051
absolute_loading,477,6017,-0.07106638537014359,1051
absolute_loading,477,6018,0.003762562912617762,1051
absolute_loading,477,6019,0.04922782085911825,1051
absolute_loading,477,6020,-0.022995972274627366,1051
absolute_loading,477,6021,-0.029825066162560924,1051
absolute_loading,477,6022,-0.009368919269047375,1051
absolute_loading,477,6023,0.02866913039807638,1051
absolute_loading,477,6024,-0.0461483151809899,1051
absolute_loading,477,6025,-0.05821755763304481,1051
absolute_loading,477,6026,0.008195510310359068,1051
absolute_loading,477,6027,0.01604071875820445,1051
absolute_loading,477,6028,-0.028820749271161825,1051
absolute_loading,477,6029,0.0024092603105244016,1051
absolute_loading,477,6030,0.03079170841725881,1051
absolute_loading,477,6031,0.02987438925427566,1051
absolute_loading,477,6032,0.04013590266873419,1051
absolute_loading,477,6033,0.047146042746018975,1051
absolute_loading,477,6034,-0.02638514078105322,1051
absolute_loading,477,6035,0.009553210652729084,1051
absolute_loading,477,6036,0.022727521355403988,1051
absolute_loading,477,6037,0.051274577028227915,1051
absolute_loading,477,6038,0.008421072933325837,1051
absolute_loading,477,6039,-0.006718182461716898,1051
absolute_loading,477,6040,0.029431177094732777,1051
absolute_loading,477,6041,0.037479540846338234,1051
absolute_loading,477,6042,-0.03200629758496698,1051
absolute_loading,477,6043,-0.043895264302338345,1051
absolute_loading,477,6044,0.00946433492451323,1051
absolute_loading,477,6045,0.02391342836806629,1051
absolute_loading,477,6046,-0.0017491080533930336,1051
absolute_loading,477,6047,-0.031248944311702068,1051
absolute_loading,477,6048,-0.04769655026760682,1051
absolute_loading,477,6049,-0.00863559931882699,1051
absolute_loading,477,6050,-0.04262554968658294,1051
absolute_loading,477,6051,-0.014419447927431132,1051
absolute_loading,477,6052,-0.02694883502284615,1051
absolute_loading,477,6053,0.03671639311192638,1051
absolute_loading,477,6054,-0.013780427007902007,1051
absolute_loading,477,6055,0.020555773050380487,1051
absolute_loading,477,6056,0.08985277189508015,1051
absolute_loading,477,6057,-0.025260561578226856,1051
absolute_loading,477,6058,0.02051085978715061,1051
absolute_loading,477,6059,-0.0072056605765107315,1051
absolute_loading,477,6060,-0.017107455205054415,1051
absolute_loading,477,6061,0.01890504388979034,1051
absolute_loading,477,6062,-0.059341230237679,1051
absolute_loading,477,6063,-0.05851351773618629,1051
absolute_loading,477,6064,0.004298831429637084,1051
absolute_loading,477,6065,-0.027003859807533535,1051
absolute_loading,477,6066,0.06453624278361546,1051
absolute_loading,477,6067,0.00642236469364272,1051
absolute_loading,477,6068,-0.0013767919635452092,1051
absolute_loading,477,6069,0.009857138214985807,1051
absolute_loading,477,6070,-0.028835854331805674,1051
absolute_loading,477,6071,0.05022051437912888,1051
absolute_loading,477,6072,0.005604706986569732,1051
absolute_loading,477,6073,0.06315764991555195,1051
absolute_loading,477,6074,0.003267016595936701,1051
absolute_loading,477,6075,-0.038030664930413266,1051
absolute_loading,477,6076,-0.024133807546365002,1051
absolute_loading,477,6077,-0.00765249687032788,1051
absolute_loading,477,6078,-0.017603243175890106,1051
absolute_loading,477,6079,-0.02984053257415852,1051
absolute_loading,477,6080,-0.01888701294125392,1051
absolute_loading,477,6081,-0.005692342650541954,1051
absolute_loading,477,6082,0.0008963027134879067,1051
absolute_loading,477,6083,-0.010070636187863207,1051
absolute_loading,477,6084,0.015683024506270692,1051
absolute_loading,477,6085,-0.04358687725232353,1051
absolute_loading,477,6086,-0.028554856540296148,1051
absolute_loading,477,6087,-0.011470551753917181,1051
absolute_loading,477,6088,-0.011493123659272327,1051
absolute_loading,477,6089,0.0056133385549393755,1051
absolute_loading,477,6090,0.049071325481716686,1051
absolute_loading,477,6091,-0.0027376038271656315,1051
absolute_loading,477,6092,0.04175836839335444,1051
absolute_loading,477,6093,-0.0023838067391420015,1051
absolute_loading,477,6094,-0.04250469437261008,1051
absolute_loading,477,6095,0.00287500339661122,1051
absolute_loading,477,6096,0.004583859796531316,1051
absolute_loading,477,6097,0.022633257408794735,1051
absolute_loading,477,6098,0.03676028899222123,1051
absolute_loading,477,6099,0.014778464072463754,1051
absolute_loading,477,6100,-0.008002134043752388,1051
absolute_loading,477,6101,0.002349068977028064,1051
absolute_loading,477,6102,0.006245960878428673,1051
absolute_loading,477,6103,0.024580137792799307,1051
absolute_loading,477,6104,0.04025948985564292,1051
absolute_loading,477,6105,-0.014891596251156065,1051
absolute_loading,477,6106,-0.003800862509806256,1051
absolute_loading,477,6107,-0.003449835822598879,1051
absolute_loading,477,6108,-0.010725171683017003,1051
absolute_loading,477,6109,-0.03993011418607669,1051
absolute_loading,477,6110,-0.06742626199207823,1051
absolute_loading,477,6111,0.01113537826965513,1051
absolute_loading,477,6112,-0.029417001973230397,1051
absolute_loading,477,6113,0.033650287669525,1051
absolute_loading,477,6114,-0.008993389781072784,1051
absolute_loading,477,6115,-0.05973261737513044,1051
absolute_loading,477,6116,0.008008159604500107,1051
absolute_loading,477,6117,-0.02594957204012417,1051
absolute_loading,477,6118,0.06283880407335798,1051
absolute_loading,477,6119,0.011007729958987245,1051
absolute_loading,477,6120,-0.06583814812340298,1051
absolute_loading,477,6121,-0.013881761135461189,1051
absolute_loading,477,6122,0.015002261522211478,1051
absolute_loading,477,6123,-0.027533525684062896,1051
absolute_loading,477,6124,0.022818525043195318,1051
absolute_loading,477,6125,-0.0033384198266268542,1051
absolute_loading,477,6126,0.042713310302986134,1051
absolute_loading,477,6127,0.0038296565892583885,1051
absolute_loading,477,6128,0.007726240473677704,1051
absolute_loading,477,6129,0.029135982320153627,1051
absolute_loading,477,6130,-0.035359823958772914,1051
absolute_loading,477,6131,0.10451872280628925,1051
absolute_loading,477,6132,0.010378012986029882,1051
absolute_loading,477,6133,-0.0327465169372594,1051
absolute_loading,477,6134,-0.007975640610701088,1051
absolute_loading,477,6135,0.011895781193742266,1051
absolute_loading,477,6136,-0.008011408341614021,1051
absolute_loading,477,6137,0.0686725348912504,1051
absolute_loading,477,6138,0.05484902772661882,1051
absolute_loading,477,6139,0.007948637136535845,1051
absolute_loading,477,6140,0.0264016949367636,1051
absolute_loading,477,6141,-0.02860290216413824,1051
absolute_loading,477,6142,0.024529666815757547,1051
absolute_loading,477,6143,-0.02950835999691541,1051
absolute_loading,477,6144,-0.05001896483185626,1051
absolute_loading,477,6145,0.03633686435112546,1051
absolute_loading,477,6146,0.020792684999757456,1051
absolute_loading,477,6147,0.048175357908280245,1051
absolute_loading,477,6148,0.05864137257176243,1051
absolute_loading,477,6149,-0.023375116334882116,1051
absolute_loading,477,6150,0.005636897248814102,1051
absolute_loading,477,6151,-0.013439350091194012,1051
absolute_loading,477,6152,0.01218397001240626,1051
absolute_loading,477,6153,-0.017520934954667756,1051
absolute_loading,477,6154,0.04030484555413705,1051
absolute_loading,477,6155,-0.03319321359245426,1051
absolute_loading,477,6156,-0.01883376823232543,1051
absolute_loading,477,6157,-0.08139891178425163,1051
absolute_loading,477,6158,0.03818966092625186,1051
absolute_loading,477,6159,-0.01456650086409917,1051
absolute_loading,477,6160,0.04033403822003222,1051
absolute_loading,477,6161,0.019897935721118008,1051
absolute_loading,477,6162,-0.0360417489968612,1051
absolute_loading,477,6163,0.001226809152330878,1051
absolute_loading,477,6164,-0.010416464420507027,1051
absolute_loading,477,6165,-0.009226463390953833,1051
absolute_loading,477,6166,-0.0304394552860613,1051
absolute_loading,477,6167,-0.021457398502504197,1051
absolute_loading,477,6168,-0.012202338867410583,1051
absolute_loading,477,6169,-0.029442352631464875,1051
absolute_loading,477,6170,-0.06074490570731231,1051
absolute_loading,477,6171,0.021490691720850417,1051
absolute_loading,477,6172,-0.022298700661409796,1051
absolute_loading,477,6173,-0.008707574467948002,1051
absolute_loading,477,6174,-0.018749948958011294,1051
absolute_loading,477,6175,-0.041769423539931815,1051
absolute_loading,477,6176,-0.018424270562168478,1051
absolute_loading,477,6177,0.014441962750705493,1051
absolute_loading,477,6178,0.0038387206653269544,1051
absolute_loading,477,6179,0.03822700419482069,1051
absolute_loading,477,6180,-0.028943756347598926,1051
absolute_loading,477,6181,0.006673834668073544,1051
absolute_loading,477,6182,0.053661202808092175,1051
absolute_loading,477,6183,-0.04688713932897948,1051
absolute_loading,477,6184,-0.025326966550686555,1051
absolute_loading,477,6185,-0.01423327375011194,1051
absolute_loading,477,6186,-0.046247480976295524,1051
absolute_loading,477,6187,-0.011276960560732826,1051
absolute_loading,477,6188,0.0015353140670159545,1051
absolute_loading,477,6189,0.012822944393678946,1051
absolute_loading,477,6190,-0.0036459797493018182,1051
absolute_loading,477,6191,0.01228210240793945,1051
absolute_loading,477,6192,-0.00834703773575719,1051
absolute_loading,477,6193,-0.03381390941973143,1051
absolute_loading,477,6194,-0.007040496162277358,1051
absolute_loading,477,6195,0.02941479259194477,1051
absolute_loading,477,6196,0.004853348211196622,1051
absolute_loading,477,6197,0.00869941179796007,1051
absolute_loading,477,6198,-0.05505805770478087,1051
absolute_loading,477,6199,-0.04068903233744656,1051
absolute_loading,477,6200,-0.0413797257106939,1051
absolute_loading,477,6201,-0.009735133135863982,1051
absolute_loading,477,6202,-0.030625848545853204,1051
absolute_loading,477,6203,-0.02145941184458904,1051
absolute_loading,477,6204,0.04797823925811507,1051
absolute_loading,477,6205,-0.02505956424590922,1051
absolute_loading,477,6206,0.006394446370827442,1051
absolute_loading,477,6207,0.0008094510761131608,1051
absolute_loading,477,6208,-0.030250954371092844,1051
absolute_loading,477,6209,0.04734936019374467,1051
absolute_loading,477,6210,0.012592280017267804,1051
absolute_loading,477,6211,-0.010679095941537238,1051
absolute_loading,477,6212,0.03664296557357458,1051
absolute_loading,477,6213,-0.03509466100890802,1051
absolute_loading,477,6214,0.007599991301593301,1051
absolute_loading,477,6215,0.01993492425386167,1051
absolute_loading,477,6216,-0.013559501969906296,1051
absolute_loading,477,6217,-0.009043300311001213,1051
absolute_loading,477,6218,0.007548833616046962,1051
absolute_loading,477,6219,-0.004697997263324253,1051
absolute_loading,477,6220,-0.005367894706544937,1051
absolute_loading,477,6221,-0.024292589627063373,1051
absolute_loading,477,6222,0.02305553995964346,1051
absolute_loading,477,6223,9.079963385042416e-6,1051
absolute_loading,477,6224,0.008367280333529735,1051
absolute_loading,477,6225,-0.020908662025506772,1051
absolute_loading,477,6226,-0.02100806421678819,1051
absolute_loading,477,6227,-0.026465676184719057,1051
absolute_loading,477,6228,-0.036513601729030495,1051
absolute_loading,477,6229,-0.010038288078530496,1051
absolute_loading,477,6230,-0.0266038188696464,1051
absolute_loading,477,6231,-0.04078425690340315,1051
absolute_loading,477,6232,-0.036461970039433605,1051
absolute_loading,477,6233,-0.027508698540557753,1051
absolute_loading,477,6234,0.010624696434042563,1051
absolute_loading,477,6235,-0.05116180395584405,1051
absolute_loading,477,6236,0.03126274164383992,1051
absolute_loading,477,6237,-0.0228274546142517,1051
absolute_loading,477,6238,-0.005171105103838197,1051
absolute_loading,477,6239,-0.031135275395516436,1051
absolute_loading,477,6240,-0.02173372873374901,1051
absolute_loading,477,6241,0.0116760594533076,1051
absolute_loading,477,6242,-0.016698958689407014,1051
absolute_loading,477,6243,0.02542338750598615,1051
absolute_loading,477,6244,0.03558430050969301,1051
absolute_loading,477,6245,-0.025639586572318095,1051
absolute_loading,477,6246,0.022116156721772175,1051
absolute_loading,477,6247,-0.006846436075488266,1051
absolute_loading,477,6248,0.0167161811008732,1051
absolute_loading,477,6249,0.03010322011806105,1051
absolute_loading,477,6250,0.036534730038520605,1051
absolute_loading,477,6251,0.008336493446007388,1051
absolute_loading,477,6252,-0.024683992308056926,1051
absolute_loading,477,6253,0.06821130250694196,1051
absolute_loading,477,6254,0.011647267148133945,1051
absolute_loading,477,6255,0.005674330087086533,1051
absolute_loading,477,6256,-0.020856386344902365,1051
absolute_loading,477,6257,0.034929417566931444,1051
absolute_loading,477,6258,0.002536537019140972,1051
absolute_loading,477,6259,-0.03357105341004348,1051
absolute_loading,477,6260,-0.027141108344391675,1051
absolute_loading,477,6261,-0.02110928329565539,1051
absolute_loading,477,6262,-0.01158591066900434,1051
absolute_loading,477,6263,-0.029866108288813368,1051
absolute_loading,477,6264,0.05169363731918457,1051
absolute_loading,477,6265,0.026979178484674668,1051
absolute_loading,477,6266,-0.025806223360577495,1051
absolute_loading,477,6267,0.0018693471993699458,1051
absolute_loading,477,6268,-0.015490349021808004,1051
absolute_loading,477,6269,0.03469490210534786,1051
absolute_loading,477,6270,-0.001665254370818902,1051
absolute_loading,477,6271,-0.009170898577428045,1051
absolute_loading,477,6272,0.03278997525140249,1051
absolute_loading,477,6273,0.0010167829003699643,1051
absolute_loading,477,6274,0.029207831884148747,1051
absolute_loading,477,6275,-0.0019412945399720728,1051
absolute_loading,477,6276,0.05433828600915133,1051
absolute_loading,477,6277,0.03482977172814541,1051
absolute_loading,477,6278,-0.001506212970693912,1051
absolute_loading,477,6279,-0.03374311841882294,1051
absolute_loading,477,6280,0.02312865769464666,1051
absolute_loading,477,6281,-0.014123009131446485,1051
absolute_loading,477,6282,-0.005401518676316655,1051
absolute_loading,477,6283,-0.01285779998138375,1051
absolute_loading,477,6284,-0.01985764784362383,1051
absolute_loading,477,6285,-0.029541363981094273,1051
absolute_loading,477,6286,-0.017695699311694287,1051
absolute_loading,477,6287,0.006880718950540755,1051
absolute_loading,477,6288,0.03615931940531885,1051
absolute_loading,477,6289,-0.034545672656049665,1051
absolute_loading,477,6290,-0.04243598731298499,1051
absolute_loading,477,6291,0.0070570218071638454,1051
absolute_loading,477,6292,0.028836502427121765,1051
absolute_loading,477,6293,-0.0002255603279401444,1051
absolute_loading,477,6294,0.010852782961917157,1051
absolute_loading,477,6295,0.02338963948501451,1051
absolute_loading,477,6296,-0.0073675741858034135,1051
absolute_loading,477,6297,-0.01603060811473224,1051
absolute_loading,477,6298,-0.0329393045030573,1051
absolute_loading,477,6299,-0.00630733838989409,1051
absolute_loading,477,6300,-0.04105846404947571,1051
absolute_loading,477,6301,-0.009341695122930822,1051
absolute_loading,477,6302,0.0015794902935919277,1051
absolute_loading,477,6303,0.011766387920667247,1051
absolute_loading,477,6304,0.027839868790443825,1051
absolute_loading,477,6305,-0.05268984848044063,1051
absolute_loading,477,6306,-0.00027876502832556216,1051
absolute_loading,477,6307,-0.00564372843141964,1051
absolute_loading,477,6308,-0.013623475236410602,1051
absolute_loading,477,6309,0.0088113147793513,1051
absolute_loading,477,6310,0.007963080643781012,1051
absolute_loading,477,6311,0.027712670962102795,1051
absolute_loading,477,6312,-0.019581955919692806,1051
absolute_loading,477,6313,0.001336233265392791,1051
absolute_loading,477,6314,-0.021873571340277263,1051
absolute_loading,477,6315,0.0021985286819542747,1051
absolute_loading,477,6316,0.014743664976692423,1051
absolute_loading,477,6317,-0.009900871753667703,1051
absolute_loading,477,6318,-0.038518025329089184,1051
absolute_loading,477,6319,-0.03101213121288343,1051
absolute_loading,477,6320,-0.001536489160901254,1051
absolute_loading,477,6321,-0.004285493053404879,1051
absolute_loading,477,6322,-0.02591783929092075,1051
absolute_loading,477,6323,0.03193605984112323,1051
absolute_loading,477,6324,-0.018291006882521218,1051
absolute_loading,477,6325,0.004513026634647682,1051
absolute_loading,477,6326,0.007743892861952682,1051
absolute_loading,477,6327,-0.00463122121819631,1051
absolute_loading,477,6328,0.01697070304757976,1051
absolute_loading,477,6329,0.0039388010789583264,1051
absolute_loading,477,6330,0.04692640134423332,1051
absolute_loading,477,6331,-0.019044719935701934,1051
absolute_loading,477,6332,0.03439667089791549,1051
absolute_loading,477,6333,-0.002097828635676508,1051
absolute_loading,477,6334,0.04609149196107834,1051
absolute_loading,477,6335,-0.03951759462055026,1051
absolute_loading,477,6336,-0.008906170309096118,1051
absolute_loading,477,6337,0.045120403876353646,1051
absolute_loading,477,6338,-0.01092340198456925,1051
absolute_loading,477,6339,-0.0015743785502670491,1051
absolute_loading,477,6340,0.05932157699027683,1051
absolute_loading,477,6341,0.035808949078911766,1051
absolute_loading,477,6342,0.031173934311379894,1051
absolute_loading,477,6343,-0.011848445128580949,1051
absolute_loading,477,6344,0.013815684530441675,1051
absolute_loading,477,6345,0.018095479877601395,1051
absolute_loading,477,6346,-0.05171773336658158,1051
absolute_loading,477,6347,-0.023508943498871546,1051
absolute_loading,477,6348,0.004508333426953115,1051
absolute_loading,477,6349,0.10708312546236712,1051
absolute_loading,477,6350,-0.02468115916337771,1051
absolute_loading,477,6351,-0.02546339718103079,1051
absolute_loading,477,6352,0.016188142355151494,1051
absolute_loading,477,6353,-0.02053587754996466,1051
absolute_loading,477,6354,-0.0016963932847749265,1051
absolute_loading,477,6355,-0.04802504897467854,1051
absolute_loading,477,6356,-0.0076611692191944835,1051
absolute_loading,477,6357,0.021351092946186808,1051
absolute_loading,477,6358,0.018847030811161083,1051
absolute_loading,477,6359,-0.002671529116338363,1051
absolute_loading,477,6360,0.00007398006380611822,1051
absolute_loading,477,6361,0.033441216478710574,1051
absolute_loading,477,6362,-0.024442974977689384,1051
absolute_loading,477,6363,-0.014795819243462228,1051
absolute_loading,477,6364,-0.015199567481861409,1051
absolute_loading,477,6365,-0.007624460061121741,1051
absolute_loading,477,6366,-0.005368106917793749,1051
absolute_loading,477,6367,-0.022039234983521547,1051
absolute_loading,477,6368,0.00029997806361962216,1051
absolute_loading,477,6369,0.04521678955669239,1051
absolute_loading,477,6370,-0.026736714061620644,1051
absolute_loading,477,6371,0.0008471772076714565,1051
absolute_loading,477,6372,0.01290962593645556,1051
absolute_loading,477,6373,-0.010647240868918018,1051
absolute_loading,477,6374,-0.011851440096502502,1051
absolute_loading,477,6375,-0.03876681054908217,1051
absolute_loading,477,6376,0.026439013367728068,1051
absolute_loading,477,6377,-0.01937243233942167,1051
absolute_loading,477,6378,0.005842401538206571,1051
absolute_loading,477,6379,-0.01228077086347092,1051
absolute_loading,477,6380,0.03915208685301935,1051
absolute_loading,477,6381,-0.03076585006823802,1051
absolute_loading,477,6382,0.04251103518426292,1051
absolute_loading,477,6383,0.028539312016096528,1051
absolute_loading,477,6384,0.03838848330895675,1051
absolute_loading,477,6385,-0.01918997465893645,1051
absolute_loading,477,6386,0.028452992388016584,1051
absolute_loading,477,6387,-0.018408790167583046,1051
absolute_loading,477,6388,-0.00048508842806946844,1051
absolute_loading,477,6389,-0.013670911966928996,1051
absolute_loading,477,6390,-0.04622157001937512,1051
absolute_loading,477,6391,0.0029601669350591327,1051
absolute_loading,477,6392,-0.02033700750295511,1051
absolute_loading,477,6393,-0.009036244036969008,1051
absolute_loading,477,6394,-0.013438669473964732,1051
absolute_loading,477,6395,-0.005236657476663675,1051
absolute_loading,477,6396,-0.03358201488702482,1051
absolute_loading,477,6397,-0.002649385390045245,1051
absolute_loading,477,6398,-0.010566884690816614,1051
absolute_loading,477,6399,0.03278422935913922,1051
absolute_loading,477,6400,-0.008659135834444604,1051
absolute_loading,477,6401,0.024509847116794683,1051
absolute_loading,477,6402,0.040699492240840934,1051
absolute_loading,477,6403,-0.01975426393475242,1051
absolute_loading,477,6404,0.004201289960189266,1051
absolute_loading,477,6405,0.0385570813186695,1051
absolute_loading,477,6406,0.0039656518350458195,1051
absolute_loading,477,6407,-0.001461963137100577,1051
absolute_loading,477,6408,-0.019758934230122937,1051
absolute_loading,477,6409,0.04155943114832772,1051
absolute_loading,477,6410,-0.008238077527778763,1051
absolute_loading,477,6411,-0.03414323644401133,1051
absolute_loading,477,6412,0.026247781932035655,1051
absolute_loading,477,6413,-0.025738270248403604,1051
absolute_loading,477,6414,-0.011951724563004988,1051
absolute_loading,477,6415,-0.000926433644565047,1051
absolute_loading,477,6416,-0.013157180406160289,1051
absolute_loading,477,6417,-0.07444849808610371,1051
absolute_loading,477,6418,0.019895132840016403,1051
absolute_loading,477,6419,0.0298444268492989,1051
absolute_loading,477,6420,0.04885337212092176,1051
absolute_loading,477,6421,0.002937404982845446,1051
absolute_loading,477,6422,0.004295483062312228,1051
absolute_loading,477,6423,0.05452896946954691,1051
absolute_loading,477,6424,-0.022972460035719056,1051
absolute_loading,477,6425,0.022763131459459074,1051
absolute_loading,477,6426,-0.02362529931601377,1051
absolute_loading,477,6427,0.031734887464338946,1051
absolute_loading,477,6428,0.020754732443673027,1051
absolute_loading,477,6429,0.0005166049424036485,1051
absolute_loading,477,6430,-0.0013789732137760025,1051
absolute_loading,477,6431,-0.02460347389754872,1051
absolute_loading,477,6432,0.026895321206174605,1051
absolute_loading,477,6433,0.007678889086664984,1051
absolute_loading,477,6434,-0.051090395109971196,1051
absolute_loading,477,6435,-0.011712756028714688,1051
absolute_loading,477,6436,-0.02444354477660565,1051
absolute_loading,477,6437,-0.005327556577592264,1051
absolute_loading,477,6438,-0.013817439767179186,1051
absolute_loading,477,6439,0.019106513204204905,1051
absolute_loading,477,6440,-0.023741512140920986,1051
absolute_loading,477,6441,0.008158087667096805,1051
absolute_loading,477,6442,-0.044489330702597835,1051
absolute_loading,477,6443,0.015214710764004364,1051
absolute_loading,477,6444,0.018371109909750452,1051
absolute_loading,477,6445,0.03970644555753404,1051
absolute_loading,477,6446,-0.024099964669211826,1051
absolute_loading,477,6447,0.02094826836260731,1051
absolute_loading,477,6448,-0.006212103851570732,1051
absolute_loading,477,6449,0.03148022284632119,1051
absolute_loading,477,6450,-0.01972592358110056,1051
absolute_loading,477,6451,-0.006401383349637887,1051
absolute_loading,477,6452,0.03540895497209854,1051
absolute_loading,477,6453,0.0035824918982455254,1051
absolute_loading,477,6454,0.01326312591759381,1051
absolute_loading,477,6455,-0.00933888924425297,1051
absolute_loading,477,6456,-0.02519308271877365,1051
absolute_loading,477,6457,0.003919366908491078,1051
absolute_loading,477,6458,0.0508355153508726,1051
absolute_loading,477,6459,-0.005364368406407104,1051
absolute_loading,477,6460,-0.04131531131580131,1051
absolute_loading,477,6461,0.014816457195691506,1051
absolute_loading,477,6462,-0.01218303227210668,1051
absolute_loading,477,6463,-0.01012576549674645,1051
absolute_loading,477,6464,-0.006684520522831272,1051
absolute_loading,477,6465,0.06346084158181844,1051
absolute_loading,477,6466,0.01788424103316992,1051
absolute_loading,477,6467,-0.026993251217844075,1051
absolute_loading,477,6468,0.0075408263333781415,1051
absolute_loading,477,6469,0.011984661378291496,1051
absolute_loading,477,6470,-0.0003311244221257821,1051
absolute_loading,477,6471,0.011131019116180656,1051
absolute_loading,477,6472,0.00018149478067010637,1051
absolute_loading,477,6473,0.014944212898358249,1051
absolute_loading,477,6474,0.024360151355856174,1051
absolute_loading,477,6475,-0.04942063632730189,1051
absolute_loading,477,6476,-0.012101927834436315,1051
absolute_loading,477,6477,-0.033603243446348297,1051
absolute_loading,477,6478,0.04698413594057998,1051
absolute_loading,477,6479,0.019724723652039533,1051
absolute_loading,477,6480,-0.03629710812218659,1051
absolute_loading,477,6481,0.006704406133585013,1051
absolute_loading,477,6482,0.04028410483852662,1051
absolute_loading,477,6483,0.06765190306487014,1051
absolute_loading,477,6484,-0.014326144282535981,1051
absolute_loading,477,6485,0.02415768999018488,1051
absolute_loading,477,6486,-0.03999191508635556,1051
absolute_loading,477,6487,-0.01836184864072102,1051
absolute_loading,477,6488,0.07445588618448162,1051
absolute_loading,477,6489,0.007610288135023669,1051
absolute_loading,477,6490,-0.014826978532598855,1051
absolute_loading,477,6491,-0.05209107463653349,1051
absolute_loading,477,6492,0.022731376038144114,1051
absolute_loading,477,6493,0.05433716726780921,1051
absolute_loading,477,6494,-0.04376821267404217,1051
absolute_loading,477,6495,0.016877007139054375,1051
absolute_loading,477,6496,-0.10215043957702971,1051
absolute_loading,477,6497,0.015466365666920712,1051
absolute_loading,477,6498,0.0018117262892600487,1051
absolute_loading,477,6499,-0.016469708503872027,1051
absolute_loading,477,6500,-0.026028433921792993,1051
absolute_loading,477,6501,0.011134572265352098,1051
absolute_loading,477,6502,0.009685174403458879,1051
absolute_loading,477,6503,-0.00590780851039456,1051
absolute_loading,477,6504,-0.02462789937734169,1051
absolute_loading,477,6505,-0.03499156603753827,1051
absolute_loading,477,6506,-0.0024104066933646915,1051
absolute_loading,477,6507,0.023841761342995073,1051
absolute_loading,477,6508,0.06337218723031553,1051
absolute_loading,477,6509,-0.009450150782651915,1051
absolute_loading,477,6510,-0.043533273135385776,1051
absolute_loading,477,6511,-0.02435765292298875,1051
absolute_loading,477,6512,-0.023591871582626756,1051
absolute_loading,477,6513,-0.031281254491445504,1051
absolute_loading,477,6514,-0.0019608466881781833,1051
absolute_loading,477,6515,0.058179870369329804,1051
absolute_loading,477,6516,0.008243015191441699,1051
absolute_loading,477,6517,-0.015002145927469472,1051
absolute_loading,477,6518,0.01931142730839153,1051
absolute_loading,477,6519,0.008734709110933925,1051
absolute_loading,477,6520,-0.005979396150318036,1051
absolute_loading,477,6521,-0.007709625741923524,1051
absolute_loading,477,6522,0.05763748806530093,1051
absolute_loading,477,6523,0.022096355096536686,1051
absolute_loading,477,6524,0.01459000359323126,1051
absolute_loading,477,6525,-0.022910339012553824,1051
absolute_loading,477,6526,0.01889199645101266,1051
absolute_loading,477,6527,-0.014702979523126792,1051
absolute_loading,477,6528,-0.01974208771659182,1051
absolute_loading,477,6529,-0.01482521389435615,1051
absolute_loading,477,6530,-0.02446660503703699,1051
absolute_loading,477,6531,0.016529676906842587,1051
absolute_loading,477,6532,0.05920928055676507,1051
absolute_loading,477,6533,-0.020941044139262864,1051
absolute_loading,477,6534,0.01818271790113859,1051
absolute_loading,477,6535,0.0049597712561067495,1051
absolute_loading,477,6536,-0.04346522712304752,1051
absolute_loading,477,6537,-0.02079947843701604,1051
absolute_loading,477,6538,-0.001260674423478537,1051
absolute_loading,477,6539,-0.0028676436360478164,1051
absolute_loading,477,6540,0.002872426786191026,1051
absolute_loading,477,6541,0.018436052018594648,1051
absolute_loading,477,6542,-0.021047019511485868,1051
absolute_loading,477,6543,-0.013928161087566615,1051
absolute_loading,477,6544,-0.02299304238831096,1051
absolute_loading,477,6545,0.033429361525507496,1051
absolute_loading,477,6546,0.017880912167072265,1051
absolute_loading,477,6547,-0.007826619968651997,1051
absolute_loading,477,6548,-0.008711763095136252,1051
absolute_loading,477,6549,-0.03627933448246836,1051
absolute_loading,477,6550,0.01283185850373187,1051
absolute_loading,477,6551,0.002013197858234479,1051
absolute_loading,477,6552,-0.011894759983365382,1051
absolute_loading,477,6553,-0.02081024975970862,1051
absolute_loading,477,6554,-0.0020766772901763364,1051
absolute_loading,477,6555,0.02309929823830081,1051
absolute_loading,477,6556,0.036378176493064275,1051
absolute_loading,477,6557,-0.013339402107977278,1051
absolute_loading,477,6558,-0.03921519353191138,1051
absolute_loading,477,6559,-0.03636678452296077,1051
absolute_loading,477,6560,-0.025160606830417778,1051
absolute_loading,477,6561,0.006620070750313353,1051
absolute_loading,477,6562,0.033018826273541864,1051
absolute_loading,477,6563,-0.062484637045925835,1051
absolute_loading,477,6564,-0.012323917988175363,1051
absolute_loading,477,6565,0.005212816134608081,1051
absolute_loading,477,6566,0.025206233101345423,1051
absolute_loading,477,6567,0.041173708470386934,1051
absolute_loading,477,6568,0.01903504080620012,1051
absolute_loading,477,6569,-0.00030613879116401973,1051
absolute_loading,477,6570,-0.04551933903330697,1051
absolute_loading,477,6571,-0.012941528426167399,1051
absolute_loading,477,6572,0.013909816035857196,1051
absolute_loading,477,6573,0.028747347955558125,1051
absolute_loading,477,6574,-0.03290997439977766,1051
absolute_loading,477,6575,-0.09958923468073162,1051
absolute_loading,477,6576,0.02508071638408405,1051
absolute_loading,477,6577,-0.006805322708002853,1051
absolute_loading,477,6578,-0.06004068134106127,1051
absolute_loading,477,6579,0.013472757577580301,1051
absolute_loading,477,6580,-0.03433452418621325,1051
absolute_loading,477,6581,0.0006039819004508719,1051
absolute_loading,477,6582,-0.010874089925810175,1051
absolute_loading,477,6583,-0.00827905634245248,1051
absolute_loading,477,6584,0.015421248605155025,1051
absolute_loading,477,6585,-0.02802514611798699,1051
absolute_loading,477,6586,0.02985259272501133,1051
absolute_loading,477,6587,0.0035415879726372096,1051
absolute_loading,477,6588,-0.0029560020397511725,1051
absolute_loading,477,6589,0.0013764833575987715,1051
absolute_loading,477,6590,0.018514424038162693,1051
absolute_loading,477,6591,-0.016635175009169192,1051
absolute_loading,477,6592,-0.016947439537276662,1051
absolute_loading,477,6593,0.05296688851737259,1051
absolute_loading,477,6594,-0.012891283264650182,1051
absolute_loading,477,6595,-0.013441273528273788,1051
absolute_loading,477,6596,0.017359620621142366,1051
absolute_loading,477,6597,-0.015069856776831843,1051
absolute_loading,477,6598,0.04570721502078732,1051
absolute_loading,477,6599,-0.03226451864830402,1051
absolute_loading,477,6600,-0.052565974870174254,1051
absolute_loading,477,6601,-0.04639707192065933,1051
absolute_loading,477,6602,0.04554764405287548,1051
absolute_loading,477,6603,-0.02826618681682286,1051
absolute_loading,477,6604,0.03154982441588085,1051
absolute_loading,477,6605,0.022179587493644928,1051
absolute_loading,477,6606,0.020563775779411663,1051
absolute_loading,477,6607,0.02316280821302876,1051
absolute_loading,477,6608,0.03718091974345151,1051
absolute_loading,477,6609,0.016022372911150187,1051
absolute_loading,477,6610,-0.021072248453056244,1051
absolute_loading,477,6611,0.03184309937780483,1051
absolute_loading,477,6612,0.037320544893085,1051
absolute_loading,477,6613,0.033837523822645266,1051
absolute_loading,477,6614,-0.05790081055027357,1051
absolute_loading,477,6615,0.04260300536027294,1051
absolute_loading,477,6616,0.03414233846196667,1051
absolute_loading,477,6617,0.018422183586319713,1051
absolute_loading,477,6618,0.0055903834568500005,1051
absolute_loading,477,6619,0.020297613290800712,1051
absolute_loading,477,6620,-0.031853037348536756,1051
absolute_loading,477,6621,0.011441786532906579,1051
absolute_loading,477,6622,0.01959127670885038,1051
absolute_loading,477,6623,0.05523393449656999,1051
absolute_loading,477,6624,-0.021339545933074106,1051
absolute_loading,477,6625,0.054577283511421576,1051
absolute_loading,477,6626,0.02687245968256125,1051
absolute_loading,477,6627,-0.034543292561703236,1051
absolute_loading,477,6628,0.03803640033087783,1051
absolute_loading,477,6629,0.0006215776656561061,1051
absolute_loading,477,6630,-0.014178955028139014,1051
absolute_loading,477,6631,-0.017621996992082955,1051
absolute_loading,477,6632,-0.017131031804127117,1051
absolute_loading,477,6633,-0.023120675889862562,1051
absolute_loading,477,6634,0.03812039887737065,1051
absolute_loading,477,6635,-0.0011901749529942514,1051
absolute_loading,477,6636,0.04859122630142235,1051
absolute_loading,477,6637,-0.028363961064457634,1051
absolute_loading,477,6638,0.03671120314860332,1051
absolute_loading,477,6639,-0.0010756480228581243,1051
absolute_loading,477,6640,-0.021645831331207857,1051
absolute_loading,477,6641,-0.041881978460961755,1051
absolute_loading,477,6642,-0.0194564444812652,1051
absolute_loading,477,6643,-0.027327937785574755,1051
absolute_loading,477,6644,0.01872192934148452,1051
absolute_loading,477,6645,0.010182523178742414,1051
absolute_loading,477,6646,-0.004845568684169291,1051
absolute_loading,477,6647,0.01685613985047031,1051
absolute_loading,477,6648,-0.018274599290241143,1051
absolute_loading,477,6649,-0.021193927370239795,1051
absolute_loading,477,6650,0.013839395747099888,1051
absolute_loading,477,6651,-0.01713412102915153,1051
absolute_loading,477,6652,-0.05464645353719236,1051
absolute_loading,477,6653,-0.008576489441701819,1051
absolute_loading,477,6654,0.006913776339406813,1051
absolute_loading,477,6655,0.04843560480901248,1051
absolute_loading,477,6656,0.007833849707793288,1051
absolute_loading,477,6657,-0.01880550406226932,1051
absolute_loading,477,6658,0.02550956303759683,1051
absolute_loading,477,6659,0.00142360488138511,1051
absolute_loading,477,6660,-0.006963427145518475,1051
absolute_loading,477,6661,0.0020230990610752213,1051
absolute_loading,477,6662,-0.05892891650138748,1051
absolute_loading,477,6663,0.0008054563683326262,1051
absolute_loading,477,6664,-0.053648348133903394,1051
absolute_loading,477,6665,0.0040133927347998,1051
absolute_loading,477,6666,-0.03721844995362643,1051
absolute_loading,477,6667,0.011750686580474816,1051
absolute_loading,477,6668,0.01156483837219815,1051
absolute_loading,477,6669,0.030527357633167603,1051
absolute_loading,477,6670,0.05247445648785358,1051
absolute_loading,477,6671,-0.025385947968755065,1051
absolute_loading,477,6672,-0.07146477456625662,1051
absolute_loading,477,6673,-0.03557362585523584,1051
absolute_loading,477,6674,-0.0032453135772582825,1051
absolute_loading,477,6675,-0.018209446809276553,1051
absolute_loading,477,6676,-0.026199000353363703,1051
absolute_loading,477,6677,-0.00349852264522806,1051
absolute_loading,477,6678,0.021596278222707477,1051
absolute_loading,477,6679,0.01988032583374807,1051
absolute_loading,477,6680,0.006424261300373502,1051
absolute_loading,477,6681,-0.05756309250901041,1051
absolute_loading,477,6682,0.05166038733776992,1051
absolute_loading,477,6683,0.015494746995620782,1051
absolute_loading,477,6684,-0.022194722215795007,1051
absolute_loading,477,6685,0.04370730366671862,1051
absolute_loading,477,6686,0.022525776203304197,1051
absolute_loading,477,6687,0.0068170354257712845,1051
absolute_loading,477,6688,0.020735712127966672,1051
absolute_loading,477,6689,-0.014941860430369209,1051
absolute_loading,477,6690,-0.04246599094004726,1051
absolute_loading,477,6691,-0.04713026696090932,1051
absolute_loading,477,6692,0.004489701655740886,1051
absolute_loading,477,6693,0.00857785734710702,1051
absolute_loading,477,6694,0.011833012381930706,1051
absolute_loading,477,6695,-0.016312862696859512,1051
absolute_loading,477,6696,-0.027966342241389042,1051
absolute_loading,477,6697,-0.0026831326462423903,1051
absolute_loading,477,6698,-0.02241972290471328,1051
absolute_loading,477,6699,-0.0036896069993557655,1051
absolute_loading,477,6700,0.00021690017618373867,1051
absolute_loading,477,6701,-0.011384845640255804,1051
absolute_loading,477,6702,-0.023157157433907827,1051
absolute_loading,477,6703,0.026537537486019284,1051
absolute_loading,477,6704,-0.016326310190825723,1051
absolute_loading,477,6705,-0.01789149540055898,1051
absolute_loading,477,6706,-0.009372519345252186,1051
absolute_loading,477,6707,-0.040567561925425794,1051
absolute_loading,477,6708,0.050602929109407335,1051
absolute_loading,477,6709,-0.0169919076479139,1051
absolute_loading,477,6710,0.03512429324707104,1051
absolute_loading,477,6711,-0.0024503570849549873,1051
absolute_loading,477,6712,-0.053352126480604015,1051
absolute_loading,477,6713,0.0001930333081117258,1051
absolute_loading,477,6714,0.005682368215385841,1051
absolute_loading,477,6715,-0.03485284898737452,1051
absolute_loading,477,6716,0.020020258326822346,1051
absolute_loading,477,6717,-0.0068318372687262464,1051
absolute_loading,477,6718,-0.0481414192254386,1051
absolute_loading,477,6719,-0.02247843690347096,1051
absolute_loading,477,6720,-0.02820853720828691,1051
absolute_loading,477,6721,-0.03855949023533496,1051
absolute_loading,477,6722,0.0013609895948714986,1051
absolute_loading,477,6723,0.03594494144578862,1051
absolute_loading,477,6724,-0.03420553290280897,1051
absolute_loading,477,6725,-0.027395831360760004,1051
absolute_loading,477,6726,-0.01368404004936039,1051
absolute_loading,477,6727,-0.04504878830087989,1051
absolute_loading,477,6728,0.009202316013795057,1051
absolute_loading,477,6729,-0.011623372235619921,1051
absolute_loading,477,6730,-0.001938492836783448,1051
absolute_loading,477,6731,0.0561229145219796,1051
absolute_loading,477,6732,0.05120190134202074,1051
absolute_loading,477,6733,-0.07185042977335505,1051
absolute_loading,477,6734,0.023100208207188132,1051
absolute_loading,477,6735,-0.02635090194455558,1051
absolute_loading,477,6736,-0.04085538897284531,1051
absolute_loading,477,6737,-0.01940360088812018,1051
absolute_loading,477,6738,0.005186366728066635,1051
absolute_loading,477,6739,0.02066425939825647,1051
absolute_loading,477,6740,-0.02940927825233003,1051
absolute_loading,477,6741,0.0029261159368460686,1051
absolute_loading,477,6742,0.038579158108800186,1051
absolute_loading,477,6743,0.030997557222838524,1051
absolute_loading,477,6744,0.01909083330865275,1051
absolute_loading,477,6745,-0.039517072021631246,1051
absolute_loading,477,6746,-0.011772636039326654,1051
absolute_loading,477,6747,0.00010370320259863023,1051
absolute_loading,477,6748,0.012957994098131377,1051
absolute_loading,477,6749,-0.002339740819140322,1051
absolute_loading,477,6750,-0.00860614026205908,1051
absolute_loading,477,6751,-0.04939344528182312,1051
absolute_loading,477,6752,-0.002045124700590201,1051
absolute_loading,477,6753,-0.01804700324318871,1051
absolute_loading,477,6754,-0.023377202518268744,1051
absolute_loading,477,6755,-0.028656344289033044,1051
absolute_loading,477,6756,0.0042966106333928306,1051
absolute_loading,477,6757,0.022923631960171716,1051
absolute_loading,477,6758,0.013949609395206947,1051
absolute_loading,477,6759,-0.016458807237498776,1051
absolute_loading,477,6760,-0.03868769328168405,1051
absolute_loading,477,6761,-0.0025932298859644444,1051
absolute_loading,477,6762,0.02359242247200658,1051
absolute_loading,477,6763,0.018416644709827543,1051
absolute_loading,477,6764,-0.05652492028429759,1051
absolute_loading,477,6765,-0.01367003090081746,1051
absolute_loading,477,6766,-0.017161079082980594,1051
absolute_loading,477,6767,0.015243929600001245,1051
absolute_loading,477,6768,-0.026030512345187808,1051
absolute_loading,477,6769,0.012888570372473223,1051
absolute_loading,477,6770,0.015116572339617738,1051
absolute_loading,477,6771,-0.013045811309621074,1051
absolute_loading,477,6772,0.05538518328864373,1051
absolute_loading,477,6773,0.02179300954921984,1051
absolute_loading,477,6774,0.0012403132518899753,1051
absolute_loading,477,6775,-0.049685379454928465,1051
absolute_loading,477,6776,-0.037035447934098326,1051
absolute_loading,477,6777,0.05656527169619166,1051
absolute_loading,477,6778,0.029425511711633937,1051
absolute_loading,477,6779,0.03534313186217517,1051
absolute_loading,477,6780,0.012235737396560685,1051
absolute_loading,477,6781,-0.03785680671085659,1051
absolute_loading,477,6782,0.0006708444962434226,1051
absolute_loading,477,6783,-0.025092727606001487,1051
absolute_loading,477,6784,0.012853253324748232,1051
absolute_loading,477,6785,0.03431633301958691,1051
absolute_loading,477,6786,-0.01830410387057226,1051
absolute_loading,477,6787,-0.055226124150409325,1051
absolute_loading,477,6788,-0.051544953261994104,1051
absolute_loading,477,6789,-0.025040763718044565,1051
absolute_loading,477,6790,0.024078465987462917,1051
absolute_loading,477,6791,0.0014719478690796788,1051
absolute_loading,477,6792,0.03428266636760724,1051
absolute_loading,477,6793,0.045499732050311194,1051
absolute_loading,477,6794,0.04198532234197983,1051
absolute_loading,477,6795,-0.04330754576699398,1051
absolute_loading,477,6796,-0.038965187347619355,1051
absolute_loading,477,6797,0.028598390989925348,1051
absolute_loading,477,6798,0.01931079628843239,1051
absolute_loading,477,6799,0.012997614750825847,1051
absolute_loading,477,6800,0.00044364449493965175,1051
absolute_loading,477,6801,-0.05191355069047087,1051
absolute_loading,477,6802,-0.012282605550932474,1051
absolute_loading,477,6803,-0.006328916610745508,1051
absolute_loading,477,6804,-0.014746787906626046,1051
absolute_loading,477,6805,-0.004115495120055838,1051
absolute_loading,477,6806,0.01720675699150448,1051
absolute_loading,477,6807,0.007035144495439011,1051
absolute_loading,477,6808,-0.022277907380417863,1051
absolute_loading,477,6809,-0.008079028578173652,1051
absolute_loading,477,6810,-0.03518603812348794,1051
absolute_loading,477,6811,-0.035492970104686244,1051
absolute_loading,477,6812,0.016241942338230512,1051
absolute_loading,477,6813,-0.018428260527223045,1051
absolute_loading,477,6814,0.05646838986067512,1051
absolute_loading,477,6815,0.019785269172626335,1051
absolute_loading,477,6816,0.013674125018525022,1051
absolute_loading,477,6817,-0.01290363246585612,1051
absolute_loading,477,6818,-0.01897876646687516,1051
absolute_loading,477,6819,-0.05679178531126092,1051
absolute_loading,477,6820,-0.010674618863098296,1051
absolute_loading,477,6821,0.0691035533260703,1051
absolute_loading,477,6822,-0.017467029492086953,1051
absolute_loading,477,6823,-0.0182693955655124,1051
absolute_loading,477,6824,-0.010863924336555546,1051
absolute_loading,477,6825,-0.012470895360611746,1051
absolute_loading,477,6826,-0.0071825915495642816,1051
absolute_loading,477,6827,-0.035353203198714496,1051
absolute_loading,477,6828,-0.017551312528094196,1051
absolute_loading,477,6829,0.021368972132176336,1051
absolute_loading,477,6830,0.00024767200368605704,1051
absolute_loading,477,6831,-0.01398903746186232,1051
absolute_loading,477,6832,-0.003717664294635421,1051
absolute_loading,477,6833,-0.032246214812168834,1051
absolute_loading,477,6834,-0.044876514668662264,1051
absolute_loading,477,6835,0.033772508544085554,1051
absolute_loading,477,6836,-0.04019915236999371,1051
absolute_loading,477,6837,0.0076052870889280625,1051
absolute_loading,477,6838,-0.019487893583972824,1051
absolute_loading,477,6839,0.021088464969034302,1051
absolute_loading,477,6840,-0.0007678613528944375,1051
absolute_loading,477,6841,0.02558833685296619,1051
absolute_loading,477,6842,0.008750404414237295,1051
absolute_loading,477,6843,0.009392447548637075,1051
absolute_loading,477,6844,0.006060602348282109,1051
absolute_loading,477,6845,-0.02607495723229497,1051
absolute_loading,477,6846,-0.016668655828397813,1051
absolute_loading,477,6847,-0.014552263810122656,1051
absolute_loading,477,6848,0.004927357869448898,1051
absolute_loading,477,6849,-0.007004745938064721,1051
absolute_loading,477,6850,0.05835691680698943,1051
absolute_loading,477,6851,-0.03216231228364297,1051
absolute_loading,477,6852,-0.005085094695911895,1051
absolute_loading,477,6853,0.03874459822932474,1051
absolute_loading,477,6854,-0.004729057066199401,1051
absolute_loading,477,6855,0.04003480897677878,1051
absolute_loading,477,6856,-0.08431136453939192,1051
absolute_loading,477,6857,0.006783925595634384,1051
absolute_loading,477,6858,-0.017881905250668496,1051
absolute_loading,477,6859,0.018369488729146902,1051
absolute_loading,477,6860,-0.019437781160381033,1051
absolute_loading,477,6861,-0.016917562101436304,1051
absolute_loading,477,6862,-0.01061519735386545,1051
absolute_loading,477,6863,-0.01538733834672999,1051
absolute_loading,477,6864,-0.030498672186725348,1051
absolute_loading,477,6865,-0.01951769778285601,1051
absolute_loading,477,6866,-0.03526288422859322,1051
absolute_loading,477,6867,0.0034942593048643456,1051
absolute_loading,477,6868,-0.024570150573449925,1051
absolute_loading,477,6869,0.008163886745501857,1051
absolute_loading,477,6870,0.017090415810169058,1051
absolute_loading,477,6871,0.040161186873584116,1051
absolute_loading,477,6872,0.018237595543178123,1051
absolute_loading,477,6873,0.04005221023428963,1051
absolute_loading,477,6874,-0.03228405999395121,1051
absolute_loading,477,6875,-0.03998534981471381,1051
absolute_loading,477,6876,-0.05044611797101948,1051
absolute_loading,477,6877,0.03321154602423795,1051
absolute_loading,477,6878,-0.017050151246440878,1051
absolute_loading,477,6879,-0.02690273390189909,1051
absolute_loading,477,6880,0.016334954131950217,1051
absolute_loading,477,6881,0.003106062457013532,1051
absolute_loading,477,6882,0.005630540517012531,1051
absolute_loading,477,6883,0.005801467085372928,1051
absolute_loading,477,6884,0.02758643736006587,1051
absolute_loading,477,6885,-0.023721602502439213,1051
absolute_loading,477,6886,-0.047583064118348006,1051
absolute_loading,477,6887,-0.012284805140522553,1051
absolute_loading,477,6888,-0.019539309785110294,1051
absolute_loading,477,6889,-0.01158448618730614,1051
absolute_loading,477,6890,-0.003779709403371051,1051
absolute_loading,477,6891,0.033347687807106036,1051
absolute_loading,477,6892,-0.04775247301670667,1051
absolute_loading,477,6893,-0.013884203319830708,1051
absolute_loading,477,6894,-0.012895421857027028,1051
absolute_loading,477,6895,0.02603776040862269,1051
absolute_loading,477,6896,0.020675922144802145,1051
absolute_loading,477,6897,-0.0396555136867748,1051
absolute_loading,477,6898,0.021597748722141378,1051
absolute_loading,477,6899,-0.008808939624056579,1051
absolute_loading,477,6900,0.05785138955782209,1051
absolute_loading,477,6901,-0.05455804664975044,1051
absolute_loading,477,6902,-0.015062213241750918,1051
absolute_loading,477,6903,0.018780919577943703,1051
absolute_loading,477,6904,-0.007125141937336191,1051
absolute_loading,477,6905,0.012305382850731893,1051
absolute_loading,477,6906,0.014498987499082122,1051
absolute_loading,477,6907,-0.011494272878991725,1051
absolute_loading,477,6908,0.02378171230829652,1051
absolute_loading,477,6909,-0.010912267675710761,1051
absolute_loading,477,6910,0.008485404034883163,1051
absolute_loading,477,6911,0.008787046731039427,1051
absolute_loading,477,6912,0.026473498424885264,1051
absolute_loading,477,6913,0.0816337183514692,1051
absolute_loading,477,6914,0.021533640597232288,1051
absolute_loading,477,6915,0.01970161492163039,1051
absolute_loading,477,6916,0.0071976088765683625,1051
absolute_loading,477,6917,0.010384654427716949,1051
absolute_loading,477,6918,-0.030084827328068428,1051
absolute_loading,477,6919,-0.05058375512906168,1051
absolute_loading,477,6920,0.033057729941430206,1051
absolute_loading,477,6921,-0.04166445045566169,1051
absolute_loading,477,6922,0.010114315292320687,1051
absolute_loading,477,6923,0.004891979767093451,1051
absolute_loading,477,6924,-0.024217125723024955,1051
absolute_loading,477,6925,0.0011373246795719197,1051
absolute_loading,477,6926,0.015275863325549744,1051
absolute_loading,477,6927,-0.03214753902734615,1051
absolute_loading,477,6928,0.045461463041005595,1051
absolute_loading,477,6929,-0.03756673653842692,1051
absolute_loading,477,6930,-0.023701398748512473,1051
absolute_loading,477,6931,0.01320120018445169,1051
absolute_loading,477,6932,-0.0033352778042231644,1051
absolute_loading,477,6933,-0.02829660390450209,1051
absolute_loading,477,6934,-0.014816443857047832,1051
absolute_loading,477,6935,0.030107981035863728,1051
absolute_loading,477,6936,0.011491293274110682,1051
absolute_loading,477,6937,-0.05813916539268686,1051
absolute_loading,477,6938,0.0207809211427322,1051
absolute_loading,477,6939,-0.0089203664144562,1051
absolute_loading,477,6940,-0.004977055508198253,1051
absolute_loading,477,6941,-0.01658765572294866,1051
absolute_loading,477,6942,-0.03465826091286816,1051
absolute_loading,477,6943,0.009016962181238148,1051
absolute_loading,477,6944,0.00315078050630784,1051
absolute_loading,477,6945,0.011065254458228575,1051
absolute_loading,477,6946,0.006981380776735019,1051
absolute_loading,477,6947,0.007022088957800757,1051
absolute_loading,477,6948,-0.02513238342162608,1051
absolute_loading,477,6949,-0.030943345566518066,1051
absolute_loading,477,6950,-0.020414071354156932,1051
absolute_loading,477,6951,0.0035108748546330763,1051
absolute_loading,477,6952,0.04936580994243785,1051
absolute_loading,477,6953,-0.03885478178426577,1051
absolute_loading,477,6954,0.00991403738283211,1051
absolute_loading,477,6955,0.0005258721247237204,1051
absolute_loading,477,6956,-0.008004089011471918,1051
absolute_loading,477,6957,-0.0013839475806550787,1051
absolute_loading,477,6958,0.01802630362237674,1051
absolute_loading,477,6959,0.004747927373479111,1051
absolute_loading,477,6960,-0.04993040628074316,1051
absolute_loading,477,6961,-0.03536646696700495,1051
absolute_loading,477,6962,0.07459351810116628,1051
absolute_loading,477,6963,-0.02485626955659345,1051
absolute_loading,477,6964,0.004694991872212769,1051
absolute_loading,477,6965,0.010572244596828846,1051
absolute_loading,477,6966,0.04042550581951023,1051
absolute_loading,477,6967,0.02701786861293692,1051
absolute_loading,477,6968,0.005216133484629074,1051
absolute_loading,477,6969,-0.0331620858068789,1051
absolute_loading,477,6970,-0.029287769902922013,1051
absolute_loading,477,6971,0.013023358381628027,1051
absolute_loading,477,6972,0.009050811201170926,1051
absolute_loading,477,6973,0.0038771688713005363,1051
absolute_loading,477,6974,-0.042041340318245586,1051
absolute_loading,477,6975,-0.036602617341614546,1051
absolute_loading,477,6976,0.02261361422311586,1051
absolute_loading,477,6977,0.023132171123898725,1051
absolute_loading,477,6978,-0.021400139739066733,1051
absolute_loading,477,6979,-0.031831243094828696,1051
absolute_loading,477,6980,0.015697110576808407,1051
absolute_loading,477,6981,-0.020913110311649604,1051
absolute_loading,477,6982,0.03401936630721871,1051
absolute_loading,477,6983,0.04058446029865214,1051
absolute_loading,477,6984,-0.017532320857717817,1051
absolute_loading,477,6985,-0.026189057058895068,1051
absolute_loading,477,6986,-0.029336644116894187,1051
absolute_loading,477,6987,0.004818788280426091,1051
absolute_loading,477,6988,0.01630458799125924,1051
absolute_loading,477,6989,-0.008236131816184794,1051
absolute_loading,477,6990,-0.001874013771994459,1051
absolute_loading,477,6991,0.0044872036615528415,1051
absolute_loading,477,6992,0.0434234063394127,1051
absolute_loading,477,6993,-0.023611358764531302,1051
absolute_loading,477,6994,-0.031611759656715296,1051
absolute_loading,477,6995,0.05389497432044796,1051
absolute_loading,477,6996,0.01442734419086565,1051
absolute_loading,477,6997,0.05089611820469297,1051
absolute_loading,477,6998,0.0017230448726864142,1051
absolute_loading,477,6999,-0.056944175827444383,1051
absolute_loading,477,7000,0.02734381570831018,1051
absolute_loading,477,7001,0.01634264775818409,1051
absolute_loading,477,7002,0.03318691642903171,1051
absolute_loading,477,7003,-0.07082628556367426,1051
absolute_loading,477,7004,-0.024301597522683127,1051
absolute_loading,477,7005,0.054670781585603304,1051
absolute_loading,477,7006,0.006160301122520936,1051
absolute_loading,477,7007,-0.017362380045225723,1051
absolute_loading,477,7008,-0.0008647439225643014,1051
absolute_loading,477,7009,-0.02183804262132458,1051
absolute_loading,477,7010,0.02275207117260157,1051
absolute_loading,477,7011,0.004395886303208953,1051
absolute_loading,477,7012,0.003377329826238379,1051
absolute_loading,477,7013,-0.01952224669708198,1051
absolute_loading,477,7014,-0.030239134062233438,1051
absolute_loading,477,7015,-0.036439799169879404,1051
absolute_loading,477,7016,0.0010755301042956586,1051
absolute_loading,477,7017,0.001551191538567395,1051
absolute_loading,477,7018,0.0011189906225783904,1051
absolute_loading,477,7019,-0.004311890965177199,1051
absolute_loading,477,7020,0.02153171603013415,1051
absolute_loading,477,7021,0.04799003959815676,1051
absolute_loading,477,7022,0.04316719320402305,1051
absolute_loading,477,7023,0.0006545112820905772,1051
absolute_loading,477,7024,0.02591630831959639,1051
absolute_loading,477,7025,-0.00814978647583991,1051
absolute_loading,477,7026,-0.039949763594826077,1051
absolute_loading,477,7027,0.07894681886476353,1051
absolute_loading,477,7028,-0.05433501629833462,1051
absolute_loading,477,7029,-0.005362934161436319,1051
absolute_loading,477,7030,0.013465242772058987,1051
absolute_loading,477,7031,-0.019131757284992123,1051
absolute_loading,477,7032,0.029535653233999804,1051
absolute_loading,477,7033,-0.007868533871582517,1051
absolute_loading,477,7034,-0.015541703242360809,1051
absolute_loading,477,7035,0.04774728621288651,1051
absolute_loading,477,7036,-0.019087017494720138,1051
absolute_loading,477,7037,0.05828143690158001,1051
absolute_loading,477,7038,0.04181356178431619,1051
absolute_loading,477,7039,0.0024371788588815305,1051
absolute_loading,477,7040,-0.024415991725992462,1051
absolute_loading,477,7041,0.03297687474590242,1051
absolute_loading,477,7042,-0.05618269213468476,1051
absolute_loading,477,7043,0.06604356785009281,1051
absolute_loading,477,7044,-0.016329031836318033,1051
absolute_loading,477,7045,0.05108366185584648,1051
absolute_loading,477,7046,-0.004506195758926088,1051
absolute_loading,477,7047,0.06709444742243248,1051
absolute_loading,477,7048,-0.05854837735786573,1051
absolute_loading,477,7049,-0.042652953103660546,1051
absolute_loading,477,7050,-0.019204199603508155,1051
absolute_loading,477,7051,0.018612043597707125,1051
absolute_loading,477,7052,-0.03784211669372644,1051
absolute_loading,477,7053,0.014596087603693166,1051
absolute_loading,477,7054,0.04169932544872756,1051
absolute_loading,477,7055,0.01959492767900399,1051
absolute_loading,477,7056,0.021165127706997786,1051
absolute_loading,477,7057,0.040426266231992115,1051
absolute_loading,477,7058,0.03225133521199953,1051
absolute_loading,477,7059,0.0037495615646486943,1051
absolute_loading,477,7060,0.042064189263525724,1051
absolute_loading,477,7061,-0.0204783831358836,1051
absolute_loading,477,7062,-0.047094499349885306,1051
absolute_loading,477,7063,0.031287520018362124,1051
absolute_loading,477,7064,0.0032223560221979796,1051
absolute_loading,477,7065,-0.029845574864670255,1051
absolute_loading,477,7066,-0.007645578204312428,1051
absolute_loading,477,7067,0.0009754649763296097,1051
absolute_loading,477,7068,0.01658569064618547,1051
absolute_loading,477,7069,-0.006846809688185063,1051
absolute_loading,477,7070,-0.059099881053025445,1051
absolute_loading,477,7071,-0.042836052562840884,1051
absolute_loading,477,7072,-0.021912306041604403,1051
absolute_loading,477,7073,0.0016161995807892676,1051
absolute_loading,477,7074,0.03220821629594015,1051
absolute_loading,477,7075,-0.0025933334927747344,1051
absolute_loading,477,7076,-0.0042863099164559765,1051
absolute_loading,477,7077,-0.010941304198250734,1051
absolute_loading,477,7078,0.012524989598890224,1051
absolute_loading,477,7079,-0.0052355510421830545,1051
absolute_loading,477,7080,-0.04089366401102598,1051
absolute_loading,477,7081,0.0009085812574573412,1051
absolute_loading,477,7082,0.001108661117695385,1051
absolute_loading,477,7083,0.0027714375134358597,1051
absolute_loading,477,7084,0.0026679842822573334,1051
absolute_loading,477,7085,-0.05048188534780549,1051
absolute_loading,477,7086,-0.05011728240887469,1051
absolute_loading,477,7087,0.004235885450048874,1051
absolute_loading,477,7088,0.015914071290510957,1051
absolute_loading,477,7089,0.0767799995604334,1051
absolute_loading,477,7090,-0.04086935156131314,1051
absolute_loading,477,7091,-0.028103731776581417,1051
absolute_loading,477,7092,0.042625804531270635,1051
absolute_loading,477,7093,-0.01622674694642239,1051
absolute_loading,477,7094,-0.003629692472864383,1051
absolute_loading,477,7095,0.020790090773964345,1051
absolute_loading,477,7096,-0.021929681542464566,1051
absolute_loading,477,7097,0.036220369976920665,1051
absolute_loading,477,7098,0.02297185137732137,1051
absolute_loading,477,7099,-0.03644195357026003,1051
absolute_loading,477,7100,0.013952105794193252,1051
absolute_loading,477,7101,-0.02398986602915114,1051
absolute_loading,477,7102,-0.05623550654049339,1051
absolute_loading,477,7103,-0.004882279707722616,1051
absolute_loading,477,7104,-0.03684717178774854,1051
absolute_loading,477,7105,-0.07691662610461586,1051
absolute_loading,477,7106,0.023985554728713065,1051
absolute_loading,477,7107,-0.03490624964484434,1051
absolute_loading,477,7108,0.002154210512692745,1051
absolute_loading,477,7109,-0.050666157250724965,1051
absolute_loading,477,7110,0.01467862051879607,1051
absolute_loading,477,7111,-0.030397108378885197,1051
absolute_loading,477,7112,-0.029120963117187704,1051
absolute_loading,477,7113,-0.027673440488689856,1051
absolute_loading,477,7114,-0.030185728879554074,1051
absolute_loading,477,7115,-0.027139474771153412,1051
absolute_loading,477,7116,0.02830006103433689,1051
absolute_loading,477,7117,-0.0506271191180055,1051
absolute_loading,477,7118,-0.015447710258300723,1051
absolute_loading,477,7119,-0.01748186474222714,1051
absolute_loading,477,7120,0.031031468201916712,1051
absolute_loading,477,7121,0.037739130714778864,1051
absolute_loading,477,7122,-0.03968539114473608,1051
absolute_loading,477,7123,-0.02542343796304106,1051
absolute_loading,477,7124,-0.005553365292596868,1051
absolute_loading,477,7125,0.009049013047751225,1051
absolute_loading,477,7126,-0.008574105066882413,1051
absolute_loading,477,7127,0.022779118167496296,1051
absolute_loading,477,7128,-0.043331069121849024,1051
absolute_loading,477,7129,-0.03907370285656368,1051
absolute_loading,477,7130,0.013763174788388495,1051
absolute_loading,477,7131,0.003254391372954256,1051
absolute_loading,477,7132,0.02519058833311817,1051
absolute_loading,477,7133,-0.039720098628742644,1051
absolute_loading,477,7134,-0.007515614148912169,1051
absolute_loading,477,7135,0.023261848355576088,1051
absolute_loading,477,7136,0.008712626648996462,1051
absolute_loading,477,7137,0.04142485311205584,1051
absolute_loading,477,7138,0.013803898184293218,1051
absolute_loading,477,7139,0.017358614707101663,1051
absolute_loading,477,7140,0.06861263961554542,1051
absolute_loading,477,7141,-0.013329601608962805,1051
absolute_loading,477,7142,0.01720962837676164,1051
absolute_loading,477,7143,0.046624387059754246,1051
absolute_loading,477,7144,-0.02649097218232208,1051
absolute_loading,477,7145,0.04164465274347146,1051
absolute_loading,477,7146,-0.0059767874217668574,1051
absolute_loading,477,7147,-0.028588088490374752,1051
absolute_loading,477,7148,-0.04355116917178932,1051
absolute_loading,477,7149,0.0036168262151632215,1051
absolute_loading,477,7150,0.03412215549839067,1051
absolute_loading,477,7151,-0.0033075832474472335,1051
absolute_loading,477,7152,-0.026533678781161606,1051
absolute_loading,477,7153,-0.05828194351834965,1051
absolute_loading,477,7154,0.01470579441772004,1051
absolute_loading,477,7155,-0.02639310220811475,1051
absolute_loading,477,7156,0.009807957281870703,1051
absolute_loading,477,7157,0.007844989978932676,1051
absolute_loading,477,7158,-0.00040626120441125175,1051
absolute_loading,477,7159,-0.00346535691001343,1051
absolute_loading,477,7160,0.02717942089484583,1051
absolute_loading,477,7161,0.009103405446311606,1051
absolute_loading,477,7162,-0.016151812915945307,1051
absolute_loading,477,7163,-0.028199629700139305,1051
absolute_loading,477,7164,-0.006028528485917705,1051
absolute_loading,477,7165,-0.0016379690339073613,1051
absolute_loading,477,7166,-0.05219341507223176,1051
absolute_loading,477,7167,-0.01641497116175079,1051
absolute_loading,477,7168,-0.025525332291732004,1051
absolute_loading,477,7169,-0.008972923270300215,1051
absolute_loading,477,7170,-0.04223031219558821,1051
absolute_loading,477,7171,-0.013241754459853426,1051
absolute_loading,477,7172,0.03532332090844339,1051
absolute_loading,477,7173,0.008157503000687226,1051
absolute_loading,477,7174,-0.0584511304437736,1051
absolute_loading,477,7175,0.020625589872995554,1051
absolute_loading,477,7176,-0.023964249320462337,1051
absolute_loading,477,7177,0.00803165119020381,1051
absolute_loading,477,7178,-0.01954183755530686,1051
absolute_loading,477,7179,0.06858330234424177,1051
absolute_loading,477,7180,0.07725177556927765,1051
absolute_loading,477,7181,0.0077282523047605385,1051
absolute_loading,477,7182,0.004830218930714727,1051
absolute_loading,477,7183,-0.009636039976923068,1051
absolute_loading,477,7184,0.00858155272715782,1051
absolute_loading,477,7185,-0.0006918946613779332,1051
absolute_loading,477,7186,-0.014275390024608854,1051
absolute_loading,477,7187,0.06017708000157527,1051
absolute_loading,477,7188,0.017605794941566114,1051
absolute_loading,477,7189,0.009539144226147279,1051
absolute_loading,477,7190,0.006860781407531508,1051
absolute_loading,477,7191,-0.03559339268523434,1051
absolute_loading,477,7192,0.036289352153904435,1051
absolute_loading,477,7193,0.01404341909951237,1051
absolute_loading,477,7194,-0.02541197541686414,1051
absolute_loading,477,7195,-0.03166930327236262,1051
absolute_loading,477,7196,0.032142744181984866,1051
absolute_loading,477,7197,0.005484609004073399,1051
absolute_loading,477,7198,-0.00625079545282413,1051
absolute_loading,477,7199,0.020017336083918785,1051
absolute_loading,477,7200,0.020867179134207485,1051
absolute_loading,477,7201,-0.0032483507534683547,1051
absolute_loading,477,7202,0.03975415436079344,1051
absolute_loading,477,7203,-0.015679177385253006,1051
absolute_loading,477,7204,-0.018518589730068383,1051
absolute_loading,477,7205,-0.010340013723219658,1051
absolute_loading,477,7206,0.07574539162581978,1051
absolute_loading,477,7207,0.013090568471302765,1051
absolute_loading,477,7208,0.00868737097934666,1051
absolute_loading,477,7209,-0.04964731656283068,1051
absolute_loading,477,7210,-0.03676288662477616,1051
absolute_loading,477,7211,0.08034618193063256,1051
absolute_loading,477,7212,0.03161304706799876,1051
absolute_loading,477,7213,0.060202041333079694,1051
absolute_loading,477,7214,-0.0178643941859902,1051
absolute_loading,477,7215,-0.001502614623343914,1051
absolute_loading,477,7216,-0.05694307617592306,1051
absolute_loading,477,7217,-0.02456297060013537,1051
absolute_loading,477,7218,-0.05848903382930643,1051
absolute_loading,477,7219,-0.0015654052019560688,1051
absolute_loading,477,7220,0.018157593842548777,1051
absolute_loading,477,7221,-0.011351716309780886,1051
absolute_loading,477,7222,-0.0010610098574912047,1051
absolute_loading,477,7223,0.017805716091454617,1051
absolute_loading,477,7224,-0.027530025720611126,1051
absolute_loading,477,7225,-0.014017402552254522,1051
absolute_loading,477,7226,-0.03300034921934037,1051
absolute_loading,477,7227,-0.0134730167855723,1051
absolute_loading,477,7228,0.037961646010386714,1051
absolute_loading,477,7229,-0.033039208366321335,1051
absolute_loading,477,7230,0.09041545801051108,1051
absolute_loading,477,7231,-0.027633717070262277,1051
absolute_loading,477,7232,0.039082577299931115,1051
absolute_loading,477,7233,0.04788597249227493,1051
absolute_loading,477,7234,-0.000880756864548417,1051
absolute_loading,477,7235,0.0475547308420541,1051
absolute_loading,477,7236,-0.016828583615469277,1051
absolute_loading,477,7237,-0.03627781753127874,1051
absolute_loading,477,7238,0.008100005302136741,1051
absolute_loading,477,7239,-0.004415955060918339,1051
absolute_loading,477,7240,-0.021830191150056102,1051
absolute_loading,477,7241,-0.02493703737792237,1051
absolute_loading,477,7242,0.04011847292334167,1051
absolute_loading,477,7243,-0.01931116916556586,1051
absolute_loading,477,7244,0.03958459612610735,1051
absolute_loading,477,7245,0.02116384322750063,1051
absolute_loading,477,7246,-0.004265971712301884,1051
absolute_loading,477,7247,0.07878841972693765,1051
absolute_loading,477,7248,0.0019418368097387192,1051
absolute_loading,477,7249,-0.047216764808350305,1051
absolute_loading,477,7250,-0.003829814843680577,1051
absolute_loading,477,7251,-0.03761120519841658,1051
absolute_loading,477,7252,-0.019532404069688952,1051
absolute_loading,477,7253,-0.05051593875813475,1051
absolute_loading,477,7254,-0.02776736673660389,1051
absolute_loading,477,7255,0.009647917383718346,1051
absolute_loading,477,7256,-0.031833787444899626,1051
absolute_loading,477,7257,0.03792672519257235,1051
absolute_loading,477,7258,0.0022275768803069374,1051
absolute_loading,477,7259,0.0036073969663537294,1051
absolute_loading,477,7260,0.025953907203478364,1051
absolute_loading,477,7261,0.00034770721636737367,1051
absolute_loading,477,7262,-0.026939643423218838,1051
absolute_loading,477,7263,-0.01392433843999974,1051
absolute_loading,477,7264,-0.021651273579589087,1051
absolute_loading,477,7265,0.028422016460204383,1051
absolute_loading,477,7266,-0.019351210610470695,1051
absolute_loading,477,7267,-0.012934113647499634,1051
absolute_loading,477,7268,0.008691190712793609,1051
absolute_loading,477,7269,0.0038790426886500706,1051
absolute_loading,477,7270,-0.026903675786855877,1051
absolute_loading,477,7271,-0.012668704031623129,1051
absolute_loading,477,7272,-0.02461942809940569,1051
absolute_loading,477,7273,-0.035896261261483674,1051
absolute_loading,477,7274,0.002929956063036292,1051
absolute_loading,477,7275,0.0027693233143197106,1051
absolute_loading,477,7276,0.00535257416947798,1051
absolute_loading,477,7277,0.03750523464412781,1051
absolute_loading,477,7278,-0.005868020949625377,1051
absolute_loading,477,7279,-0.03522488739456733,1051
absolute_loading,477,7280,-0.008946931965265723,1051
absolute_loading,477,7281,-0.009148603216958174,1051
absolute_loading,477,7282,-0.012725347278670734,1051
absolute_loading,477,7283,-0.014285031362544725,1051
absolute_loading,477,7284,-0.005298757860469697,1051
absolute_loading,477,7285,0.03945102675947592,1051
absolute_loading,477,7286,0.007604719969515301,1051
absolute_loading,477,7287,-0.05732365622463092,1051
absolute_loading,477,7288,-0.029445035064765538,1051
absolute_loading,477,7289,-0.017283784467390036,1051
absolute_loading,477,7290,0.04476266308710529,1051
absolute_loading,477,7291,0.008808951248828134,1051
absolute_loading,477,7292,-0.020550460688946347,1051
absolute_loading,477,7293,-0.0027839070402631647,1051
absolute_loading,477,7294,0.036372118077143904,1051
absolute_loading,477,7295,0.020136238037486508,1051
absolute_loading,477,7296,-0.006612112845062753,1051
absolute_loading,477,7297,0.04215727756129954,1051
absolute_loading,477,7298,0.05055611706603487,1051
absolute_loading,477,7299,-0.018228710293734688,1051
absolute_loading,477,7300,0.014991306240024016,1051
absolute_loading,477,7301,0.015431062549058953,1051
absolute_loading,477,7302,0.01321836294165667,1051
absolute_loading,477,7303,-0.014173011756879626,1051
absolute_loading,477,7304,-0.0011953021550317655,1051
absolute_loading,477,7305,-0.05456075715119701,1051
absolute_loading,477,7306,0.025845775973245742,1051
absolute_loading,477,7307,0.0073253148522419605,1051
absolute_loading,477,7308,-0.0461888147094043,1051
absolute_loading,477,7309,-0.024459261874885077,1051
absolute_loading,477,7310,0.010938569113466435,1051
absolute_loading,477,7311,0.027380211721527957,1051
absolute_loading,477,7312,-0.005085290031682199,1051
absolute_loading,477,7313,0.0005613698832184498,1051
absolute_loading,477,7314,0.0111292732615413,1051
absolute_loading,477,7315,-0.0012232779908146934,1051
absolute_loading,477,7316,0.0833401388732847,1051
absolute_loading,477,7317,-0.020831099512798056,1051
absolute_loading,477,7318,-0.03816752706052681,1051
absolute_loading,477,7319,-0.016726413977079788,1051
absolute_loading,477,7320,-0.03542108417946236,1051
absolute_loading,477,7321,0.048597448483599676,1051
absolute_loading,477,7322,0.05512459056271841,1051
absolute_loading,477,7323,-0.0013873889489213172,1051
absolute_loading,477,7324,-0.003967465596248677,1051
absolute_loading,477,7325,0.005044955669816796,1051
absolute_loading,477,7326,0.04718069627560313,1051
absolute_loading,477,7327,-0.042040314155542095,1051
absolute_loading,477,7328,-0.03472287199767635,1051
absolute_loading,477,7329,0.013902967650669945,1051
absolute_loading,477,7330,0.021071301772403562,1051
absolute_loading,477,7331,0.02575839997104321,1051
absolute_loading,477,7332,-0.0507140586517588,1051
absolute_loading,477,7333,-0.02031183647948173,1051
absolute_loading,477,7334,0.010875589112673022,1051
absolute_loading,477,7335,-0.015169197059740487,1051
absolute_loading,477,7336,0.009650620682208589,1051
absolute_loading,477,7337,0.04480391277463109,1051
absolute_loading,477,7338,-0.013947360855018569,1051
absolute_loading,477,7339,-0.03378495288093574,1051
absolute_loading,477,7340,-0.01997305219550902,1051
absolute_loading,477,7341,-0.012470538830474746,1051
absolute_loading,477,7342,-0.01665849358151791,1051
absolute_loading,477,7343,0.010236920725527072,1051
absolute_loading,477,7344,0.022189226281928053,1051
absolute_loading,477,7345,-0.03245438452880054,1051
absolute_loading,477,7346,0.0036909923874076473,1051
absolute_loading,477,7347,-0.009940651871762952,1051
absolute_loading,477,7348,0.009704873793121642,1051
absolute_loading,477,7349,-0.006177251195611802,1051
absolute_loading,477,7350,-0.04073030762414511,1051
absolute_loading,477,7351,0.006922626574479542,1051
absolute_loading,477,7352,0.08432186105051692,1051
absolute_loading,477,7353,-0.014042992242886819,1051
absolute_loading,477,7354,-0.018283483545573544,1051
absolute_loading,477,7355,0.01802331652335457,1051
absolute_loading,477,7356,-0.008963269919895435,1051
absolute_loading,477,7357,-0.01863569341697884,1051
absolute_loading,477,7358,-0.005901583914807864,1051
absolute_loading,477,7359,-0.060112293171290236,1051
absolute_loading,477,7360,0.022521561437931874,1051
absolute_loading,477,7361,-0.035269305709150454,1051
absolute_loading,477,7362,0.03503480384527156,1051
absolute_loading,477,7363,0.012129218141165778,1051
absolute_loading,477,7364,0.05243673737813784,1051
absolute_loading,477,7365,0.0018217895015651422,1051
absolute_loading,477,7366,-0.026310466526403353,1051
absolute_loading,477,7367,0.009212513792104964,1051
absolute_loading,477,7368,0.05385285529793986,1051
absolute_loading,477,7369,0.047828601894163575,1051
absolute_loading,477,7370,0.004300424352146083,1051
absolute_loading,477,7371,-0.0008112218105616944,1051
absolute_loading,477,7372,0.00205842656720766,1051
absolute_loading,477,7373,-0.07523078562024839,1051
absolute_loading,477,7374,-0.032115188981974796,1051
absolute_loading,477,7375,0.007560509463375692,1051
absolute_loading,477,7376,-0.0171134448045912,1051
absolute_loading,477,7377,-0.01719940950331841,1051
absolute_loading,477,7378,-0.027517452137689767,1051
absolute_loading,477,7379,0.02033358584346765,1051
absolute_loading,477,7380,-0.014990494878566664,1051
absolute_loading,477,7381,-0.006188892661082929,1051
absolute_loading,477,7382,-0.023964969189164274,1051
absolute_loading,477,7383,0.04038874707668082,1051
absolute_loading,477,7384,-0.052754837873844725,1051
absolute_loading,477,7385,-0.02432222841784148,1051
absolute_loading,477,7386,0.02535522444467468,1051
absolute_loading,477,7387,-0.0019892363684671883,1051
absolute_loading,477,7388,-0.0569503332321527,1051
absolute_loading,477,7389,0.013302309484876491,1051
absolute_loading,477,7390,0.03386303068668515,1051
absolute_loading,477,7391,0.007434497574027667,1051
absolute_loading,477,7392,0.018397977747595252,1051
absolute_loading,477,7393,-0.06976621742319129,1051
absolute_loading,477,7394,0.00876466544719217,1051
absolute_loading,477,7395,0.010592943820649266,1051
absolute_loading,477,7396,-0.031104871891194204,1051
absolute_loading,477,7397,-0.026652499166125977,1051
absolute_loading,477,7398,0.04027457452050414,1051
absolute_loading,477,7399,0.002871830368603853,1051
absolute_loading,477,7400,0.006916534524807305,1051
absolute_loading,477,7401,-0.04257138456392499,1051
absolute_loading,477,7402,-0.024775145804919883,1051
absolute_loading,477,7403,0.012517541248452392,1051
absolute_loading,477,7404,-0.004707267875886367,1051
absolute_loading,477,7405,-0.0323451040346729,1051
absolute_loading,477,7406,0.047220881438515244,1051
absolute_loading,477,7407,0.016440821608932878,1051
absolute_loading,477,7408,0.014990415289652904,1051
absolute_loading,477,7409,-0.03339813390541991,1051
absolute_loading,477,7410,-0.03653348747231591,1051
absolute_loading,477,7411,-0.003932244485350431,1051
absolute_loading,477,7412,-0.059177759447266824,1051
absolute_loading,477,7413,0.0019067151268522126,1051
absolute_loading,477,7414,0.017525553148328644,1051
absolute_loading,477,7415,0.012763006711753155,1051
absolute_loading,477,7416,-0.008842697874834528,1051
absolute_loading,477,7417,-0.049914376017143144,1051
absolute_loading,477,7418,-0.028794305723688688,1051
absolute_loading,477,7419,-0.031289112503254286,1051
absolute_loading,477,7420,0.05143265362019926,1051
absolute_loading,477,7421,0.005161422206533189,1051
absolute_loading,477,7422,-0.007064487601271419,1051
absolute_loading,477,7423,0.023705454676249092,1051
absolute_loading,477,7424,-0.04365471293366525,1051
absolute_loading,477,7425,-0.007682356503774642,1051
absolute_loading,477,7426,-0.01755400818589599,1051
absolute_loading,477,7427,0.016166485138954568,1051
absolute_loading,477,7428,-0.02384550197686597,1051
absolute_loading,477,7429,0.0019495722403330383,1051
absolute_loading,477,7430,0.017806937894934708,1051
absolute_loading,477,7431,0.017831589508194565,1051
absolute_loading,477,7432,0.0019071913977970706,1051
absolute_loading,477,7433,0.020366882581167544,1051
absolute_loading,477,7434,0.0017198052934600501,1051
absolute_loading,477,7435,0.07584033090602947,1051
absolute_loading,477,7436,0.013346645399066754,1051
absolute_loading,477,7437,-0.04842830926446141,1051
absolute_loading,477,7438,-0.032623362847479936,1051
absolute_loading,477,7439,-0.025568322197001093,1051
absolute_loading,477,7440,-0.02918889112536679,1051
absolute_loading,477,7441,-0.051777541180430875,1051
absolute_loading,477,7442,-0.03579142384797356,1051
absolute_loading,477,7443,-0.023248733897881693,1051
absolute_loading,477,7444,-0.00006332464775791039,1051
absolute_loading,477,7445,0.04048092492969758,1051
absolute_loading,477,7446,-0.01198913828458097,1051
absolute_loading,477,7447,0.015295213850108345,1051
absolute_loading,477,7448,0.03482137016283205,1051
absolute_loading,477,7449,0.044187550608993584,1051
absolute_loading,477,7450,-0.032835408468392696,1051
absolute_loading,477,7451,-0.028469464319193283,1051
absolute_loading,477,7452,-0.039194597434597654,1051
absolute_loading,477,7453,-0.04948770534898666,1051
absolute_loading,477,7454,-0.024428812257251232,1051
absolute_loading,477,7455,0.012224068463472381,1051
absolute_loading,477,7456,0.008964527616396246,1051
absolute_loading,477,7457,-0.022158566839460877,1051
absolute_loading,477,7458,-0.000839911856961614,1051
absolute_loading,477,7459,-0.05240783437956753,1051
absolute_loading,477,7460,0.026070659161861517,1051
absolute_loading,477,7461,-0.01949465442092047,1051
absolute_loading,477,7462,-0.027174310100929164,1051
absolute_loading,477,7463,-0.01527467454421013,1051
absolute_loading,477,7464,-0.01705465578676377,1051
absolute_loading,477,7465,-0.0017324554081134978,1051
absolute_loading,477,7466,-0.03708208591979011,1051
absolute_loading,477,7467,0.08565649371202035,1051
absolute_loading,477,7468,-0.03508530083044626,1051
absolute_loading,477,7469,-0.02085398665558908,1051
absolute_loading,477,7470,-0.015730999380065055,1051
absolute_loading,477,7471,0.01187789838334496,1051
absolute_loading,477,7472,-0.007387665495101653,1051
absolute_loading,477,7473,-0.02823136359758492,1051
absolute_loading,477,7474,-0.05288638915438391,1051
absolute_loading,477,7475,-0.0016192946043813786,1051
absolute_loading,477,7476,-0.02224438277823658,1051
absolute_loading,477,7477,0.012422164902748629,1051
absolute_loading,477,7478,0.062342307873625165,1051
absolute_loading,477,7479,0.007677959981412622,1051
absolute_loading,477,7480,0.02394000703257464,1051
absolute_loading,477,7481,-0.03127976556956234,1051
absolute_loading,477,7482,-0.007064452060691478,1051
absolute_loading,477,7483,-0.008228400362404513,1051
absolute_loading,477,7484,0.009282259891012702,1051
absolute_loading,477,7485,0.04193986726641174,1051
absolute_loading,477,7486,0.008200611942257262,1051
absolute_loading,477,7487,-0.004209075501902373,1051
absolute_loading,477,7488,-0.018893694437053864,1051
absolute_loading,477,7489,0.03566368039679429,1051
absolute_loading,477,7490,0.03462128855867093,1051
absolute_loading,477,7491,0.016781454039965792,1051
absolute_loading,477,7492,-0.046102370426627064,1051
absolute_loading,477,7493,-0.0015336090839356894,1051
absolute_loading,477,7494,0.019119134660235466,1051
absolute_loading,477,7495,0.009880186657284587,1051
absolute_loading,477,7496,-0.017733270090883633,1051
absolute_loading,477,7497,0.01904824938340484,1051
absolute_loading,477,7498,0.04329168717751455,1051
absolute_loading,477,7499,0.024776006253851825,1051
absolute_loading,477,7500,0.021912045975349556,1051
absolute_loading,477,7501,0.013419029032106745,1051
absolute_loading,477,7502,-0.01432341624414881,1051
absolute_loading,477,7503,0.05814200148592141,1051
absolute_loading,477,7504,0.06974179891446175,1051
absolute_loading,477,7505,-0.005259560401295715,1051
absolute_loading,477,7506,0.03392967502809753,1051
absolute_loading,477,7507,-0.006557296724012873,1051
absolute_loading,477,7508,0.07348278445493771,1051
absolute_loading,477,7509,0.0045576709214076045,1051
absolute_loading,477,7510,0.023867925192562988,1051
absolute_loading,477,7511,-0.021268053079328216,1051
absolute_loading,477,7512,0.05992916372942492,1051
absolute_loading,477,7513,0.0009217214348699334,1051
absolute_loading,477,7514,-0.04532569512023493,1051
absolute_loading,477,7515,-0.0021922529237215697,1051
absolute_loading,477,7516,-0.009287118933272399,1051
absolute_loading,477,7517,-0.00317504995475524,1051
absolute_loading,477,7518,0.036035037085275806,1051
absolute_loading,477,7519,-0.04192013329476965,1051
absolute_loading,477,7520,-0.013596433171306292,1051
absolute_loading,477,7521,0.029596548795064747,1051
absolute_loading,477,7522,0.024513135385069662,1051
absolute_loading,477,7523,-0.036110285135689216,1051
absolute_loading,477,7524,0.009904906067927044,1051
absolute_loading,477,7525,0.009816507648370353,1051
absolute_loading,477,7526,0.024155722277997217,1051
absolute_loading,477,7527,0.03363498372347289,1051
absolute_loading,477,7528,0.03268092199901953,1051
absolute_loading,477,7529,0.0004057104431477746,1051
absolute_loading,477,7530,-0.04672924671219117,1051
absolute_loading,477,7531,0.02764090150349512,1051
absolute_loading,477,7532,0.017162293996256118,1051
absolute_loading,477,7533,0.04591187998418618,1051
absolute_loading,477,7534,0.013239892335935931,1051
absolute_loading,477,7535,-0.017815755918040573,1051
absolute_loading,477,7536,-0.012235065373470992,1051
absolute_loading,477,7537,0.0033183494331600564,1051
absolute_loading,477,7538,0.007157425780486746,1051
absolute_loading,477,7539,0.019030498667231912,1051
absolute_loading,477,7540,-0.0036025663828518554,1051
absolute_loading,477,7541,0.007520933214458417,1051
absolute_loading,477,7542,0.032661538217586196,1051
absolute_loading,477,7543,0.007549535796942289,1051
absolute_loading,477,7544,0.010934042946110157,1051
absolute_loading,477,7545,0.010971672661661337,1051
absolute_loading,477,7546,0.0831251879857536,1051
absolute_loading,477,7547,0.047688118280937934,1051
absolute_loading,477,7548,-0.04951247822431377,1051
absolute_loading,477,7549,-0.015077521777250025,1051
absolute_loading,477,7550,0.06177622479718248,1051
absolute_loading,477,7551,0.028009236637664522,1051
absolute_loading,477,7552,-0.07245283359046131,1051
absolute_loading,477,7553,0.01195598848531909,1051
absolute_loading,477,7554,-0.050257223913954575,1051
absolute_loading,477,7555,-0.04036458361013207,1051
absolute_loading,477,7556,-0.020139127288684312,1051
absolute_loading,477,7557,0.039775632102404146,1051
absolute_loading,477,7558,0.0031749340788938944,1051
absolute_loading,477,7559,0.028905266202343505,1051
absolute_loading,477,7560,0.0024533916635395923,1051
absolute_loading,477,7561,-0.04463968216515141,1051
absolute_loading,477,7562,0.023804373156624467,1051
absolute_loading,477,7563,0.036939623298623214,1051
absolute_loading,477,7564,-0.02484841247496722,1051
absolute_loading,477,7565,-0.025774044232234252,1051
absolute_loading,477,7566,0.015213318850460606,1051
absolute_loading,477,7567,0.008712786485070057,1051
absolute_loading,477,7568,-0.03681704294689519,1051
absolute_loading,477,7569,-0.022025121832795605,1051
absolute_loading,477,7570,-0.02204910076944546,1051
absolute_loading,477,7571,-0.012209453579574332,1051
absolute_loading,477,7572,-0.02933660754160662,1051
absolute_loading,477,7573,-0.003564175989065747,1051
absolute_loading,477,7574,0.017203557421699343,1051
absolute_loading,477,7575,0.023786293630303833,1051
absolute_loading,477,7576,0.047657574220538394,1051
absolute_loading,477,7577,0.03215790304609137,1051
absolute_loading,477,7578,0.028869609551590323,1051
absolute_loading,477,7579,0.000478253747889022,1051
absolute_loading,477,7580,0.021004212936102065,1051
absolute_loading,477,7581,0.024493679636252593,1051
absolute_loading,477,7582,-0.02742825869493506,1051
absolute_loading,477,7583,0.014503760941754278,1051
absolute_loading,477,7584,-0.017449730469463853,1051
absolute_loading,477,7585,-0.026472550413129993,1051
absolute_loading,477,7586,0.05194755611380813,1051
absolute_loading,477,7587,-0.005437699946682648,1051
absolute_loading,477,7588,0.0395312541264979,1051
absolute_loading,477,7589,-0.007183606670870432,1051
absolute_loading,477,7590,-0.006145541603572922,1051
absolute_loading,477,7591,-0.0334606671825849,1051
absolute_loading,477,7592,0.03195533024789049,1051
absolute_loading,477,7593,-0.02659304789469855,1051
absolute_loading,477,7594,0.00825738493413549,1051
absolute_loading,477,7595,-0.07107429002752672,1051
absolute_loading,477,7596,0.006803903483440921,1051
absolute_loading,477,7597,-0.027257944117884205,1051
absolute_loading,477,7598,0.0052785166501709705,1051
absolute_loading,477,7599,0.006441552046184534,1051
absolute_loading,477,7600,-0.019753850109731377,1051
absolute_loading,477,7601,0.04630022711964923,1051
absolute_loading,477,7602,-0.0017217598434291367,1051
absolute_loading,477,7603,0.04012487925639013,1051
absolute_loading,477,7604,0.03748589981436792,1051
absolute_loading,477,7605,0.025364391433319956,1051
absolute_loading,477,7606,-0.024458170031635598,1051
absolute_loading,477,7607,-0.006789871970885597,1051
absolute_loading,477,7608,-0.06270729826946092,1051
absolute_loading,477,7609,0.014951877104071875,1051
absolute_loading,477,7610,0.0036025633350192238,1051
absolute_loading,477,7611,-0.005006046508969419,1051
absolute_loading,477,7612,-0.01312205440796015,1051
absolute_loading,477,7613,-0.011962786510100111,1051
absolute_loading,477,7614,-0.013236762851832921,1051
absolute_loading,477,7615,-0.022029323980417667,1051
absolute_loading,477,7616,-0.02612237371549113,1051
absolute_loading,477,7617,-0.020224193325738198,1051
absolute_loading,477,7618,-0.005935386822645014,1051
absolute_loading,477,7619,-0.008903919874822202,1051
absolute_loading,477,7620,-0.027567014600130668,1051
absolute_loading,477,7621,0.042468561447294446,1051
absolute_loading,477,7622,0.02364281530495429,1051
absolute_loading,477,7623,-0.023344692326290693,1051
absolute_loading,477,7624,-0.01991506383290752,1051
absolute_loading,477,7625,0.02687775453370046,1051
absolute_loading,477,7626,0.0687931135253976,1051
absolute_loading,477,7627,0.05338988753171393,1051
absolute_loading,477,7628,0.01167269713467579,1051
absolute_loading,477,7629,-0.019170359346358464,1051
absolute_loading,477,7630,-0.0350507162664081,1051
absolute_loading,477,7631,0.0007958221027209722,1051
absolute_loading,477,7632,0.035526409774451116,1051
absolute_loading,477,7633,-0.03790265183675914,1051
absolute_loading,477,7634,0.022456384497211802,1051
absolute_loading,477,7635,-0.04406575021316542,1051
absolute_loading,477,7636,-0.019190780381331506,1051
absolute_loading,477,7637,-0.017227393602761824,1051
absolute_loading,477,7638,0.02174005239383395,1051
absolute_loading,477,7639,0.05055685772975995,1051
absolute_loading,477,7640,0.045442017119088976,1051
absolute_loading,477,7641,0.033018535681370614,1051
absolute_loading,477,7642,-0.06144701763607072,1051
absolute_loading,477,7643,0.0050550482425287015,1051
absolute_loading,477,7644,0.011611827265961083,1051
absolute_loading,477,7645,0.06060233591613565,1051
absolute_loading,477,7646,0.04038957563396464,1051
absolute_loading,477,7647,-0.046506033378497194,1051
absolute_loading,477,7648,-0.012155019153547518,1051
absolute_loading,477,7649,0.015865670080298308,1051
absolute_loading,477,7650,-0.001784923902986938,1051
absolute_loading,477,7651,-0.009318030998266703,1051
absolute_loading,477,7652,0.04862939648392784,1051
absolute_loading,477,7653,0.07537178598219055,1051
absolute_loading,477,7654,-0.003795585585340421,1051
absolute_loading,477,7655,0.005877053841765275,1051
absolute_loading,477,7656,-0.04318391894881393,1051
absolute_loading,477,7657,0.002448079692647329,1051
absolute_loading,477,7658,0.011371648790469492,1051
absolute_loading,477,7659,-0.013794405046124465,1051
absolute_loading,477,7660,0.027059813833405475,1051
absolute_loading,477,7661,0.04928998473965262,1051
absolute_loading,477,7662,-0.030164361107881586,1051
absolute_loading,477,7663,-0.01817234240031363,1051
absolute_loading,477,7664,0.0005589035310296112,1051
absolute_loading,477,7665,0.00855959320101255,1051
absolute_loading,477,7666,-0.01035497691276598,1051
absolute_loading,477,7667,0.028511809893626724,1051
absolute_loading,477,7668,0.04720444469631158,1051
absolute_loading,477,7669,-0.008417631219381166,1051
absolute_loading,477,7670,-0.008005483050115838,1051
absolute_loading,477,7671,-0.025726342749625777,1051
absolute_loading,477,7672,-0.031422977530095056,1051
absolute_loading,477,7673,0.02891252948631208,1051
absolute_loading,477,7674,-0.00012098932365586916,1051
absolute_loading,477,7675,-0.003882276973441565,1051
absolute_loading,477,7676,0.007768769993640023,1051
absolute_loading,477,7677,-0.04898872806074936,1051
absolute_loading,477,7678,0.022751097805894797,1051
absolute_loading,477,7679,0.05048511839675515,1051
absolute_loading,477,7680,-0.014376966850094397,1051
absolute_loading,477,7681,0.034249517574908,1051
absolute_loading,477,7682,-0.01805600975938634,1051
absolute_loading,477,7683,0.01306376172069496,1051
absolute_loading,477,7684,-0.08916877840022346,1051
absolute_loading,477,7685,0.02949418502527645,1051
absolute_loading,477,7686,0.05423383430706006,1051
absolute_loading,477,7687,-0.0073843487929093655,1051
absolute_loading,477,7688,-0.022182530033683517,1051
absolute_loading,477,7689,-0.026710703801402128,1051
absolute_loading,477,7690,-0.022604603615550275,1051
absolute_loading,477,7691,-0.005094015643242778,1051
absolute_loading,477,7692,0.00917693621557178,1051
absolute_loading,477,7693,0.007351933740363578,1051
absolute_loading,477,7694,0.058381611962748575,1051
absolute_loading,477,7695,-0.009727723167447888,1051
absolute_loading,477,7696,-0.04213360323723215,1051
absolute_loading,477,7697,0.026060813806543105,1051
absolute_loading,477,7698,0.003871631953459701,1051
absolute_loading,477,7699,-0.01272112337269829,1051
absolute_loading,477,7700,-0.047128818025778396,1051
absolute_loading,477,7701,0.0036154471992897565,1051
absolute_loading,477,7702,-0.009092201027992271,1051
absolute_loading,477,7703,-0.03761897009014917,1051
absolute_loading,477,7704,-0.017720279640751378,1051
absolute_loading,477,7705,-0.020207866747387785,1051
absolute_loading,477,7706,0.00005933511601315363,1051
absolute_loading,477,7707,0.004160626829180556,1051
absolute_loading,477,7708,0.024439465228082193,1051
absolute_loading,477,7709,-0.01788783290783829,1051
absolute_loading,477,7710,0.014563540109084115,1051
absolute_loading,477,7711,0.014416418887065062,1051
absolute_loading,477,7712,0.013448920062557324,1051
absolute_loading,477,7713,-0.034265323357824035,1051
absolute_loading,477,7714,-0.01152510291717383,1051
absolute_loading,477,7715,0.11907273782355719,1051
absolute_loading,477,7716,0.012218291528662734,1051
absolute_loading,477,7717,0.044351254501469976,1051
absolute_loading,477,7718,0.008553190846364302,1051
absolute_loading,477,7719,0.06082429163919955,1051
absolute_loading,477,7720,-0.04106888982290604,1051
absolute_loading,477,7721,-0.03075511269507336,1051
absolute_loading,477,7722,-0.03836530176428419,1051
absolute_loading,477,7723,-0.02190218903110376,1051
absolute_loading,477,7724,-0.04085390866228099,1051
absolute_loading,477,7725,-0.02279188731944423,1051
absolute_loading,477,7726,0.029006281487079167,1051
absolute_loading,477,7727,0.01760949895214969,1051
absolute_loading,477,7728,0.04356554317687151,1051
absolute_loading,477,7729,-0.0022334543663392135,1051
absolute_loading,477,7730,-0.04624997546295917,1051
absolute_loading,477,7731,0.020405189857833038,1051
absolute_loading,477,7732,-0.036565426463803986,1051
absolute_loading,477,7733,0.03106080404874881,1051
absolute_loading,477,7734,-0.013248690917697469,1051
absolute_loading,477,7735,0.001281682370485914,1051
absolute_loading,477,7736,-0.05322790443638034,1051
absolute_loading,477,7737,-0.013871231669291056,1051
absolute_loading,477,7738,-0.021609363431444182,1051
absolute_loading,477,7739,0.012009901590088395,1051
absolute_loading,477,7740,-0.006014995405297865,1051
absolute_loading,477,7741,0.002358271785414499,1051
absolute_loading,477,7742,0.03034824785582044,1051
absolute_loading,477,7743,-0.010589279116240628,1051
absolute_loading,477,7744,0.07058030649740932,1051
absolute_loading,477,7745,-0.01127654915522674,1051
absolute_loading,477,7746,0.025228978903746334,1051
absolute_loading,477,7747,-0.04025311539510446,1051
absolute_loading,477,7748,-0.0185129742313225,1051
absolute_loading,477,7749,-0.03331455367043785,1051
absolute_loading,477,7750,-0.013843672847768208,1051
absolute_loading,477,7751,0.01180536403374967,1051
absolute_loading,477,7752,0.022681006263076068,1051
absolute_loading,477,7753,0.00623551923046354,1051
absolute_loading,477,7754,-0.02635792813953171,1051
absolute_loading,477,7755,-0.025897459172759155,1051
absolute_loading,477,7756,0.035557564791088195,1051
absolute_loading,477,7757,-0.01432347062560383,1051
absolute_loading,477,7758,0.03270703815512391,1051
absolute_loading,477,7759,-0.04922849901706132,1051
absolute_loading,477,7760,0.018492421047550504,1051
absolute_loading,477,7761,0.010180145708308495,1051
absolute_loading,477,7762,0.0009479332017377647,1051
absolute_loading,477,7763,0.014422766519862656,1051
absolute_loading,477,7764,-0.005211378064325448,1051
absolute_loading,477,7765,0.016010315383670783,1051
absolute_loading,477,7766,0.02647711517601807,1051
absolute_loading,477,7767,0.04018709744932392,1051
absolute_loading,477,7768,-0.029296773650565263,1051
absolute_loading,477,7769,-0.03647284765186334,1051
absolute_loading,477,7770,-0.0023568483904351733,1051
absolute_loading,477,7771,0.05947631364356059,1051
absolute_loading,477,7772,0.03497023919726713,1051
absolute_loading,477,7773,0.016134587963446228,1051
absolute_loading,477,7774,-0.013395376482871545,1051
absolute_loading,477,7775,0.02935763065518311,1051
absolute_loading,477,7776,0.03004517833089503,1051
absolute_loading,477,7777,0.009254899441962455,1051
absolute_loading,477,7778,0.009206125287208376,1051
absolute_loading,477,7779,0.044948423878336814,1051
absolute_loading,477,7780,-0.06570032082595628,1051
absolute_loading,477,7781,-0.011612698982652027,1051
absolute_loading,477,7782,0.023589336937185245,1051
absolute_loading,477,7783,0.006637364253809222,1051
absolute_loading,477,7784,-0.01592957189262478,1051
absolute_loading,477,7785,0.061222377017111966,1051
absolute_loading,477,7786,-0.0043868005064479606,1051
absolute_loading,477,7787,0.02021655022715598,1051
absolute_loading,477,7788,-0.023526448923422108,1051
absolute_loading,477,7789,-0.029509770913664624,1051
absolute_loading,477,7790,0.030526161009769192,1051
absolute_loading,477,7791,0.014990210638758317,1051
absolute_loading,477,7792,-0.05585105712461927,1051
absolute_loading,477,7793,0.032381397976813026,1051
absolute_loading,477,7794,0.030987097820983644,1051
absolute_loading,477,7795,-0.011744377945305605,1051
absolute_loading,477,7796,0.0013442853211712603,1051
absolute_loading,477,7797,0.055822626496527694,1051
absolute_loading,477,7798,-0.0476908714802789,1051
absolute_loading,477,7799,0.034651295686355915,1051
absolute_loading,477,7800,-0.016031506034085194,1051
absolute_loading,477,7801,-0.0010356536842063733,1051
absolute_loading,477,7802,-0.021318652916264082,1051
absolute_loading,477,7803,-0.06018359825162008,1051
absolute_loading,477,7804,-0.019515772635457316,1051
absolute_loading,477,7805,0.03606653344585345,1051
absolute_loading,477,7806,-0.02545222050922523,1051
absolute_loading,477,7807,0.04262427161174471,1051
absolute_loading,477,7808,0.02993597542269411,1051
absolute_loading,477,7809,-0.021498384156930315,1051
absolute_loading,477,7810,0.024141041272608684,1051
absolute_loading,477,7811,0.04811133113206552,1051
absolute_loading,477,7812,0.013985965013833888,1051
absolute_loading,477,7813,0.029705608752352928,1051
absolute_loading,477,7814,-0.01188935559133476,1051
absolute_loading,477,7815,0.02221026561544481,1051
absolute_loading,477,7816,0.03110563031114122,1051
absolute_loading,477,7817,-0.045433261272588885,1051
absolute_loading,477,7818,0.046753420527771476,1051
absolute_loading,477,7819,-0.003460302531030979,1051
absolute_loading,477,7820,-0.020428007360328213,1051
absolute_loading,477,7821,-0.005188767051922528,1051
absolute_loading,477,7822,0.022659619315438452,1051
absolute_loading,477,7823,-0.04161121973773626,1051
absolute_loading,477,7824,0.0031253702747687947,1051
absolute_loading,477,7825,-0.016254387852945182,1051
absolute_loading,477,7826,-0.01631675334312293,1051
absolute_loading,477,7827,-0.03729807778795084,1051
absolute_loading,477,7828,0.0074228817592559065,1051
absolute_loading,477,7829,0.029647871509307196,1051
absolute_loading,477,7830,0.04495572839983498,1051
absolute_loading,477,7831,0.04644251103052576,1051
absolute_loading,477,7832,-0.0009725393774232687,1051
absolute_loading,477,7833,0.04481233889259414,1051
absolute_loading,477,7834,0.028263801776673037,1051
absolute_loading,477,7835,-0.02704534244466551,1051
absolute_loading,477,7836,0.04151083646171131,1051
absolute_loading,477,7837,0.01604838568877579,1051
absolute_loading,477,7838,0.038876887193151986,1051
absolute_loading,477,7839,-0.04160880736122106,1051
absolute_loading,477,7840,0.0777334011116117,1051
absolute_loading,477,7841,0.011137373661826544,1051
absolute_loading,477,7842,-0.0006771816752755996,1051
absolute_loading,477,7843,0.02891060418112933,1051
absolute_loading,477,7844,-0.025243043121405528,1051
absolute_loading,477,7845,0.012212808741592413,1051
absolute_loading,477,7846,-0.02509315592248376,1051
absolute_loading,477,7847,0.029738819912966587,1051
absolute_loading,477,7848,-0.020101687490666018,1051
absolute_loading,477,7849,-0.05605132707414211,1051
absolute_loading,477,7850,-0.032319296660007504,1051
absolute_loading,477,7851,0.0281036133005694,1051
absolute_loading,477,7852,0.06389245463574346,1051
absolute_loading,477,7853,0.04617376808219425,1051
absolute_loading,477,7854,-0.03446191955910536,1051
absolute_loading,477,7855,-0.017357809068272622,1051
absolute_loading,477,7856,0.0033726947205991215,1051
absolute_loading,477,7857,-0.026738240596777953,1051
absolute_loading,477,7858,0.03657485445701773,1051
absolute_loading,477,7859,0.008923893429349461,1051
absolute_loading,477,7860,0.01937944720424959,1051
absolute_loading,477,7861,0.006293154560226155,1051
absolute_loading,477,7862,0.003864841198777998,1051
absolute_loading,477,7863,0.023625965793268824,1051
absolute_loading,477,7864,0.014922166171831387,1051
absolute_loading,477,7865,-0.013108493318756992,1051
absolute_loading,477,7866,-0.026111604896504447,1051
absolute_loading,477,7867,0.014696933666982713,1051
absolute_loading,477,7868,0.020469668724482606,1051
absolute_loading,477,7869,0.045150843695236795,1051
absolute_loading,477,7870,-0.02486876096860298,1051
absolute_loading,477,7871,-0.016612501830524616,1051
absolute_loading,477,7872,-0.019572932597789253,1051
absolute_loading,477,7873,-0.054229633774729495,1051
absolute_loading,477,7874,0.01290102860057643,1051
absolute_loading,477,7875,0.02293193776526287,1051
absolute_loading,477,7876,0.03400406922149374,1051
absolute_loading,477,7877,-0.07042250307142742,1051
absolute_loading,477,7878,-0.0036415804256772974,1051
absolute_loading,477,7879,0.08654784691706136,1051
absolute_loading,477,7880,-0.006675973039664498,1051
absolute_loading,477,7881,0.01788389299156481,1051
absolute_loading,477,7882,0.018326566356912967,1051
absolute_loading,477,7883,-0.007700500810995176,1051
absolute_loading,477,7884,-0.01697315043391959,1051
absolute_loading,477,7885,0.01618910815570094,1051
absolute_loading,477,7886,0.07526399053275176,1051
absolute_loading,477,7887,0.04828029519137254,1051
absolute_loading,477,7888,-0.043607980128945,1051
absolute_loading,477,7889,0.008015700146015542,1051
absolute_loading,477,7890,-0.021360783077907383,1051
absolute_loading,477,7891,0.019595367989479716,1051
absolute_loading,477,7892,-0.019123079759439176,1051
absolute_loading,477,7893,-0.04834459803949975,1051
absolute_loading,477,7894,-0.0380569824824794,1051
absolute_loading,477,7895,-0.0035485785315445134,1051
absolute_loading,477,7896,-0.01576921339517058,1051
absolute_loading,477,7897,-0.06248732944587949,1051
absolute_loading,477,7898,-0.023767262755820265,1051
absolute_loading,477,7899,0.01773364017445816,1051
absolute_loading,477,7900,0.015265925609478542,1051
absolute_loading,477,7901,-0.016312544623427964,1051
absolute_loading,477,7902,-0.008762980745535963,1051
absolute_loading,477,7903,0.021378351666393156,1051
absolute_loading,477,7904,-0.026625984755518438,1051
absolute_loading,477,7905,-0.0008224403740815562,1051
absolute_loading,477,7906,-0.00015509314905844246,1051
absolute_loading,477,7907,0.013410977136359225,1051
absolute_loading,477,7908,-0.0024449803857447636,1051
absolute_loading,477,7909,0.06330446761602776,1051
absolute_loading,477,7910,0.0526022658260094,1051
absolute_loading,477,7911,-0.047237190723080164,1051
absolute_loading,477,7912,0.03209757433845508,1051
absolute_loading,477,7913,-0.014892557672875208,1051
absolute_loading,477,7914,-0.03901205095327579,1051
absolute_loading,477,7915,-0.05684597448468085,1051
absolute_loading,477,7916,-0.03534554951920424,1051
absolute_loading,477,7917,0.02687562210768388,1051
absolute_loading,477,7918,0.022173840017505834,1051
absolute_loading,477,7919,-0.02088738574542648,1051
absolute_loading,477,7920,-0.017787002167617614,1051
absolute_loading,477,7921,0.02611898216851971,1051
absolute_loading,477,7922,-0.016529742702768704,1051
absolute_loading,477,7923,0.020355021151411946,1051
absolute_loading,477,7924,-0.02574442498122833,1051
absolute_loading,477,7925,0.014039322841082218,1051
absolute_loading,477,7926,-0.01333092001887214,1051
absolute_loading,477,7927,-0.010718686138527583,1051
absolute_loading,477,7928,0.01230074020932734,1051
absolute_loading,477,7929,-0.04235459336273451,1051
absolute_loading,477,7930,0.007914368417361213,1051
absolute_loading,477,7931,-0.02761776100360941,1051
absolute_loading,477,7932,-0.027831992226774006,1051
absolute_loading,477,7933,-0.04736604799095065,1051
absolute_loading,477,7934,0.000826672665071243,1051
absolute_loading,477,7935,0.020653101924047994,1051
absolute_loading,477,7936,0.0016001654253583553,1051
absolute_loading,477,7937,-0.015536348478700444,1051
absolute_loading,477,7938,-0.014449716958921792,1051
absolute_loading,477,7939,-0.034371860848036596,1051
absolute_loading,477,7940,0.0031845976754638415,1051
absolute_loading,477,7941,0.06287760157462914,1051
absolute_loading,477,7942,0.03503370596420443,1051
absolute_loading,477,7943,0.014822852487725769,1051
absolute_loading,477,7944,0.02405765738655666,1051
absolute_loading,477,7945,0.02646831242186727,1051
absolute_loading,477,7946,0.01648720163526954,1051
absolute_loading,477,7947,0.03959920881221928,1051
absolute_loading,477,7948,0.01656952861564144,1051
absolute_loading,477,7949,-0.010754909205694814,1051
absolute_loading,477,7950,0.02861925823651731,1051
absolute_loading,477,7951,0.03301196759575123,1051
absolute_loading,477,7952,0.007330622417194622,1051
absolute_loading,477,7953,0.014435211031128093,1051
absolute_loading,477,7954,-0.04420655386079517,1051
absolute_loading,477,7955,-0.0024614099698765297,1051
absolute_loading,477,7956,-0.022957027065550705,1051
absolute_loading,477,7957,-0.028196729058527846,1051
absolute_loading,477,7958,0.07143446666034449,1051
absolute_loading,477,7959,-0.025468537945424162,1051
absolute_loading,477,7960,0.03947963220389416,1051
absolute_loading,477,7961,-0.03938344088480968,1051
absolute_loading,477,7962,-0.017857946658412335,1051
absolute_loading,477,7963,-0.0032593790692112155,1051
absolute_loading,477,7964,-0.0502188330618453,1051
absolute_loading,477,7965,-0.023350896930783703,1051
absolute_loading,477,7966,-0.027945938615055333,1051
absolute_loading,477,7967,-0.07949718415203594,1051
absolute_loading,477,7968,0.01711886142264847,1051
absolute_loading,477,7969,0.0123889437298352,1051
absolute_loading,477,7970,-0.01202025838452882,1051
absolute_loading,477,7971,0.042435078815256405,1051
absolute_loading,477,7972,0.017837151346990078,1051
absolute_loading,477,7973,0.008840429995293102,1051
absolute_loading,477,7974,-0.010949483495285408,1051
absolute_loading,477,7975,0.020105672329018484,1051
absolute_loading,477,7976,-0.047512749573160956,1051
absolute_loading,477,7977,0.016271806341972537,1051
absolute_loading,477,7978,0.021671372203813134,1051
absolute_loading,477,7979,-0.033100574505768914,1051
absolute_loading,477,7980,0.016753912442048394,1051
absolute_loading,477,7981,-0.03006932078719166,1051
absolute_loading,477,7982,-0.010137055284593506,1051
absolute_loading,477,7983,0.0465236901154221,1051
absolute_loading,477,7984,-0.02379417742663094,1051
absolute_loading,477,7985,-0.04605796798611008,1051
absolute_loading,477,7986,0.024331072527488607,1051
absolute_loading,477,7987,-0.034168635094062864,1051
absolute_loading,477,7988,-0.01973191709857547,1051
absolute_loading,477,7989,-0.025730979292172943,1051
absolute_loading,477,7990,0.004295060180944717,1051
absolute_loading,477,7991,0.004670139289999074,1051
absolute_loading,477,7992,-0.001680898440271674,1051
absolute_loading,477,7993,-0.011186848214527872,1051
absolute_loading,477,7994,-0.055238966800815144,1051
absolute_loading,477,7995,-0.009100050004840037,1051
absolute_loading,477,7996,0.0037591852656913183,1051
absolute_loading,477,7997,0.01485036915704851,1051
absolute_loading,477,7998,0.013598256714737321,1051
absolute_loading,477,7999,0.04601144113991101,1051
absolute_loading,477,8000,0.010925457568474106,1051
absolute_loading,477,8001,-0.008819355343578052,1051
absolute_loading,477,8002,-0.002978048912995102,1051
absolute_loading,477,8003,0.03666961535439606,1051
absolute_loading,477,8004,-0.025397958964740074,1051
absolute_loading,477,8005,0.019021827735144464,1051
absolute_loading,477,8006,-0.013191959143090721,1051
absolute_loading,477,8007,0.01752483810071479,1051
absolute_loading,477,8008,0.02700096934397933,1051
absolute_loading,477,8009,-0.001273983201295037,1051
absolute_loading,477,8010,0.05201634699243108,1051
absolute_loading,477,8011,0.016571638708343755,1051
absolute_loading,477,8012,-0.025250300223551358,1051
absolute_loading,477,8013,0.019719649094705295,1051
absolute_loading,477,8014,-0.024298290183296288,1051
absolute_loading,477,8015,-0.00665116437605986,1051
absolute_loading,477,8016,0.01230686947157321,1051
absolute_loading,477,8017,0.022040048834105205,1051
absolute_loading,477,8018,0.04937933996320447,1051
absolute_loading,477,8019,0.01040624561012752,1051
absolute_loading,477,8020,-0.016916994382556838,1051
absolute_loading,477,8021,-0.02747916285625026,1051
absolute_loading,477,8022,0.016093172205731254,1051
absolute_loading,477,8023,0.03337987968920583,1051
absolute_loading,477,8024,-0.007727452182451625,1051
absolute_loading,477,8025,-0.04907153363033611,1051
absolute_loading,477,8026,-0.01887831038025897,1051
absolute_loading,477,8027,-0.07140371723685851,1051
absolute_loading,477,8028,-0.07178229346474957,1051
absolute_loading,477,8029,0.0002829499735235769,1051
absolute_loading,477,8030,0.030604865793144916,1051
absolute_loading,477,8031,-0.04825763362535733,1051
absolute_loading,477,8032,0.05192290118002596,1051
absolute_loading,477,8033,-0.03740026584538493,1051
absolute_loading,477,8034,0.019717782501481405,1051
absolute_loading,477,8035,0.0248057502518555,1051
absolute_loading,477,8036,0.011420135909084734,1051
absolute_loading,477,8037,-0.03730283714133058,1051
absolute_loading,477,8038,0.041801153074786455,1051
absolute_loading,477,8039,0.017094076641653994,1051
absolute_loading,477,8040,0.014265852838936062,1051
absolute_loading,477,8041,0.02788731648807501,1051
absolute_loading,477,8042,0.09843954089653889,1051
absolute_loading,477,8043,-0.03203247724861329,1051
absolute_loading,477,8044,-0.04104925951689782,1051
absolute_loading,477,8045,0.0025846599361207564,1051
absolute_loading,477,8046,-0.000571626874387885,1051
absolute_loading,477,8047,0.03193532969283637,1051
absolute_loading,477,8048,0.04594137233924777,1051
absolute_loading,477,8049,0.006435724583436942,1051
absolute_loading,477,8050,-0.00017774783894172373,1051
absolute_loading,477,8051,-0.014814433523526625,1051
absolute_loading,477,8052,0.02475103239207863,1051
absolute_loading,477,8053,-0.044985688933764534,1051
absolute_loading,477,8054,-0.03385501154479089,1051
absolute_loading,477,8055,-0.03113301300391477,1051
absolute_loading,477,8056,0.08919414194486569,1051
absolute_loading,477,8057,0.04636177305254219,1051
absolute_loading,477,8058,-0.023462204410538926,1051
absolute_loading,477,8059,-0.024793566005907743,1051
absolute_loading,477,8060,0.01319910294005706,1051
absolute_loading,477,8061,0.0019993878524709,1051
absolute_loading,477,8062,0.003162010403102837,1051
absolute_loading,477,8063,0.026725004808784248,1051
absolute_loading,477,8064,-0.010918591136088937,1051
absolute_loading,477,8065,-0.013694288600893924,1051
absolute_loading,477,8066,-0.028538153704586663,1051
absolute_loading,477,8067,-0.01929455147828323,1051
absolute_loading,477,8068,-0.040888092626784805,1051
absolute_loading,477,8069,-0.06793567269247804,1051
absolute_loading,477,8070,0.06109262767252372,1051
absolute_loading,477,8071,0.04491158008282539,1051
absolute_loading,477,8072,0.013671378580103229,1051
absolute_loading,477,8073,-0.0304218706051809,1051
absolute_loading,477,8074,0.047914308574617655,1051
absolute_loading,477,8075,0.019785781623899636,1051
absolute_loading,477,8076,-0.012274273873807024,1051
absolute_loading,477,8077,0.0068439313311839806,1051
absolute_loading,477,8078,-0.02313776517931865,1051
absolute_loading,477,8079,0.07556728748746537,1051
absolute_loading,477,8080,0.037483857640156,1051
absolute_loading,477,8081,-0.036747169366916535,1051
absolute_loading,477,8082,0.00437990086130414,1051
absolute_loading,477,8083,0.013360549317816384,1051
absolute_loading,477,8084,0.018910841098701735,1051
absolute_loading,477,8085,-0.0011891355250995105,1051
absolute_loading,477,8086,-0.011450793909884821,1051
absolute_loading,477,8087,-0.005040374010001559,1051
absolute_loading,477,8088,-0.025937268617740903,1051
absolute_loading,477,8089,-0.016814913215055877,1051
absolute_loading,477,8090,0.02509258833055518,1051
absolute_loading,477,8091,0.008364830802624946,1051
absolute_loading,477,8092,0.09871751471780184,1051
absolute_loading,477,8093,-0.016552986947646196,1051
absolute_loading,477,8094,0.06933402568993505,1051
absolute_loading,477,8095,-0.007841213846262905,1051
absolute_loading,477,8096,-0.010572695686770937,1051
absolute_loading,477,8097,-0.05839116401834334,1051
absolute_loading,477,8098,0.05691689557628115,1051
absolute_loading,477,8099,0.03654244128059829,1051
absolute_loading,477,8100,0.0013337642010277614,1051
absolute_loading,477,8101,0.03696314723149157,1051
absolute_loading,477,8102,-0.04246621877094583,1051
absolute_loading,477,8103,-0.01246674950090914,1051
absolute_loading,477,8104,-0.029076036021164244,1051
absolute_loading,477,8105,-0.017684963542805073,1051
absolute_loading,477,8106,0.0073506683063542045,1051
absolute_loading,477,8107,0.024786610153048335,1051
absolute_loading,477,8108,0.02972921315742659,1051
absolute_loading,477,8109,-0.004578884609187705,1051
absolute_loading,477,8110,0.026349249628850078,1051
absolute_loading,477,8111,-0.011976843834529462,1051
absolute_loading,477,8112,-0.04228189933945014,1051
absolute_loading,477,8113,0.04882449002439207,1051
absolute_loading,477,8114,-0.00318102736782994,1051
absolute_loading,477,8115,-0.020877087201999926,1051
absolute_loading,477,8116,-0.0069745181836965405,1051
absolute_loading,477,8117,0.017639086799927484,1051
absolute_loading,477,8118,-0.020667417642389743,1051
absolute_loading,477,8119,-0.026679257569291605,1051
absolute_loading,477,8120,0.003815852477030082,1051
absolute_loading,477,8121,0.0007252032675138818,1051
absolute_loading,477,8122,0.015389782679624707,1051
absolute_loading,477,8123,-0.005153301985053771,1051
absolute_loading,477,8124,0.03491419366092275,1051
absolute_loading,477,8125,0.013965041766598392,1051
absolute_loading,477,8126,0.0059889393928818455,1051
absolute_loading,477,8127,-0.0406892675845882,1051
absolute_loading,477,8128,-0.007032342713201931,1051
absolute_loading,477,8129,0.04110744973606956,1051
absolute_loading,477,8130,0.018814644770115265,1051
absolute_loading,477,8131,-0.027501486481356176,1051
absolute_loading,477,8132,-0.003953382011565195,1051
absolute_loading,477,8133,0.031146251644413946,1051
absolute_loading,477,8134,-0.027451030922034436,1051
absolute_loading,477,8135,-0.01511856443908476,1051
absolute_loading,477,8136,0.007466910268534274,1051
absolute_loading,477,8137,0.003317272108867546,1051
absolute_loading,477,8138,0.01981673140502331,1051
absolute_loading,477,8139,-0.03768631890828151,1051
absolute_loading,477,8140,0.02725220798003968,1051
absolute_loading,477,8141,0.02375174302260776,1051
absolute_loading,477,8142,0.01625715517848525,1051
absolute_loading,477,8143,-0.0011950522948974266,1051
absolute_loading,477,8144,-0.04047107521225887,1051
absolute_loading,477,8145,0.10435941909497423,1051
absolute_loading,477,8146,-0.004000380541341242,1051
absolute_loading,477,8147,0.04326372630942465,1051
absolute_loading,477,8148,-0.021369838520582263,1051
absolute_loading,477,8149,-0.053877526059904805,1051
absolute_loading,477,8150,0.008918767803469563,1051
absolute_loading,477,8151,-0.02337160017233473,1051
absolute_loading,477,8152,-0.0003529599866937544,1051
absolute_loading,477,8153,0.010769841020474303,1051
absolute_loading,477,8154,-0.0227790357141289,1051
absolute_loading,477,8155,-0.05875776332607358,1051
absolute_loading,477,8156,-0.03777112369609473,1051
absolute_loading,477,8157,0.015226744835074323,1051
absolute_loading,477,8158,0.005004332950295301,1051
absolute_loading,477,8159,-0.022695891522251307,1051
absolute_loading,477,8160,-0.006598433270942894,1051
absolute_loading,477,8161,0.035197287611629206,1051
absolute_loading,477,8162,0.03468786739591489,1051
absolute_loading,477,8163,-0.04071161599237117,1051
absolute_loading,477,8164,0.08007775103196929,1051
absolute_loading,477,8165,0.024470809288706617,1051
absolute_loading,477,8166,-0.02860357533471801,1051
absolute_loading,477,8167,-0.031050643439925328,1051
absolute_loading,477,8168,0.04791466426249167,1051
absolute_loading,477,8169,0.05399360763335664,1051
absolute_loading,477,8170,0.05302407239009028,1051
absolute_loading,477,8171,0.009272370207145053,1051
absolute_loading,477,8172,0.017664902475182712,1051
absolute_loading,477,8173,-0.0367886862205962,1051
absolute_loading,477,8174,-0.040582540224159386,1051
absolute_loading,477,8175,-0.054630971727062154,1051
absolute_loading,477,8176,-0.012460717685791172,1051
absolute_loading,477,8177,0.02157692541104811,1051
absolute_loading,477,8178,0.0069534011469237185,1051
absolute_loading,477,8179,-0.00650207586964242,1051
absolute_loading,477,8180,0.06025937002332267,1051
absolute_loading,477,8181,0.026220060502283385,1051
absolute_loading,477,8182,0.0595085024893398,1051
absolute_loading,477,8183,0.026841618797335057,1051
absolute_loading,477,8184,-0.024944355584671705,1051
absolute_loading,477,8185,0.016086908524362495,1051
absolute_loading,477,8186,-0.005555859507839328,1051
absolute_loading,477,8187,-0.01050503790763762,1051
absolute_loading,477,8188,-0.004698822147394313,1051
absolute_loading,477,8189,0.012197791975814871,1051
absolute_loading,477,8190,-0.022981193107457252,1051
absolute_loading,477,8191,0.003258206762769969,1051
absolute_loading,477,8192,0.009448690126157084,1051
absolute_loading,477,8193,0.0276308197248662,1051
absolute_loading,477,8194,-0.004015598472279198,1051
absolute_loading,477,8195,0.007429485754650401,1051
absolute_loading,477,8196,0.02333617801528696,1051
absolute_loading,477,8197,-0.008365576600587841,1051
absolute_loading,477,8198,0.01688574617721282,1051
absolute_loading,477,8199,0.030589074046837396,1051
absolute_loading,477,8200,-0.025351796354475545,1051
absolute_loading,477,8201,0.02810933771370597,1051
absolute_loading,477,8202,-0.03174290149210073,1051
absolute_loading,477,8203,0.003942831715275988,1051
absolute_loading,477,8204,-0.02022002027087989,1051
absolute_loading,477,8205,0.011916309346113924,1051
absolute_loading,477,8206,-0.025509602433343895,1051
absolute_loading,477,8207,-0.006645388147027701,1051
absolute_loading,477,8208,0.018730440045556143,1051
absolute_loading,477,8209,-0.01280354049111732,1051
absolute_loading,477,8210,0.0544926807015273,1051
absolute_loading,477,8211,0.03760770011903021,1051
absolute_loading,477,8212,0.03750849439923341,1051
absolute_loading,477,8213,-0.014704728425993234,1051
absolute_loading,477,8214,-0.017298322974226035,1051
absolute_loading,477,8215,-0.013247451346398965,1051
absolute_loading,477,8216,-0.0012927283838290954,1051
absolute_loading,477,8217,-0.03163837194250506,1051
absolute_loading,477,8218,0.0065381023502996075,1051
absolute_loading,477,8219,-0.03674234700014026,1051
absolute_loading,477,8220,-0.0344618679313821,1051
absolute_loading,477,8221,0.027055221244316575,1051
absolute_loading,477,8222,-0.0018171336012686812,1051
absolute_loading,477,8223,-0.004098042862682347,1051
absolute_loading,477,8224,-0.04748500568968023,1051
absolute_loading,477,8225,-0.03387435203581972,1051
absolute_loading,477,8226,-0.025593353677709194,1051
absolute_loading,477,8227,0.0031446098116997266,1051
absolute_loading,477,8228,0.010262433277670341,1051
absolute_loading,477,8229,-0.026873602211482606,1051
absolute_loading,477,8230,-0.019476321207981772,1051
absolute_loading,477,8231,-0.0023292114347545118,1051
absolute_loading,477,8232,-0.02576579026332739,1051
absolute_loading,477,8233,-0.03166446570940245,1051
absolute_loading,477,8234,0.049089819771625826,1051
absolute_loading,477,8235,0.02218768181407316,1051
absolute_loading,477,8236,0.030610653444145708,1051
absolute_loading,477,8237,-0.01176058254058681,1051
absolute_loading,477,8238,-0.038949200012196816,1051
absolute_loading,477,8239,-0.008517204842645551,1051
absolute_loading,477,8240,0.004072056523897147,1051
absolute_loading,477,8241,-0.0026010506206065056,1051
absolute_loading,477,8242,-0.012350475569616376,1051
absolute_loading,477,8243,-0.011513733621828526,1051
absolute_loading,477,8244,0.014820882987814645,1051
absolute_loading,477,8245,-0.02413219595922136,1051
absolute_loading,477,8246,0.01242768420299724,1051
absolute_loading,477,8247,0.015914643284798833,1051
absolute_loading,477,8248,0.03580501909179843,1051
absolute_loading,477,8249,0.007040548513161295,1051
absolute_loading,477,8250,0.03328340737991578,1051
absolute_loading,477,8251,0.002933316457449702,1051
absolute_loading,477,8252,0.005990324649674642,1051
absolute_loading,477,8253,0.00941993983727864,1051
absolute_loading,477,8254,0.002989774962755269,1051
absolute_loading,477,8255,0.0035180221360435996,1051
absolute_loading,477,8256,-0.06053138380497158,1051
absolute_loading,477,8257,0.054587144504013724,1051
absolute_loading,477,8258,0.046599332749834875,1051
absolute_loading,477,8259,-0.0002084240305667341,1051
absolute_loading,477,8260,-0.03002402198322729,1051
absolute_loading,477,8261,-0.027629989778060284,1051
absolute_loading,477,8262,-0.027320184554719074,1051
absolute_loading,477,8263,0.047925438505438095,1051
absolute_loading,477,8264,-0.0176912882586551,1051
absolute_loading,477,8265,0.0012011875270420713,1051
absolute_loading,477,8266,0.030665289429327083,1051
absolute_loading,477,8267,0.04729720589987047,1051
absolute_loading,477,8268,-0.007300002186496582,1051
absolute_loading,477,8269,-0.0035790714645810755,1051
absolute_loading,477,8270,-0.007730723280387106,1051
absolute_loading,477,8271,0.05053611199110722,1051
absolute_loading,477,8272,-0.012673221476329023,1051
absolute_loading,477,8273,0.0001359898006830557,1051
absolute_loading,477,8274,0.021007138843619048,1051
absolute_loading,477,8275,0.03146913624376404,1051
absolute_loading,477,8276,-0.023961044159823197,1051
absolute_loading,477,8277,-0.014804745494066258,1051
absolute_loading,477,8278,-0.01957966497986187,1051
absolute_loading,477,8279,-0.010306856508236489,1051
absolute_loading,477,8280,0.039225529316161384,1051
absolute_loading,477,8281,0.002529727097126941,1051
absolute_loading,477,8282,0.01166888740548498,1051
absolute_loading,477,8283,-0.00728153063669068,1051
absolute_loading,477,8284,0.00735482980503576,1051
absolute_loading,477,8285,0.0009631803031774935,1051
absolute_loading,477,8286,0.046730237239124554,1051
absolute_loading,477,8287,0.07843163701541384,1051
absolute_loading,477,8288,0.016828897351759627,1051
absolute_loading,477,8289,0.07055797830016082,1051
absolute_loading,477,8290,0.00023079213810894587,1051
absolute_loading,477,8291,-0.024447026926586565,1051
absolute_loading,477,8292,0.05520609084586154,1051
absolute_loading,477,8293,0.009432552616432527,1051
absolute_loading,477,8294,-0.0007974139208444392,1051
absolute_loading,477,8295,0.027883286417331034,1051
absolute_loading,477,8296,0.056695771616673454,1051
absolute_loading,477,8297,-0.040511503130411984,1051
absolute_loading,477,8298,0.03316671454964146,1051
absolute_loading,477,8299,0.030749183852329175,1051
absolute_loading,477,8300,0.04349097704958333,1051
absolute_loading,477,8301,-0.022204029738128517,1051
absolute_loading,477,8302,-0.01869356288789459,1051
absolute_loading,477,8303,-0.008814964956131896,1051
absolute_loading,477,8304,-0.008235135100713456,1051
absolute_loading,477,8305,0.028111363424085368,1051
absolute_loading,477,8306,-0.013790539762165417,1051
absolute_loading,477,8307,-0.02303756649803879,1051
absolute_loading,477,8308,-0.04480539587028192,1051
absolute_loading,477,8309,0.03652008206692375,1051
absolute_loading,477,8310,-0.0152901666472593,1051
absolute_loading,477,8311,-0.007489788159362207,1051
absolute_loading,477,8312,-0.03510234803040795,1051
absolute_loading,477,8313,-0.046422887827547624,1051
absolute_loading,477,8314,-0.03475526106851208,1051
absolute_loading,477,8315,0.030889212480322992,1051
absolute_loading,477,8316,-0.048666877835360105,1051
absolute_loading,477,8317,-0.03161521151722488,1051
absolute_loading,477,8318,-0.0014362518007315361,1051
absolute_loading,477,8319,0.023151253473712097,1051
absolute_loading,477,8320,0.004415922838934213,1051
absolute_loading,477,8321,0.08486503708805257,1051
absolute_loading,477,8322,0.00316914477743151,1051
absolute_loading,477,8323,0.06144097999552692,1051
absolute_loading,477,8324,0.04258527769950355,1051
absolute_loading,477,8325,-0.018253234618854655,1051
absolute_loading,477,8326,-0.006590559747167075,1051
absolute_loading,477,8327,-0.024293876602515595,1051
absolute_loading,477,8328,0.014997212817146182,1051
absolute_loading,477,8329,0.03273657925430997,1051
absolute_loading,477,8330,-0.0009417359263168203,1051
absolute_loading,477,8331,0.002419470617492449,1051
absolute_loading,477,8332,0.0019506765785048156,1051
absolute_loading,477,8333,0.007087178547797149,1051
absolute_loading,477,8334,-0.059134437496590114,1051
absolute_loading,477,8335,0.012111265583852771,1051
absolute_loading,477,8336,0.020403487208240575,1051
absolute_loading,477,8337,0.02712006304257272,1051
absolute_loading,477,8338,-0.0390845858046118,1051
absolute_loading,477,8339,0.03270552778531043,1051
absolute_loading,477,8340,-0.011294169004230192,1051
absolute_loading,477,8341,-0.03589532884439485,1051
absolute_loading,477,8342,-0.012938131423549189,1051
absolute_loading,477,8343,-0.01992303876123082,1051
absolute_loading,477,8344,-0.04052837883419034,1051
absolute_loading,477,8345,-0.017967672807736222,1051
absolute_loading,477,8346,-0.0017175167749686067,1051
absolute_loading,477,8347,-0.01038518908276271,1051
absolute_loading,477,8348,-0.017078291807046887,1051
absolute_loading,477,8349,0.0312044372134816,1051
absolute_loading,477,8350,-0.019901012893912082,1051
absolute_loading,477,8351,-0.012276469276970146,1051
absolute_loading,477,8352,-0.017673665373411047,1051
absolute_loading,477,8353,0.0313245585863168,1051
absolute_loading,477,8354,-0.011898322822048163,1051
absolute_loading,477,8355,-0.004006029609022562,1051
absolute_loading,477,8356,0.02114939270144581,1051
absolute_loading,477,8357,0.021099597644709603,1051
absolute_loading,477,8358,0.032475765443259454,1051
absolute_loading,477,8359,-0.01555364724328236,1051
absolute_loading,477,8360,0.04460485694731039,1051
absolute_loading,477,8361,0.021400954974542277,1051
absolute_loading,477,8362,-0.01968543170758805,1051
absolute_loading,477,8363,-0.03488918711224334,1051
absolute_loading,477,8364,-0.03842964058350415,1051
absolute_loading,477,8365,-0.0034300165329855664,1051
absolute_loading,477,8366,-0.02598311841369119,1051
absolute_loading,477,8367,-0.004440417854447694,1051
absolute_loading,477,8368,0.008640876429200134,1051
absolute_loading,477,8369,-0.008612583543919144,1051
absolute_loading,477,8370,-0.05806491063399097,1051
absolute_loading,477,8371,0.017134217573467333,1051
absolute_loading,477,8372,-0.03643011439826611,1051
absolute_loading,477,8373,-0.03403840342809359,1051
absolute_loading,477,8374,0.04104301374271728,1051
absolute_loading,477,8375,0.026196112929621294,1051
absolute_loading,477,8376,0.028289594816771967,1051
absolute_loading,477,8377,-0.015867673851276562,1051
absolute_loading,477,8378,0.021028254962398726,1051
absolute_loading,477,8379,-0.03684252828352386,1051
absolute_loading,477,8380,0.03276003579371934,1051
absolute_loading,477,8381,0.01565529258958689,1051
absolute_loading,477,8382,-0.04666335735791218,1051
absolute_loading,477,8383,-0.016647837084168896,1051
absolute_loading,477,8384,-0.01641018135012855,1051
absolute_loading,477,8385,0.009041345093874338,1051
absolute_loading,477,8386,0.06693282324965949,1051
absolute_loading,477,8387,0.03336707973882389,1051
absolute_loading,477,8388,0.009271737681479117,1051
absolute_loading,477,8389,0.002548875291066796,1051
absolute_loading,477,8390,0.026039987833792248,1051
absolute_loading,477,8391,0.04470919925372097,1051
absolute_loading,477,8392,-0.004381377448863982,1051
absolute_loading,477,8393,-0.049593956423053906,1051
absolute_loading,477,8394,0.005724717840290714,1051
absolute_loading,477,8395,-0.012170644288561764,1051
absolute_loading,477,8396,-0.03657728406147538,1051
absolute_loading,477,8397,-0.05634430907330137,1051
absolute_loading,477,8398,-0.07790615838278586,1051
absolute_loading,477,8399,-0.025485282527145124,1051
absolute_loading,477,8400,-0.003902723101079031,1051
absolute_loading,477,8401,-0.003081233395795044,1051
absolute_loading,477,8402,-0.03990831740866689,1051
absolute_loading,477,8403,0.001083403269742578,1051
absolute_loading,477,8404,-0.035069661811501056,1051
absolute_loading,477,8405,-0.012677094968515155,1051
absolute_loading,477,8406,0.017054312204860443,1051
absolute_loading,477,8407,-0.002353794681285078,1051
absolute_loading,477,8408,0.03314497206598969,1051
absolute_loading,477,8409,0.015286901238914442,1051
absolute_loading,477,8410,-0.032264361588459606,1051
absolute_loading,477,8411,-0.019558580144637915,1051
absolute_loading,477,8412,-0.04737339768696371,1051
absolute_loading,477,8413,0.06041554688775929,1051
absolute_loading,477,8414,-0.04018426348098308,1051
absolute_loading,477,8415,0.04250957994288804,1051
absolute_loading,477,8416,-0.02627408227061564,1051
absolute_loading,477,8417,-0.10091690714072764,1051
absolute_loading,477,8418,-0.006716576658512128,1051
absolute_loading,477,8419,-0.017502077114195377,1051
absolute_loading,477,8420,-0.011967837472761748,1051
absolute_loading,477,8421,0.056843220401823616,1051
absolute_loading,477,8422,0.02139205379735234,1051
absolute_loading,477,8423,-0.023595410112109305,1051
absolute_loading,477,8424,0.022358272338840513,1051
absolute_loading,477,8425,-0.011042480083500698,1051
absolute_loading,477,8426,-0.03219123668014166,1051
absolute_loading,477,8427,-0.006169809651915033,1051
absolute_loading,477,8428,0.005569005778333345,1051
absolute_loading,477,8429,-0.04472160374401684,1051
absolute_loading,477,8430,-0.04486936471460065,1051
absolute_loading,477,8431,0.037496441275428706,1051
absolute_loading,477,8432,0.006232342881070593,1051
absolute_loading,477,8433,0.042728019450319385,1051
absolute_loading,477,8434,0.029433419803249837,1051
absolute_loading,477,8435,-0.047812586618864034,1051
absolute_loading,477,8436,-0.030434273424136817,1051
absolute_loading,477,8437,-0.058692067595252716,1051
absolute_loading,477,8438,-0.01756831333434006,1051
absolute_loading,477,8439,-0.013076177042881472,1051
absolute_loading,477,8440,-0.01647251513975592,1051
absolute_loading,477,8441,-0.0708893304377599,1051
absolute_loading,477,8442,-0.02092550013523478,1051
absolute_loading,477,8443,0.04030472002006807,1051
absolute_loading,477,8444,-0.024035466370451234,1051
absolute_loading,477,8445,0.0014775528151211082,1051
absolute_loading,477,8446,-0.0017945138981188976,1051
absolute_loading,477,8447,0.05931831687822679,1051
absolute_loading,477,8448,0.013445849656804343,1051
absolute_loading,477,8449,-0.014663478128353486,1051
absolute_loading,477,8450,-0.04725902373773572,1051
absolute_loading,477,8451,-0.040322301185913914,1051
absolute_loading,477,8452,-0.013170202987716005,1051
absolute_loading,477,8453,0.012198142254141604,1051
absolute_loading,477,8454,0.028506326104275424,1051
absolute_loading,477,8455,0.01768578773387895,1051
absolute_loading,477,8456,-0.0021748421337160736,1051
absolute_loading,477,8457,0.0069169646954478445,1051
absolute_loading,477,8458,-0.0026225668014203027,1051
absolute_loading,477,8459,0.003829300090128603,1051
absolute_loading,477,8460,0.013390035906969472,1051
absolute_loading,477,8461,0.018430644826217205,1051
absolute_loading,477,8462,-0.0071276326503717105,1051
absolute_loading,477,8463,0.07841774985530334,1051
absolute_loading,477,8464,-0.0288585154706093,1051
absolute_loading,477,8465,-0.048870177272681836,1051
absolute_loading,477,8466,-0.054814659850273784,1051
absolute_loading,477,8467,0.03933347293270584,1051
absolute_loading,477,8468,-0.014166918635190973,1051
absolute_loading,477,8469,0.019493222803320668,1051
absolute_loading,477,8470,0.0065799125517770896,1051
absolute_loading,477,8471,0.01776792427067074,1051
absolute_loading,477,8472,0.0391011305178919,1051
absolute_loading,477,8473,0.02108963751318826,1051
absolute_loading,477,8474,-0.007360192085295875,1051
absolute_loading,477,8475,0.02445788974861236,1051
absolute_loading,477,8476,-0.040611862176853426,1051
absolute_loading,477,8477,0.014858013559332816,1051
absolute_loading,477,8478,-0.006985602552509654,1051
absolute_loading,477,8479,-0.045197524391433916,1051
absolute_loading,477,8480,-0.01585079873402823,1051
absolute_loading,477,8481,0.002099618147378578,1051
absolute_loading,477,8482,0.015197427828493955,1051
absolute_loading,477,8483,0.0419166631576722,1051
absolute_loading,477,8484,-0.006843163902388204,1051
absolute_loading,477,8485,-0.03363689572170024,1051
absolute_loading,477,8486,0.05060539737358621,1051
absolute_loading,477,8487,0.022656471366068402,1051
absolute_loading,477,8488,0.07762792699046485,1051
absolute_loading,477,8489,0.009759391282579695,1051
absolute_loading,477,8490,-0.007773593966088812,1051
absolute_loading,477,8491,-0.035450793069355294,1051
absolute_loading,477,8492,-0.0077088249052908045,1051
absolute_loading,477,8493,0.03828954364818646,1051
absolute_loading,477,8494,-0.03759738779579829,1051
absolute_loading,477,8495,0.04148903859087665,1051
absolute_loading,477,8496,-0.023342111935305995,1051
absolute_loading,477,8497,0.005239289549272679,1051
absolute_loading,477,8498,0.0025032676213860346,1051
absolute_loading,477,8499,-0.01047372245344598,1051
absolute_loading,477,8500,-0.00770121597076523,1051
absolute_loading,477,8501,0.08010036013052278,1051
absolute_loading,477,8502,-0.007975732576131059,1051
absolute_loading,477,8503,0.020395854667047342,1051
absolute_loading,477,8504,0.053840180328633296,1051
absolute_loading,477,8505,0.032050414456461666,1051
absolute_loading,477,8506,0.007277451215389926,1051
absolute_loading,477,8507,0.027494255245446617,1051
absolute_loading,477,8508,-0.015364311254511443,1051
absolute_loading,477,8509,-0.04152340120671611,1051
absolute_loading,477,8510,-0.0017356442611990792,1051
absolute_loading,477,8511,-0.040297155616730904,1051
absolute_loading,477,8512,0.05298955280340547,1051
absolute_loading,477,8513,-0.07472775030443259,1051
absolute_loading,477,8514,0.014583453097426279,1051
absolute_loading,477,8515,0.0161681147622824,1051
absolute_loading,477,8516,-0.0370559549265834,1051
absolute_loading,477,8517,0.05496995094495807,1051
absolute_loading,477,8518,-0.004130849547593804,1051
absolute_loading,477,8519,0.0018989063397046868,1051
absolute_loading,477,8520,0.008381735593926496,1051
absolute_loading,477,8521,0.03919605075408725,1051
absolute_loading,477,8522,-0.023579186910020176,1051
absolute_loading,477,8523,0.016074815236243798,1051
absolute_loading,477,8524,-0.08468406572524154,1051
absolute_loading,477,8525,-0.011062224685261336,1051
absolute_loading,477,8526,-0.0003182035934986055,1051
absolute_loading,477,8527,-0.02060203034341788,1051
absolute_loading,477,8528,0.004943187831994712,1051
absolute_loading,477,8529,-0.03832083479995251,1051
absolute_loading,477,8530,0.020674216764623644,1051
absolute_loading,477,8531,0.04980905259843897,1051
absolute_loading,477,8532,0.0021073072524263933,1051
absolute_loading,477,8533,-0.017282695960393075,1051
absolute_loading,477,8534,-0.03660541616107833,1051
absolute_loading,477,8535,-0.013950369306241025,1051
absolute_loading,477,8536,-0.005292903706412697,1051
absolute_loading,477,8537,-0.01586157358415137,1051
absolute_loading,477,8538,-0.034830924465774564,1051
absolute_loading,477,8539,0.007378405154233894,1051
absolute_loading,477,8540,-0.020957547537323252,1051
absolute_loading,477,8541,0.003116901296495596,1051
absolute_loading,477,8542,-0.018403726299459758,1051
absolute_loading,477,8543,-0.04171596404995653,1051
absolute_loading,477,8544,-0.014307609324495705,1051
absolute_loading,477,8545,-0.006920123142323875,1051
absolute_loading,477,8546,0.04734432122079357,1051
absolute_loading,477,8547,0.036308886850217624,1051
absolute_loading,477,8548,0.03665349443151272,1051
absolute_loading,477,8549,0.009427735400519001,1051
absolute_loading,477,8550,0.02238953509983163,1051
absolute_loading,477,8551,0.01376305424586314,1051
absolute_loading,477,8552,-0.0023454182252400863,1051
absolute_loading,477,8553,0.004001807669440705,1051
absolute_loading,477,8554,0.022988339574239826,1051
absolute_loading,477,8555,-0.004908170952980213,1051
absolute_loading,477,8556,0.004512698393991218,1051
absolute_loading,477,8557,-0.1095185419424682,1051
absolute_loading,477,8558,0.00804987964368772,1051
absolute_loading,477,8559,0.01464503865990905,1051
absolute_loading,477,8560,-0.024054510697111387,1051
absolute_loading,477,8561,-0.02147127065878252,1051
absolute_loading,477,8562,0.03271962571390815,1051
absolute_loading,477,8563,0.0029825722398119747,1051
absolute_loading,477,8564,0.026684251786322635,1051
absolute_loading,477,8565,0.01344260270245609,1051
absolute_loading,477,8566,-0.021306432340365264,1051
absolute_loading,477,8567,-0.01073873919774259,1051
absolute_loading,477,8568,-0.021087556548744283,1051
absolute_loading,477,8569,-0.05531621000432149,1051
absolute_loading,477,8570,-0.05535361247828083,1051
absolute_loading,477,8571,0.008536081921905083,1051
absolute_loading,477,8572,-0.002426030020813042,1051
absolute_loading,477,8573,0.017807748252855984,1051
absolute_loading,477,8574,-0.08470614553591106,1051
absolute_loading,477,8575,-0.010325378393995005,1051
absolute_loading,477,8576,-0.008863336115316868,1051
absolute_loading,477,8577,-0.001330243131131232,1051
absolute_loading,477,8578,-0.006210480792954937,1051
absolute_loading,477,8579,0.023690251772850043,1051
absolute_loading,477,8580,-0.03285266469833339,1051
absolute_loading,477,8581,0.060535327304238384,1051
absolute_loading,477,8582,0.023911951886925763,1051
absolute_loading,477,8583,0.036737695584087855,1051
absolute_loading,477,8584,-0.005422328889340252,1051
absolute_loading,477,8585,-0.022243360725383667,1051
absolute_loading,477,8586,-0.025773057640945233,1051
absolute_loading,477,8587,0.02081762035404662,1051
absolute_loading,477,8588,0.016687223691442574,1051
absolute_loading,477,8589,0.00474561684062872,1051
absolute_loading,477,8590,0.020714243251593135,1051
absolute_loading,477,8591,0.013096084620109683,1051
absolute_loading,477,8592,-0.0008754524128498277,1051
absolute_loading,477,8593,-0.039341828882886246,1051
absolute_loading,477,8594,0.02100398779633569,1051
absolute_loading,477,8595,-0.0032494560103489075,1051
absolute_loading,477,8596,0.008013348957331162,1051
absolute_loading,477,8597,0.03171583108578634,1051
absolute_loading,477,8598,-0.016424990999613906,1051
absolute_loading,477,8599,0.006409408063920836,1051
absolute_loading,477,8600,-0.024760742057744787,1051
absolute_loading,477,8601,0.014845401033806466,1051
absolute_loading,477,8602,0.012737863719616375,1051
absolute_loading,477,8603,0.040513808885302954,1051
absolute_loading,477,8604,-0.012320546353705162,1051
absolute_loading,477,8605,0.025109759159423227,1051
absolute_loading,477,8606,-0.01576759502154925,1051
absolute_loading,477,8607,0.004082331969158436,1051
absolute_loading,477,8608,-0.020370459432534658,1051
absolute_loading,477,8609,0.004492735164259545,1051
absolute_loading,477,8610,-0.04993729879240802,1051
absolute_loading,477,8611,-0.017906722318736138,1051
absolute_loading,477,8612,-0.002419803023047772,1051
absolute_loading,477,8613,-0.07570759097097371,1051
absolute_loading,477,8614,0.03905055673390632,1051
absolute_loading,477,8615,0.013203357467968873,1051
absolute_loading,477,8616,-0.05701333351821111,1051
absolute_loading,477,8617,0.012884659556898182,1051
absolute_loading,477,8618,0.0442629355592855,1051
absolute_loading,477,8619,-0.02149927781847369,1051
absolute_loading,477,8620,0.03223575570945604,1051
absolute_loading,477,8621,-0.039195151486093295,1051
absolute_loading,477,8622,-0.00011811232192665807,1051
absolute_loading,477,8623,0.012892275399674025,1051
absolute_loading,477,8624,-0.05703483323906382,1051
absolute_loading,477,8625,-0.02965922211660843,1051
absolute_loading,477,8626,-0.02597641071962957,1051
absolute_loading,477,8627,-0.0211216170135024,1051
absolute_loading,477,8628,-0.028075839310280046,1051
absolute_loading,477,8629,0.001386838844384023,1051
absolute_loading,477,8630,0.02778884151126646,1051
absolute_loading,477,8631,-0.010538164043629878,1051
absolute_loading,477,8632,0.0171006150356483,1051
absolute_loading,477,8633,-0.012412398805454512,1051
absolute_loading,477,8634,-0.013188414907331832,1051
absolute_loading,477,8635,-0.039989545210957704,1051
absolute_loading,477,8636,0.02425470564651788,1051
absolute_loading,477,8637,-0.007614858136716237,1051
absolute_loading,477,8638,0.019413554866927113,1051
absolute_loading,477,8639,0.03630489172361206,1051
absolute_loading,477,8640,0.06660350066555674,1051
absolute_loading,477,8641,-0.0008791036574938994,1051
absolute_loading,477,8642,-0.020348632669964204,1051
absolute_loading,477,8643,0.014558547738507581,1051
absolute_loading,477,8644,0.0002453414934698382,1051
absolute_loading,477,8645,0.0006746556920730163,1051
absolute_loading,477,8646,0.015691382112073535,1051
absolute_loading,477,8647,-0.04649856256284036,1051
absolute_loading,477,8648,0.0018154832482197513,1051
absolute_loading,477,8649,-0.036999254547693754,1051
absolute_loading,477,8650,0.03233162138883917,1051
absolute_loading,477,8651,0.03321503789581675,1051
absolute_loading,477,8652,0.019869678716821857,1051
absolute_loading,477,8653,-0.055125795370255214,1051
absolute_loading,477,8654,-0.004085187423715875,1051
absolute_loading,477,8655,0.018077088701889524,1051
absolute_loading,477,8656,0.03874981906778921,1051
absolute_loading,477,8657,0.02934881849680677,1051
absolute_loading,477,8658,0.01912843807625907,1051
absolute_loading,477,8659,0.011858595239279412,1051
absolute_loading,477,8660,0.04323466910231261,1051
absolute_loading,477,8661,0.014784443858678581,1051
absolute_loading,477,8662,0.02684830376974307,1051
absolute_loading,477,8663,0.005946592129076409,1051
absolute_loading,477,8664,0.013736065085020156,1051
absolute_loading,477,8665,0.022883591604177193,1051
absolute_loading,477,8666,0.005218306911968783,1051
absolute_loading,477,8667,-0.051556201332839065,1051
absolute_loading,477,8668,0.037670786320644016,1051
absolute_loading,477,8669,-0.07883103108184172,1051
absolute_loading,477,8670,0.0027712248997466,1051
absolute_loading,477,8671,0.004586410165839588,1051
absolute_loading,477,8672,0.0026732530074388004,1051
absolute_loading,477,8673,0.030251341609855986,1051
absolute_loading,477,8674,-0.016270796780001165,1051
absolute_loading,477,8675,-0.01908545370837665,1051
absolute_loading,477,8676,-0.031843603377497844,1051
absolute_loading,477,8677,-0.028667205265846128,1051
absolute_loading,477,8678,-0.027233556745085152,1051
absolute_loading,477,8679,0.017465325065446603,1051
absolute_loading,477,8680,-0.02632132928845876,1051
absolute_loading,477,8681,0.0067274474562497326,1051
absolute_loading,477,8682,0.00910448737357533,1051
absolute_loading,477,8683,0.01571798291518632,1051
absolute_loading,477,8684,0.057882057833220917,1051
absolute_loading,477,8685,-0.025735803588319874,1051
absolute_loading,477,8686,0.025796783773585196,1051
absolute_loading,477,8687,0.0024056147629514146,1051
absolute_loading,477,8688,0.028540293968476217,1051
absolute_loading,477,8689,-0.04731453935169016,1051
absolute_loading,477,8690,-0.014624727397916471,1051
absolute_loading,477,8691,0.034216855470000924,1051
absolute_loading,477,8692,0.016062017508737245,1051
absolute_loading,477,8693,-0.015304714147610478,1051
absolute_loading,477,8694,-0.06892757032585323,1051
absolute_loading,477,8695,0.040850613635617344,1051
absolute_loading,477,8696,0.093710217934933,1051
absolute_loading,477,8697,0.027700895736442955,1051
absolute_loading,477,8698,0.02367313697722161,1051
absolute_loading,477,8699,0.027838742938811552,1051
absolute_loading,477,8700,-0.039655314807500834,1051
absolute_loading,477,8701,0.04334746910058377,1051
absolute_loading,477,8702,0.04105430990545275,1051
absolute_loading,477,8703,-0.022617535718275957,1051
absolute_loading,477,8704,0.004593333228871002,1051
absolute_loading,477,8705,-0.022060017974115175,1051
absolute_loading,477,8706,-0.019334978936175556,1051
absolute_loading,477,8707,-0.026145783836660632,1051
absolute_loading,477,8708,0.022009789830784984,1051
absolute_loading,477,8709,-0.032185913690591185,1051
absolute_loading,477,8710,0.0015038921819069161,1051
absolute_loading,477,8711,-0.03397751973635881,1051
absolute_loading,477,8712,-0.01761779706877244,1051
absolute_loading,477,8713,-0.02021731552794931,1051
absolute_loading,477,8714,-0.001724020751135389,1051
absolute_loading,477,8715,-0.0236470559779003,1051
absolute_loading,477,8716,0.040201475229318835,1051
absolute_loading,477,8717,-0.017109792960072822,1051
absolute_loading,477,8718,-0.012964921029520531,1051
absolute_loading,477,8719,-0.03126521210752056,1051
absolute_loading,477,8720,0.05608337554093941,1051
absolute_loading,477,8721,-0.08565052230395398,1051
absolute_loading,477,8722,0.02655858891925409,1051
absolute_loading,477,8723,-0.0039002371683490755,1051
absolute_loading,477,8724,-0.014538366384471873,1051
absolute_loading,477,8725,-0.026993252595767438,1051
absolute_loading,477,8726,0.0522862665520715,1051
absolute_loading,477,8727,-0.041623524385151496,1051
absolute_loading,477,8728,-0.03133290195955767,1051
absolute_loading,477,8729,0.01626674403234767,1051
absolute_loading,477,8730,0.06444777670688778,1051
absolute_loading,477,8731,0.0096951428918744,1051
absolute_loading,477,8732,-0.04084863960776324,1051
absolute_loading,477,8733,0.007691833675427698,1051
absolute_loading,477,8734,0.011653336364738491,1051
absolute_loading,477,8735,-0.003954778740320739,1051
absolute_loading,477,8736,0.057683364143671347,1051
absolute_loading,477,8737,-0.0014339686026365482,1051
absolute_loading,477,8738,-0.012701776188105519,1051
absolute_loading,477,8739,0.0350780681903482,1051
absolute_loading,477,8740,-0.0009953829086408429,1051
absolute_loading,477,8741,-0.010299261365297348,1051
absolute_loading,477,8742,-0.028350570613575553,1051
absolute_loading,477,8743,0.05059710495420578,1051
absolute_loading,477,8744,-0.03559747223997455,1051
absolute_loading,477,8745,0.025206863184806607,1051
absolute_loading,477,8746,0.02715978843719863,1051
absolute_loading,477,8747,0.014763978785037104,1051
absolute_loading,477,8748,-0.01457543658751389,1051
absolute_loading,477,8749,0.08584014010462182,1051
absolute_loading,477,8750,-0.04089979966940603,1051
absolute_loading,477,8751,-0.020056474013727336,1051
absolute_loading,477,8752,-0.0036897223330845,1051
absolute_loading,477,8753,0.02811138850215839,1051
absolute_loading,477,8754,0.03309581582445086,1051
absolute_loading,477,8755,-0.023261530078893013,1051
absolute_loading,477,8756,0.02066542526977522,1051
absolute_loading,477,8757,-0.012416415641578853,1051
absolute_loading,477,8758,0.014171232719649677,1051
absolute_loading,477,8759,-0.007948095343582876,1051
absolute_loading,477,8760,0.01783770643115667,1051
absolute_loading,477,8761,0.01000783288355327,1051
absolute_loading,477,8762,0.001132035443247044,1051
absolute_loading,477,8763,-0.02970579230696998,1051
absolute_loading,477,8764,-0.010700825625554767,1051
absolute_loading,477,8765,0.0839149960169246,1051
absolute_loading,477,8766,0.015162357297528628,1051
absolute_loading,477,8767,-0.026547656238393134,1051
absolute_loading,477,8768,-0.01780025449181852,1051
absolute_loading,477,8769,-0.03365424406394358,1051
absolute_loading,477,8770,0.006107108409933523,1051
absolute_loading,477,8771,-0.010633382548643029,1051
absolute_loading,477,8772,-0.01876202668722857,1051
absolute_loading,477,8773,-0.05692587423710154,1051
absolute_loading,477,8774,-0.02962482587718581,1051
absolute_loading,477,8775,0.05284157611351084,1051
absolute_loading,477,8776,-0.0158918815599116,1051
absolute_loading,477,8777,0.005326094881100385,1051
absolute_loading,477,8778,-0.03613388145562142,1051
absolute_loading,477,8779,-0.004164189670620716,1051
absolute_loading,477,8780,-0.03590683878515372,1051
absolute_loading,477,8781,0.02986038763601594,1051
absolute_loading,477,8782,0.052097610008747235,1051
absolute_loading,477,8783,-0.0134545500830144,1051
absolute_loading,477,8784,-0.0033664815120358123,1051
absolute_loading,477,8785,-0.03744703253640648,1051
absolute_loading,477,8786,-0.0071548980155489075,1051
absolute_loading,477,8787,-0.01886138710160332,1051
absolute_loading,477,8788,0.023900883906678518,1051
absolute_loading,477,8789,0.018147279394567648,1051
absolute_loading,477,8790,-0.0008114901833374152,1051
absolute_loading,477,8791,0.014734446086042647,1051
absolute_loading,477,8792,-0.02064698118683754,1051
absolute_loading,477,8793,-0.0045836003462740756,1051
absolute_loading,477,8794,-0.011181804734385936,1051
absolute_loading,477,8795,-0.042649599716548754,1051
absolute_loading,477,8796,-0.048410083658608154,1051
absolute_loading,477,8797,0.022730905583068374,1051
absolute_loading,477,8798,-0.029828638448957404,1051
absolute_loading,477,8799,-0.06578960371805041,1051
absolute_loading,477,8800,-0.010976748905952178,1051
absolute_loading,477,8801,-0.015480283557774643,1051
absolute_loading,477,8802,-0.02014371060041063,1051
absolute_loading,477,8803,0.07964247289433869,1051
absolute_loading,477,8804,-0.019223617367183435,1051
absolute_loading,477,8805,-0.0240098618163926,1051
absolute_loading,477,8806,-0.01534629560270291,1051
absolute_loading,477,8807,-0.012390077322528508,1051
absolute_loading,477,8808,0.01523317413222628,1051
absolute_loading,477,8809,-0.009088184919434498,1051
absolute_loading,477,8810,-0.010974340986058232,1051
absolute_loading,477,8811,0.01753786147556817,1051
absolute_loading,477,8812,0.03275381178536124,1051
absolute_loading,477,8813,-0.013186421756523832,1051
absolute_loading,477,8814,-0.00008650619778455271,1051
absolute_loading,477,8815,-0.01225311688876862,1051
absolute_loading,477,8816,0.05214689082856449,1051
absolute_loading,477,8817,-0.015853119203416217,1051
absolute_loading,477,8818,-0.020685428860173473,1051
absolute_loading,477,8819,-0.018337899015840244,1051
absolute_loading,477,8820,-0.009060254623647127,1051
absolute_loading,477,8821,-0.03271307208286817,1051
absolute_loading,477,8822,0.006498384649166794,1051
absolute_loading,477,8823,0.03565540576083376,1051
absolute_loading,477,8824,0.02171674602077854,1051
absolute_loading,477,8825,0.0036203642836780316,1051
absolute_loading,477,8826,-0.004674049042561696,1051
absolute_loading,477,8827,-0.007364488487264548,1051
absolute_loading,477,8828,-0.000992399257655597,1051
absolute_loading,477,8829,0.016006846376461912,1051
absolute_loading,477,8830,-0.04886439978398731,1051
absolute_loading,477,8831,-0.010532099915770065,1051
absolute_loading,477,8832,-0.013437000457952637,1051
absolute_loading,477,8833,0.03604989508786249,1051
absolute_loading,477,8834,-0.014637325531449537,1051
absolute_loading,477,8835,-0.00466924448881793,1051
absolute_loading,477,8836,-0.08885806806164599,1051
absolute_loading,477,8837,0.027221851098957774,1051
absolute_loading,477,8838,-0.029681772025975793,1051
absolute_loading,477,8839,0.00915115940491032,1051
absolute_loading,477,8840,0.01757643564949522,1051
absolute_loading,477,8841,0.016078744018835908,1051
absolute_loading,477,8842,0.0005144897424402777,1051
absolute_loading,477,8843,-0.008569252411266302,1051
absolute_loading,477,8844,0.08578756758492995,1051
absolute_loading,477,8845,0.039532417317846825,1051
absolute_loading,477,8846,-0.017912215992352876,1051
absolute_loading,477,8847,-0.005761100031875909,1051
absolute_loading,477,8848,-0.0006767305773728797,1051
absolute_loading,477,8849,0.03418596339415609,1051
absolute_loading,477,8850,-0.004303052964790502,1051
absolute_loading,477,8851,-0.0005532145676504431,1051
absolute_loading,477,8852,-0.06330194556248786,1051
absolute_loading,477,8853,-0.05071225288273151,1051
absolute_loading,477,8854,0.006477655172181288,1051
absolute_loading,477,8855,-0.007110361105709562,1051
absolute_loading,477,8856,-0.05692235547796847,1051
absolute_loading,477,8857,0.01687826131436264,1051
absolute_loading,477,8858,0.013722946186863377,1051
absolute_loading,477,8859,-0.01579509653184267,1051
absolute_loading,477,8860,0.013375346841692585,1051
absolute_loading,477,8861,-0.03967659398557097,1051
absolute_loading,477,8862,0.0270487642817451,1051
absolute_loading,477,8863,-0.028437023426279254,1051
absolute_loading,477,8864,-0.03930395541354441,1051
absolute_loading,477,8865,0.037753070927213146,1051
absolute_loading,477,8866,0.06482433230543573,1051
absolute_loading,477,8867,-0.016178555744478504,1051
absolute_loading,477,8868,0.043075651952970945,1051
absolute_loading,477,8869,0.03876057262586597,1051
absolute_loading,477,8870,0.02253166539772534,1051
absolute_loading,477,8871,-0.026019620971532768,1051
absolute_loading,477,8872,-0.02040067256836188,1051
absolute_loading,477,8873,0.07081771666370124,1051
absolute_loading,477,8874,-0.0028462742242612803,1051
absolute_loading,477,8875,0.018006308224652642,1051
absolute_loading,477,8876,0.011615895309289841,1051
absolute_loading,477,8877,0.028480013249171467,1051
absolute_loading,477,8878,-0.006519172292885996,1051
absolute_loading,477,8879,0.022837335121081447,1051
absolute_loading,477,8880,0.008179187455506382,1051
absolute_loading,477,8881,-0.013570852736828332,1051
absolute_loading,477,8882,-0.03684861122441222,1051
absolute_loading,477,8883,-0.021835695352094342,1051
absolute_loading,477,8884,0.005531724709501178,1051
absolute_loading,477,8885,-0.02622579427677866,1051
absolute_loading,477,8886,-0.004981000008316618,1051
absolute_loading,477,8887,-0.02195458286286794,1051
absolute_loading,477,8888,0.013737127403097306,1051
absolute_loading,477,8889,-0.019338334337863253,1051
absolute_loading,477,8890,0.02807320037098655,1051
absolute_loading,477,8891,-0.014642093977858726,1051
absolute_loading,477,8892,0.0007568220869355539,1051
absolute_loading,477,8893,-0.008610551481150282,1051
absolute_loading,477,8894,-0.02121829485797325,1051
absolute_loading,477,8895,-0.013025545352236729,1051
absolute_loading,477,8896,-0.02090267342309086,1051
absolute_loading,477,8897,0.017349904621775332,1051
absolute_loading,477,8898,0.043606941167612885,1051
absolute_loading,477,8899,-0.0010087195826177363,1051
absolute_loading,477,8900,-0.03398992817118137,1051
absolute_loading,477,8901,0.043598848077682516,1051
absolute_loading,477,8902,0.045293603080522236,1051
absolute_loading,477,8903,-0.03597512836515494,1051
absolute_loading,477,8904,0.050519890878222146,1051
absolute_loading,477,8905,-0.012570382293859412,1051
absolute_loading,477,8906,-0.0023838403026643015,1051
absolute_loading,477,8907,-0.018654656073131513,1051
absolute_loading,477,8908,0.02244633413693421,1051
absolute_loading,477,8909,0.02500437683215059,1051
absolute_loading,477,8910,-0.020771492617878518,1051
absolute_loading,477,8911,-0.0037977580093221876,1051
absolute_loading,477,8912,-0.006041714384930494,1051
absolute_loading,477,8913,-0.01966672635294175,1051
absolute_loading,477,8914,-0.030295355225259016,1051
absolute_loading,477,8915,-0.020254265914247685,1051
absolute_loading,477,8916,-0.009502078450727263,1051
absolute_loading,477,8917,-0.0015539231058456125,1051
absolute_loading,477,8918,0.03777981125727942,1051
absolute_loading,477,8919,-0.0240054173843423,1051
absolute_loading,477,8920,0.006860712159637419,1051
absolute_loading,477,8921,0.005302309726061127,1051
absolute_loading,477,8922,0.012891507993682105,1051
absolute_loading,477,8923,0.05345887487002796,1051
absolute_loading,477,8924,0.00485848532053633,1051
absolute_loading,477,8925,-0.009908364908462051,1051
absolute_loading,477,8926,-0.014635273862765386,1051
absolute_loading,477,8927,0.0014237294526090523,1051
absolute_loading,477,8928,-0.020238022614660216,1051
absolute_loading,477,8929,-0.014008458275115298,1051
absolute_loading,477,8930,-0.05728481984332836,1051
absolute_loading,477,8931,0.050076503415355085,1051
absolute_loading,477,8932,0.018508219241949453,1051
absolute_loading,477,8933,-0.029043427252325525,1051
absolute_loading,477,8934,-0.0011143727047914233,1051
absolute_loading,477,8935,-0.008017078014204738,1051
absolute_loading,477,8936,0.03530519732705989,1051
absolute_loading,477,8937,0.01819126345051258,1051
absolute_loading,477,8938,0.0373866154023768,1051
absolute_loading,477,8939,0.010771720425401693,1051
absolute_loading,477,8940,0.004070136482655609,1051
absolute_loading,477,8941,0.012655365439333295,1051
absolute_loading,477,8942,0.0361554364196027,1051
absolute_loading,477,8943,0.0207049967881858,1051
absolute_loading,477,8944,-0.02128057763770441,1051
absolute_loading,477,8945,0.020776044667549155,1051
absolute_loading,477,8946,-0.0054954883604020986,1051
absolute_loading,477,8947,0.00524943187694136,1051
absolute_loading,477,8948,-0.0567766753703969,1051
absolute_loading,477,8949,-0.02191806081134997,1051
absolute_loading,477,8950,0.0037173896446767505,1051
absolute_loading,477,8951,-0.015788470813466467,1051
absolute_loading,477,8952,0.009032700988430198,1051
absolute_loading,477,8953,0.013585694398343656,1051
absolute_loading,477,8954,-0.05693456169195842,1051
absolute_loading,477,8955,-0.01592475648315088,1051
absolute_loading,477,8956,-0.009015923758851114,1051
absolute_loading,477,8957,-0.0014883938054202628,1051
absolute_loading,477,8958,-0.007957664157672852,1051
absolute_loading,477,8959,-0.029663933678147934,1051
absolute_loading,477,8960,-0.02681305791492383,1051
absolute_loading,477,8961,-0.019517141803629037,1051
absolute_loading,477,8962,0.07251567951815699,1051
absolute_loading,477,8963,0.006070835424519594,1051
absolute_loading,477,8964,-0.036540102071904994,1051
absolute_loading,477,8965,0.021291998752318967,1051
absolute_loading,477,8966,-0.002790590175896651,1051
absolute_loading,477,8967,-0.017208029619985767,1051
absolute_loading,477,8968,-0.002633259575866958,1051
absolute_loading,477,8969,-0.030729453876855887,1051
absolute_loading,477,8970,-0.04902980749786172,1051
absolute_loading,477,8971,0.02719101576783722,1051
absolute_loading,477,8972,0.04097252611237307,1051
absolute_loading,477,8973,-0.03414377804540742,1051
absolute_loading,477,8974,-0.012886592062860717,1051
absolute_loading,477,8975,0.003077736267855132,1051
absolute_loading,477,8976,-0.059412406239395296,1051
absolute_loading,477,8977,-0.006311403650669467,1051
absolute_loading,477,8978,0.00491796257004962,1051
absolute_loading,477,8979,-0.0014334953661740044,1051
absolute_loading,477,8980,-0.0011186958694892738,1051
absolute_loading,477,8981,0.011160359628334275,1051
absolute_loading,477,8982,0.004243473251673477,1051
absolute_loading,477,8983,-0.04200044696651222,1051
absolute_loading,477,8984,0.018303171179993298,1051
absolute_loading,477,8985,0.052280032103457066,1051
absolute_loading,477,8986,0.023000029171435545,1051
absolute_loading,477,8987,-0.0026363021855393613,1051
absolute_loading,477,8988,-0.012764434309393242,1051
absolute_loading,477,8989,0.028047368820854193,1051
absolute_loading,477,8990,-0.016831966287053704,1051
absolute_loading,477,8991,0.023223236893908848,1051
absolute_loading,477,8992,-0.0038052621392585246,1051
absolute_loading,477,8993,-0.0038625130774747303,1051
absolute_loading,477,8994,-0.02430835934306803,1051
absolute_loading,477,8995,0.017154946761217794,1051
absolute_loading,477,8996,-0.00809584567702156,1051
absolute_loading,477,8997,0.03183206143674582,1051
absolute_loading,477,8998,-0.004860667440128869,1051
absolute_loading,477,8999,-0.0020949903110214826,1051
absolute_loading,477,9000,0.010930162914025092,1051
absolute_loading,477,9001,-0.009373600611615013,1051
absolute_loading,477,9002,-0.032206663457454314,1051
absolute_loading,477,9003,-0.02361338051245401,1051
absolute_loading,477,9004,0.04432339730743685,1051
absolute_loading,477,9005,-0.029288338664028666,1051
absolute_loading,477,9006,0.03775225956650946,1051
absolute_loading,477,9007,-0.031003214644368494,1051
absolute_loading,477,9008,-0.002854258370171098,1051
absolute_loading,477,9009,-0.027364387284088264,1051
absolute_loading,477,9010,-0.006386838488999133,1051
absolute_loading,477,9011,-0.012748106503022754,1051
absolute_loading,477,9012,-0.031754965169499896,1051
absolute_loading,477,9013,-0.054744250835269875,1051
absolute_loading,477,9014,0.025924180964303455,1051
absolute_loading,477,9015,-0.02299422047419445,1051
absolute_loading,477,9016,-0.018450649345368674,1051
absolute_loading,477,9017,0.024182449156108968,1051
absolute_loading,477,9018,0.006709322764463683,1051
absolute_loading,477,9019,-0.02354452262558142,1051
absolute_loading,477,9020,-0.0027774938337848335,1051
absolute_loading,477,9021,0.019831397996742533,1051
absolute_loading,477,9022,-0.04987867212908976,1051
absolute_loading,477,9023,0.017547244344844705,1051
absolute_loading,477,9024,0.06406712483744643,1051
absolute_loading,477,9025,-0.029252205983488863,1051
absolute_loading,477,9026,0.059383160718595285,1051
absolute_loading,477,9027,-0.012189201433839725,1051
absolute_loading,477,9028,0.020241657768214117,1051
absolute_loading,477,9029,-0.0022500046927336243,1051
absolute_loading,477,9030,0.05641402021995261,1051
absolute_loading,477,9031,-0.001042604310925154,1051
absolute_loading,477,9032,0.009979258641696492,1051
absolute_loading,477,9033,-0.013595458567418617,1051
absolute_loading,477,9034,0.0893718580286335,1051
absolute_loading,477,9035,-0.01552641422009573,1051
absolute_loading,477,9036,0.011726201135801558,1051
absolute_loading,477,9037,0.004679639184682755,1051
absolute_loading,477,9038,0.04268920548407064,1051
absolute_loading,477,9039,-0.0011618385861969435,1051
absolute_loading,477,9040,0.03528238299309624,1051
absolute_loading,477,9041,-0.01711230553401877,1051
absolute_loading,477,9042,0.008884762912175527,1051
absolute_loading,477,9043,0.03959480069968653,1051
absolute_loading,477,9044,0.029790524529449525,1051
absolute_loading,477,9045,-0.018953851479767272,1051
absolute_loading,477,9046,0.00668491416163228,1051
absolute_loading,477,9047,0.01020981898861585,1051
absolute_loading,477,9048,0.005730049028668027,1051
absolute_loading,477,9049,-0.02487600109669918,1051
absolute_loading,477,9050,0.0035502402445492117,1051
absolute_loading,477,9051,0.039234645182900235,1051
absolute_loading,477,9052,0.022902507937153958,1051
absolute_loading,477,9053,0.03130733379851039,1051
absolute_loading,477,9054,0.01764190410216643,1051
absolute_loading,477,9055,-0.047288466582271864,1051
absolute_loading,477,9056,-0.03730563252841405,1051
absolute_loading,477,9057,0.0007779781943879652,1051
absolute_loading,477,9058,0.020584784180515018,1051
absolute_loading,477,9059,-0.0215379878821978,1051
absolute_loading,477,9060,-0.0016552954682086999,1051
absolute_loading,477,9061,-0.017887909004383692,1051
absolute_loading,477,9062,-0.005858415109794669,1051
absolute_loading,477,9063,0.027134840585186008,1051
absolute_loading,477,9064,0.08907723155899189,1051
absolute_loading,477,9065,-0.00286160997200781,1051
absolute_loading,477,9066,-0.03221697857744692,1051
absolute_loading,477,9067,0.05434441207757276,1051
absolute_loading,477,9068,0.06342314715082517,1051
absolute_loading,477,9069,-0.023362546832108134,1051
absolute_loading,477,9070,0.02366491455924541,1051
absolute_loading,477,9071,0.04113088879105676,1051
absolute_loading,477,9072,-0.028993242766602898,1051
absolute_loading,477,9073,-0.02213146338207286,1051
absolute_loading,477,9074,-0.027183435931942102,1051
absolute_loading,477,9075,-0.02306460786015799,1051
absolute_loading,477,9076,-0.016834204075097135,1051
absolute_loading,477,9077,0.01575612566058978,1051
absolute_loading,477,9078,-0.06404643637471263,1051
absolute_loading,477,9079,0.009220448126270576,1051
absolute_loading,477,9080,0.010790229352141557,1051
absolute_loading,477,9081,-0.044994592190876766,1051
absolute_loading,477,9082,-0.03801657746073157,1051
absolute_loading,477,9083,-0.007147381716389962,1051
absolute_loading,477,9084,0.00979224361004802,1051
absolute_loading,477,9085,0.004831795198886942,1051
absolute_loading,477,9086,0.011705738040264257,1051
absolute_loading,477,9087,-0.005899303561592509,1051
absolute_loading,477,9088,0.031684814688195444,1051
absolute_loading,477,9089,0.0068767455482077995,1051
absolute_loading,477,9090,0.04046445886304045,1051
absolute_loading,477,9091,0.008466589257832852,1051
absolute_loading,477,9092,-0.039711906462042694,1051
absolute_loading,477,9093,0.011529505811907547,1051
absolute_loading,477,9094,0.0030081189830348533,1051
absolute_loading,477,9095,-0.03270475818331548,1051
absolute_loading,477,9096,-0.006688819933235549,1051
absolute_loading,477,9097,-0.023720391422561247,1051
absolute_loading,477,9098,-0.011551198620134262,1051
absolute_loading,477,9099,-0.06522363781088282,1051
absolute_loading,477,9100,0.01635583018036979,1051
absolute_loading,477,9101,-0.02768514574019363,1051
absolute_loading,477,9102,-0.0074350868495816295,1051
absolute_loading,477,9103,-0.0020214680516001554,1051
absolute_loading,477,9104,0.03611390369336637,1051
absolute_loading,477,9105,-0.059100091843172595,1051
absolute_loading,477,9106,-0.020331340438566006,1051
absolute_loading,477,9107,-0.05862494920229031,1051
absolute_loading,477,9108,-0.021602235928746827,1051
absolute_loading,477,9109,0.017856016762959802,1051
absolute_loading,477,9110,0.025521654773648036,1051
absolute_loading,477,9111,0.001754658523541435,1051
absolute_loading,477,9112,0.01031358663807272,1051
absolute_loading,477,9113,-0.02074903417894565,1051
absolute_loading,477,9114,0.03772327098691965,1051
absolute_loading,477,9115,0.016374196164333277,1051
absolute_loading,477,9116,0.017158976496125595,1051
absolute_loading,477,9117,-0.004451827601101872,1051
absolute_loading,477,9118,-0.006601039809951407,1051
absolute_loading,477,9119,-0.07079071583776507,1051
absolute_loading,477,9120,0.01514083086318664,1051
absolute_loading,477,9121,0.00919006030373768,1051
absolute_loading,477,9122,-0.04862440655506586,1051
absolute_loading,477,9123,0.004351182496392238,1051
absolute_loading,477,9124,0.0065865791343363315,1051
absolute_loading,477,9125,0.015113373637585985,1051
absolute_loading,477,9126,-0.019438626961925637,1051
absolute_loading,477,9127,0.00879872777420022,1051
absolute_loading,477,9128,-0.06623349511637827,1051
absolute_loading,477,9129,-0.02669355485054673,1051
absolute_loading,477,9130,0.037050520095925535,1051
absolute_loading,477,9131,0.03655560620332287,1051
absolute_loading,477,9132,0.008940936484770075,1051
absolute_loading,477,9133,-0.06461007113977522,1051
absolute_loading,477,9134,0.016057204671218073,1051
absolute_loading,477,9135,-0.0024918173878159086,1051
absolute_loading,477,9136,0.012147976287441027,1051
absolute_loading,477,9137,-0.020970146822532818,1051
absolute_loading,477,9138,0.0221084982262281,1051
absolute_loading,477,9139,-0.0242592805070475,1051
absolute_loading,477,9140,0.008036025092051565,1051
absolute_loading,477,9141,0.005815232471727613,1051
absolute_loading,477,9142,0.055127040752474585,1051
absolute_loading,477,9143,-0.05331544878342631,1051
absolute_loading,477,9144,0.01567949482967769,1051
absolute_loading,477,9145,0.011933578163198838,1051
absolute_loading,477,9146,0.02656557893190212,1051
absolute_loading,477,9147,0.01794535056178111,1051
absolute_loading,477,9148,0.007335605411093127,1051
absolute_loading,477,9149,-0.03355753321503546,1051
absolute_loading,477,9150,0.012598064292066417,1051
absolute_loading,477,9151,0.05270038678546398,1051
absolute_loading,477,9152,-0.02677085703750394,1051
absolute_loading,477,9153,0.05440789789566924,1051
absolute_loading,477,9154,-0.020206184441306396,1051
absolute_loading,477,9155,-0.06534210498664844,1051
absolute_loading,477,9156,-0.02577269961430342,1051
absolute_loading,477,9157,-0.013863016550591018,1051
absolute_loading,477,9158,-0.04047807936927545,1051
absolute_loading,477,9159,0.029454122062371888,1051
absolute_loading,477,9160,-0.0020441510901756553,1051
absolute_loading,477,9161,-0.0036269865312050504,1051
absolute_loading,477,9162,-0.030187494862628002,1051
absolute_loading,477,9163,-0.04547557129695636,1051
absolute_loading,477,9164,-0.057526523406968594,1051
absolute_loading,477,9165,0.008473328380091565,1051
absolute_loading,477,9166,0.04142253028569993,1051
absolute_loading,477,9167,-0.03848502702683071,1051
absolute_loading,477,9168,0.005552632930562051,1051
absolute_loading,477,9169,0.032119881687107804,1051
absolute_loading,477,9170,0.05883552922099673,1051
absolute_loading,477,9171,-0.0023352874485643937,1051
absolute_loading,477,9172,-0.027959699637382426,1051
absolute_loading,477,9173,0.058741576590529566,1051
absolute_loading,477,9174,-0.02088343900374758,1051
absolute_loading,477,9175,-0.019784821899117313,1051
absolute_loading,477,9176,0.027172193788267632,1051
absolute_loading,477,9177,-0.035320550961050134,1051
absolute_loading,477,9178,-0.016282150803130144,1051
absolute_loading,477,9179,-0.014602245874792747,1051
absolute_loading,477,9180,-0.027517230316740596,1051
absolute_loading,477,9181,-0.02209355804875563,1051
absolute_loading,477,9182,-0.008413748221092221,1051
absolute_loading,477,9183,-0.006384514503307972,1051
absolute_loading,477,9184,-0.01741889290472138,1051
absolute_loading,477,9185,0.0005561087918809278,1051
absolute_loading,477,9186,-0.02679652267644981,1051
absolute_loading,477,9187,-0.009981744658105297,1051
absolute_loading,477,9188,-0.04424391898712263,1051
absolute_loading,477,9189,-0.02636203525036436,1051
absolute_loading,477,9190,0.06358675999015201,1051
absolute_loading,477,9191,0.005426729723398602,1051
absolute_loading,477,9192,-0.027934099336123744,1051
absolute_loading,477,9193,-0.018380064908695273,1051
absolute_loading,477,9194,-0.037933538366490833,1051
absolute_loading,477,9195,-0.035355254459969385,1051
absolute_loading,477,9196,-0.022756403900278385,1051
absolute_loading,477,9197,0.007208117865036049,1051
absolute_loading,477,9198,0.05344608663100935,1051
absolute_loading,477,9199,-0.019330027462315564,1051
absolute_loading,477,9200,0.009120200561203233,1051
absolute_loading,477,9201,-0.041728453557012976,1051
absolute_loading,477,9202,-0.003448744671751133,1051
absolute_loading,477,9203,-0.024968175805582235,1051
absolute_loading,477,9204,-0.060248243432405695,1051
absolute_loading,477,9205,0.037857715356398716,1051
absolute_loading,477,9206,0.013235786762629466,1051
absolute_loading,477,9207,0.013675733687671825,1051
absolute_loading,477,9208,0.01892933990317043,1051
absolute_loading,477,9209,-0.015764973736513,1051
absolute_loading,477,9210,0.01765022054746676,1051
absolute_loading,477,9211,-0.0027698503858240246,1051
absolute_loading,477,9212,0.03519482153721131,1051
absolute_loading,477,9213,0.024766362539736554,1051
absolute_loading,477,9214,-0.024954440228943952,1051
absolute_loading,477,9215,0.0011502887019823624,1051
absolute_loading,477,9216,0.006131559010201167,1051
absolute_loading,477,9217,0.02086571130033675,1051
absolute_loading,477,9218,-0.0014950731436161443,1051
absolute_loading,477,9219,-0.07114262608371724,1051
absolute_loading,477,9220,-0.049657781047018436,1051
absolute_loading,477,9221,-0.06679991625700527,1051
absolute_loading,477,9222,-0.002725023599045709,1051
absolute_loading,477,9223,-0.007477473851647495,1051
absolute_loading,477,9224,-0.01514260993700292,1051
absolute_loading,477,9225,0.018541890679101503,1051
absolute_loading,477,9226,-0.03436402863894114,1051
absolute_loading,477,9227,-0.04238473635418055,1051
absolute_loading,477,9228,-0.013306232526244428,1051
absolute_loading,477,9229,-0.05280662110341176,1051
absolute_loading,477,9230,0.02440152104919807,1051
absolute_loading,477,9231,0.02972371540747754,1051
absolute_loading,477,9232,-0.023092278591759066,1051
absolute_loading,477,9233,0.008036464493968798,1051
absolute_loading,477,9234,0.00997704587788436,1051
absolute_loading,477,9235,0.024405156910325864,1051
absolute_loading,477,9236,0.08295649294074538,1051
absolute_loading,477,9237,-0.049914363046486554,1051
absolute_loading,477,9238,-0.04609594263213134,1051
absolute_loading,477,9239,-0.010713941613643337,1051
absolute_loading,477,9240,-0.03716000871820649,1051
absolute_loading,477,9241,-0.03418035581903258,1051
absolute_loading,477,9242,-0.02336127959284695,1051
absolute_loading,477,9243,-0.008954719743909711,1051
absolute_loading,477,9244,0.04595269487559858,1051
absolute_loading,477,9245,0.019071676270458904,1051
absolute_loading,477,9246,0.02501899825367472,1051
absolute_loading,477,9247,0.0007699870747589747,1051
absolute_loading,477,9248,0.024524008985021353,1051
absolute_loading,477,9249,0.002018475777644923,1051
absolute_loading,477,9250,-0.023895947555130307,1051
absolute_loading,477,9251,0.029590809159240946,1051
absolute_loading,477,9252,-0.009060979690169368,1051
absolute_loading,477,9253,-0.05339824740150278,1051
absolute_loading,477,9254,0.01216916528864345,1051
absolute_loading,477,9255,0.04068469439649853,1051
absolute_loading,477,9256,0.0023302352873641728,1051
absolute_loading,477,9257,0.0009899786135852608,1051
absolute_loading,477,9258,0.010617312291028089,1051
absolute_loading,477,9259,-0.034686773759952376,1051
absolute_loading,477,9260,-0.02951694816358438,1051
absolute_loading,477,9261,0.042446514723227406,1051
absolute_loading,477,9262,-0.051880621969522374,1051
absolute_loading,477,9263,-0.06358969318773446,1051
absolute_loading,477,9264,0.04108725019549455,1051
absolute_loading,477,9265,0.016272476465287167,1051
absolute_loading,477,9266,0.04883755829593501,1051
absolute_loading,477,9267,-0.020633668498968066,1051
absolute_loading,477,9268,0.0012307750536633985,1051
absolute_loading,477,9269,-0.008389923613695631,1051
absolute_loading,477,9270,-0.014369824131690283,1051
absolute_loading,477,9271,-0.04417544930504177,1051
absolute_loading,477,9272,0.01499133796471845,1051
absolute_loading,477,9273,0.08480979146203822,1051
absolute_loading,477,9274,-0.004582440662471588,1051
absolute_loading,477,9275,-0.04481444342364696,1051
absolute_loading,477,9276,0.033936295539695585,1051
absolute_loading,477,9277,0.008555778619889324,1051
absolute_loading,477,9278,0.03636502096488965,1051
absolute_loading,477,9279,-0.02734312517614375,1051
absolute_loading,477,9280,0.013587662537392353,1051
absolute_loading,477,9281,0.040900315839690254,1051
absolute_loading,477,9282,0.049196401240617534,1051
absolute_loading,477,9283,-0.016439379822201186,1051
absolute_loading,477,9284,-0.001912820379405774,1051
absolute_loading,477,9285,0.05015121387374788,1051
absolute_loading,477,9286,0.020646592519865448,1051
absolute_loading,477,9287,0.01212402304389903,1051
absolute_loading,477,9288,-0.046072051024199985,1051
absolute_loading,477,9289,-0.0075059033035670625,1051
absolute_loading,477,9290,-0.031211013382344954,1051
absolute_loading,477,9291,-0.058196087307386964,1051
absolute_loading,477,9292,-0.01965431461615312,1051
absolute_loading,477,9293,-0.015169920093467732,1051
absolute_loading,477,9294,0.022249630258722522,1051
absolute_loading,477,9295,-0.013840207850309377,1051
absolute_loading,477,9296,0.026504717360574203,1051
absolute_loading,477,9297,0.03683305315307492,1051
absolute_loading,477,9298,-0.02083490670876307,1051
absolute_loading,477,9299,-0.011040096505304993,1051
absolute_loading,477,9300,0.0452647558467897,1051
absolute_loading,477,9301,-0.08256804441531201,1051
absolute_loading,477,9302,0.029678606611579606,1051
absolute_loading,477,9303,0.028075607749397956,1051
absolute_loading,477,9304,0.0010557865372550239,1051
absolute_loading,477,9305,-0.01357305451243711,1051
absolute_loading,477,9306,-0.008450487967142241,1051
absolute_loading,477,9307,-0.036365869243253614,1051
absolute_loading,477,9308,-0.012288624265838209,1051
absolute_loading,477,9309,-0.05758731626724711,1051
absolute_loading,477,9310,0.00132838991995443,1051
absolute_loading,477,9311,0.04412986621001613,1051
absolute_loading,477,9312,0.027827209714372435,1051
absolute_loading,477,9313,0.03698412686473506,1051
absolute_loading,477,9314,0.01259438536861629,1051
absolute_loading,477,9315,-0.021398077174289785,1051
absolute_loading,477,9316,0.0016790476274593904,1051
absolute_loading,477,9317,0.0198999636652402,1051
absolute_loading,477,9318,-0.02704222763584013,1051
absolute_loading,477,9319,0.011320918712844776,1051
absolute_loading,477,9320,0.024043394905550807,1051
absolute_loading,477,9321,-0.049485629255097134,1051
absolute_loading,477,9322,-0.02948295233318088,1051
absolute_loading,477,9323,0.030987763955613812,1051
absolute_loading,477,9324,-0.03984108804530945,1051
absolute_loading,477,9325,0.026636690899710814,1051
absolute_loading,477,9326,0.035040273857689055,1051
absolute_loading,477,9327,0.004039491682175397,1051
absolute_loading,477,9328,0.040456777761231195,1051
absolute_loading,477,9329,-0.015835972781023663,1051
absolute_loading,477,9330,0.015947486032898795,1051
absolute_loading,477,9331,-0.01497084198611928,1051
absolute_loading,477,9332,0.03239196207136316,1051
absolute_loading,477,9333,0.05766886841821494,1051
absolute_loading,477,9334,0.0033042690726274564,1051
absolute_loading,477,9335,0.0038432557223843284,1051
absolute_loading,477,9336,-0.008228187377695664,1051
absolute_loading,477,9337,0.0256698569043725,1051
absolute_loading,477,9338,0.042223976968549355,1051
absolute_loading,477,9339,-0.031803188023268376,1051
absolute_loading,477,9340,-0.026698277789635284,1051
absolute_loading,477,9341,-0.028743393122975972,1051
absolute_loading,477,9342,0.01230300706464804,1051
absolute_loading,477,9343,0.007230090702871402,1051
absolute_loading,477,9344,-0.06413017709064123,1051
absolute_loading,477,9345,-0.04258406798663576,1051
absolute_loading,477,9346,-0.03159438461554266,1051
absolute_loading,477,9347,0.02005084906787281,1051
absolute_loading,477,9348,0.07964368435283277,1051
absolute_loading,477,9349,-0.026705148026047953,1051
absolute_loading,477,9350,0.0235708587468019,1051
absolute_loading,477,9351,-0.0170833555815963,1051
absolute_loading,477,9352,0.04061042246978286,1051
absolute_loading,477,9353,-0.0029569900022812373,1051
absolute_loading,477,9354,0.027140710683107246,1051
absolute_loading,477,9355,0.03466324602557106,1051
absolute_loading,477,9356,0.016601680608614427,1051
absolute_loading,477,9357,0.005155397796520037,1051
absolute_loading,477,9358,0.007508430359841547,1051
absolute_loading,477,9359,0.01624862718344418,1051
absolute_loading,477,9360,0.02452144933155506,1051
absolute_loading,477,9361,0.013326237925770716,1051
absolute_loading,477,9362,-0.014777855768776915,1051
absolute_loading,477,9363,0.009050762727053933,1051
absolute_loading,477,9364,0.0437867767684639,1051
absolute_loading,477,9365,0.02762508670448315,1051
absolute_loading,477,9366,0.011518990370419204,1051
absolute_loading,477,9367,-0.021107943183437613,1051
absolute_loading,477,9368,-0.010960393518057188,1051
absolute_loading,477,9369,-0.006234717583708981,1051
absolute_loading,477,9370,0.018867219236546485,1051
absolute_loading,477,9371,-0.05324856927384198,1051
absolute_loading,477,9372,-0.009635177646565346,1051
absolute_loading,477,9373,0.0026105610571232145,1051
absolute_loading,477,9374,0.004738285421687748,1051
absolute_loading,477,9375,0.04302377261627726,1051
absolute_loading,477,9376,-0.0419940061005519,1051
absolute_loading,477,9377,0.00021842418605055522,1051
absolute_loading,477,9378,-0.012696551262455792,1051
absolute_loading,477,9379,-0.040218309120945754,1051
absolute_loading,477,9380,-0.008120109097438618,1051
absolute_loading,477,9381,0.001414876896916741,1051
absolute_loading,477,9382,-0.03581636090925347,1051
absolute_loading,477,9383,-0.008650718284522374,1051
absolute_loading,477,9384,0.03406735700363629,1051
absolute_loading,477,9385,-0.005397253955099865,1051
absolute_loading,477,9386,-0.037410986235249605,1051
absolute_loading,477,9387,-0.005537421113297832,1051
absolute_loading,477,9388,-0.017447903205080325,1051
absolute_loading,477,9389,0.021719561270516385,1051
absolute_loading,477,9390,0.0032406169677754158,1051
absolute_loading,477,9391,-0.07293012731995886,1051
absolute_loading,477,9392,0.04646502667890817,1051
absolute_loading,477,9393,-0.02502213940865825,1051
absolute_loading,477,9394,-0.008502818858640019,1051
absolute_loading,477,9395,0.02700114640144021,1051
absolute_loading,477,9396,-0.03498145191882715,1051
absolute_loading,477,9397,0.044640936602170805,1051
absolute_loading,477,9398,0.001705395368783776,1051
absolute_loading,477,9399,0.028978248070190605,1051
absolute_loading,477,9400,0.0037651034517921355,1051
absolute_loading,477,9401,0.007969016331838141,1051
absolute_loading,477,9402,-0.006852332114878202,1051
absolute_loading,477,9403,-0.029990797600752253,1051
absolute_loading,477,9404,0.04932026139441095,1051
absolute_loading,477,9405,0.009517984406972456,1051
absolute_loading,477,9406,-0.015131226073893262,1051
absolute_loading,477,9407,-0.07344183192046429,1051
absolute_loading,477,9408,-0.020040365374124312,1051
absolute_loading,477,9409,0.09202583205738492,1051
absolute_loading,477,9410,0.01474186365027582,1051
absolute_loading,477,9411,0.04041348050268254,1051
absolute_loading,477,9412,-0.03259523574003228,1051
absolute_loading,477,9413,-0.016190008701528293,1051
absolute_loading,477,9414,0.021863731530596443,1051
absolute_loading,477,9415,-0.01131027668434252,1051
absolute_loading,477,9416,0.02426145071028384,1051
absolute_loading,477,9417,0.010967861962205047,1051
absolute_loading,477,9418,-0.042348372460968293,1051
absolute_loading,477,9419,-0.012599504959507474,1051
absolute_loading,477,9420,0.010333340225365138,1051
absolute_loading,477,9421,0.05769271114019876,1051
absolute_loading,477,9422,-0.06076721456731911,1051
absolute_loading,477,9423,0.009773881269389469,1051
absolute_loading,477,9424,-0.01908664601323122,1051
absolute_loading,477,9425,-0.06054547147479621,1051
absolute_loading,477,9426,-0.016233555445842058,1051
absolute_loading,477,9427,0.014115729032682617,1051
absolute_loading,477,9428,0.050104332843974635,1051
absolute_loading,477,9429,0.007164127085829195,1051
absolute_loading,477,9430,0.0044708461281609485,1051
absolute_loading,477,9431,-0.011638083428789326,1051
absolute_loading,477,9432,-0.01221178971893601,1051
absolute_loading,477,9433,-0.00556620056944194,1051
absolute_loading,477,9434,0.01094728951417903,1051
absolute_loading,477,9435,-0.004468695611441654,1051
absolute_loading,477,9436,-0.022305183427443264,1051
absolute_loading,477,9437,0.021808243189140927,1051
absolute_loading,477,9438,0.033815390912531156,1051
absolute_loading,477,9439,0.010919113202901396,1051
absolute_loading,477,9440,-0.06131691382185819,1051
absolute_loading,477,9441,0.02237625809346559,1051
absolute_loading,477,9442,-0.018623279880159195,1051
absolute_loading,477,9443,-0.055677841983894666,1051
absolute_loading,477,9444,-0.010765485766314031,1051
absolute_loading,477,9445,-0.012464704576451286,1051
absolute_loading,477,9446,-0.005877830618471391,1051
absolute_loading,477,9447,0.0007283226649755024,1051
absolute_loading,477,9448,-0.01289352562587115,1051
absolute_loading,477,9449,0.03290631002834208,1051
absolute_loading,477,9450,-0.009045095029935618,1051
absolute_loading,477,9451,0.007741692136745768,1051
absolute_loading,477,9452,0.0340049833325869,1051
absolute_loading,477,9453,0.014677241286334759,1051
absolute_loading,477,9454,0.02650168162333655,1051
absolute_loading,477,9455,-0.02714564718513696,1051
absolute_loading,477,9456,0.015333920041751636,1051
absolute_loading,477,9457,0.020426968422307054,1051
absolute_loading,477,9458,0.022961299378247566,1051
absolute_loading,477,9459,0.04881762741434335,1051
absolute_loading,477,9460,0.026044307774333822,1051
absolute_loading,477,9461,-0.05158201001348854,1051
absolute_loading,477,9462,0.007042457088275547,1051
absolute_loading,477,9463,-0.03567579628171392,1051
absolute_loading,477,9464,0.00523781434034777,1051
absolute_loading,477,9465,0.07423112530169809,1051
absolute_loading,477,9466,0.027898918714303278,1051
absolute_loading,477,9467,-0.016917587461078357,1051
absolute_loading,477,9468,0.03836222769036897,1051
absolute_loading,477,9469,-0.012401592558167139,1051
absolute_loading,477,9470,0.05583454185596804,1051
absolute_loading,477,9471,0.008001291881267712,1051
absolute_loading,477,9472,-0.003698077018495126,1051
absolute_loading,477,9473,0.036896447890754296,1051
absolute_loading,477,9474,-0.047899608654926346,1051
absolute_loading,477,9475,0.037571167626669684,1051
absolute_loading,477,9476,-0.02347029745242333,1051
absolute_loading,477,9477,0.009270070092189463,1051
absolute_loading,477,9478,0.029573064113064904,1051
absolute_loading,477,9479,-0.0025556567507667234,1051
absolute_loading,477,9480,-0.03015774597822527,1051
absolute_loading,477,9481,0.03162464561740839,1051
absolute_loading,477,9482,0.07077092668638701,1051
absolute_loading,477,9483,0.024008057149026662,1051
absolute_loading,477,9484,0.031898958128985,1051
absolute_loading,477,9485,0.0191366368022539,1051
absolute_loading,477,9486,-0.019705875094146744,1051
absolute_loading,477,9487,0.01130643301754254,1051
absolute_loading,477,9488,-0.0510305552589238,1051
absolute_loading,477,9489,0.0361590441033265,1051
absolute_loading,477,9490,-0.006830036576940549,1051
absolute_loading,477,9491,-0.036366904309894116,1051
absolute_loading,477,9492,-0.012663497618837855,1051
absolute_loading,477,9493,-0.07383655509389407,1051
absolute_loading,477,9494,0.008331128368121943,1051
absolute_loading,477,9495,-0.009845741299874398,1051
absolute_loading,477,9496,0.006362087464988356,1051
absolute_loading,477,9497,-0.004716308329614825,1051
absolute_loading,477,9498,-0.04490776511312194,1051
absolute_loading,477,9499,0.016269584288164524,1051
absolute_loading,477,9500,-0.013032762183037146,1051
absolute_loading,477,9501,0.04473312803287911,1051
absolute_loading,477,9502,-0.003424951576089061,1051
absolute_loading,477,9503,-0.0007689180971151206,1051
absolute_loading,477,9504,0.011756012809144643,1051
absolute_loading,477,9505,0.017271974198091698,1051
absolute_loading,477,9506,-0.010122558541254732,1051
absolute_loading,477,9507,-0.024379221270396732,1051
absolute_loading,477,9508,-0.03153897235403695,1051
absolute_loading,477,9509,-0.00858986597408551,1051
absolute_loading,477,9510,-0.009267806386238265,1051
absolute_loading,477,9511,-0.011837381964175596,1051
absolute_loading,477,9512,-0.03675249666003669,1051
absolute_loading,477,9513,0.015811353844678685,1051
absolute_loading,477,9514,-0.023159350470106834,1051
absolute_loading,477,9515,-0.00048479930748226513,1051
absolute_loading,477,9516,-0.06076033042149927,1051
absolute_loading,477,9517,-0.079399582562414,1051
absolute_loading,477,9518,-0.009653427948181411,1051
absolute_loading,477,9519,-0.048837829302885966,1051
absolute_loading,477,9520,-0.016454606448698287,1051
absolute_loading,477,9521,-0.004482945743992584,1051
absolute_loading,477,9522,-0.03337755709118067,1051
absolute_loading,477,9523,-0.01098795004666381,1051
absolute_loading,477,9524,-0.03768993856095766,1051
absolute_loading,477,9525,-0.01068341651676908,1051
absolute_loading,477,9526,0.008401312581762809,1051
absolute_loading,477,9527,0.002743279678645682,1051
absolute_loading,477,9528,-0.04543395255542875,1051
absolute_loading,477,9529,-0.044559171748657464,1051
absolute_loading,477,9530,-0.0004614638157932868,1051
absolute_loading,477,9531,0.013850886252584875,1051
absolute_loading,477,9532,-0.03709964611083605,1051
absolute_loading,477,9533,-0.011460678558094762,1051
absolute_loading,477,9534,-0.001489076262208333,1051
absolute_loading,477,9535,-0.014292756156483758,1051
absolute_loading,477,9536,-0.004032957779423493,1051
absolute_loading,477,9537,0.012029865650060782,1051
absolute_loading,477,9538,0.07727042357738369,1051
absolute_loading,477,9539,0.05433846020774482,1051
absolute_loading,477,9540,0.021346306166088114,1051
absolute_loading,477,9541,-0.0057035272754811794,1051
absolute_loading,477,9542,0.016036714129675753,1051
absolute_loading,477,9543,-0.04399640098758924,1051
absolute_loading,477,9544,0.01775144183200419,1051
absolute_loading,477,9545,-0.061816817828659436,1051
absolute_loading,477,9546,-0.03714407001030215,1051
absolute_loading,477,9547,0.04733593947234454,1051
absolute_loading,477,9548,-0.022693946326384582,1051
absolute_loading,477,9549,-0.024545397890949304,1051
absolute_loading,477,9550,0.017782475395545637,1051
absolute_loading,477,9551,0.022700444841976815,1051
absolute_loading,477,9552,0.00926420286042164,1051
absolute_loading,477,9553,0.0239222497064451,1051
absolute_loading,477,9554,-0.02477660850992357,1051
absolute_loading,477,9555,0.0026066831362855803,1051
absolute_loading,477,9556,-0.00147946767554721,1051
absolute_loading,477,9557,-0.01611273921932182,1051
absolute_loading,477,9558,-0.007553700669798042,1051
absolute_loading,477,9559,-0.0292114099029657,1051
absolute_loading,477,9560,-0.005707428932840547,1051
absolute_loading,477,9561,-0.009907939712029225,1051
absolute_loading,477,9562,-0.015990460951218356,1051
absolute_loading,477,9563,-0.037751867402028585,1051
absolute_loading,477,9564,-0.03738253161079538,1051
absolute_loading,477,9565,0.0074381631350118734,1051
absolute_loading,477,9566,0.04199531625260545,1051
absolute_loading,477,9567,-0.02975563502789127,1051
absolute_loading,477,9568,0.007366914107267977,1051
absolute_loading,477,9569,0.04553895140116518,1051
absolute_loading,477,9570,0.05383200593538468,1051
absolute_loading,477,9571,0.01082445912164408,1051
absolute_loading,477,9572,-0.014790060958701567,1051
absolute_loading,477,9573,0.01878216259137717,1051
absolute_loading,477,9574,-0.034841734027404064,1051
absolute_loading,477,9575,0.009693135149858324,1051
absolute_loading,477,9576,-0.027195745406548063,1051
absolute_loading,477,9577,0.05405533578271136,1051
absolute_loading,477,9578,0.014315009790450766,1051
absolute_loading,477,9579,0.027847151551718418,1051
absolute_loading,477,9580,0.013334244353838964,1051
absolute_loading,477,9581,-0.044462524710704256,1051
absolute_loading,477,9582,-0.028674579829222092,1051
absolute_loading,477,9583,-0.012117638425044952,1051
absolute_loading,477,9584,-0.03199769306035521,1051
absolute_loading,477,9585,-0.010949763926834062,1051
absolute_loading,477,9586,0.06161771423361333,1051
absolute_loading,477,9587,0.009766789330270665,1051
absolute_loading,477,9588,0.04884870165937805,1051
absolute_loading,477,9589,-0.022653580030985863,1051
absolute_loading,477,9590,-0.014433703686815541,1051
absolute_loading,477,9591,0.022980625615955166,1051
absolute_loading,477,9592,0.006651250251986795,1051
absolute_loading,477,9593,0.006124748173091946,1051
absolute_loading,477,9594,0.03742066021792769,1051
absolute_loading,477,9595,-0.001649451634953186,1051
absolute_loading,477,9596,-0.009581840476627397,1051
absolute_loading,477,9597,0.04067155167084262,1051
absolute_loading,477,9598,-0.009094654837054619,1051
absolute_loading,477,9599,-0.031221932563054652,1051
absolute_loading,477,9600,0.03211669670256157,1051
absolute_loading,477,9601,-0.007005272463479844,1051
absolute_loading,477,9602,-0.03338912655858422,1051
absolute_loading,477,9603,0.000684084565011804,1051
absolute_loading,477,9604,0.043191376803776174,1051
absolute_loading,477,9605,-0.026918190000121647,1051
absolute_loading,477,9606,-0.03274902072368529,1051
absolute_loading,477,9607,0.017639135616907987,1051
absolute_loading,477,9608,-0.022123224849475973,1051
absolute_loading,477,9609,-0.017153617331133672,1051
absolute_loading,477,9610,0.009714940159203368,1051
absolute_loading,477,9611,0.001077796293447278,1051
absolute_loading,477,9612,0.012399946112585741,1051
absolute_loading,477,9613,-0.04037830097950504,1051
absolute_loading,477,9614,0.007601955649861297,1051
absolute_loading,477,9615,-0.009104372424243846,1051
absolute_loading,477,9616,-0.010292184851123596,1051
absolute_loading,477,9617,-0.0006360791982732743,1051
absolute_loading,477,9618,-0.04603443718512162,1051
absolute_loading,477,9619,-0.01738065393589909,1051
absolute_loading,477,9620,-0.019189311585114967,1051
absolute_loading,477,9621,-0.0031658068878732334,1051
absolute_loading,477,9622,-0.006846681990743681,1051
absolute_loading,477,9623,0.0008635139542303413,1051
absolute_loading,477,9624,-0.047117412384573676,1051
absolute_loading,477,9625,-0.011998238615908402,1051
absolute_loading,477,9626,0.002200495989403873,1051
absolute_loading,477,9627,0.010080401027282943,1051
absolute_loading,477,9628,0.02561250260758213,1051
absolute_loading,477,9629,0.005891362142450288,1051
absolute_loading,477,9630,0.00811726695366882,1051
absolute_loading,477,9631,0.0050400022603109725,1051
absolute_loading,477,9632,0.06278958918926508,1051
absolute_loading,477,9633,-0.048541915394417885,1051
absolute_loading,477,9634,0.005386041616980356,1051
absolute_loading,477,9635,0.00746554177219586,1051
absolute_loading,477,9636,0.05829315077235258,1051
absolute_loading,477,9637,-0.02016824368255322,1051
absolute_loading,477,9638,-0.015525260886179244,1051
absolute_loading,477,9639,0.017394414722698925,1051
absolute_loading,477,9640,-0.026595287165872273,1051
absolute_loading,477,9641,0.05045200790736414,1051
absolute_loading,477,9642,-0.0028657144570213276,1051
absolute_loading,477,9643,-0.024890831093243207,1051
absolute_loading,477,9644,0.02269149569614257,1051
absolute_loading,477,9645,-0.051336017858133284,1051
absolute_loading,477,9646,0.02417728324313888,1051
absolute_loading,477,9647,-0.006757462562587515,1051
absolute_loading,477,9648,-0.005627865115392544,1051
absolute_loading,477,9649,0.007269319837894714,1051
absolute_loading,477,9650,-0.060520344477040015,1051
absolute_loading,477,9651,-0.04013173309502152,1051
absolute_loading,477,9652,-0.011638361560863326,1051
absolute_loading,477,9653,-0.049757851173765695,1051
absolute_loading,477,9654,-0.024223203410214812,1051
absolute_loading,477,9655,0.016687220473695443,1051
absolute_loading,477,9656,0.028032357022110158,1051
absolute_loading,477,9657,0.0004771940505617189,1051
absolute_loading,477,9658,0.0021025043856617437,1051
absolute_loading,477,9659,-0.021191515530153967,1051
absolute_loading,477,9660,0.026706546138315922,1051
absolute_loading,477,9661,0.08601441161289383,1051
absolute_loading,477,9662,-0.004912757337770455,1051
absolute_loading,477,9663,0.017253962374391932,1051
absolute_loading,477,9664,-0.024999530623020186,1051
absolute_loading,477,9665,-0.034657407767130374,1051
absolute_loading,477,9666,0.020822233813425347,1051
absolute_loading,477,9667,0.009852682522826698,1051
absolute_loading,477,9668,0.046538658037525875,1051
absolute_loading,477,9669,-0.0549038480121135,1051
absolute_loading,477,9670,0.011504344091515883,1051
absolute_loading,477,9671,-0.0047532687164446455,1051
absolute_loading,477,9672,0.00544802046794585,1051
absolute_loading,477,9673,0.00943785265540839,1051
absolute_loading,477,9674,0.06479935455906759,1051
absolute_loading,477,9675,-0.05419744358513505,1051
absolute_loading,477,9676,-0.012296406815436383,1051
absolute_loading,477,9677,0.04475132166963876,1051
absolute_loading,477,9678,0.040622532994992036,1051
absolute_loading,477,9679,-0.020368136490320158,1051
absolute_loading,477,9680,-0.0017098154554983042,1051
absolute_loading,477,9681,0.02054451225203816,1051
absolute_loading,477,9682,0.03439470507824993,1051
absolute_loading,477,9683,-0.0036774852920537088,1051
absolute_loading,477,9684,0.011484808506761278,1051
absolute_loading,477,9685,-0.03489009808045875,1051
absolute_loading,477,9686,0.009192817693481303,1051
absolute_loading,477,9687,-0.05020861656869699,1051
absolute_loading,477,9688,-0.026542170533317488,1051
absolute_loading,477,9689,-0.04689029120538233,1051
absolute_loading,477,9690,0.012284044896343287,1051
absolute_loading,477,9691,-0.0611275472177268,1051
absolute_loading,477,9692,-0.019058297914170245,1051
absolute_loading,477,9693,0.021163646659958523,1051
absolute_loading,477,9694,0.021421503212558247,1051
absolute_loading,477,9695,0.02383558350648279,1051
absolute_loading,477,9696,0.034312782088695835,1051
absolute_loading,477,9697,0.04670175881836112,1051
absolute_loading,477,9698,-0.01739612289520792,1051
absolute_loading,477,9699,0.015663349782341105,1051
absolute_loading,477,9700,-0.01579763439097482,1051
absolute_loading,477,9701,-0.0692045198588878,1051
absolute_loading,477,9702,-0.014831031965873424,1051
absolute_loading,477,9703,-0.03070702650989635,1051
absolute_loading,477,9704,-0.017984928387859787,1051
absolute_loading,477,9705,0.046106551879537536,1051
absolute_loading,477,9706,0.035819662194584614,1051
absolute_loading,477,9707,0.0522671306118599,1051
absolute_loading,477,9708,-0.0033754945039946747,1051
absolute_loading,477,9709,0.060948677878100654,1051
absolute_loading,477,9710,0.06721710449180472,1051
absolute_loading,477,9711,-0.016908130989271023,1051
absolute_loading,477,9712,0.05716983387419141,1051
absolute_loading,477,9713,0.029955485252171198,1051
absolute_loading,477,9714,0.002950729182866138,1051
absolute_loading,477,9715,-0.04238457766064499,1051
absolute_loading,477,9716,-0.009435361556529102,1051
absolute_loading,477,9717,-0.0014363835993669164,1051
absolute_loading,477,9718,-0.027859629563603147,1051
absolute_loading,477,9719,-0.046933478770072146,1051
absolute_loading,477,9720,0.039238991201001876,1051
absolute_loading,477,9721,0.011995673835986076,1051
absolute_loading,477,9722,-0.0011600018638507263,1051
absolute_loading,477,9723,-0.01241500139265599,1051
absolute_loading,477,9724,0.013153428108096549,1051
absolute_loading,477,9725,-0.04181156225384332,1051
absolute_loading,477,9726,-0.0036024474870348737,1051
absolute_loading,477,9727,-0.003831725721776476,1051
absolute_loading,477,9728,-0.05726615639787363,1051
absolute_loading,477,9729,-0.025110863769509106,1051
absolute_loading,477,9730,0.00811075520367648,1051
absolute_loading,477,9731,-0.011014892669240765,1051
absolute_loading,477,9732,0.016092818907053507,1051
absolute_loading,477,9733,-0.01410469797758007,1051
absolute_loading,477,9734,0.009069400665160507,1051
absolute_loading,477,9735,-0.038816635852508656,1051
absolute_loading,477,9736,0.010313178743890896,1051
absolute_loading,477,9737,0.020208982703675937,1051
absolute_loading,477,9738,-0.03483065881493959,1051
absolute_loading,477,9739,0.05746170035302461,1051
absolute_loading,477,9740,-0.0024153687732627045,1051
absolute_loading,477,9741,-0.020381024777176713,1051
absolute_loading,477,9742,0.009334593263736818,1051
absolute_loading,477,9743,-0.013513249730719141,1051
absolute_loading,477,9744,-0.01190029778782349,1051
absolute_loading,477,9745,0.033707958141465606,1051
absolute_loading,477,9746,0.005830848789667478,1051
absolute_loading,477,9747,-0.03982306832373935,1051
absolute_loading,477,9748,-0.018496075877173775,1051
absolute_loading,477,9749,0.003005850191774541,1051
absolute_loading,477,9750,-0.011713462914488626,1051
absolute_loading,477,9751,-0.02182031928302668,1051
absolute_loading,477,9752,-0.0026588003628659953,1051
absolute_loading,477,9753,0.0021465545765403183,1051
absolute_loading,477,9754,-0.03195577658036222,1051
absolute_loading,477,9755,0.008604253389032594,1051
absolute_loading,477,9756,0.027751228520504944,1051
absolute_loading,477,9757,0.0613518680344088,1051
absolute_loading,477,9758,-0.03516948088638982,1051
absolute_loading,477,9759,-0.014060247929112686,1051
absolute_loading,477,9760,-0.00310825027250725,1051
absolute_loading,477,9761,0.006983168983806467,1051
absolute_loading,477,9762,-0.009906218595475918,1051
absolute_loading,477,9763,-0.01439821455419734,1051
absolute_loading,477,9764,-0.001750291167700462,1051
absolute_loading,477,9765,0.005593731108854216,1051
absolute_loading,477,9766,0.027049094526121167,1051
absolute_loading,477,9767,-0.0047137524680952855,1051
absolute_loading,477,9768,0.04736159222027417,1051
absolute_loading,477,9769,-0.021618893943582032,1051
absolute_loading,477,9770,0.0025632917935564385,1051
absolute_loading,477,9771,0.0018131709075290597,1051
absolute_loading,477,9772,0.004242043096760823,1051
absolute_loading,477,9773,-0.017161279057925055,1051
absolute_loading,477,9774,0.006109335869264433,1051
absolute_loading,477,9775,-0.029198078346681425,1051
absolute_loading,477,9776,-0.05511100030126688,1051
absolute_loading,477,9777,-0.05375821287334153,1051
absolute_loading,477,9778,0.017976223217286227,1051
absolute_loading,477,9779,-0.049869104452769604,1051
absolute_loading,477,9780,0.05030147381097894,1051
absolute_loading,477,9781,0.05513729864179618,1051
absolute_loading,477,9782,-0.019428067286029808,1051
absolute_loading,477,9783,-0.003435193658065446,1051
absolute_loading,477,9784,-0.06077011185803685,1051
absolute_loading,477,9785,-0.007551230865017153,1051
absolute_loading,477,9786,0.012255509247511535,1051
absolute_loading,477,9787,0.005112977889986411,1051
absolute_loading,477,9788,-0.03963462023362308,1051
absolute_loading,477,9789,-0.03500848784144092,1051
absolute_loading,477,9790,0.013624490651250643,1051
absolute_loading,477,9791,0.001981625382954193,1051
absolute_loading,477,9792,-0.03414923586136401,1051
absolute_loading,477,9793,-0.006412649747438942,1051
absolute_loading,477,9794,-0.026065714918170748,1051
absolute_loading,477,9795,-0.013480153824768438,1051
absolute_loading,477,9796,-0.03086913210480485,1051
absolute_loading,477,9797,-0.011636737814698855,1051
absolute_loading,477,9798,-0.022693801453851793,1051
absolute_loading,477,9799,0.008845410327325491,1051
absolute_loading,477,9800,-0.00031411530704952964,1051
absolute_loading,477,9801,0.06986174014771555,1051
absolute_loading,477,9802,-0.023208841307380913,1051
absolute_loading,477,9803,-0.03703390542022843,1051
absolute_loading,477,9804,-0.02162840614256727,1051
absolute_loading,477,9805,-0.029418362233379104,1051
absolute_loading,477,9806,-0.024676125211190045,1051
absolute_loading,477,9807,0.03298371343425313,1051
absolute_loading,477,9808,0.007692237063155958,1051
absolute_loading,477,9809,-0.009220223671226758,1051
absolute_loading,477,9810,0.025598244165262216,1051
absolute_loading,477,9811,-0.019602995013208526,1051
absolute_loading,477,9812,0.010280609150459431,1051
absolute_loading,477,9813,0.018242850009278132,1051
absolute_loading,477,9814,0.02232938690218018,1051
absolute_loading,477,9815,0.010857246156762855,1051
absolute_loading,477,9816,-0.005438966501135663,1051
absolute_loading,477,9817,-0.07270128077028068,1051
absolute_loading,477,9818,-0.01738249681808337,1051
absolute_loading,477,9819,-0.010486184320692532,1051
absolute_loading,477,9820,-0.024822584522520365,1051
absolute_loading,477,9821,0.009899235926939207,1051
absolute_loading,477,9822,0.016681075062297525,1051
absolute_loading,477,9823,-0.03318817337104878,1051
absolute_loading,477,9824,-0.062062288741177134,1051
absolute_loading,477,9825,0.046325043823944805,1051
absolute_loading,477,9826,0.07316130676061668,1051
absolute_loading,477,9827,-0.03573444371194709,1051
absolute_loading,477,9828,0.04112556019109845,1051
absolute_loading,477,9829,0.05339122253367937,1051
absolute_loading,477,9830,0.022474662422100396,1051
absolute_loading,477,9831,0.008041259753692706,1051
absolute_loading,477,9832,0.034056763064067595,1051
absolute_loading,477,9833,-0.020582653290251326,1051
absolute_loading,477,9834,0.022140175276709948,1051
absolute_loading,477,9835,-0.03986511444961149,1051
absolute_loading,477,9836,0.0046340705966474854,1051
absolute_loading,477,9837,0.0064696678153223644,1051
absolute_loading,477,9838,0.041456444261527885,1051
absolute_loading,477,9839,0.043021127334110405,1051
absolute_loading,477,9840,0.023060809618751742,1051
absolute_loading,477,9841,-0.012229738366293387,1051
absolute_loading,477,9842,0.0017766992221748003,1051
absolute_loading,477,9843,0.000045783653508800106,1051
absolute_loading,477,9844,-0.013487034524256652,1051
absolute_loading,477,9845,-0.0012412948497463503,1051
absolute_loading,477,9846,-0.016065955162651042,1051
absolute_loading,477,9847,-0.0322880095070463,1051
absolute_loading,477,9848,-0.011878617041182081,1051
absolute_loading,477,9849,-0.0225658407900715,1051
absolute_loading,477,9850,0.0510706578201408,1051
absolute_loading,477,9851,-0.02064798882953067,1051
absolute_loading,477,9852,0.0069203126394563105,1051
absolute_loading,477,9853,-0.011833431272667578,1051
absolute_loading,477,9854,0.048355589675163,1051
absolute_loading,477,9855,0.07394914663267177,1051
absolute_loading,477,9856,-0.04149478078955105,1051
absolute_loading,477,9857,-0.01193600608476913,1051
absolute_loading,477,9858,-0.03193560880068579,1051
absolute_loading,477,9859,-0.05271843168044183,1051
absolute_loading,477,9860,0.010080572839727365,1051
absolute_loading,477,9861,-0.025486015739190414,1051
absolute_loading,477,9862,0.017513396376626706,1051
absolute_loading,477,9863,-0.034714943488764353,1051
absolute_loading,477,9864,-0.0515046666011064,1051
absolute_loading,477,9865,-0.04649290759485422,1051
absolute_loading,477,9866,-0.02011096569719423,1051
absolute_loading,477,9867,-0.013559386598217316,1051
absolute_loading,477,9868,0.04063304527002776,1051
absolute_loading,477,9869,0.011484502406058932,1051
absolute_loading,477,9870,0.003568064734412509,1051
absolute_loading,477,9871,0.009116327987011268,1051
absolute_loading,477,9872,-0.050941598551452014,1051
absolute_loading,477,9873,-0.02189244955741979,1051
absolute_loading,477,9874,0.005385322257212081,1051
absolute_loading,477,9875,-0.020624651814784997,1051
absolute_loading,477,9876,-0.013583958030063292,1051
absolute_loading,477,9877,0.010622903929353361,1051
absolute_loading,477,9878,-0.025322054996924984,1051
absolute_loading,477,9879,0.026309411496918067,1051
absolute_loading,477,9880,0.010740112651488151,1051
absolute_loading,477,9881,0.0025852649997814103,1051
absolute_loading,477,9882,0.08056274787474865,1051
absolute_loading,477,9883,0.08037920335136349,1051
absolute_loading,477,9884,0.02742150579169851,1051
absolute_loading,477,9885,-0.002147544035554985,1051
absolute_loading,477,9886,-0.019516151996951073,1051
absolute_loading,477,9887,-0.03893275887017758,1051
absolute_loading,477,9888,0.0432005486029274,1051
absolute_loading,477,9889,-0.04468754982555437,1051
absolute_loading,477,9890,-0.0192487912168201,1051
absolute_loading,477,9891,-0.035567060124900685,1051
absolute_loading,477,9892,-0.017013734774865008,1051
absolute_loading,477,9893,0.0028266808191333703,1051
absolute_loading,477,9894,0.010262875080736833,1051
absolute_loading,477,9895,0.030781700066642867,1051
absolute_loading,477,9896,-0.02060279689325249,1051
absolute_loading,477,9897,-0.03538472860825464,1051
absolute_loading,477,9898,-0.02260573243498186,1051
absolute_loading,477,9899,0.01446977553690269,1051
absolute_loading,477,9900,0.01696225264922662,1051
absolute_loading,477,9901,-0.05363530907268053,1051
absolute_loading,477,9902,-0.012923885172039613,1051
absolute_loading,477,9903,0.014334024026189031,1051
absolute_loading,477,9904,0.026620487446528316,1051
absolute_loading,477,9905,-0.02132027872426909,1051
absolute_loading,477,9906,0.030781219118537893,1051
absolute_loading,477,9907,0.04238190920307549,1051
absolute_loading,477,9908,-0.024788362540892683,1051
absolute_loading,477,9909,0.02888874373137532,1051
absolute_loading,477,9910,0.08367536784019335,1051
absolute_loading,477,9911,0.0234144667118656,1051
absolute_loading,477,9912,0.01940518525371881,1051
absolute_loading,477,9913,0.0032742485930065163,1051
absolute_loading,477,9914,0.019777137441641588,1051
absolute_loading,477,9915,0.022850639286969236,1051
absolute_loading,477,9916,0.006240707235520394,1051
absolute_loading,477,9917,0.04474812164936088,1051
absolute_loading,477,9918,0.011129330651127452,1051
absolute_loading,477,9919,0.03933115383252841,1051
absolute_loading,477,9920,-0.02605822179671252,1051
absolute_loading,477,9921,-0.026982352697139667,1051
absolute_loading,477,9922,-0.017636568720638998,1051
absolute_loading,477,9923,-0.04253753479175854,1051
absolute_loading,477,9924,-0.08112917887193066,1051
absolute_loading,477,9925,0.026593971361721872,1051
absolute_loading,477,9926,-0.031096138386360998,1051
absolute_loading,477,9927,0.020638488933248284,1051
absolute_loading,477,9928,0.008480154521824611,1051
absolute_loading,477,9929,-0.025814364564839168,1051
absolute_loading,477,9930,0.061291377666626096,1051
absolute_loading,477,9931,-0.0006451789073797704,1051
absolute_loading,477,9932,0.01589697938775101,1051
absolute_loading,477,9933,-0.004562381917518723,1051
absolute_loading,477,9934,0.021847641978027684,1051
absolute_loading,477,9935,-0.01731820393445678,1051
absolute_loading,477,9936,-0.0019037534079693575,1051
absolute_loading,477,9937,0.03318287609142265,1051
absolute_loading,477,9938,-0.03437949173506843,1051
absolute_loading,477,9939,-0.038771784011483186,1051
absolute_loading,477,9940,0.013303576450869976,1051
absolute_loading,477,9941,0.019388252907884596,1051
absolute_loading,477,9942,0.009314380601901486,1051
absolute_loading,477,9943,-0.0068838158202339135,1051
absolute_loading,477,9944,-0.011224251296955295,1051
absolute_loading,477,9945,-0.01128162770923785,1051
absolute_loading,477,9946,0.002900652797870719,1051
absolute_loading,477,9947,0.030662421033291257,1051
absolute_loading,477,9948,-0.04356896013381174,1051
absolute_loading,477,9949,-0.0479535665483447,1051
absolute_loading,477,9950,0.02605076997092057,1051
absolute_loading,477,9951,0.0030496849625288756,1051
absolute_loading,477,9952,0.04853653020065319,1051
absolute_loading,477,9953,-0.007534092082743196,1051
absolute_loading,477,9954,0.07545358719051674,1051
absolute_loading,477,9955,0.022509643216059947,1051
absolute_loading,477,9956,-0.018565672049333085,1051
absolute_loading,477,9957,0.026293655086274296,1051
absolute_loading,477,9958,0.006458844619478803,1051
absolute_loading,477,9959,-0.003495483895127563,1051
absolute_loading,477,9960,0.014738626093426905,1051
absolute_loading,477,9961,-0.0017225898717845274,1051
absolute_loading,477,9962,-0.09696904728696804,1051
absolute_loading,477,9963,0.020826989425671447,1051
absolute_loading,477,9964,-0.017632628455984276,1051
absolute_loading,477,9965,0.04859154198586444,1051
absolute_loading,477,9966,0.0238358001869946,1051
absolute_loading,477,9967,-0.014443948526759481,1051
absolute_loading,477,9968,-0.022306989101628934,1051
absolute_loading,477,9969,0.058315121454066095,1051
absolute_loading,477,9970,-0.033065649644101594,1051
absolute_loading,477,9971,0.00896147477533433,1051
absolute_loading,477,9972,-0.013519038161973468,1051
absolute_loading,477,9973,-0.019550568968483617,1051
absolute_loading,477,9974,-0.0695754079498103,1051
absolute_loading,477,9975,-0.0047276623495622686,1051
absolute_loading,477,9976,-0.07284000802285072,1051
absolute_loading,477,9977,0.004654555721028802,1051
absolute_loading,477,9978,-0.01885792661697863,1051
absolute_loading,477,9979,-0.030074206014456196,1051
absolute_loading,477,9980,-0.013968130061483959,1051
absolute_loading,477,9981,-0.005889361138445252,1051
absolute_loading,477,9982,-0.012441765180609942,1051
absolute_loading,477,9983,-0.04917528059204832,1051
absolute_loading,477,9984,-0.01798500559734222,1051
absolute_loading,477,9985,-0.05264905247672391,1051
absolute_loading,477,9986,0.03523552005594512,1051
absolute_loading,477,9987,-0.014017090097393855,1051
absolute_loading,477,9988,-0.02155126939746828,1051
absolute_loading,477,9989,0.013344161948483625,1051
absolute_loading,477,9990,0.01869795315973973,1051
absolute_loading,477,9991,-0.01678969345509799,1051
absolute_loading,477,9992,0.03830472650516945,1051
absolute_loading,477,9993,0.02637948122435474,1051
absolute_loading,477,9994,-0.0034862440437119406,1051
absolute_loading,477,9995,-0.015282450534550901,1051
absolute_loading,477,9996,-0.041874910690153665,1051
absolute_loading,477,9997,0.014780038561857122,1051
absolute_loading,477,9998,0.010393787679704312,1051
absolute_loading,477,9999,-0.00632882025649223,1051
